{
  "pair_id": 0,
  "target_image_id": 6045,
  "pyramid_page_idx": 4,
  "page_width": 2054,
  "page_height": 1388,
  "polygon": [
    [
      335.4905660377359,
      3.433962264150928
    ],
    [
      235.49056603773596,
      190.2264150943396
    ],
    [
      127.9433962264152,
      556.2641509433961
    ],
    [
      175.11320754716994,
      667.5849056603772
    ],
    [
      78.88679245283029,
      773.2452830188678
    ],
    [
      61.9056603773586,
      994.0
    ],
    [
      18.509433962264257,
      1069.4716981132074
    ],
    [
      26.056603773585014,
      1369.4716981132074
    ],
    [
      1780.7735849056605,
      1369.4716981132074
    ],
    [
      1871.3396226415095,
      1369.4716981132074
    ],
    [
      1931.7169811320755,
      1288.3396226415093
    ],
    [
      1990.2075471698113,
      1224.1886792452829
    ],
    [
      2029.8301886792453,
      1001.5471698113206
    ],
    [
      2029.8301886792453,
      795.88679245283
    ],
    [
      2009.0754716981132,
      518.5283018867924
    ],
    [
      1980.7735849056605,
      469.47169811320754
    ],
    [
      1997.754716981132,
      371.3584905660377
    ],
    [
      1980.7735849056605,
      327.9622641509434
    ],
    [
      1952.4716981132076,
      305.3207547169811
    ],
    [
      1969.4528301886794,
      284.566037735849
    ],
    [
      1765.6792452830189,
      239.2830188679245
    ],
    [
      1667.566037735849,
      248.71698113207543
    ],
    [
      1656.245283018868,
      327.9622641509434
    ],
    [
      1661.9056603773586,
      416.64150943396226
    ],
    [
      1667.566037735849,
      437.3962264150943
    ],
    [
      1701.5283018867924,
      454.377358490566
    ],
    [
      1697.754716981132,
      484.5660377358491
    ],
    [
      1650.5849056603774,
      493.99999999999994
    ],
    [
      1641.1509433962265,
      514.754716981132
    ],
    [
      1648.6981132075473,
      556.2641509433961
    ],
    [
      1629.8301886792453,
      561.9245283018867
    ],
    [
      1590.2075471698113,
      554.3773584905659
    ],
    [
      1588.3207547169811,
      518.5283018867924
    ],
    [
      1626.056603773585,
      465.6981132075471
    ],
    [
      1588.3207547169811,
      424.18867924528297
    ],
    [
      1603.4150943396228,
      371.3584905660377
    ],
    [
      1603.4150943396228,
      320.4150943396226
    ],
    [
      1561.9056603773586,
      246.83018867924528
    ],
    [
      1454.3584905660377,
      184.56603773584902
    ],
    [
      1427.9433962264152,
      50.60377358490564
    ],
    [
      1399.6415094339623,
      7.207547169811306
    ]
  ],
  "polygons": [
    [
      [
        335.4905660377359,
        3.433962264150928
      ],
      [
        235.49056603773596,
        190.2264150943396
      ],
      [
        127.9433962264152,
        556.2641509433961
      ],
      [
        175.11320754716994,
        667.5849056603772
      ],
      [
        78.88679245283029,
        773.2452830188678
      ],
      [
        61.9056603773586,
        994.0
      ],
      [
        18.509433962264257,
        1069.4716981132074
      ],
      [
        26.056603773585014,
        1369.4716981132074
      ],
      [
        1780.7735849056605,
        1369.4716981132074
      ],
      [
        1871.3396226415095,
        1369.4716981132074
      ],
      [
        1931.7169811320755,
        1288.3396226415093
      ],
      [
        1990.2075471698113,
        1224.1886792452829
      ],
      [
        2029.8301886792453,
        1001.5471698113206
      ],
      [
        2029.8301886792453,
        795.88679245283
      ],
      [
        2009.0754716981132,
        518.5283018867924
      ],
      [
        1980.7735849056605,
        469.47169811320754
      ],
      [
        1997.754716981132,
        371.3584905660377
      ],
      [
        1980.7735849056605,
        327.9622641509434
      ],
      [
        1952.4716981132076,
        305.3207547169811
      ],
      [
        1969.4528301886794,
        284.566037735849
      ],
      [
        1765.6792452830189,
        239.2830188679245
      ],
      [
        1667.566037735849,
        248.71698113207543
      ],
      [
        1656.245283018868,
        327.9622641509434
      ],
      [
        1661.9056603773586,
        416.64150943396226
      ],
      [
        1667.566037735849,
        437.3962264150943
      ],
      [
        1701.5283018867924,
        454.377358490566
      ],
      [
        1697.754716981132,
        484.5660377358491
      ],
      [
        1650.5849056603774,
        493.99999999999994
      ],
      [
        1641.1509433962265,
        514.754716981132
      ],
      [
        1648.6981132075473,
        556.2641509433961
      ],
      [
        1629.8301886792453,
        561.9245283018867
      ],
      [
        1590.2075471698113,
        554.3773584905659
      ],
      [
        1588.3207547169811,
        518.5283018867924
      ],
      [
        1626.056603773585,
        465.6981132075471
      ],
      [
        1588.3207547169811,
        424.18867924528297
      ],
      [
        1603.4150943396228,
        371.3584905660377
      ],
      [
        1603.4150943396228,
        320.4150943396226
      ],
      [
        1561.9056603773586,
        246.83018867924528
      ],
      [
        1454.3584905660377,
        184.56603773584902
      ],
      [
        1427.9433962264152,
        50.60377358490564
      ],
      [
        1399.6415094339623,
        7.207547169811306
      ]
    ]
  ]
}