{
  "pair_id": 10,
  "target_image_id": 6054,
  "pyramid_page_idx": 4,
  "page_width": 3672,
  "page_height": 2240,
  "polygon": [
    [
      644.3333333333333,
      90.0
    ],
    [
      577.6666666666665,
      250.0
    ],
    [
      497.6666666666665,
      383.33333333333337
    ],
    [
      420.9999999999999,
      583.3333333333334
    ],
    [
      387.6666666666665,
      683.3333333333334
    ],
    [
      380.9999999999999,
      850.0
    ],
    [
      357.6666666666665,
      946.6666666666667
    ],
    [
      287.6666666666665,
      1086.6666666666667
    ],
    [
      200.99999999999986,
      1410.0
    ],
    [
      180.99999999999986,
      1690.0
    ],
    [
      171.41666666666663,
      1874.166666666667
    ],
    [
      117.25,
      1936.666666666667
    ],
    [
      75.58333333333326,
      1965.8333333333335
    ],
    [
      125.58333333333326,
      2036.666666666667
    ],
    [
      204.75,
      2140.8333333333335
    ],
    [
      558.9166666666667,
      2195.0
    ],
    [
      646.4166666666667,
      2136.666666666667
    ],
    [
      763.0833333333333,
      1999.166666666667
    ],
    [
      1154.75,
      1965.8333333333335
    ],
    [
      1346.4166666666667,
      1895.0
    ],
    [
      1438.0833333333333,
      1840.8333333333335
    ],
    [
      1479.75,
      1674.166666666667
    ],
    [
      1563.0833333333333,
      1507.5
    ],
    [
      1588.0833333333333,
      1253.3333333333335
    ],
    [
      1542.25,
      1178.3333333333335
    ],
    [
      1479.75,
      1057.5
    ],
    [
      1442.25,
      940.8333333333335
    ],
    [
      1500.5833333333333,
      890.8333333333335
    ],
    [
      1700.5833333333333,
      786.6666666666667
    ],
    [
      1896.4166666666667,
      845.0
    ],
    [
      2100.583333333333,
      953.3333333333335
    ],
    [
      2138.083333333333,
      1061.6666666666667
    ],
    [
      2142.25,
      1132.5
    ],
    [
      2196.416666666667,
      1153.3333333333335
    ],
    [
      2325.583333333333,
      1157.5
    ],
    [
      2442.25,
      1165.8333333333335
    ],
    [
      2542.25,
      1186.6666666666667
    ],
    [
      2567.25,
      1182.5
    ],
    [
      2642.25,
      1207.5
    ],
    [
      2696.416666666667,
      1282.5
    ],
    [
      2708.916666666667,
      1374.1666666666667
    ],
    [
      2667.25,
      1474.1666666666667
    ],
    [
      2688.083333333333,
      1515.8333333333335
    ],
    [
      2808.916666666667,
      1590.8333333333335
    ],
    [
      2988.083333333333,
      1661.666666666667
    ],
    [
      3125.583333333333,
      1686.666666666667
    ],
    [
      3321.416666666667,
      1553.3333333333335
    ],
    [
      3442.25,
      1445.0
    ],
    [
      3588.083333333333,
      1228.3333333333335
    ],
    [
      3563.083333333333,
      836.6666666666667
    ],
    [
      3463.083333333333,
      728.3333333333335
    ],
    [
      3379.75,
      653.3333333333335
    ],
    [
      3338.083333333333,
      574.1666666666667
    ],
    [
      3367.25,
      524.1666666666667
    ],
    [
      3338.083333333333,
      415.83333333333337
    ],
    [
      3246.416666666667,
      349.16666666666674
    ],
    [
      3071.416666666667,
      320.0
    ],
    [
      2708.916666666667,
      386.66666666666674
    ],
    [
      2529.75,
      311.66666666666674
    ],
    [
      2167.25,
      207.5
    ],
    [
      1867.2500000000002,
      111.66666666666674
    ],
    [
      1421.4166666666667,
      95.0
    ],
    [
      1283.9166666666667,
      132.5
    ],
    [
      1075.5833333333333,
      261.66666666666674
    ],
    [
      988.0833333333333,
      332.5
    ],
    [
      838.0833333333333,
      353.33333333333337
    ],
    [
      804.75,
      282.5
    ]
  ],
  "polygons": [
    [
      [
        644.3333333333333,
        90.0
      ],
      [
        577.6666666666665,
        250.0
      ],
      [
        497.6666666666665,
        383.33333333333337
      ],
      [
        420.9999999999999,
        583.3333333333334
      ],
      [
        387.6666666666665,
        683.3333333333334
      ],
      [
        380.9999999999999,
        850.0
      ],
      [
        357.6666666666665,
        946.6666666666667
      ],
      [
        287.6666666666665,
        1086.6666666666667
      ],
      [
        200.99999999999986,
        1410.0
      ],
      [
        180.99999999999986,
        1690.0
      ],
      [
        171.41666666666663,
        1874.166666666667
      ],
      [
        117.25,
        1936.666666666667
      ],
      [
        75.58333333333326,
        1965.8333333333335
      ],
      [
        125.58333333333326,
        2036.666666666667
      ],
      [
        204.75,
        2140.8333333333335
      ],
      [
        558.9166666666667,
        2195.0
      ],
      [
        646.4166666666667,
        2136.666666666667
      ],
      [
        763.0833333333333,
        1999.166666666667
      ],
      [
        1154.75,
        1965.8333333333335
      ],
      [
        1346.4166666666667,
        1895.0
      ],
      [
        1438.0833333333333,
        1840.8333333333335
      ],
      [
        1479.75,
        1674.166666666667
      ],
      [
        1563.0833333333333,
        1507.5
      ],
      [
        1588.0833333333333,
        1253.3333333333335
      ],
      [
        1542.25,
        1178.3333333333335
      ],
      [
        1479.75,
        1057.5
      ],
      [
        1442.25,
        940.8333333333335
      ],
      [
        1500.5833333333333,
        890.8333333333335
      ],
      [
        1700.5833333333333,
        786.6666666666667
      ],
      [
        1896.4166666666667,
        845.0
      ],
      [
        2100.583333333333,
        953.3333333333335
      ],
      [
        2138.083333333333,
        1061.6666666666667
      ],
      [
        2142.25,
        1132.5
      ],
      [
        2196.416666666667,
        1153.3333333333335
      ],
      [
        2325.583333333333,
        1157.5
      ],
      [
        2442.25,
        1165.8333333333335
      ],
      [
        2542.25,
        1186.6666666666667
      ],
      [
        2567.25,
        1182.5
      ],
      [
        2642.25,
        1207.5
      ],
      [
        2696.416666666667,
        1282.5
      ],
      [
        2708.916666666667,
        1374.1666666666667
      ],
      [
        2667.25,
        1474.1666666666667
      ],
      [
        2688.083333333333,
        1515.8333333333335
      ],
      [
        2808.916666666667,
        1590.8333333333335
      ],
      [
        2988.083333333333,
        1661.666666666667
      ],
      [
        3125.583333333333,
        1686.666666666667
      ],
      [
        3321.416666666667,
        1553.3333333333335
      ],
      [
        3442.25,
        1445.0
      ],
      [
        3588.083333333333,
        1228.3333333333335
      ],
      [
        3563.083333333333,
        836.6666666666667
      ],
      [
        3463.083333333333,
        728.3333333333335
      ],
      [
        3379.75,
        653.3333333333335
      ],
      [
        3338.083333333333,
        574.1666666666667
      ],
      [
        3367.25,
        524.1666666666667
      ],
      [
        3338.083333333333,
        415.83333333333337
      ],
      [
        3246.416666666667,
        349.16666666666674
      ],
      [
        3071.416666666667,
        320.0
      ],
      [
        2708.916666666667,
        386.66666666666674
      ],
      [
        2529.75,
        311.66666666666674
      ],
      [
        2167.25,
        207.5
      ],
      [
        1867.2500000000002,
        111.66666666666674
      ],
      [
        1421.4166666666667,
        95.0
      ],
      [
        1283.9166666666667,
        132.5
      ],
      [
        1075.5833333333333,
