{
  "pair_id": 11,
  "target_image_id": 6053,
  "pyramid_page_idx": 4,
  "page_width": 2241,
  "page_height": 1980,
  "polygon": [
    [
      446.01020408163254,
      367.55102040816314
    ],
    [
      337.8469387755101,
      383.8775510204081
    ],
    [
      207.23469387755097,
      422.65306122448976
    ],
    [
      135.80612244897952,
      496.1224489795918
    ],
    [
      70.49999999999994,
      563.4693877551019
    ],
    [
      82.74489795918362,
      667.5510204081631
    ],
    [
      137.84693877551013,
      745.1020408163265
    ],
    [
      252.1326530612244,
      769.5918367346939
    ],
    [
      309.27551020408157,
      847.1428571428571
    ],
    [
      335.8061224489795,
      932.8571428571428
    ],
    [
      323.56122448979585,
      1169.591836734694
    ],
    [
      335.8061224489795,
      1290.0
    ],
    [
      376.6224489795918,
      1447.142857142857
    ],
    [
      409.27551020408157,
      1498.1632653061224
    ],
    [
      607.234693877551,
      1690.0
    ],
    [
      909.2755102040816,
      1836.938775510204
    ],
    [
      1337.8469387755104,
      1814.4897959183675
    ],
    [
      1450.091836734694,
      1828.7755102040817
    ],
    [
      1592.9489795918366,
      1757.3469387755104
    ],
    [
      1850.091836734694,
      1530.8163265306123
    ],
    [
      1943.9693877551017,
      1298.1632653061224
    ],
    [
      1964.3775510204082,
      1081.8367346938776
    ],
    [
      1999.0714285714284,
      1000.2040816326529
    ],
    [
      2082.7448979591836,
      873.6734693877551
    ],
    [
      2133.7653061224487,
      618.5714285714284
    ],
    [
      2129.6836734693875,
      534.8979591836734
    ],
    [
      2086.826530612245,
      414.48979591836724
    ],
    [
      2041.928571428571,
      318.57142857142856
    ],
    [
      2013.3571428571427,
      243.06122448979588
    ],
    [
      1954.1734693877547,
      149.18367346938768
    ],
    [
      1768.4591836734694,
      57.346938775510154
    ],
    [
      1633.7653061224491,
      49.183673469387685
    ],
    [
      1470.5,
      112.44897959183666
    ],
    [
      1354.1734693877552,
      202.24489795918365
    ],
    [
      1284.7857142857142,
      257.3469387755101
    ],
    [
      1176.6224489795918,
      304.2857142857142
    ],
    [
      986.8265306122449,
      341.0204081632653
    ],
    [
      962.3367346938775,
      394.0816326530611
    ],
    [
      897.030612244898,
      394.0816326530611
    ],
    [
      817.438775510204,
      420.61224489795916
    ],
    [
      784.7857142857142,
      445.1020408163265
    ],
    [
      729.6836734693877,
      485.9183673469387
    ],
    [
      658.2551020408163,
      512.4489795918366
    ],
    [
      652.1326530612245,
      471.63265306122446
    ],
    [
      590.908163265306,
      487.9591836734693
    ],
    [
      531.7244897959183,
      489.9999999999999
    ],
    [
      513.3571428571428,
      443.0612244897958
    ],
    [
      490.90816326530603,
      375.71428571428567
    ]
  ],
  "polygons": [
    [
      [
        446.01020408163254,
        367.55102040816314
      ],
      [
        337.8469387755101,
        383.8775510204081
      ],
      [
        207.23469387755097,
        422.65306122448976
      ],
      [
        135.80612244897952,
        496.1224489795918
      ],
      [
        70.49999999999994,
        563.4693877551019
      ],
      [
        82.74489795918362,
        667.5510204081631
      ],
      [
        137.84693877551013,
        745.1020408163265
      ],
      [
        252.1326530612244,
        769.5918367346939
      ],
      [
        309.27551020408157,
        847.1428571428571
      ],
      [
        335.8061224489795,
        932.8571428571428
      ],
      [
        323.56122448979585,
        1169.591836734694
      ],
      [
        335.8061224489795,
        1290.0
      ],
      [
        376.6224489795918,
        1447.142857142857
      ],
      [
        409.27551020408157,
        1498.1632653061224
      ],
      [
        607.234693877551,
        1690.0
      ],
      [
        909.2755102040816,
        1836.938775510204
      ],
      [
        1337.8469387755104,
        1814.4897959183675
      ],
      [
        1450.091836734694,
        1828.7755102040817
      ],
      [
        1592.9489795918366,
        1757.3469387755104
      ],
      [
        1850.091836734694,
        1530.8163265306123
      ],
      [
        1943.9693877551017,
        1298.1632653061224
      ],
      [
        1964.3775510204082,
        1081.8367346938776
      ],
      [
        1999.0714285714284,
        1000.2040816326529
      ],
      [
        2082.7448979591836,
        873.6734693877551
      ],
      [
        2133.7653061224487,
        618.5714285714284
      ],
      [
        2129.6836734693875,
        534.8979591836734
      ],
      [
        2086.826530612245,
        414.48979591836724
      ],
      [
        2041.928571428571,
        318.57142857142856
      ],
      [
        2013.3571428571427,
        243.06122448979588
      ],
      [
        1954.1734693877547,
        149.18367346938768
      ],
      [
        1768.4591836734694,
        57.346938775510154
      ],
      [
        1633.7653061224491,
        49.183673469387685
      ],
      [
        1470.5,
        112.44897959183666
      ],
      [
        1354.1734693877552,
        202.24489795918365
      ],
      [
        1284.7857142857142,
        257.3469387755101
      ],
      [
        1176.6224489795918,
        304.2857142857142
      ],
      [
        986.8265306122449,
        341.0204081632653
      ],
      [
        962.3367346938775,
        394.0816326530611
      ],
      [
        897.030612244898,
        394.0816326530611
      ],
      [
        817.438775510204,
        420.61224489795916
      ],
      [
        784.7857142857142,
        445.1020408163265
      ],
      [
        729.6836734693877,
        485.9183673469387
      ],
      [
        658.2551020408163,
        512.4489795918366
      ],
      [
        652.1326530612245,
        471.63265306122446
      ],
      [
        590.908163265306,
        487.9591836734693
      ],
      [
        531.7244897959183,
        489.9999999999999
      ],
      [
        513.3571428571428,
        443.0612244897958
      ],
      [
        490.90816326530603,
        375.71428571428567
      ]
    ]
  ]
}