{
  "pair_id": 12,
  "target_image_id": 7784,
  "pyramid_page_idx": 4,
  "page_width": 3610,
  "page_height": 2037,
  "polygon": [
    [
      714.4594594594596,
      69.85135135135127
    ],
    [
      598.2432432432433,
      264.4459459459459
    ],
    [
      590.1351351351352,
      580.6621621621621
    ],
    [
      571.2162162162163,
      745.527027027027
    ],
    [
      384.72972972972974,
      850.9324324324324
    ],
    [
      106.35135135135141,
      1161.7432432432433
    ],
    [
      222.56756756756766,
      1453.635135135135
    ],
    [
      476.6216216216217,
      1607.6891891891892
    ],
    [
      441.4864864864865,
      1745.527027027027
    ],
    [
      452.29729729729735,
      1875.2567567567567
    ],
    [
      617.1621621621623,
      1945.527027027027
    ],
    [
      827.9729729729731,
      1953.635135135135
    ],
    [
      976.6216216216217,
      1937.4189189189192
    ],
    [
      1165.8108108108108,
      1726.608108108108
    ],
    [
      1519.864864864865,
      1672.5540540540542
    ],
    [
      1646.891891891892,
      1491.472972972973
    ],
    [
      1757.702702702703,
      1386.0675675675675
    ],
    [
      2065.810810810811,
      1410.3918918918916
    ],
    [
      2606.3513513513517,
      1434.7162162162163
    ],
    [
      3027.972972972973,
      1296.8783783783783
    ],
    [
      3249.5945945945946,
      1215.797297297297
    ],
    [
      3444.189189189189,
      969.8513513513514
    ],
    [
      3544.189189189189,
      821.2027027027026
    ],
    [
      3452.2972972972975,
      626.608108108108
    ],
    [
      3019.864864864865,
      615.7972972972972
    ],
    [
      2333.3783783783783,
      513.0945945945945
    ],
    [
      1990.1351351351354,
      588.7702702702702
    ],
    [
      1400.945945945946,
      669.8513513513512
    ],
    [
      1236.0810810810813,
      499.58108108108104
    ],
    [
      1163.1081081081081,
      169.85135135135124
    ],
    [
      1009.0540540540542,
      153.63513513513504
    ]
  ],
  "polygons": [
    [
      [
        714.4594594594596,
        69.85135135135127
      ],
      [
        598.2432432432433,
        264.4459459459459
      ],
      [
        590.1351351351352,
        580.6621621621621
      ],
      [
        571.2162162162163,
        745.527027027027
      ],
      [
        384.72972972972974,
        850.9324324324324
      ],
      [
        106.35135135135141,
        1161.7432432432433
      ],
      [
        222.56756756756766,
        1453.635135135135
      ],
      [
        476.6216216216217,
        1607.6891891891892
      ],
      [
        441.4864864864865,
        1745.527027027027
      ],
      [
        452.29729729729735,
        1875.2567567567567
      ],
      [
        617.1621621621623,
        1945.527027027027
      ],
      [
        827.9729729729731,
        1953.635135135135
      ],
      [
        976.6216216216217,
        1937.4189189189192
      ],
      [
        1165.8108108108108,
        1726.608108108108
      ],
      [
        1519.864864864865,
        1672.5540540540542
      ],
      [
        1646.891891891892,
        1491.472972972973
      ],
      [
        1757.702702702703,
        1386.0675675675675
      ],
      [
        2065.810810810811,
        1410.3918918918916
      ],
      [
        2606.3513513513517,
        1434.7162162162163
      ],
      [
        3027.972972972973,
        1296.8783783783783
      ],
      [
        3249.5945945945946,
        1215.797297297297
      ],
      [
        3444.189189189189,
        969.8513513513514
      ],
      [
        3544.189189189189,
        821.2027027027026
      ],
      [
        3452.2972972972975,
        626.608108108108
      ],
      [
        3019.864864864865,
        615.7972972972972
      ],
      [
        2333.3783783783783,
        513.0945945945945
      ],
      [
        1990.1351351351354,
        588.7702702702702
      ],
      [
        1400.945945945946,
        669.8513513513512
      ],
      [
        1236.0810810810813,
        499.58108108108104
      ],
      [
        1163.1081081081081,
        169.85135135135124
      ],
      [
        1009.0540540540542,
        153.63513513513504
      ]
    ]
  ]
}