{
  "pair_id": 13,
  "target_image_id": 7785,
  "pyramid_page_idx": 4,
  "page_width": 2925,
  "page_height": 2486,
  "polygon": [
    [
      1028.75,
      318.0000000000001
    ],
    [
      758.75,
      380.5000000000001
    ],
    [
      431.25,
      460.5000000000001
    ],
    [
      248.75,
      570.5000000000001
    ],
    [
      121.25,
      748.0000000000001
    ],
    [
      86.25,
      900.5000000000001
    ],
    [
      138.75,
      1170.5
    ],
    [
      363.75,
      1355.5
    ],
    [
      503.75,
      1403.0
    ],
    [
      738.75,
      1318.0
    ],
    [
      778.75,
      1430.5
    ],
    [
      786.25,
      1595.5
    ],
    [
      1018.75,
      1798.0
    ],
    [
      1196.25,
      2035.5
    ],
    [
      1498.75,
      2185.5
    ],
    [
      1793.75,
      2363.0
    ],
    [
      2066.25,
      2475.5
    ],
    [
      2147.6785714285716,
      2485.0
    ],
    [
      2283.75,
      2310.5
    ],
    [
      2361.25,
      1968.0
    ],
    [
      2466.25,
      1670.5
    ],
    [
      2556.25,
      1350.5
    ],
    [
      2621.25,
      1065.5
    ],
    [
      2766.25,
      505.5000000000001
    ],
    [
      2793.75,
      335.5000000000001
    ],
    [
      2588.75,
      325.5000000000001
    ],
    [
      2516.25,
      223.0000000000001
    ],
    [
      2348.75,
      83.00000000000011
    ],
    [
      1948.75,
      120.50000000000011
    ],
    [
      1811.25,
      105.50000000000011
    ],
    [
      1581.25,
      75.50000000000011
    ],
    [
      1466.25,
      150.5000000000001
    ],
    [
      1138.75,
      350.5000000000001
    ]
  ],
  "polygons": [
    [
      [
        1028.75,
        318.0000000000001
      ],
      [
        758.75,
        380.5000000000001
      ],
      [
        431.25,
        460.5000000000001
      ],
      [
        248.75,
        570.5000000000001
      ],
      [
        121.25,
        748.0000000000001
      ],
      [
        86.25,
        900.5000000000001
      ],
      [
        138.75,
        1170.5
      ],
      [
        363.75,
        1355.5
      ],
      [
        503.75,
        1403.0
      ],
      [
        738.75,
        1318.0
      ],
      [
        778.75,
        1430.5
      ],
      [
        786.25,
        1595.5
      ],
      [
        1018.75,
        1798.0
      ],
      [
        1196.25,
        2035.5
      ],
      [
        1498.75,
        2185.5
      ],
      [
        1793.75,
        2363.0
      ],
      [
        2066.25,
        2475.5
      ],
      [
        2147.6785714285716,
        2485.0
      ],
      [
        2283.75,
        2310.5
      ],
      [
        2361.25,
        1968.0
      ],
      [
        2466.25,
        1670.5
      ],
      [
        2556.25,
        1350.5
      ],
      [
        2621.25,
        1065.5
      ],
      [
        2766.25,
        505.5000000000001
      ],
      [
        2793.75,
        335.5000000000001
      ],
      [
        2588.75,
        325.5000000000001
      ],
      [
        2516.25,
        223.0000000000001
      ],
      [
        2348.75,
        83.00000000000011
      ],
      [
        1948.75,
        120.50000000000011
      ],
      [
        1811.25,
        105.50000000000011
      ],
      [
        1581.25,
        75.50000000000011
      ],
      [
        1466.25,
        150.5000000000001
      ],
      [
        1138.75,
        350.5000000000001
      ]
    ]
  ]
}