{
  "pair_id": 14,
  "target_image_id": 7786,
  "pyramid_page_idx": 4,
  "page_width": 2054,
  "page_height": 1388,
  "polygon": [
    [
      546.8113207547171,
      20.415094339622627
    ],
    [
      388.3207547169812,
      54.377358490566024
    ],
    [
      346.81132075471703,
      114.75471698113206
    ],
    [
      326.056603773585,
      192.1132075471698
    ],
    [
      356.245283018868,
      278.90566037735846
    ],
    [
      377.00000000000006,
      324.188679245283
    ],
    [
      388.3207547169812,
      377.0188679245283
    ],
    [
      326.056603773585,
      424.18867924528297
    ],
    [
      273.2264150943397,
      495.8867924528302
    ],
    [
      239.26415094339634,
      563.8113207547169
    ],
    [
      161.9056603773586,
      588.3396226415093
    ],
    [
      110.96226415094351,
      614.754716981132
    ],
    [
      29.830188679245392,
      548.7169811320754
    ],
    [
      16.62264150943407,
      644.943396226415
    ],
    [
      43.037735849056716,
      769.4716981132075
    ],
    [
      92.09433962264161,
      907.2075471698112
    ],
    [
      67.56603773584916,
      1012.8679245283017
    ],
    [
      109.0754716981133,
      1144.943396226415
    ],
    [
      182.66037735849068,
      1260.0377358490564
    ],
    [
      258.1320754716982,
      1343.0566037735848
    ],
    [
      312.84905660377365,
      1380.7924528301885
    ],
    [
      1871.3396226415095,
      1380.7924528301885
    ],
    [
      1984.5471698113208,
      1180.7924528301885
    ],
    [
      1992.0943396226417,
      988.3396226415093
    ],
    [
      1978.8867924528302,
      805.320754716981
    ],
    [
      1816.622641509434,
      665.6981132075471
    ],
    [
      1748.6981132075473,
      552.4905660377358
    ],
    [
      1660.0188679245284,
      360.03773584905656
    ],
    [
      1509.0754716981132,
      252.49056603773585
    ],
    [
      1277.0,
      129.8490566037736
    ],
    [
      1182.6603773584907,
      82.67924528301886
    ],
    [
      1075.1132075471698,
      52.49056603773583
    ],
    [
      948.6981132075473,
      69.47169811320752
    ],
    [
      777.0000000000001,
      110.98113207547168
    ],
    [
      735.490566037736,
      146.83018867924528
    ],
    [
      695.867924528302,
      167.58490566037733
    ],
    [
      661.9056603773586,
      154.377358490566
    ],
    [
      658.1320754716983,
      86.45283018867921
    ],
    [
      620.3962264150945,
      52.49056603773583
    ]
  ],
  "polygons": [
    [
      [
        546.8113207547171,
        20.415094339622627
      ],
      [
        388.3207547169812,
        54.377358490566024
      ],
      [
        346.81132075471703,
        114.75471698113206
      ],
      [
        326.056603773585,
        192.1132075471698
      ],
      [
        356.245283018868,
        278.90566037735846
      ],
      [
        377.00000000000006,
        324.188679245283
      ],
      [
        388.3207547169812,
        377.0188679245283
      ],
      [
        326.056603773585,
        424.18867924528297
      ],
      [
        273.2264150943397,
        495.8867924528302
      ],
      [
        239.26415094339634,
        563.8113207547169
      ],
      [
        161.9056603773586,
        588.3396226415093
      ],
      [
        110.96226415094351,
        614.754716981132
      ],
      [
        29.830188679245392,
        548.7169811320754
      ],
      [
        16.62264150943407,
        644.943396226415
      ],
      [
        43.037735849056716,
        769.4716981132075
      ],
      [
        92.09433962264161,
        907.2075471698112
      ],
      [
        67.56603773584916,
        1012.8679245283017
      ],
      [
        109.0754716981133,
        1144.943396226415
      ],
      [
        182.66037735849068,
        1260.0377358490564
      ],
      [
        258.1320754716982,
        1343.0566037735848
      ],
      [
        312.84905660377365,
        1380.7924528301885
      ],
      [
        1871.3396226415095,
        1380.7924528301885
      ],
      [
        1984.5471698113208,
        1180.7924528301885
      ],
      [
        1992.0943396226417,
        988.3396226415093
      ],
      [
        1978.8867924528302,
        805.320754716981
      ],
      [
        1816.622641509434,
        665.6981132075471
      ],
      [
        1748.6981132075473,
        552.4905660377358
      ],
      [
        1660.0188679245284,
        360.03773584905656
      ],
      [
        1509.0754716981132,
        252.49056603773585
      ],
      [
        1277.0,
        129.8490566037736
      ],
      [
        1182.6603773584907,
        82.67924528301886
      ],
      [
        1075.1132075471698,
        52.49056603773583
      ],
      [
        948.6981132075473,
        69.47169811320752
      ],
      [
        777.0000000000001,
        110.98113207547168
      ],
      [
        735.490566037736,
        146.83018867924528
      ],
      [
        695.867924528302,
        167.58490566037733
      ],
      [
        661.9056603773586,
        154.377358490566
      ],
      [
        658.1320754716983,
        86.45283018867921
      ],
      [
        620.3962264150945,
        52.49056603773583
      ]
    ]
  ]
}