{
  "pair_id": 15,
  "target_image_id": 7777,
  "pyramid_page_idx": 4,
  "page_width": 3548,
  "page_height": 2775,
  "polygon": [
    [
      211.50000000000009,
      33.92857142857162
    ],
    [
      172.2142857142858,
      187.50000000000017
    ],
    [
      140.07142857142864,
      480.357142857143
    ],
    [
      118.6428571428572,
      1441.0714285714287
    ],
    [
      243.6428571428572,
      2137.5
    ],
    [
      290.07142857142867,
      2773.2142857142853
    ],
    [
      345.8571428571691,
      2774.0
    ],
    [
      815.0714285714286,
      2758.928571428571
    ],
    [
      1140.0714285714287,
      2626.785714285714
    ],
    [
      1700.7857142857142,
      2533.928571428571
    ],
    [
      2215.0714285714284,
      2419.642857142857
    ],
    [
      2561.5,
      2448.2142857142853
    ],
    [
      3061.5,
      2498.2142857142853
    ],
    [
      3150.785714285714,
      2508.928571428571
    ],
    [
      3432.928571428571,
      1826.7857142857144
    ],
    [
      3368.642857142857,
      644.6428571428573
    ],
    [
      3290.0714285714284,
      162.50000000000017
    ],
    [
      3204.3571428571427,
      133.92857142857162
    ],
    [
      2857.9285714285716,
      266.0714285714288
    ],
    [
      2190.0714285714284,
      298.2142857142859
    ],
    [
      1365.0714285714287,
      223.21428571428586
    ],
    [
      736.5,
      51.785714285714484
    ],
    [
      557.9285714285714,
      5.35714285714306
    ]
  ],
  "polygons": [
    [
      [
        211.50000000000009,
        33.92857142857162
      ],
      [
        172.2142857142858,
        187.50000000000017
      ],
      [
        140.07142857142864,
        480.357142857143
      ],
      [
        118.6428571428572,
        1441.0714285714287
      ],
      [
        243.6428571428572,
        2137.5
      ],
      [
        290.07142857142867,
        2773.2142857142853
      ],
      [
        345.8571428571691,
        2774.0
      ],
      [
        815.0714285714286,
        2758.928571428571
      ],
      [
        1140.0714285714287,
        2626.785714285714
      ],
      [
        1700.7857142857142,
        2533.928571428571
      ],
      [
        2215.0714285714284,
        2419.642857142857
      ],
      [
        2561.5,
        2448.2142857142853
      ],
      [
        3061.5,
        2498.2142857142853
      ],
      [
        3150.785714285714,
        2508.928571428571
      ],
      [
        3432.928571428571,
        1826.7857142857144
      ],
      [
        3368.642857142857,
        644.6428571428573
      ],
      [
        3290.0714285714284,
        162.50000000000017
      ],
      [
        3204.3571428571427,
        133.92857142857162
      ],
      [
        2857.9285714285716,
        266.0714285714288
      ],
      [
        2190.0714285714284,
        298.2142857142859
      ],
      [
        1365.0714285714287,
        223.21428571428586
      ],
      [
        736.5,
        51.785714285714484
      ],
      [
        557.9285714285714,
        5.35714285714306
      ]
    ]
  ]
}