{
  "pair_id": 16,
  "target_image_id": 7787,
  "pyramid_page_idx": 4,
  "page_width": 3050,
  "page_height": 2431,
  "polygon": [
    [
      70.0,
      78.00000000000011
    ],
    [
      132.5,
      500.5000000000001
    ],
    [
      285.0,
      1180.5
    ],
    [
      715.0,
      1740.5
    ],
    [
      1162.5,
      2110.5
    ],
    [
      1302.5,
      2293.0
    ],
    [
      1617.5,
      2250.5
    ],
    [
      2042.5,
      2395.5
    ],
    [
      2240.0,
      2173.0
    ],
    [
      2440.0,
      2050.5
    ],
    [
      2667.5,
      1815.5
    ],
    [
      2642.5,
      1618.0
    ],
    [
      2642.5,
      1473.0
    ],
    [
      2767.5,
      1405.5
    ],
    [
      2905.0,
      1320.5
    ],
    [
      2977.5,
      1260.5
    ],
    [
      2930.0,
      993.0000000000001
    ],
    [
      2880.0,
      840.5000000000001
    ],
    [
      2732.5,
      698.0000000000001
    ],
    [
      2707.5,
      475.5000000000001
    ],
    [
      2742.5,
      433.0000000000001
    ],
    [
      2722.5,
      378.0000000000001
    ],
    [
      2650.0,
      313.0000000000001
    ],
    [
      2405.0,
      283.0000000000001
    ],
    [
      2127.5,
      278.0000000000001
    ],
    [
      1800.0,
      270.5000000000001
    ],
    [
      1710.0,
      265.5000000000001
    ],
    [
      1527.5,
      295.5000000000001
    ],
    [
      842.5,
      200.5000000000001
    ],
    [
      410.0,
      105.50000000000011
    ]
  ],
  "polygons": [
    [
      [
        70.0,
        78.00000000000011
      ],
      [
        132.5,
        500.5000000000001
      ],
      [
        285.0,
        1180.5
      ],
      [
        715.0,
        1740.5
      ],
      [
        1162.5,
        2110.5
      ],
      [
        1302.5,
        2293.0
      ],
      [
        1617.5,
        2250.5
      ],
      [
        2042.5,
        2395.5
      ],
      [
        2240.0,
        2173.0
      ],
      [
        2440.0,
        2050.5
      ],
      [
        2667.5,
        1815.5
      ],
      [
        2642.5,
        1618.0
      ],
      [
        2642.5,
        1473.0
      ],
      [
        2767.5,
        1405.5
      ],
      [
        2905.0,
        1320.5
      ],
      [
        2977.5,
        1260.5
      ],
      [
        2930.0,
        993.0000000000001
      ],
      [
        2880.0,
        840.5000000000001
      ],
      [
        2732.5,
        698.0000000000001
      ],
      [
        2707.5,
        475.5000000000001
      ],
      [
        2742.5,
        433.0000000000001
      ],
      [
        2722.5,
        378.0000000000001
      ],
      [
        2650.0,
        313.0000000000001
      ],
      [
        2405.0,
        283.0000000000001
      ],
      [
        2127.5,
        278.0000000000001
      ],
      [
        1800.0,
        270.5000000000001
      ],
      [
        1710.0,
        265.5000000000001
      ],
      [
        1527.5,
        295.5000000000001
      ],
      [
        842.5,
        200.5000000000001
      ],
      [
        410.0,
        105.50000000000011
      ]
    ]
  ]
}