{
  "pair_id": 17,
  "target_image_id": 7778,
  "pyramid_page_idx": 4,
  "page_width": 3486,
  "page_height": 2709,
  "polygon": [
    [
      989.551724137931,
      206.22413793103433
    ],
    [
      620.5862068965516,
      306.2241379310343
    ],
    [
      506.7931034482758,
      661.3965517241378
    ],
    [
      379.20689655172407,
      902.7758620689654
    ],
    [
      324.0344827586206,
      1337.2586206896551
    ],
    [
      251.62068965517236,
      1637.2586206896551
    ],
    [
      144.7241379310344,
      1923.4655172413793
    ],
    [
      148.17241379310335,
      2092.4310344827586
    ],
    [
      130.93103448275852,
      2444.1551724137935
    ],
    [
      124.03448275862061,
      2557.9482758620693
    ],
    [
      217.1379310344827,
      2571.741379310345
    ],
    [
      279.20689655172407,
      2385.534482758621
    ],
    [
      627.4827586206895,
      2423.4655172413795
    ],
    [
      792.9999999999999,
      2337.2586206896553
    ],
    [
      548.1724137931034,
      2213.1206896551726
    ],
    [
      506.7931034482758,
      2106.224137931035
    ],
    [
      682.655172413793,
      1951.051724137931
    ],
    [
      972.3103448275862,
      1951.051724137931
    ],
    [
      1079.2068965517242,
      2026.9137931034481
    ],
    [
      1137.8275862068965,
      2064.844827586207
    ],
    [
      1241.2758620689656,
      1978.6379310344828
    ],
    [
      1355.0689655172414,
      1644.155172413793
    ],
    [
      1417.1379310344828,
      1726.9137931034481
    ],
    [
      1403.344827586207,
      1906.2241379310344
    ],
    [
      1651.6206896551726,
      2016.5689655172414
    ],
    [
      2299.896551724138,
      2230.362068965517
    ],
    [
      2486.1034482758623,
      2364.844827586207
    ],
    [
      2758.5172413793107,
      2513.1206896551726
    ],
    [
      2999.896551724138,
      2661.396551724138
    ],
    [
      3144.724137931035,
      2261.396551724138
    ],
    [
      3344.724137931035,
      1637.2586206896551
    ],
    [
      3213.689655172414,
      1057.9482758620688
    ],
    [
      2575.7586206896553,
      716.5689655172413
    ],
    [
      2303.344827586207,
      647.6034482758619
    ],
    [
      2075.7586206896553,
      726.9137931034481
    ],
    [
      1868.8620689655174,
      902.7758620689654
    ],
    [
      1789.5517241379312,
      1075.1896551724137
    ],
    [
      1737.8275862068967,
      1268.2931034482758
    ],
    [
      1572.3103448275863,
      1209.6724137931033
    ],
    [
      1551.6206896551726,
      885.5344827586206
    ],
    [
      1672.3103448275863,
      747.603448275862
    ],
    [
      1889.5517241379312,
      602.7758620689654
    ],
    [
      2061.9655172413795,
      526.9137931034481
    ],
    [
      2148.1724137931037,
      440.70689655172396
    ],
    [
      1689.5517241379312,
      82.08620689655154
    ],
    [
      1493.0,
      47.6034482758619
    ],
    [
      1206.793103448276,
      78.63793103448259
    ],
    [
      965.4137931034483,
      164.84482758620675
    ]
  ],
  "polygons": [
    [
      [
        989.551724137931,
        206.22413793103433
      ],
      [
        620.5862068965516,
        306.2241379310343
      ],
      [
        506.7931034482758,
        661.3965517241378
      ],
      [
        379.20689655172407,
        902.7758620689654
      ],
      [
        324.0344827586206,
        1337.2586206896551
      ],
      [
        251.62068965517236,
        1637.2586206896551
      ],
      [
        144.7241379310344,
        1923.4655172413793
      ],
      [
        148.17241379310335,
        2092.4310344827586
      ],
      [
        130.93103448275852,
        2444.1551724137935
      ],
      [
        124.03448275862061,
        2557.9482758620693
      ],
      [
        217.1379310344827,
        2571.741379310345
      ],
      [
        279.20689655172407,
        2385.534482758621
      ],
      [
        627.4827586206895,
        2423.4655172413795
      ],
      [
        792.9999999999999,
        2337.2586206896553
      ],
      [
        548.1724137931034,
        2213.1206896551726
      ],
      [
        506.7931034482758,
        2106.224137931035
      ],
      [
        682.655172413793,
        1951.051724137931
      ],
      [
        972.3103448275862,
        1951.051724137931
      ],
      [
        1079.2068965517242,
        2026.9137931034481
      ],
      [
        1137.8275862068965,
        2064.844827586207
      ],
      [
        1241.2758620689656,
        1978.6379310344828
      ],
      [
        1355.0689655172414,
        1644.155172413793
      ],
      [
        1417.1379310344828,
        1726.9137931034481
      ],
      [
        1403.344827586207,
        1906.2241379310344
      ],
      [
        1651.6206896551726,
        2016.5689655172414
      ],
      [
        2299.896551724138,
        2230.362068965517
      ],
      [
        2486.1034482758623,
        2364.844827586207
      ],
      [
        2758.5172413793107,
        2513.1206896551726
      ],
      [
        2999.896551724138,
        2661.396551724138
      ],
      [
        3144.724137931035,
        2261.396551724138
      ],
      [
        3344.724137931035,
        1637.2586206896551
      ],
      [
        3213.689655172414,
        1057.9482758620688
      ],
      [
        2575.7586206896553,
        716.5689655172413
      ],
      [
        2303.344827586207,
        647.6034482758619
      ],
      [
        2075.7586206896553,
        726.9137931034481
      ],
      [
        1868.8620689655174,
        902.7758620689654
      ],
      [
        1789.5517241379312,
        1075.1896551724137
      ],
      [
        1737.8275862068967,
        1268.2931034482758
      ],
      [
        1572.3103448275863,
        1209.6724137931033
      ],
      [
        1551.6206896551726,
        885.5344827586206
      ],
      [
        1672.3103448275863,
        747.603448275862
      ],
      [
        1889.5517241379312,
        602.7758620689654
      ],
      [
        2061.9655172413795,
        526.9137931034481
      ],
      [
        2148.1724137931037,
        440.70689655172396
      ],
      [
        1689.5517241379312,
        82.08620689655154
      ],
      [
        1493.0,
        47.6034482758619
      ],
      [
        1206.793103448276,
        78.63793103448259
      ],
      [
        965.4137931034483,
        164.84482758620675
      ]
    ]
  ]
}