{
  "pair_id": 18,
  "target_image_id": 7788,
  "pyramid_page_idx": 4,
  "page_width": 2925,
  "page_height": 2774,
  "polygon": [
    [
      1125.0,
      1.2857142857143344
    ],
    [
      657.1428571428575,
      8.428571428571473
    ],
    [
      264.28571428571456,
      137.00000000000003
    ],
    [
      3.5714285714287826,
      208.42857142857147
    ],
    [
      3.5714285714287826,
      2536.9999999999995
    ],
    [
      353.5714285714288,
      2679.8571428571427
    ],
    [
      546.4285714285717,
      2729.8571428571427
    ],
    [
      660.7142857142859,
      2658.428571428571
    ],
    [
      785.7142857142859,
      2683.428571428571
    ],
    [
      921.4285714285717,
      2697.7142857142853
    ],
    [
      978.5714285714288,
      2690.5714285714284
    ],
    [
      900.0000000000001,
      1951.285714285714
    ],
    [
      850.0000000000001,
      1811.9999999999998
    ],
    [
      964.2857142857146,
      1744.1428571428569
    ],
    [
      1046.4285714285716,
      1872.7142857142856
    ],
    [
      1139.2857142857142,
      1897.7142857142856
    ],
    [
      1250.0,
      1983.4285714285713
    ],
    [
      1453.571428571429,
      2047.7142857142853
    ],
    [
      1521.4285714285716,
      2115.5714285714284
    ],
    [
      1678.5714285714284,
      2208.428571428571
    ],
    [
      1839.2857142857142,
      2265.5714285714284
    ],
    [
      2057.142857142857,
      2290.5714285714284
    ],
    [
      2085.714285714286,
      2329.8571428571427
    ],
    [
      2167.8571428571427,
      2340.5714285714284
    ],
    [
      2282.142857142857,
      2476.285714285714
    ],
    [
      2307.142857142857,
      2554.8571428571427
    ],
    [
      2339.285714285714,
      2644.142857142857
    ],
    [
      2407.142857142857,
      2733.428571428571
    ],
    [
      2489.285714285714,
      2726.285714285714
    ],
    [
      2503.5714285714284,
      2636.9999999999995
    ],
    [
      2542.8571428571427,
      2515.5714285714284
    ],
    [
      2675.0,
      2140.5714285714284
    ],
    [
      2660.714285714286,
      1969.1428571428569
    ],
    [
      2771.428571428571,
      1790.5714285714284
    ],
    [
      2828.5714285714284,
      1461.9999999999998
    ],
    [
      2710.714285714286,
      979.8571428571428
    ],
    [
      2539.285714285714,
      579.8571428571428
    ],
    [
      2317.8571428571427,
      362.0
    ],
    [
      2100.0,
      254.8571428571429
    ],
    [
      1767.8571428571427,
      254.8571428571429
    ],
    [
      1592.8571428571427,
      254.8571428571429
    ],
    [
      1514.2857142857142,
      301.28571428571433
    ],
    [
      1392.8571428571431,
      383.42857142857144
    ],
    [
      1235.7142857142858,
      447.7142857142857
    ],
    [
      1164.2857142857142,
      219.14285714285717
    ]
  ],
  "polygons": [
    [
      [
        1125.0,
        1.2857142857143344
      ],
      [
        657.1428571428575,
        8.428571428571473
      ],
      [
        264.28571428571456,
        137.00000000000003
      ],
      [
        3.5714285714287826,
        208.42857142857147
      ],
      [
        3.5714285714287826,
        2536.9999999999995
      ],
      [
        353.5714285714288,
        2679.8571428571427
      ],
      [
        546.4285714285717,
        2729.8571428571427
      ],
      [
        660.7142857142859,
        2658.428571428571
      ],
      [
        785.7142857142859,
        2683.428571428571
      ],
      [
        921.4285714285717,
        2697.7142857142853
      ],
      [
        978.5714285714288,
        2690.5714285714284
      ],
      [
        900.0000000000001,
        1951.285714285714
      ],
      [
        850.0000000000001,
        1811.9999999999998
      ],
      [
        964.2857142857146,
        1744.1428571428569
      ],
      [
        1046.4285714285716,
        1872.7142857142856
      ],
      [
        1139.2857142857142,
        1897.7142857142856
      ],
      [
        1250.0,
        1983.4285714285713
      ],
      [
        1453.571428571429,
        2047.7142857142853
      ],
      [
        1521.4285714285716,
        2115.5714285714284
      ],
      [
        1678.5714285714284,
        2208.428571428571
      ],
      [
        1839.2857142857142,
        2265.5714285714284
      ],
      [
        2057.142857142857,
        2290.5714285714284
      ],
      [
        2085.714285714286,
        2329.8571428571427
      ],
      [
        2167.8571428571427,
        2340.5714285714284
      ],
      [
        2282.142857142857,
        2476.285714285714
      ],
      [
        2307.142857142857,
        2554.8571428571427
      ],
      [
        2339.285714285714,
        2644.142857142857
      ],
      [
        2407.142857142857,
        2733.428571428571
      ],
      [
        2489.285714285714,
        2726.285714285714
      ],
      [
        2503.5714285714284,
        2636.9999999999995
      ],
      [
        2542.8571428571427,
        2515.5714285714284
      ],
      [
        2675.0,
        2140.5714285714284
      ],
      [
        2660.714285714286,
        1969.1428571428569
      ],
      [
        2771.428571428571,
        1790.5714285714284
      ],
      [
        2828.5714285714284,
        1461.9999999999998
      ],
      [
        2710.714285714286,
        979.8571428571428
      ],
      [
        2539.285714285714,
        579.8571428571428
      ],
      [
        2317.8571428571427,
        362.0
      ],
      [
        2100.0,
        254.8571428571429
      ],
      [
        1767.8571428571427,
        254.8571428571429
      ],
      [
        1592.8571428571427,
        254.8571428571429
      ],
      [
        1514.2857142857142,
        301.28571428571433
      ],
      [
        1392.8571428571431,
        383.42857142857144
      ],
      [
        1235.7142857142858,
        447.7142857142857
      ],
      [
        1164.2857142857142,
        219.14285714285717
      ]
    ]
  ]
}