{
  "pair_id": 19,
  "target_image_id": 7789,
  "pyramid_page_idx": 4,
  "page_width": 3610,
  "page_height": 2775,
  "polygon": [
    [
      675.9677419354837,
      100.40322580645162
    ],
    [
      698.548387096774,
      206.8548387096774
    ],
    [
      608.2258064516127,
      242.33870967741936
    ],
    [
      521.1290322580644,
      268.14516129032256
    ],
    [
      469.51612903225794,
      358.4677419354839
    ],
    [
      421.1290322580644,
      468.14516129032256
    ],
    [
      372.74193548387086,
      571.3709677419355
    ],
    [
      327.58064516129014,
      645.5645161290322
    ],
    [
      292.0967741935482,
      752.016129032258
    ],
    [
      237.2580645161289,
      939.1129032258065
    ],
    [
      85.64516129032245,
      1171.3709677419356
    ],
    [
      53.38709677419337,
      1481.0483870967744
    ],
    [
      69.51612903225794,
      1706.8548387096776
    ],
    [
      98.54838709677404,
      1893.951612903226
    ],
    [
      114.67741935483855,
      2126.2096774193546
    ],
    [
      159.83870967741922,
      2455.2419354838707
    ],
    [
      3201.7741935483873,
      2464.9193548387098
    ],
    [
      3214.6774193548385,
      419.758064516129
    ],
    [
      3005.0,
      352.01612903225805
    ],
    [
      2743.7096774193546,
      377.8225806451612
    ],
    [
      2653.3870967741937,
      352.01612903225805
    ],
    [
      2624.3548387096776,
      413.3064516129032
    ],
    [
      2598.548387096774,
      455.241935483871
    ],
    [
      2550.1612903225805,
      452.01612903225805
    ],
    [
      2424.3548387096776,
      400.4032258064516
    ],
    [
      2430.8064516129034,
      287.5
    ],
    [
      2437.258064516129,
      87.50000000000003
    ],
    [
      2434.032258064516,
      22.98387096774195
    ],
    [
      943.7096774193548,
      3.629032258064541
    ],
    [
      872.7419354838709,
      74.59677419354838
    ],
    [
      817.9032258064514,
      106.85483870967741
    ],
    [
      727.5806451612901,
      84.2741935483871
    ],
    [
      698.548387096774,
      74.59677419354838
    ]
  ],
  "polygons": [
    [
      [
        675.9677419354837,
        100.40322580645162
      ],
      [
        698.548387096774,
        206.8548387096774
      ],
      [
        608.2258064516127,
        242.33870967741936
      ],
      [
        521.1290322580644,
        268.14516129032256
      ],
      [
        469.51612903225794,
        358.4677419354839
      ],
      [
        421.1290322580644,
        468.14516129032256
      ],
      [
        372.74193548387086,
        571.3709677419355
      ],
      [
        327.58064516129014,
        645.5645161290322
      ],
      [
        292.0967741935482,
        752.016129032258
      ],
      [
        237.2580645161289,
        939.1129032258065
      ],
      [
        85.64516129032245,
        1171.3709677419356
      ],
      [
        53.38709677419337,
        1481.0483870967744
      ],
      [
        69.51612903225794,
        1706.8548387096776
      ],
      [
        98.54838709677404,
        1893.951612903226
      ],
      [
        114.67741935483855,
        2126.2096774193546
      ],
      [
        159.83870967741922,
        2455.2419354838707
      ],
      [
        3201.7741935483873,
        2464.9193548387098
      ],
      [
        3214.6774193548385,
        419.758064516129
      ],
      [
        3005.0,
        352.01612903225805
      ],
      [
        2743.7096774193546,
        377.8225806451612
      ],
      [
        2653.3870967741937,
        352.01612903225805
      ],
      [
        2624.3548387096776,
        413.3064516129032
      ],
      [
        2598.548387096774,
        455.241935483871
      ],
      [
        2550.1612903225805,
        452.01612903225805
      ],
      [
        2424.3548387096776,
        400.4032258064516
      ],
      [
        2430.8064516129034,
        287.5
      ],
      [
        2437.258064516129,
        87.50000000000003
      ],
      [
        2434.032258064516,
        22.98387096774195
      ],
      [
        943.7096774193548,
        3.629032258064541
      ],
      [
        872.7419354838709,
        74.59677419354838
      ],
      [
        817.9032258064514,
        106.85483870967741
      ],
      [
        727.5806451612901,
        84.2741935483871
      ],
      [
        698.548387096774,
        74.59677419354838
      ]
    ]
  ]
}