{
  "pair_id": 20,
  "target_image_id": 7790,
  "pyramid_page_idx": 4,
  "page_width": 3423,
  "page_height": 2775,
  "polygon": [
    [
      1272.790322580645,
      26.209677419354847
    ],
    [
      1079.2419354838707,
      10.080645161290334
    ],
    [
      914.7258064516127,
      81.04838709677418
    ],
    [
      776.0161290322578,
      139.1129032258065
    ],
    [
      598.5967741935482,
      232.66129032258064
    ],
    [
      466.33870967741916,
      339.11290322580646
    ],
    [
      485.6935483870966,
      468.14516129032256
    ],
    [
      488.9193548387095,
      568.1451612903226
    ],
    [
      505.04838709677404,
      626.2096774193549
    ],
    [
      534.0806451612901,
      655.241935483871
    ],
    [
      595.3709677419353,
      664.9193548387096
    ],
    [
      630.8548387096772,
      700.4032258064516
    ],
    [
      630.8548387096772,
      755.241935483871
    ],
    [
      472.790322580645,
      855.2419354838709
    ],
    [
      392.14516129032233,
      964.9193548387096
    ],
    [
      246.98387096774172,
      1158.467741935484
    ],
    [
      169.56451612903203,
      1293.9516129032259
    ],
    [
      88.91935483870947,
      1410.0806451612905
    ],
    [
      72.79032258064495,
      1532.6612903225807
    ],
    [
      85.6935483870966,
      1639.1129032258066
    ],
    [
      124.40322580645142,
      1732.6612903225807
    ],
    [
      146.98387096774172,
      1797.1774193548388
    ],
    [
      163.11290322580624,
      1845.5645161290324
    ],
    [
      163.11290322580624,
      1968.1451612903227
    ],
    [
      179.24193548387075,
      2093.951612903226
    ],
    [
      188.91935483870947,
      2171.370967741935
    ],
    [
      227.62903225806429,
      2229.435483870968
    ],
    [
      259.8870967741933,
      2277.822580645161
    ],
    [
      340.5322580645159,
      2361.6935483870966
    ],
    [
      434.08064516129014,
      2500.4032258064517
    ],
    [
      534.0806451612901,
      2632.6612903225805
    ],
    [
      646.9838709677417,
      2768.1451612903224
    ],
    [
      3224.4032258064512,
      2758.467741935484
    ],
    [
      3205.048387096774,
      2700.4032258064517
    ],
    [
      3176.016129032258,
      2561.6935483870966
    ],
    [
      3117.951612903226,
      2377.822580645161
    ],
    [
      3082.467741935484,
      2281.048387096774
    ],
    [
      3066.338709677419,
      2190.7258064516127
    ],
    [
      3092.1451612903224,
      2145.564516129032
    ],
    [
      3134.0806451612902,
      2106.854838709677
    ],
    [
      3182.467741935484,
      2077.822580645161
    ],
    [
      3217.951612903226,
      1990.725806451613
    ],
    [
      3234.0806451612902,
      1903.6290322580646
    ],
    [
      3221.1774193548385,
      1816.5322580645163
    ],
    [
      3211.5,
      1671.3709677419356
    ],
    [
      3208.274193548387,
      1629.4354838709678
    ],
    [
      3176.016129032258,
      1561.6935483870968
    ],
    [
      3105.048387096774,
      1468.1451612903227
    ],
    [
      2995.370967741935,
      1303.6290322580646
    ],
    [
      2937.306451612903,
      1161.6935483870968
    ],
    [
      2885.6935483870966,
      1084.2741935483873
    ],
    [
      2882.467741935484,
      1003.6290322580645
    ],
    [
      2876.016129032258,
      842.3387096774194
    ],
    [
      2934.0806451612902,
      658.4677419354839
    ],
    [
      2972.790322580645,
      535.8870967741935
    ],
    [
      3056.6612903225805,
      474.5967741935484
    ],
    [
      3063.1129032258063,
      422.98387096774195
    ],
    [
      3011.5,
      355.241935483871
    ],
    [
      2992.1451612903224,
      374.5967741935484
    ],
    [
      2972.790322580645,
      403.6290322580645
    ],
    [
      2934.0806451612902,
      390.7258064516129
    ],
    [
      2927.6290322580644,
      358.4677419354839
    ],
    [
      2956.6612903225805,
      332.6612903225806
    ],
    [
      2924.4032258064512,
      297.17741935483866
    ],
    [
      2863.1129032258063,
      264.91935483870964
    ],
    [
      2808.274193548387,
      261.6935483870968
    ],
    [
      2763.1129032258063,
      255.241935483871
    ],
    [
      2737.306451612903,
      155.241935483871
    ],
    [
      2640.532258064516,
      174.59677419354838
    ],
    [
      2511.5,
      232.66129032258064
    ],
    [
      2372.790322580645,
      277.82258064516134
    ],
    [
      2317.9516129032254,
      345.5645161290322
    ],
    [
      2292.1451612903224,
      390.7258064516129
    ],
    [
      2276.016129032258,
      348.7903225806451
    ],
    [
      2272.790322580645,
      284.2741935483871
    ],
    [
      2256.6612903225805,
      264.91935483870964
    ],
    [
      2008.2741935483868,
      197.17741935483875
    ],
    [
      1840.532258064516,
      161.6935483870968
    ],
    [
      1753.4354838709676,
      129.43548387096777
    ],
    [
      1663.1129032258063,
      55.241935483871
    ],
    [
      1546.9838709677417,
      10.080645161290334
    ],
    [
      1501.822580645161,
      19.758064516129053
    ],
    [
      1388.9193548387095,
      16.532258064516128
    ]
  ],