{
  "pair_id": 21,
  "target_image_id": 7779,
  "pyramid_page_idx": 4,
  "page_width": 3610,
  "page_height": 2775,
  "polygon": [
    [
      247.59259259259264,
      124.53703703703704
    ],
    [
      199.44444444444449,
      506.01851851851853
    ],
    [
      188.3333333333334,
      783.7962962962963
    ],
    [
      147.59259259259264,
      1113.4259259259259
    ],
    [
      147.59259259259264,
      1420.8333333333333
    ],
    [
      173.51851851851856,
      1654.1666666666665
    ],
    [
      140.18518518518525,
      1868.9814814814813
    ],
    [
      162.40740740740748,
      2024.537037037037
    ],
    [
      155.00000000000009,
      2087.5
    ],
    [
      88.3333333333334,
      2146.759259259259
    ],
    [
      62.407407407407476,
      2176.3888888888887
    ],
    [
      88.3333333333334,
      2265.2777777777774
    ],
    [
      125.37037037037047,
      2324.537037037037
    ],
    [
      273.5185185185186,
      2420.833333333333
    ],
    [
      473.5185185185186,
      2483.796296296296
    ],
    [
      721.6666666666667,
      2483.796296296296
    ],
    [
      980.925925925926,
      2465.2777777777774
    ],
    [
      1158.7037037037037,
      2398.611111111111
    ],
    [
      1195.7407407407406,
      2357.87037037037
    ],
    [
      1269.8148148148148,
      2413.4259259259256
    ],
    [
      1373.5185185185185,
      2468.9814814814813
    ],
    [
      1543.8888888888887,
      2587.5
    ],
    [
      1829.0740740740741,
      2728.2407407407404
    ],
    [
      2317.962962962963,
      2746.759259259259
    ],
    [
      2666.1111111111113,
      2750.4629629629626
    ],
    [
      2855.0,
      2698.611111111111
    ],
    [
      3017.962962962963,
      2628.2407407407404
    ],
    [
      3103.1481481481483,
      2524.537037037037
    ],
    [
      3166.1111111111113,
      2439.3518518518517
    ],
    [
      3192.037037037037,
      2272.6851851851848
    ],
    [
      3243.8888888888887,
      2183.796296296296
    ],
    [
      3317.962962962963,
      2061.574074074074
    ],
    [
      3388.3333333333335,
      1928.2407407407406
    ],
    [
      3429.074074074074,
      1813.4259259259256
    ],
    [
      3443.8888888888887,
      1650.4629629629628
    ],
    [
      3362.4074074074074,
      1480.0925925925924
    ],
    [
      3317.962962962963,
      1276.3888888888887
    ],
    [
      3295.740740740741,
      1131.9444444444443
    ],
    [
      3325.3703703703704,
      1028.2407407407406
    ],
    [
      3406.8518518518517,
      861.5740740740739
    ],
    [
      3388.3333333333335,
      724.537037037037
    ],
    [
      3358.703703703704,
      687.5
    ],
    [
      3255.0,
      517.1296296296296
    ],
    [
      3169.814814814815,
      354.16666666666663
    ],
    [
      3110.5555555555557,
      246.75925925925924
    ],
    [
      3040.185185185185,
      113.42592592592592
    ],
    [
      2973.5185185185187,
      31.944444444444443
    ],
    [
      2919.212962962963,
      -3.552713678800501e-15
    ],
    [
      1636.4814814814813,
      0.0
    ],
    [
      1340.185185185185,
      54.16666666666666
    ],
    [
      1214.2592592592591,
      43.05555555555554
    ],
    [
      1166.111111111111,
      28.240740740740733
    ],
    [
      1121.6666666666665,
      39.35185185185185
    ],
    [
      1066.111111111111,
      65.27777777777777
    ],
    [
      1029.074074074074,
      54.16666666666666
    ],
    [
      951.2962962962964,
      68.98148148148147
    ],
    [
      880.925925925926,
      91.2037037037037
    ],
    [
      755.0,
      146.75925925925924
    ],
    [
      688.3333333333334,
      150.46296296296296
    ],
    [
      599.4444444444445,
      135.64814814814815
    ],
    [
      514.2592592592594,
      124.53703703703704
    ],
    [
      432.7777777777778,
      94.90740740740739
    ]
  ],
  "polygons": [
    [
      [
        247.59259259259264,
        124.53703703703704
      ],
      [
        199.44444444444449,
        506.01851851851853
      ],
      [
        188.3333333333334,
        783.7962962962963
      ],
      [
        147.59259259259264,
        1113.4259259259259
      ],
      [
        147.59259259259264,
        1420.8333333333333
      ],
      [
        173.51851851851856,
        1654.1666666666665
      ],
      [
        140.18518518518525,
        1868.9814814814813
      ],
      [
        162.40740740740748,
        2024.537037037037
      ],
      [
        155.00000000000009,
        2087.5
      ],
      [
        88.3333333333334,
        2146.759259259259
      ],
      [
        62.407407407407476,
        2176.3888888888887
      ],
      [
        88.3333333333334,
        2265.2777777777774
      ],
      [
        125.37037037037047,
        2324.537037037037
      ],
      [
        273.5185185185186,
        2420.833333333333
      ],
      [
        473.5185185185186,
        2483.796296296296
      ],
      [
        721.6666666666667,
        2483.796296296296
      ],
      [
        980.925925925926,
        2465.2777777777774
      ],
      [
        1158.7037037037037,
        2398.611111111111
      ],
      [
        1195.7407407407406,
        2357.87037037037
      ],
      [
        1269.8148148148148,
        2413.4259259259256
      ],
      [
        1373.5185185185185,
        2468.9814814814813
      ],
      [
        1543.8888888888887,
        2587.5
      ],
      [
        1829.0740740740741,
        2728.2407407407404
      ],
      [
        2317.962962962963,
        2746.759259259259
      ],
      [
        2666.1111111111113,
        2750.4629629629626
      ],
      [
        2855.0,
        2698.611111111111
      ],
      [
        3017.962962962963,
        2628.2407407407404
      ],
      [
        3103.1481481481483,
        2524.537037037037
      ],
      [
        3166.1111111111113,
        2439.3518518518517
      ],
      [
        3192.037037037037,
        2272.6851851851848
      ],
      [
        3243.8888888888887,
        2183.796296296296
      ],
      [
        3317.962962962963,
        2061.574074074074
      ],
      [
        3388.3333333333335,
        1928.2407407407406
      ],
      [
        3429.074074074074,
        1813.4259259259256
      ],
      [
        3443.8888888888887,
        1650.4629629629628
      ],
      [
        3362.4074074074074,
        1480.0925925925924
      ],
      [
        3317.962962962963,
        1276.3888888888887
      ],
      [
        3295.740740740741,
        1131.9444444444443
      ],
      [
        3325.3703703703704,
        1028.2407407407406
      ],
      [
        3406.8518518518517,
        861.5740740740739
      ],
      [
        3388.3333333333335,
        724.537037037037
      ],
      [
        3358.703703703704,
        687.5
      ],
      [
        3255.0,
        517.1296296296296
      ],
      [
        3169.814814814815,
        354.16666666666663
      ],
      [
        3110.5555555555557,
        246.75925925925924
      ],
      [
        3040.185185185185,
        113.42592592592592
      ],
      [
        2973.5185185185187,
        31.944444444444443
      ],
      [
        2919.212962962963,
        -3.552713678800501e-15
      ],
      [
        1636.4814814814813,
        0.0
      ],
      [
        1340.185185185185,
        54.16666666666666
      ],
      [
        1214.2592592592591,
        43.05555555555554
      ],
      [
        1166.111111111111,
        28.240740740740733
      ],
      [
        1121.6666666666665,
        39.35185185185185
      ],
      [
        1066.111111111111,
        65.27777777777777
      ],
      [
        1029.074074074074,
        54.16666666666666
      ],
      [
        951.2962962962964,
        68.98148148148147
      ],
      [
        880.925925925926,
        91.2037037037037
      ],
      [
        755.0,
