{
  "pair_id": 22,
  "target_image_id": 7791,
  "pyramid_page_idx": 4,
  "page_width": 2085,
  "page_height": 1367,
  "polygon": [
    [
      103.82075471698107,
      100.48113207547169
    ],
    [
      132.12264150943392,
      113.688679245283
    ],
    [
      152.87735849056597,
      136.33018867924528
    ],
    [
      137.78301886792448,
      164.6320754716981
    ],
    [
      115.14150943396221,
      268.40566037735846
    ],
    [
      98.1603773584905,
      313.688679245283
    ],
    [
      75.51886792452825,
      379.7264150943396
    ],
    [
      56.65094339622637,
      432.55660377358487
    ],
    [
      35.8962264150943,
      506.1415094339622
    ],
    [
      32.12264150943392,
      553.3113207547169
    ],
    [
      60.424528301886745,
      549.5377358490566
    ],
    [
      103.82075471698107,
      583.5
    ],
    [
      128.34905660377353,
      619.3490566037735
    ],
    [
      120.80188679245278,
      653.3113207547169
    ],
    [
      105.70754716981126,
      698.5943396226414
    ],
    [
      113.25471698113202,
      736.3301886792453
    ],
    [
      120.80188679245278,
      760.8584905660377
    ],
    [
      120.80188679245278,
      802.367924528302
    ],
    [
      96.27358490566033,
      821.2358490566037
    ],
    [
      60.424528301886745,
      821.2358490566037
    ],
    [
      45.33018867924524,
      832.5566037735848
    ],
    [
      45.33018867924524,
      860.8584905660377
    ],
    [
      62.31132075471694,
      896.7075471698113
    ],
    [
      205.70754716981125,
      1019.3490566037735
    ],
    [
      467.9716981132075,
      1175.9528301886792
    ],
    [
      845.3301886792451,
      1321.2358490566037
    ],
    [
      1002.0047169811326,
      1366.0
    ],
    [
      1990.6132075471696,
      1366.0
    ],
    [
      2035.8962264150941,
      1243.877358490566
    ],
    [
      2041.5566037735848,
      1132.5566037735848
    ],
    [
      2001.9339622641508,
      987.2735849056603
    ],
    [
      1981.1792452830186,
      747.6509433962265
    ],
    [
      1909.4811320754716,
      458.97169811320754
    ],
    [
      1811.3679245283017,
      223.12264150943395
    ],
    [
      1818.9150943396226,
      108.02830188679243
    ],
    [
      1760.4245283018865,
      32.5566037735849
    ],
    [
      1594.38679245283,
      30.669811320754718
    ],
    [
      1509.4811320754716,
      72.17924528301887
    ],
    [
      1454.764150943396,
      143.87735849056602
    ],
    [
      1390.6132075471696,
      217.46226415094338
    ],
    [
      1317.0283018867924,
      321.23584905660374
    ],
    [
      1303.820754716981,
      360.8584905660377
    ],
    [
      1277.4056603773583,
      398.5943396226415
    ],
    [
      1207.5943396226414,
      398.5943396226415
    ],
    [
      1181.1792452830186,
      381.6132075471698
    ],
    [
      1060.4245283018868,
      385.38679245283015
    ],
    [
      979.2924528301886,
      408.0283018867924
    ],
    [
      877.4056603773583,
      413.68867924528297
    ],
    [
      826.4622641509433,
      430.6698113207547
    ],
    [
      752.8773584905659,
      430.6698113207547
    ],
    [
      750.9905660377358,
      402.36792452830184
    ],
    [
      809.4811320754716,
      375.95283018867923
    ],
    [
      815.1415094339621,
      358.97169811320754
    ],
    [
      726.4622641509433,
      351.42452830188677
    ],
    [
      679.2924528301886,
      302.36792452830184
    ],
    [
      590.6132075471697,
      274.066037735849
    ],
    [
      552.8773584905659,
      268.40566037735846
    ],
    [
      535.8962264150942,
      238.21698113207543
    ],
    [
      479.2924528301886,
      208.02830188679246
    ],
    [
      420.80188679245276,
      181.6132075471698
    ],
    [
      384.95283018867923,
      181.6132075471698
    ],
    [
      354.7641509433962,
      166.51886792452828
    ],
    [
      350.9905660377358,
      136.33018867924528
    ],
    [
      326.4622641509434,
      117.46226415094338
    ],
    [
      277.40566037735846,
      153.31132075471697
    ],
    [
      264.1981132075471,
      136.33018867924528
    ],
    [
      252.87735849056597,
      119.34905660377359
    ],
    [
      220.80188679245276,
      94.82075471698113
    ],
    [
      205.70754716981125,
      92.93396226415095
    ],
    [
      175.51886792452825,
      91.04716981132074
    ]
  ],