{
  "pair_id": 23,
  "target_image_id": 7792,
  "pyramid_page_idx": 4,
  "page_width": 2552,
  "page_height": 2056,
  "polygon": [
    [
      348.36842105263156,
      62.210526315789444
    ],
    [
      251.0,
      154.3157894736842
    ],
    [
      216.78947368421052,
      214.84210526315786
    ],
    [
      166.78947368421052,
      217.47368421052627
    ],
    [
      124.68421052631578,
      256.94736842105254
    ],
    [
      84.65384615384613,
      281.8461538461539
    ],
    [
      57.73076923076917,
      324.15384615384625
    ],
    [
      101.9615384615384,
      368.3846153846155
    ],
    [
      136.57692307692304,
      412.61538461538476
    ],
    [
      161.57692307692304,
      472.2307692307693
    ],
    [
      175.0384615384615,
      533.7692307692308
    ],
    [
      234.65384615384608,
      612.6153846153848
    ],
    [
      313.49999999999994,
      651.0769230769232
    ],
    [
      413.49999999999994,
      687.6153846153848
    ],
    [
      521.1923076923076,
      693.3846153846155
    ],
    [
      742.3461538461538,
      691.4615384615386
    ],
    [
      875.0384615384614,
      637.6153846153848
    ],
    [
      938.5,
      597.2307692307693
    ],
    [
      994.2692307692307,
      551.0769230769232
    ],
    [
      1073.1153846153845,
      491.46153846153857
    ],
    [
      1134.6538461538462,
      508.76923076923083
    ],
    [
      1232.7307692307693,
      537.6153846153848
    ],
    [
      1288.5,
      568.3846153846155
    ],
    [
      1336.576923076923,
      574.1538461538462
    ],
    [
      1328.8846153846152,
      547.2307692307693
    ],
    [
      1334.6538461538462,
      491.46153846153857
    ],
    [
      1342.3461538461538,
      420.3076923076924
    ],
    [
      1357.7307692307693,
      374.1538461538463
    ],
    [
      1317.3461538461538,
      331.8461538461539
    ],
    [
      1278.8846153846152,
      316.46153846153857
    ],
    [
      1167.3461538461538,
      347.2307692307693
    ],
    [
      1186.576923076923,
      303.0000000000001
    ],
    [
      1151.9615384615383,
      214.53846153846166
    ],
    [
      1080.8076923076924,
      174.15384615384625
    ],
    [
      961.5769230769231,
      135.6923076923078
    ],
    [
      892.3461538461538,
      160.6923076923078
    ],
    [
      846.1923076923076,
      149.15384615384625
    ],
    [
      828.8846153846155,
      103.00000000000011
    ],
    [
      790.4230769230769,
      79.92307692307702
    ],
    [
      744.2692307692307,
      83.76923076923089
    ],
    [
      692.3461538461538,
      103.00000000000011
    ],
    [
      646.1923076923076,
      122.23076923076934
    ],
    [
      621.1923076923076,
      133.7692307692309
    ],
    [
      553.8846153846152,
      112.6153846153847
    ],
    [
      484.65384615384613,
      153.0000000000001
    ],
    [
      415.42307692307685,
      76.07692307692318
    ]
  ],
  "polygons": [
    [
      [
        348.36842105263156,
        62.210526315789444
      ],
      [
        251.0,
        154.3157894736842
      ],
      [
        216.78947368421052,
        214.84210526315786
      ],
      [
        166.78947368421052,
        217.47368421052627
      ],
      [
        124.68421052631578,
        256.94736842105254
      ],
      [
        84.65384615384613,
        281.8461538461539
      ],
      [
        57.73076923076917,
        324.15384615384625
      ],
      [
        101.9615384615384,
        368.3846153846155
      ],
      [
        136.57692307692304,
        412.61538461538476
      ],
      [
        161.57692307692304,
        472.2307692307693
      ],
      [
        175.0384615384615,
        533.7692307692308
      ],
      [
        234.65384615384608,
        612.6153846153848
      ],
      [
        313.49999999999994,
        651.0769230769232
      ],
      [
        413.49999999999994,
        687.6153846153848
      ],
      [
        521.1923076923076,
        693.3846153846155
      ],
      [
        742.3461538461538,
        691.4615384615386
      ],
      [
        875.0384615384614,
        637.6153846153848
      ],
      [
        938.5,
        597.2307692307693
      ],
      [
        994.2692307692307,
        551.0769230769232
      ],
      [
        1073.1153846153845,
        491.46153846153857
      ],
      [
        1134.6538461538462,
        508.76923076923083
      ],
      [
        1232.7307692307693,
        537.6153846153848
      ],
      [
        1288.5,
        568.3846153846155
      ],
      [
        1336.576923076923,
        574.1538461538462
      ],
      [
        1328.8846153846152,
        547.2307692307693
      ],
      [
        1334.6538461538462,
        491.46153846153857
      ],
      [
        1342.3461538461538,
        420.3076923076924
      ],
      [
        1357.7307692307693,
        374.1538461538463
      ],
      [
        1317.3461538461538,
        331.8461538461539
      ],
      [
        1278.8846153846152,
        316.46153846153857
      ],
      [
        1167.3461538461538,
        347.2307692307693
      ],
      [
        1186.576923076923,
        303.0000000000001
      ],
      [
        1151.9615384615383,
        214.53846153846166
      ],
      [
        1080.8076923076924,
        174.15384615384625
      ],
      [
        961.5769230769231,
        135.6923076923078
      ],
      [
        892.3461538461538,
        160.6923076923078
      ],
      [
        846.1923076923076,
        149.15384615384625
      ],
      [
        828.8846153846155,
        103.00000000000011
      ],
      [
        790.4230769230769,
        79.92307692307702
      ],
      [
        744.2692307692307,
        83.76923076923089
      ],
      [
        692.3461538461538,
        103.00000000000011
      ],
      [
        646.1923076923076,
        122.23076923076934
      ],
      [
        621.1923076923076,
        133.7692307692309
      ],
      [
        553.8846153846152,
        112.6153846153847
      ],
      [
        484.65384615384613,
        153.0000000000001
      ],
      [
        415.42307692307685,
        76.07692307692318
      ]
    ],
    [
      [
        1196.1923076923076,
        808.7692307692308
      ],
      [
        1096.1923076923076,
        804.923076923077
      ],
      [
        1053.8846153846155,
        829.923076923077
      ],
      [
        992.3461538461538,
        862.6153846153846
      ],
      [
        928.8846153846155,
        883.7692307692308
      ],
      [
        890.4230769230769,
        924.1538461538463
      ],
      [
        838.5,
        945.3076923076925
      ],
      [
        773.1153846153845,
        954.923076923077
      ],
      [
        738.5,
        889.5384615384615
      ],
      [
        688.5,
        862.6153846153846
      ],
      [
        638.5,
        858.7692307692308
      ],
      [
        613.5,
        874.1538461538463
      ],
      [
        553.8846153846152,
        929.923076923077
      ],
      [
        525.0384615384614,
        970.3076923076925
      ],
      [
        492.34615384615375,
        995.3076923076925
      ],
      [
        453.8846153846153,
        1033.769230769231
      ],
      [
        432.7307692307691,
        1072.2307692307695
      ],
      [
        423.1153846153846,
        1135.6923076923076
      ],
      [
        432.7307692307691,
        1203.0
      ],
      [
        490.42307692307685,
        1293.3846153846152
      ],
      [
        573.1153846153845,
        1341.4615384615386
      ],
      [
        659.6538461538462,
        1349.1538461538462
      ],
      [
        740.4230769230769,
        1324.1538461538462
      ],
      [
        807.730769230769,
        1351.0769230769233
      ],
      [
        896.1923076923076,
        1372.2307692307695
      ],
      [
        969.2692307692307,
        1387.6153846153848
