{
  "pair_id": 2,
  "target_image_id": 6046,
  "pyramid_page_idx": 4,
  "page_width": 3672,
  "page_height": 2775,
  "polygon": [
    [
      857.6923076923076,
      113.46153846153845
    ],
    [
      628.8461538461538,
      473.07692307692304
    ],
    [
      369.2307692307692,
      434.6153846153846
    ],
    [
      217.3076923076923,
      434.6153846153846
    ],
    [
      76.92307692307692,
      628.8461538461538
    ],
    [
      73.07692307692308,
      953.8461538461538
    ],
    [
      59.61538461538461,
      1138.4615384615383
    ],
    [
      7.692307692307692,
      1540.3846153846152
    ],
    [
      123.07692307692307,
      1936.5384615384614
    ],
    [
      850.0,
      1871.1538461538462
    ],
    [
      1140.3846153846152,
      1761.5384615384614
    ],
    [
      1298.076923076923,
      1430.7692307692307
    ],
    [
      1409.6153846153845,
      1450.0
    ],
    [
      1580.7692307692307,
      1586.5384615384614
    ],
    [
      1550.0,
      1817.3076923076922
    ],
    [
      1930.7692307692307,
      2053.846153846154
    ],
    [
      2163.4615384615386,
      1936.5384615384614
    ],
    [
      2255.7692307692305,
      2151.9230769230767
    ],
    [
      2384.6153846153848,
      2503.846153846154
    ],
    [
      2521.153846153846,
      2744.230769230769
    ],
    [
      3036.5384615384614,
      2761.5384615384614
    ],
    [
      3059.6153846153843,
      2646.153846153846
    ],
    [
      3340.3846153846152,
      2675.0
    ],
    [
      3496.153846153846,
      2407.6923076923076
    ],
    [
      3490.3846153846152,
      2063.4615384615386
    ],
    [
      3578.846153846154,
      1888.4615384615383
    ],
    [
      3565.3846153846152,
      1432.6923076923076
    ],
    [
      3509.6153846153843,
      1246.1538461538462
    ],
    [
      3446.153846153846,
      1100.0
    ],
    [
      3511.5384615384614,
      1061.5384615384614
    ],
    [
      3521.153846153846,
      963.4615384615385
    ],
    [
      3467.3076923076924,
      582.6923076923076
    ],
    [
      3428.846153846154,
      480.7692307692308
    ],
    [
      3221.153846153846,
      346.15384615384613
    ],
    [
      3075.0,
      211.53846153846152
    ],
    [
      2950.0,
      84.61538461538461
    ],
    [
      2615.3846153846152,
      26.923076923076923
    ],
    [
      2342.3076923076924,
      7.692307692307692
    ],
    [
      982.6923076923076,
      5.769230769230769
    ],
    [
      909.6153846153845,
      53.84615384615385
    ]
  ],
  "polygons": [
    [
      [
        857.6923076923076,
        113.46153846153845
      ],
      [
        628.8461538461538,
        473.07692307692304
      ],
      [
        369.2307692307692,
        434.6153846153846
      ],
      [
        217.3076923076923,
        434.6153846153846
      ],
      [
        76.92307692307692,
        628.8461538461538
      ],
      [
        73.07692307692308,
        953.8461538461538
      ],
      [
        59.61538461538461,
        1138.4615384615383
      ],
      [
        7.692307692307692,
        1540.3846153846152
      ],
      [
        123.07692307692307,
        1936.5384615384614
      ],
      [
        850.0,
        1871.1538461538462
      ],
      [
        1140.3846153846152,
        1761.5384615384614
      ],
      [
        1298.076923076923,
        1430.7692307692307
      ],
      [
        1409.6153846153845,
        1450.0
      ],
      [
        1580.7692307692307,
        1586.5384615384614
      ],
      [
        1550.0,
        1817.3076923076922
      ],
      [
        1930.7692307692307,
        2053.846153846154
      ],
      [
        2163.4615384615386,
        1936.5384615384614
      ],
      [
        2255.7692307692305,
        2151.9230769230767
      ],
      [
        2384.6153846153848,
        2503.846153846154
      ],
      [
        2521.153846153846,
        2744.230769230769
      ],
      [
        3036.5384615384614,
        2761.5384615384614
      ],
      [
        3059.6153846153843,
        2646.153846153846
      ],
      [
        3340.3846153846152,
        2675.0
      ],
      [
        3496.153846153846,
        2407.6923076923076
      ],
      [
        3490.3846153846152,
        2063.4615384615386
      ],
      [
        3578.846153846154,
        1888.4615384615383
      ],
      [
        3565.3846153846152,
        1432.6923076923076
      ],
      [
        3509.6153846153843,
        1246.1538461538462
      ],
      [
        3446.153846153846,
        1100.0
      ],
      [
        3511.5384615384614,
        1061.5384615384614
      ],
      [
        3521.153846153846,
        963.4615384615385
      ],
      [
        3467.3076923076924,
        582.6923076923076
      ],
      [
        3428.846153846154,
        480.7692307692308
      ],
      [
        3221.153846153846,
        346.15384615384613
      ],
      [
        3075.0,
        211.53846153846152
      ],
      [
        2950.0,
        84.61538461538461
      ],
      [
        2615.3846153846152,
        26.923076923076923
      ],
      [
        2342.3076923076924,
        7.692307692307692
      ],
      [
        982.6923076923076,
        5.769230769230769
      ],
      [
        909.6153846153845,
        53.84615384615385
      ]
    ]
  ]
}