{
  "pair_id": 3,
  "target_image_id": 6047,
  "pyramid_page_idx": 4,
  "page_width": 4046,
  "page_height": 2776,
  "polygon": [
    [
      780.4074074074075,
      280.5925925925927
    ],
    [
      395.22222222222234,
      647.2592592592594
    ],
    [
      95.22222222222236,
      991.7037037037039
    ],
    [
      50.777777777777914,
      1139.851851851852
    ],
    [
      91.51851851851865,
      1095.4074074074076
    ],
    [
      273.0000000000001,
      902.8148148148149
    ],
    [
      206.33333333333343,
      1147.2592592592594
    ],
    [
      284.1111111111112,
      1228.7407407407409
    ],
    [
      328.55555555555566,
      1325.0370370370372
    ],
    [
      276.7037037037038,
      1332.4444444444446
    ],
    [
      124.85185185185198,
      1347.2592592592594
    ],
    [
      169.29629629629642,
      1417.6296296296298
    ],
    [
      413.7407407407408,
      1747.2592592592594
    ],
    [
      513.7407407407409,
      1739.851851851852
    ],
    [
      691.5185185185186,
      1765.7777777777778
    ],
    [
      765.5925925925926,
      1888.0
    ],
    [
      1043.3703703703704,
      2017.6296296296298
    ],
    [
      1410.0370370370372,
      2173.185185185185
    ],
    [
      1787.814814814815,
      2339.851851851852
    ],
    [
      1906.3333333333335,
      2306.5185185185182
    ],
    [
      2002.6296296296298,
      2380.592592592592
    ],
    [
      2087.814814814815,
      2421.333333333333
    ],
    [
      2232.259259259259,
      2565.7777777777774
    ],
    [
      2261.888888888889,
      2750.9629629629626
    ],
    [
      2532.259259259259,
      2765.7777777777774
    ],
    [
      2628.5555555555557,
      2695.407407407408
    ],
    [
      2706.3333333333335,
      2584.2962962962965
    ],
    [
      2798.925925925926,
      2421.333333333333
    ],
    [
      2984.1111111111113,
      2199.1111111111113
    ],
    [
      3198.925925925926,
      2032.4444444444446
    ],
    [
      3343.3703703703704,
      1873.1851851851852
    ],
    [
      3410.037037037037,
      1750.962962962963
    ],
    [
      3547.074074074074,
      1510.2222222222224
    ],
    [
      3595.222222222222,
      1299.111111111111
    ],
    [
      3684.1111111111113,
      1210.2222222222224
    ],
    [
      3828.5555555555557,
      1158.3703703703704
    ],
    [
      3965.5925925925926,
      965.7777777777778
    ],
    [
      3884.1111111111113,
      710.2222222222224
    ],
    [
      3787.814814814815,
      462.07407407407425
    ],
    [
      3713.740740740741,
      302.81481481481495
    ],
    [
      3584.1111111111113,
      132.4444444444446
    ],
    [
      3487.814814814815,
      32.44444444444461
    ],
    [
      3469.296296296296,
      10.222222222222399
    ],
    [
      1414.629629629595,
      0.0
    ],
    [
      1206.3333333333335,
      13.925925925926094
    ],
    [
      1091.5185185185187,
      265.77777777777794
    ],
    [
      1002.6296296296297,
      369.48148148148164
    ],
    [
      898.925925925926,
      432.44444444444457
    ],
    [
      869.2962962962963,
      313.9259259259261
    ]
  ],
  "polygons": [
    [
      [
        780.4074074074075,
        280.5925925925927
      ],
      [
        395.22222222222234,
        647.2592592592594
      ],
      [
        95.22222222222236,
        991.7037037037039
      ],
      [
        50.777777777777914,
        1139.851851851852
      ],
      [
        91.51851851851865,
        1095.4074074074076
      ],
      [
        273.0000000000001,
        902.8148148148149
      ],
      [
        206.33333333333343,
        1147.2592592592594
      ],
      [
        284.1111111111112,
        1228.7407407407409
      ],
      [
        328.55555555555566,
        1325.0370370370372
      ],
      [
        276.7037037037038,
        1332.4444444444446
      ],
      [
        124.85185185185198,
        1347.2592592592594
      ],
      [
        169.29629629629642,
        1417.6296296296298
      ],
      [
        413.7407407407408,
        1747.2592592592594
      ],
      [
        513.7407407407409,
        1739.851851851852
      ],
      [
        691.5185185185186,
        1765.7777777777778
      ],
      [
        765.5925925925926,
        1888.0
      ],
      [
        1043.3703703703704,
        2017.6296296296298
      ],
      [
        1410.0370370370372,
        2173.185185185185
      ],
      [
        1787.814814814815,
        2339.851851851852
      ],
      [
        1906.3333333333335,
        2306.5185185185182
      ],
      [
        2002.6296296296298,
        2380.592592592592
      ],
      [
        2087.814814814815,
        2421.333333333333
      ],
      [
        2232.259259259259,
        2565.7777777777774
      ],
      [
        2261.888888888889,
        2750.9629629629626
      ],
      [
        2532.259259259259,
        2765.7777777777774
      ],
      [
        2628.5555555555557,
        2695.407407407408
      ],
      [
        2706.3333333333335,
        2584.2962962962965
      ],
      [
        2798.925925925926,
        2421.333333333333
      ],
      [
        2984.1111111111113,
        2199.1111111111113
      ],
      [
        3198.925925925926,
        2032.4444444444446
      ],
      [
        3343.3703703703704,
        1873.1851851851852
      ],
      [
        3410.037037037037,
        1750.962962962963
      ],
      [
        3547.074074074074,
        1510.2222222222224
      ],
      [
        3595.222222222222,
        1299.111111111111
      ],
      [
        3684.1111111111113,
        1210.2222222222224
      ],
      [
        3828.5555555555557,
        1158.3703703703704
      ],
      [
        3965.5925925925926,
        965.7777777777778
      ],
      [
        3884.1111111111113,
        710.2222222222224
      ],
      [
        3787.814814814815,
        462.07407407407425
      ],
      [
        3713.740740740741,
        302.81481481481495
      ],
      [
        3584.1111111111113,
        132.4444444444446
      ],
      [
        3487.814814814815,
        32.44444444444461
      ],
      [
        3469.296296296296,
        10.222222222222399
      ],
      [
        1414.629629629595,
        0.0
      ],
      [
        1206.3333333333335,
        13.925925925926094
      ],
      [
        1091.5185185185187,
        265.77777777777794
      ],
      [
        1002.6296296296297,
        369.48148148148164
      ],
      [
        898.925925925926,
        432.44444444444457
      ],
      [
        869.2962962962963,
        313.9259259259261
      ]
    ]
  ]
}