{
  "pair_id": 4,
  "target_image_id": 6048,
  "pyramid_page_idx": 4,
  "page_width": 3548,
  "page_height": 2341,
  "polygon": [
    [
      185.45833333333326,
      99.66666666666677
    ],
    [
      168.79166666666663,
      326.7500000000001
    ],
    [
      216.70833333333326,
      743.4166666666667
    ],
    [
      239.625,
      878.8333333333334
    ],
    [
      135.66666666666643,
      910.4999999999999
    ],
    [
      122.33333333333312,
      1057.1666666666667
    ],
    [
      268.9999999999998,
      1383.8333333333335
    ],
    [
      448.9999999999998,
      1517.1666666666667
    ],
    [
      782.3333333333331,
      1657.1666666666667
    ],
    [
      1112.3333333333333,
      1770.5
    ],
    [
      1372.3333333333333,
      2023.8333333333335
    ],
    [
      1702.3333333333333,
      2203.8333333333335
    ],
    [
      2092.3333333333335,
      2280.5
    ],
    [
      2389.0,
      2157.166666666667
    ],
    [
      2615.6666666666665,
      1970.5
    ],
    [
      2769.0,
      1727.1666666666667
    ],
    [
      2939.0,
      1487.1666666666667
    ],
    [
      3062.3333333333335,
      1370.5
    ],
    [
      3225.6666666666665,
      1213.8333333333335
    ],
    [
      3382.3333333333335,
      1097.1666666666667
    ],
    [
      3472.3333333333335,
      767.1666666666666
    ],
    [
      3492.3333333333335,
      617.1666666666666
    ],
    [
      3492.3333333333335,
      523.8333333333333
    ],
    [
      3475.6666666666665,
      443.83333333333326
    ],
    [
      3309.0,
      393.83333333333326
    ],
    [
      2999.0,
      320.4999999999999
    ],
    [
      2629.0,
      223.8333333333333
    ],
    [
      2515.6666666666665,
      167.1666666666666
    ],
    [
      2392.3333333333335,
      207.1666666666666
    ],
    [
      2262.3333333333335,
      310.4999999999999
    ],
    [
      2139.0,
      433.83333333333326
    ],
    [
      2102.3333333333335,
      560.4999999999999
    ],
    [
      2085.6666666666665,
      710.4999999999999
    ],
    [
      2049.0,
      800.4999999999999
    ],
    [
      2059.0,
      887.1666666666666
    ],
    [
      2129.0,
      987.1666666666666
    ],
    [
      2212.3333333333335,
      1060.5
    ],
    [
      2269.0,
      1100.5
    ],
    [
      2322.3333333333335,
      1123.8333333333335
    ],
    [
      2349.0,
      1203.8333333333335
    ],
    [
      2389.0,
      1277.1666666666667
    ],
    [
      2439.0,
      1353.8333333333335
    ],
    [
      2432.3333333333335,
      1417.1666666666667
    ],
    [
      2409.0,
      1477.1666666666667
    ],
    [
      2359.0,
      1470.5
    ],
    [
      2289.0,
      1430.5
    ],
    [
      2195.6666666666665,
      1380.5
    ],
    [
      2152.3333333333335,
      1373.8333333333335
    ],
    [
      2119.0,
      1407.1666666666667
    ],
    [
      2052.3333333333335,
      1400.5
    ],
    [
      1935.6666666666665,
      1310.5
    ],
    [
      1882.3333333333333,
      1247.1666666666667
    ],
    [
      1772.3333333333333,
      1213.8333333333335
    ],
    [
      1702.3333333333333,
      1193.8333333333335
    ],
    [
      1675.6666666666665,
      1117.1666666666667
    ],
    [
      1659.0,
      1083.8333333333335
    ],
    [
      1615.6666666666665,
      1047.1666666666667
    ],
    [
      1562.3333333333333,
      940.4999999999999
    ],
    [
      1422.3333333333333,
      833.8333333333333
    ],
    [
      1365.6666666666665,
      827.1666666666666
    ],
    [
      1279.0,
      877.1666666666666
    ],
    [
      1245.6666666666665,
      887.1666666666666
    ],
    [
      1205.6666666666665,
      847.1666666666666
    ],
    [
      1229.0,
      807.1666666666666
    ],
    [
      1225.6666666666665,
      750.4999999999999
    ],
    [
      1162.3333333333333,
      757.1666666666666
    ],
    [
      1152.3333333333333,
      727.1666666666666
    ],
    [
      1165.6666666666665,
      677.1666666666666
    ],
    [
      1025.6666666666665,
      680.4999999999999
    ],
    [
      945.6666666666664,
      667.1666666666666
    ],
    [
      938.9999999999998,
      617.1666666666666
    ],
    [
      882.3333333333331,
      513.8333333333333
    ],
    [
      915.6666666666664,
      480.4999999999999
    ],
    [
      905.6666666666664,
      443.83333333333326
    ],
    [
      788.9999999999998,
      367.16666666666663
    ],
    [
      618.9999999999998,
      233.8333333333333
    ],
    [
      452.33333333333314,
      80.49999999999991
    ],
    [
      335.6666666666664,
      7.1666666666666
    ]
  ],