{
  "pair_id": 5,
  "target_image_id": 6049,
  "pyramid_page_idx": 4,
  "page_width": 2925,
  "page_height": 2011,
  "polygon": [
    [
      474.6621621621622,
      243.33783783783772
    ],
    [
      326.01351351351354,
      308.2027027027026
    ],
    [
      244.93243243243245,
      394.68918918918905
    ],
    [
      207.0945945945946,
      427.12162162162156
    ],
    [
      196.2837837837838,
      459.55405405405395
    ],
    [
      215.2027027027027,
      470.3648648648648
    ],
    [
      234.1216216216216,
      432.527027027027
    ],
    [
      323.31081081081084,
      362.25675675675666
    ],
    [
      423.31081081081084,
      316.3108108108107
    ],
    [
      463.85135135135135,
      316.3108108108107
    ],
    [
      523.3108108108108,
      281.1756756756756
    ],
    [
      528.7162162162163,
      256.85135135135124
    ]
  ],
  "polygons": [
    [
      [
        474.6621621621622,
        243.33783783783772
      ],
      [
        326.01351351351354,
        308.2027027027026
      ],
      [
        244.93243243243245,
        394.68918918918905
      ],
      [
        207.0945945945946,
        427.12162162162156
      ],
      [
        196.2837837837838,
        459.55405405405395
      ],
      [
        215.2027027027027,
        470.3648648648648
      ],
      [
        234.1216216216216,
        432.527027027027
      ],
      [
        323.31081081081084,
        362.25675675675666
      ],
      [
        423.31081081081084,
        316.3108108108107
      ],
      [
        463.85135135135135,
        316.3108108108107
      ],
      [
        523.3108108108108,
        281.1756756756756
      ],
      [
        528.7162162162163,
        256.85135135135124
      ]
    ],
    [
      [
        353.0405405405406,
        586.581081081081
      ],
      [
        280.06756756756755,
        621.7162162162161
      ],
      [
        253.04054054054052,
        673.0675675675675
      ],
      [
        244.93243243243245,
        808.2027027027026
      ],
      [
        255.74324324324323,
        916.3108108108107
      ],
      [
        247.63513513513516,
        1021.7162162162161
      ],
      [
        231.4189189189189,
        1089.2837837837835
      ],
      [
        171.95945945945945,
        1143.3378378378377
      ],
      [
        126.01351351351352,
        1208.2027027027025
      ],
      [
        104.3918918918919,
        1256.8513513513512
      ],
      [
        104.3918918918919,
        1273.0675675675675
      ],
      [
        112.5,
        1327.1216216216214
      ],
      [
        131.41891891891893,
        1356.8513513513512
      ],
      [
        177.36486486486487,
        1389.2837837837835
      ],
      [
        142.22972972972974,
        1454.1486486486485
      ],
      [
        109.79729729729729,
        1486.5810810810808
      ],
      [
        96.28378378378378,
        1573.0675675675675
      ],
      [
        96.28378378378378,
        1686.5810810810808
      ],
      [
        155.74324324324326,
        1756.8513513513512
      ],
      [
        196.2837837837838,
        1805.4999999999998
      ],
      [
        285.47297297297297,
        1794.689189189189
      ],
      [
        312.5,
        1843.3378378378377
      ],
      [
        350.33783783783787,
        1854.1486486486485
      ],
      [
        385.47297297297297,
        1832.5270270270269
      ],
      [
        426.01351351351354,
        1797.3918918918916
      ],
      [
        588.1756756756757,
        1810.9054054054052
      ],
      [
        701.6891891891892,
        1821.716216216216
      ],
      [
        804.3918918918919,
        1862.2567567567567
      ],
      [
        815.2027027027027,
        1889.2837837837835
      ],
      [
        982.7702702702703,
        1913.608108108108
      ],
      [
        1090.8783783783783,
        1935.2297297297296
      ],
      [
        1185.472972972973,
        1927.1216216216214
      ],
      [
        1331.4189189189187,
        1886.581081081081
      ],
      [
        1447.635135135135,
        1900.0945945945944
      ],
      [
        1523.3108108108108,
        1862.2567567567567
      ],
      [
        1590.8783783783783,
        1840.635135135135
      ],
      [
        1709.7972972972975,
        1827.1216216216214
      ],
      [
        1785.472972972973,
        1848.7432432432431
      ],
      [
        1923.3108108108108,
        1878.472972972973
      ],
      [
        2007.0945945945946,
        1894.689189189189
      ],
      [
        2134.1216216216217,
        1835.2297297297296
      ],
      [
        2261.1486486486488,
        1797.3918918918916
      ],
      [
        2309.797297297297,
        1748.7432432432431
      ],
      [
        2366.554054054054,
        1662.2567567567567
      ],
      [
        2412.5,
        1643.3378378378377
      ],
      [
        2585.472972972973,
        1608.2027027027025
      ],
      [
        2615.2027027027025,
        1581.1756756756756
      ],
      [
        2696.2837837837837,
        1502.797297297297
      ],
      [
        2750.337837837838,
        1402.797297297297
      ],
      [
        2785.472972972973,
        1248.7432432432431
      ],
      [
        2780.0675675675675,
        1105.4999999999998
      ],
      [
        2671.9594594594596,
        1046.0405405405404
      ],
      [
        2626.0135135135133,
        1008.2027027027026
      ],
      [
        2385.472972972973,
        910.9054054054053
      ],
      [
        2350.337837837838,
        905.5
      ],
      [
        2234.1216216216217,
        910.9054054054053
      ],
      [
        2093.581081081081,
        413.608108108108
      ],
      [
        2015.2027027027025,
        337.9324324324324
      ],
      [
        1915.202702702703,
        240.63513513513507
      ],
      [
        1850.337837837838,
        200.0945945945945
      ],
      [
        1590.8783783783783,
        151.44594594594585
      ],
      [
        1347.635135135135,
        113.60810810810801
      ],
      [
        1285.472972972973,
        97.39189189189179
      ],
      [
        1226.0135135135133,
        81.17567567567559
      ],
      [
        1158.4459459459458,
        102.7972972972972
      ],
      [
        1169.2567567567567,
        129.82432432432424
      ],
      [
        1150.337837837838,
        154.14864864864856
      ],
      [
        1093.5810810810813,
        191.98648648648637
      ],
      [
        834.1216216216217,
        194.68918918918908
      ],
      [
        766.5540540540541,
        194.68918918918908
      ],
      [
        631.418918918919,
        197.3918918918918
      ],
      [
        601.6891891891892,
        237.93243243243236
      ],
      [
        580.0675675675676,
        259.55405405405395
      ],
      [
        547.6351351351351,
        294.68918918918905
      ],
      [
        507.0945945945946,
        337.9324324324324
      ],
      [
        463.85135135135135,
        381.1756756756756
      ],
      [
        439.52702702702703,
        383.87837837837833
      ],
      [
        396.2837837837838,
        394.68918918918905
      ],
      [
        355.7432432432432,
        443.3378378378378
      ],
      [
        382.77027027027026,
        497.3918918918919
      ],
      [
        412.5,
        570.3648648648648
      ],
      [
        412.5,
        616.3108108108107
      ],
      [
        393.5810810810811,
        681.1756756756756
      ],
      [
        363.85135135135135,
        710.9054054054053
      ],
      [
        326.01351351351354,
        659.554054054054
      ],
      [
        363.85135135135135,
        619.0135135135134
      ]
    ]
  ]
}