{
  "pair_id": 6,
  "target_image_id": 6050,
  "pyramid_page_idx": 4,
  "page_width": 2303,
  "page_height": 2218,
  "polygon": [
    [
      44.35714285714295,
      326.1428571428572
    ],
    [
      81.50000000000006,
      360.4285714285715
    ],
    [
      87.21428571428584,
      389.00000000000006
    ],
    [
      30.07142857142867,
      409.00000000000006
    ],
    [
      78.64285714285722,
      437.57142857142867
    ],
    [
      90.07142857142861,
      500.42857142857144
    ],
    [
      124.35714285714295,
      474.7142857142858
    ],
    [
      161.50000000000006,
      471.85714285714295
    ],
    [
      210.0714285714286,
      494.7142857142858
    ],
    [
      258.64285714285717,
      454.7142857142858
    ],
    [
      304.35714285714295,
      411.85714285714295
    ],
    [
      347.2142857142857,
      363.28571428571433
    ],
    [
      418.64285714285717,
      300.4285714285715
    ],
    [
      450.0714285714286,
      271.85714285714295
    ],
    [
      552.9285714285716,
      291.85714285714295
    ],
    [
      598.6428571428571,
      334.7142857142858
    ],
    [
      661.5,
      354.7142857142858
    ],
    [
      710.0714285714284,
      369.00000000000006
    ],
    [
      790.0714285714284,
      391.85714285714295
    ],
    [
      912.9285714285713,
      389.00000000000006
    ],
    [
      987.2142857142856,
      391.85714285714295
    ],
    [
      1084.357142857143,
      389.00000000000006
    ],
    [
      1107.2142857142856,
      394.7142857142858
    ],
    [
      1147.2142857142856,
      411.85714285714295
    ],
    [
      1241.5,
      414.7142857142858
    ],
    [
      1261.5,
      406.1428571428572
    ],
    [
      1347.2142857142856,
      383.28571428571433
    ],
    [
      1424.3571428571427,
      340.4285714285715
    ],
    [
      1498.642857142857,
      349.00000000000006
    ],
    [
      1590.0714285714284,
      371.85714285714295
    ],
    [
      1790.0714285714284,
      426.1428571428572
    ],
    [
      1847.2142857142858,
      474.7142857142858
    ],
    [
      1964.3571428571427,
      537.5714285714287
    ],
    [
      1998.6428571428569,
      557.5714285714287
    ],
    [
      2027.2142857142853,
      597.5714285714287
    ],
    [
      2032.928571428571,
      651.8571428571429
    ],
    [
      2038.6428571428569,
      737.5714285714286
    ],
    [
      2055.785714285714,
      806.1428571428572
    ],
    [
      2121.5,
      869.0
    ],
    [
      2144.3571428571427,
      909.0
    ],
    [
      2212.928571428571,
      1057.5714285714284
    ],
    [
      2172.928571428571,
      1100.4285714285713
    ],
    [
      2095.785714285714,
      1117.5714285714284
    ],
    [
      2070.0714285714284,
      1120.4285714285713
    ],
    [
      2072.928571428571,
      1166.142857142857
    ],
    [
      2092.928571428571,
      1263.2857142857142
    ],
    [
      2144.3571428571427,
      1291.8571428571427
    ],
    [
      2187.2142857142853,
      1354.7142857142856
    ],
    [
      2210.0714285714284,
      1460.4285714285713
    ],
    [
      2195.785714285714,
      1531.8571428571427
    ],
    [
      2152.928571428571,
      1577.5714285714284
    ],
    [
      2172.928571428571,
      1614.7142857142856
    ],
    [
      2201.5,
      1617.5714285714284
    ],
    [
      2210.0714285714284,
      1643.2857142857142
    ],
    [
      2232.928571428571,
      1720.4285714285713
    ],
    [
      2175.785714285714,
      1806.1428571428569
    ],
    [
      2141.5,
      1877.5714285714284
    ],
    [
      2095.785714285714,
      1934.7142857142856
    ],
    [
      2050.0714285714284,
      1971.8571428571427
    ],
    [
      1955.7857142857142,
      1986.1428571428569
    ],
    [
      1938.6428571428569,
      1957.5714285714284
    ],
    [
      1844.3571428571427,
      1980.4285714285713
    ],
    [
      1830.0714285714284,
      2020.428571428571
    ],
    [
      1790.0714285714284,
      2026.1428571428569
    ],
    [
      1738.6428571428569,
      2029.0
    ],
    [
      1664.3571428571427,
      2049.0
    ],
    [
      1552.9285714285713,
      2091.8571428571427
    ],
    [
      1390.0714285714284,
      2151.8571428571427
    ],
    [
      1264.3571428571427,
      2163.285714285714
    ],
    [
      1044.357142857143,
      2140.428571428571
    ],
    [
      815.7857142857142,
      2086.142857142857
    ],
    [
      592.9285714285713,
      2040.428571428571
    ],
    [
      478.64285714285717,
      2008.9999999999998
    ],
    [
      381.50000000000006,
      1968.9999999999998
    ],
    [
      198.64285714285717,
      1968.9999999999998
    ],
    [
      130.0714285714286,
      2008.9999999999998
    ],
    [
      27.21428571428578,
      2003.285714285714
    ],
    [
      0.0,
      1978.792857142857
    ],
    [
      0.0,
      360.4285714285715
    ]
  ],