{
  "pair_id": 7,
  "target_image_id": 6051,
  "pyramid_page_idx": 4,
  "page_width": 3859,
  "page_height": 2700,
  "polygon": [
    [
      249.14285714285745,
      392.85714285714306
    ],
    [
      206.28571428571462,
      532.1428571428573
    ],
    [
      170.57142857142895,
      750.0000000000001
    ],
    [
      92.00000000000036,
      1207.1428571428573
    ],
    [
      163.4285714285718,
      1578.5714285714287
    ],
    [
      324.14285714285745,
      1889.2857142857142
    ],
    [
      727.714285714286,
      2139.285714285714
    ],
    [
      1356.2857142857147,
      2185.7142857142853
    ],
    [
      1992.0000000000002,
      2225.0
    ],
    [
      2327.714285714286,
      2232.142857142857
    ],
    [
      2559.8571428571427,
      2178.5714285714284
    ],
    [
      2599.142857142857,
      2160.7142857142853
    ],
    [
      2606.285714285714,
      2250.0
    ],
    [
      2642.0,
      2278.5714285714284
    ],
    [
      2702.714285714286,
      2275.0
    ],
    [
      2849.142857142857,
      2399.9999999999995
    ],
    [
      2949.142857142857,
      2567.8571428571427
    ],
    [
      3084.8571428571427,
      2635.7142857142853
    ],
    [
      3152.714285714286,
      2632.142857142857
    ],
    [
      3392.0,
      2428.5714285714284
    ],
    [
      3409.8571428571427,
      2317.8571428571427
    ],
    [
      3413.428571428571,
      2250.0
    ],
    [
      3399.142857142857,
      2185.7142857142853
    ],
    [
      3452.714285714286,
      2064.285714285714
    ],
    [
      3406.285714285714,
      1803.5714285714287
    ],
    [
      3324.142857142857,
      1764.2857142857144
    ],
    [
      3281.285714285714,
      1753.5714285714287
    ],
    [
      3377.714285714286,
      1725.0
    ],
    [
      3417.0,
      1696.4285714285716
    ],
    [
      3449.142857142857,
      1450.0
    ],
    [
      3495.5714285714284,
      1346.4285714285716
    ],
    [
      3559.8571428571427,
      1042.857142857143
    ],
    [
      3659.8571428571427,
      571.4285714285716
    ],
    [
      3759.8571428571427,
      132.14285714285734
    ],
    [
      3746.642857142857,
      0.0
    ],
    [
      3063.428571428571,
      0.0
    ],
    [
      3013.4285714285716,
      92.85714285714305
    ],
    [
      2902.714285714286,
      196.42857142857162
    ],
    [
      2774.142857142857,
      246.42857142857162
    ],
    [
      2474.142857142857,
      275.00000000000017
    ],
    [
      2163.4285714285716,
      360.7142857142859
    ],
    [
      1974.1428571428573,
      392.85714285714306
    ],
    [
      1752.714285714286,
      500.0000000000002
    ],
    [
      1574.1428571428573,
      578.5714285714288
    ],
    [
      1409.8571428571431,
      660.7142857142859
    ],
    [
      1267.0000000000002,
      700.0000000000001
    ],
    [
      1099.1428571428576,
      664.2857142857144
    ],
    [
      995.5714285714289,
      667.857142857143
    ],
    [
      988.4285714285718,
      610.7142857142859
    ],
    [
      913.4285714285718,
      489.28571428571445
    ],
    [
      845.5714285714289,
      453.5714285714288
    ],
    [
      788.4285714285718,
      460.7142857142859
    ],
    [
      731.2857142857147,
      467.857142857143
    ],
    [
      652.7142857142861,
      464.28571428571445
    ],
    [
      592.0000000000003,
      496.42857142857156
    ],
    [
      517.0000000000003,
      510.7142857142859
    ],
    [
      517.0000000000003,
      467.857142857143
    ],
    [
      477.71428571428606,
      425.00000000000017
    ],
    [
      370.5714285714289,
      414.28571428571445
    ],
    [
      313.4285714285718,
      382.14285714285734
    ]
  ],
  "polygons": [
    [
      [
        249.14285714285745,
        392.85714285714306
      ],
      [
        206.28571428571462,
        532.1428571428573
      ],
      [
        170.57142857142895,
        750.0000000000001
      ],
      [
        92.00000000000036,
        1207.1428571428573
      ],
      [
        163.4285714285718,
        1578.5714285714287
      ],
      [
        324.14285714285745,
        1889.2857142857142
      ],
      [
        727.714285714286,
        2139.285714285714
      ],
      [
        1356.2857142857147,
        2185.7142857142853
      ],
      [
        1992.0000000000002,
        2225.0
      ],
      [
        2327.714285714286,
        2232.142857142857
      ],
      [
        2559.8571428571427,
        2178.5714285714284
      ],
      [
        2599.142857142857,
        2160.7142857142853
      ],
      [
        2606.285714285714,
        2250.0
      ],
      [
        2642.0,
        2278.5714285714284
      ],
      [
        2702.714285714286,
        2275.0
      ],
      [
        2849.142857142857,
        2399.9999999999995
      ],
      [
        2949.142857142857,
        2567.8571428571427
      ],
      [
        3084.8571428571427,
        2635.7142857142853
      ],
      [
        3152.714285714286,
        2632.142857142857
      ],
      [
        3392.0,
        2428.5714285714284
      ],
      [
        3409.8571428571427,
        2317.8571428571427
      ],
      [
        3413.428571428571,
        2250.0
      ],
      [
        3399.142857142857,
        2185.7142857142853
      ],
      [
        3452.714285714286,
        2064.285714285714
      ],
      [
        3406.285714285714,
        1803.5714285714287
      ],
      [
        3324.142857142857,
        1764.2857142857144
      ],
      [
        3281.285714285714,
        1753.5714285714287
      ],
      [
        3377.714285714286,
        1725.0
      ],
      [
        3417.0,
        1696.4285714285716
      ],
      [
        3449.142857142857,
        1450.0
      ],
      [
        3495.5714285714284,
        1346.4285714285716
      ],
      [
        3559.8571428571427,
        1042.857142857143
      ],
      [
        3659.8571428571427,
        571.4285714285716
      ],
      [
        3759.8571428571427,
        132.14285714285734
      ],
      [
        3746.642857142857,
        0.0
      ],
      [
        3063.428571428571,
        0.0
      ],
      [
        3013.4285714285716,
        92.85714285714305
      ],
      [
        2902.714285714286,
        196.42857142857162
      ],
      [
        2774.142857142857,
        246.42857142857162
      ],
      [
        2474.142857142857,
        275.00000000000017
      ],
      [
        2163.4285714285716,
        360.7142857142859
      ],
      [
        1974.1428571428573,
        392.85714285714306
      ],
      [
        1752.714285714286,
        500.0000000000002
      ],
      [
        1574.1428571428573,
        578.5714285714288
      ],
      [
        1409.8571428571431,
        660.7142857142859
      ],
      [
        1267.0000000000002,
        700.0000000000001
      ],
      [
        1099.1428571428576,
        664.2857142857144
      ],
      [
        995.5714285714289,
        667.857142857143
      ],
      [
        988.4285714285718,
        610.7142857142859
      ],
      [
        913.4285714285718,
        489.28571428571445
      ],
      [
        845.5714285714289,
        453.5714285714288
      ],
      [
        788.4285714285718,
        460.7142857142859
      ],
      [
        731.2857142857147,
        467.857142857143
      ],
      [
        652.7142857142861,
        464.28571428571445
      ],
      [
        592.0000000000003,
        496.42857142857156
      ],
      [
        517.0000000000003,
        510.7142857142859
      ],
      [
        517.0000000000003,
        467.857142857143
      ],
      [
        477.71428571428606,
        425.00000000000017
      ],
      [
        370.5714285714289,
        414.28571428571445
      ],
      [
        313.4285714285718,
        382.14285714285734
      ]
    ]
  ]
}