{
  "pair_id": 8,
  "target_image_id": 6052,
  "pyramid_page_idx": 4,
  "page_width": 3423,
  "page_height": 2775,
  "polygon": [
    [
      591.8571428571429,
      37.50000000000019
    ],
    [
      541.8571428571429,
      169.6428571428573
    ],
    [
      509.7142857142857,
      312.50000000000017
    ],
    [
      488.2857142857144,
      412.50000000000017
    ],
    [
      420.4285714285715,
      455.35714285714306
    ],
    [
      402.5714285714286,
      558.9285714285716
    ],
    [
      377.5714285714286,
      655.357142857143
    ],
    [
      327.5714285714286,
      726.7857142857144
    ],
    [
      284.71428571428584,
      851.7857142857144
    ],
    [
      213.2857142857144,
      862.5000000000001
    ],
    [
      184.71428571428584,
      1005.3571428571429
    ],
    [
      138.2857142857144,
      1162.5
    ],
    [
      106.14285714285722,
      1255.357142857143
    ],
    [
      81.14285714285722,
      1376.7857142857144
    ],
    [
      63.28571428571439,
      1512.5
    ],
    [
      70.42857142857156,
      1591.0714285714287
    ],
    [
      102.57142857142867,
      1680.357142857143
    ],
    [
      199.0000000000001,
      1694.642857142857
    ],
    [
      191.85714285714295,
      1755.357142857143
    ],
    [
      234.71428571428578,
      1898.2142857142858
    ],
    [
      259.71428571428584,
      2076.785714285714
    ],
    [
      266.85714285714295,
      2187.5
    ],
    [
      270.4285714285715,
      2348.2142857142853
    ],
    [
      270.4285714285715,
      2562.4999999999995
    ],
    [
      366.85714285714295,
      2601.785714285714
    ],
    [
      531.1428571428571,
      2623.2142857142853
    ],
    [
      649.0,
      2666.0714285714284
    ],
    [
      791.8571428571429,
      2705.3571428571427
    ],
    [
      863.2857142857144,
      2730.3571428571427
    ],
    [
      913.2857142857144,
      2766.0714285714284
    ],
    [
      3059.714285714286,
      2769.642857142857
    ],
    [
      3091.8571428571427,
      2698.2142857142853
    ],
    [
      3131.142857142857,
      2583.928571428571
    ],
    [
      3138.285714285714,
      2366.0714285714284
    ],
    [
      3159.714285714286,
      2158.928571428571
    ],
    [
      3249.0,
      2062.5
    ],
    [
      3234.714285714286,
      1905.357142857143
    ],
    [
      3184.714285714286,
      1666.0714285714287
    ],
    [
      3238.285714285714,
      1376.7857142857144
    ],
    [
      3295.428571428571,
      1173.2142857142858
    ],
    [
      3327.5714285714284,
      912.5000000000001
    ],
    [
      3288.285714285714,
      712.5000000000001
    ],
    [
      3256.142857142857,
      587.5000000000001
    ],
    [
      3170.428571428571,
      451.78571428571445
    ],
    [
      3038.285714285714,
      355.35714285714306
    ],
    [
      2927.5714285714284,
      287.50000000000017
    ],
    [
      2831.142857142857,
      230.35714285714303
    ],
    [
      2677.5714285714284,
      183.92857142857162
    ],
    [
      2509.714285714286,
      144.64285714285734
    ],
    [
      2431.142857142857,
      141.07142857142875
    ],
    [
      2249.0,
      205.35714285714303
    ],
    [
      2166.8571428571427,
      233.9285714285716
    ],
    [
      2102.5714285714284,
      262.50000000000017
    ],
    [
      1949.0,
      351.78571428571445
    ],
    [
      1806.1428571428573,
      419.64285714285734
    ],
    [
      1620.4285714285713,
      416.0714285714288
    ],
    [
      1381.142857142857,
      312.50000000000017
    ],
    [
      1224.0,
      169.6428571428573
    ],
    [
      1070.4285714285716,
      76.78571428571448
    ],
    [
      941.2889610389609,
      0.0
    ],
    [
      609.7142857142858,
      0.0
    ]
  ],
  "polygons": [
    [
      [
        591.8571428571429,
        37.50000000000019
      ],
      [
        541.8571428571429,
        169.6428571428573
      ],
      [
        509.7142857142857,
        312.50000000000017
      ],
      [
        488.2857142857144,
        412.50000000000017
      ],
      [
        420.4285714285715,
        455.35714285714306
      ],
      [
        402.5714285714286,
        558.9285714285716
      ],
      [
        377.5714285714286,
        655.357142857143
      ],
      [
        327.5714285714286,
        726.7857142857144
      ],
      [
        284.71428571428584,
        851.7857142857144
      ],
      [
        213.2857142857144,
        862.5000000000001
      ],
      [
        184.71428571428584,
        1005.3571428571429
      ],
      [
        138.2857142857144,
        1162.5
      ],
      [
        106.14285714285722,
        1255.357142857143
      ],
      [
        81.14285714285722,
        1376.7857142857144
      ],
      [
        63.28571428571439,
        1512.5
      ],
      [
        70.42857142857156,
        1591.0714285714287
      ],
      [
        102.57142857142867,
        1680.357142857143
      ],
      [
        199.0000000000001,
        1694.642857142857
      ],
      [
        191.85714285714295,
        1755.357142857143
      ],
      [
        234.71428571428578,
        1898.2142857142858
      ],
      [
        259.71428571428584,
        2076.785714285714
      ],
      [
        266.85714285714295,
        2187.5
      ],
      [
        270.4285714285715,
        2348.2142857142853
      ],
      [
        270.4285714285715,
        2562.4999999999995
      ],
      [
        366.85714285714295,
        2601.785714285714
      ],
      [
        531.1428571428571,
        2623.2142857142853
      ],
      [
        649.0,
        2666.0714285714284
      ],
      [
        791.8571428571429,
        2705.3571428571427
      ],
      [
        863.2857142857144,
        2730.3571428571427
      ],
      [
        913.2857142857144,
        2766.0714285714284
      ],
      [
        3059.714285714286,
        2769.642857142857
      ],
      [
        3091.8571428571427,
        2698.2142857142853
      ],
      [
        3131.142857142857,
        2583.928571428571
      ],
      [
        3138.285714285714,
        2366.0714285714284
      ],
      [
        3159.714285714286,
        2158.928571428571
      ],
      [
        3249.0,
        2062.5
      ],
      [
        3234.714285714286,
        1905.357142857143
      ],
      [
        3184.714285714286,
        1666.0714285714287
      ],
      [
        3238.285714285714,
        1376.7857142857144
      ],
      [
        3295.428571428571,
        1173.2142857142858
      ],
      [
        3327.5714285714284,
        912.5000000000001
      ],
      [
        3288.285714285714,
        712.5000000000001
      ],
      [
        3256.142857142857,
        587.5000000000001
      ],
      [
        3170.428571428571,
        451.78571428571445
      ],
      [
        3038.285714285714,
        355.35714285714306
      ],
      [
        2927.5714285714284,
        287.50000000000017
      ],
      [
        2831.142857142857,
        230.35714285714303
      ],
      [
        2677.5714285714284,
        183.92857142857162
      ],
      [
        2509.714285714286,
        144.64285714285734
      ],
      [
        2431.142857142857,
        141.07142857142875
      ],
      [
        2249.0,
        205.35714285714303
      ],
      [
        2166.8571428571427,
        233.9285714285716
      ],
      [
        2102.5714285714284,
        262.50000000000017
      ],
      [
        1949.0,
        351.78571428571445
      ],
      [
        1806.1428571428573,
        419.64285714285734
      ],
      [
        1620.4285714285713,
        416.0714285714288
      ],
      [
        1381.142857142857,
        312.50000000000017
      ],
      [
        1224.0,
        169.6428571428573
      ],
      [
        1070.4285714285716,
        76.78571428571448
      ],
      [
        941.2889610389609,
        0.0
      ],
      [
