{
  "pair_id": 9,
  "target_image_id": 6055,
  "pyramid_page_idx": 4,
  "page_width": 3174,
  "page_height": 2062,
  "polygon": [
    [
      144.3529411764707,
      7.470588235294201
    ],
    [
      153.1764705882354,
      57.47058823529417
    ],
    [
      203.1764705882354,
      142.76470588235298
    ],
    [
      197.29411764705893,
      198.64705882352945
    ],
    [
      220.8235294117648,
      269.23529411764713
    ],
    [
      273.76470588235304,
      275.1176470588236
    ],
    [
      306.11764705882365,
      333.9411764705883
    ],
    [
      344.35294117647067,
      439.8235294117647
    ],
    [
      373.76470588235304,
      501.58823529411774
    ],
    [
      391.41176470588243,
      560.4117647058824
    ],
    [
      373.76470588235304,
      610.4117647058824
    ],
    [
      235.52941176470597,
      675.1176470588236
    ],
    [
      167.88235294117658,
      692.7647058823529
    ],
    [
      117.88235294117658,
      778.0588235294117
    ],
    [
      82.58823529411775,
      869.2352941176471
    ],
    [
      100.23529411764716,
      992.7647058823529
    ],
    [
      120.82352941176481,
      1069.235294117647
    ],
    [
      123.76470588235304,
      1160.4117647058822
    ],
    [
      132.58823529411777,
      1319.235294117647
    ],
    [
      150.23529411764716,
      1428.0588235294117
    ],
    [
      220.8235294117648,
      1557.470588235294
    ],
    [
      253.17647058823542,
      1631.0
    ],
    [
      247.2941176470589,
      1745.705882352941
    ],
    [
      267.8823529411766,
      1848.6470588235293
    ],
    [
      356.1176470588236,
      1883.941176470588
    ],
    [
      444.35294117647067,
      1878.0588235294117
    ],
    [
      494.3529411764707,
      1836.8823529411764
    ],
    [
      600.2352941176472,
      1786.8823529411764
    ],
    [
      717.8823529411766,
      1751.5882352941176
    ],
    [
      832.5882352941177,
      1754.5294117647059
    ],
    [
      991.4117647058824,
      1816.2941176470588
    ],
    [
      1014.9411764705883,
      1860.4117647058822
    ],
    [
      1141.4117647058824,
      1910.4117647058824
    ],
    [
      1382.5882352941176,
      1954.5294117647059
    ],
    [
      1567.8823529411766,
      1989.8235294117644
    ],
    [
      1753.1764705882354,
      1986.8823529411761
    ],
    [
      1962.0,
      1981.0
    ],
    [
      2050.235294117647,
      1975.1176470588234
    ],
    [
      2120.823529411765,
      1857.470588235294
    ],
    [
      2203.176470588235,
      1792.764705882353
    ],
    [
      2253.176470588235,
      1733.941176470588
    ],
    [
      2306.1176470588234,
      1669.2352941176468
    ],
    [
      2385.5294117647054,
      1613.3529411764705
    ],
    [
      2482.588235294118,
      1586.8823529411764
    ],
    [
      2617.8823529411766,
      1569.235294117647
    ],
    [
      2653.176470588235,
      1572.1764705882351
    ],
    [
      2706.1176470588234,
      1592.764705882353
    ],
    [
      2776.7058823529414,
      1569.235294117647
    ],
    [
      2844.3529411764703,
      1489.8235294117646
    ],
    [
      2941.411764705882,
      1475.1176470588234
    ],
    [
      2991.411764705882,
      1433.941176470588
    ],
    [
      2997.2941176470586,
      1295.705882352941
    ],
    [
      3038.4705882352937,
      1139.8235294117646
    ],
    [
      3070.823529411765,
      1007.4705882352941
    ],
    [
      2979.6470588235297,
      892.7647058823529
    ],
    [
      2950.235294117647,
      798.6470588235295
    ],
    [
      2953.176470588235,
      772.1764705882354
    ],
    [
      2909.0588235294117,
      836.8823529411766
    ],
    [
      2829.6470588235297,
      786.8823529411766
    ],
    [
      2820.823529411765,
      739.8235294117646
    ],
    [
      2847.2941176470586,
      663.3529411764707
    ],
    [
      2876.7058823529414,
      604.5294117647059
    ],
    [
      2723.764705882353,
      539.8235294117646
    ],
    [
      2644.3529411764703,
      460.4117647058824
    ],
    [
      2614.9411764705883,
      478.05882352941177
    ],
    [
      2570.823529411765,
      539.8235294117646
    ],
    [
      2500.235294117647,
      472.1764705882353
    ],
    [
      2467.8823529411766,
      451.58823529411774
    ],
    [
      2438.4705882352937,
      416.29411764705884
    ],
    [
      2444.3529411764703,
      369.23529411764713
    ],
    [
      2429.6470588235297,
      310.4117647058824
    ],
    [
      2406.1176470588234,
      222.17647058823536
    ],
    [
      2382.588235294118,
      189.82352941176475
    ],
    [
      2350.235294117647,
      204.52941176470597
    ],
    [
      2282.588235294118,
      169.23529411764713
    ],
    [
      2259.0588235294117,
      131.00000000000006
    ],
    [
      2217.8823529411766,
      113.35294117647067
    ],
    [
      2141.411764705882,
      169.23529411764713
    ],
    [
      2091.411764705882,
      225.1176470588236
    ],
    [
      2020.8235294117646,
      272.17647058823536
    ],
    [
      1950.235294117647,
      207.4705882352942
    ],
    [
      1788.4705882352941,
      128.05882352941182
    ],
    [
      1694.3529411764705,
      60.41176470588243
    ],
    [
      1635.5294117647059,
      72.17647058823536
    ],
    [
      1567.8823529411766,
      116.2941176470589
    ],
    [
      1497.2941176470588,
      157.4705882352942
    ],
    [
      1453.1764705882354,
      239.82352941176475
    ],
    [
      1344.3529411764707,
      278.0588235294118
    ],
    [
      1241.4117647058824,
      231.00000000000006
    ],
    [
      1176.7058823529412,
      181.00000000000006
    ],
    [
      1088.4705882352941,
      36.88235294117655
    ],
    [
      1022.0823529411763,
      0.0
    ],
    [
      932.5882352941177,
      0.0
    ],
    [
      956.1176470588235,
      60.41176470588243
    ],
    [
      991.4117647058824,
      175.1176470588236
    ],
    [
      1009.0588235294117,
      260.41176470588243
    ],
    [
      1020.8235294117646,
      304.5294117647059
    ],
    [
      1020.8235294117646,
      463.35294117647067
    ],
    [
      982.5882352941178,
      498.64705882352945
    ],
    [
      900.2352941176471,
      507.4705882352942
    ],
    [
      870.8235294117648,
      466.29411764705884
    ],
    [
      797.2941176470589,
      460.4117647058824
    ],
    [
      797.2941176470589,
      528.0588235294117
    ],
    [
      750.2352941176471,
      583.9411764705883
    ],
    [
      606.1176470588236,
      666.2941176470588
    ],
    [
      576.7058823529412,
      628.0588235294117
    ],
    [
      506.11764705882365,
      510.4117647058824
    ],
    [
      462.00000000000006,
      454.5294117647059
    ],
    [
      453.17647058823536,
      348.64705882352945
    ],
    [
      453.17647058823536,
      257.47058823529414
    ],
    [
      462.00000000000006,
      119.23529411764713
    ],
    [
      456.1176470588236,
      75.1176470588236
    ],
    [
      329.6470588235295,
      16.294117647058897
    ],
    [
      304.30065359477123,
      0.0
    ],
    [
      150.23529411764716,
      0.0
    ]
  ],