anon_id,anon_filename_he,anon_filename_ihc,point_id,ihc_x,ihc_y,mpp_ihc_10X,mpp_he_10X,ihc_antibody,he_x,he_y
56,56_HE_val.ndpi,56_KI67_val.ndpi,56_0,18138.090038297963,16024.374525466843,0.9109542245502164,0.9109542245502164,KI67,16328.998516390706,13632.982738650182
56,56_HE_val.ndpi,56_KI67_val.ndpi,56_1,18419.654934653616,15768.124272235533,0.9109542245502164,0.9109542245502164,KI67,16493.737089653874,13359.703947691522
56,56_HE_val.ndpi,56_KI67_val.ndpi,56_2,34417.07662578497,7128.9743678241675,0.9109542245502164,0.9109542245502164,KI67,31930.200874355458,4515.547204765068
56,56_HE_val.ndpi,56_KI67_val.ndpi,56_3,33395.82409287772,8808.367421938305,0.9109542245502164,0.9109542245502164,KI67,30761.615035751616,6306.917277027328
56,56_HE_val.ndpi,56_KI67_val.ndpi,56_4,38160.47678659845,9286.92436174258,0.9109542245502164,0.9109542245502164,KI67,36586.82620444855,6993.289068439348
56,56_HE_val.ndpi,56_KI67_val.ndpi,56_5,39677.37721547669,10475.87748753503,0.9109542245502164,0.9109542245502164,KI67,37712.74716139979,8187.571329260481
56,56_HE_val.ndpi,56_KI67_val.ndpi,56_6,38372.12822202949,10362.089782479621,0.9109542245502164,0.9109542245502164,KI67,35848.256095883706,7909.296949861117
56,56_HE_val.ndpi,56_KI67_val.ndpi,56_7,38373.61667308053,10986.325723568818,0.9109542245502164,0.9109542245502164,KI67,35877.70604711232,8349.309880952354
56,56_HE_val.ndpi,56_KI67_val.ndpi,56_8,38896.7634395518,10727.670871805827,0.9109542245502164,0.9109542245502164,KI67,36578.032540026754,8240.407321298077
56,56_HE_val.ndpi,56_KI67_val.ndpi,56_9,38190.19065169832,12104.016280984497,0.9109542245502164,0.9109542245502164,KI67,36007.24620564548,9578.225014847918
56,56_HE_val.ndpi,56_KI67_val.ndpi,56_10,38119.853705414665,11678.996690456006,0.9109542245502164,0.9109542245502164,KI67,35736.32380632775,9083.49668088836
56,56_HE_val.ndpi,56_KI67_val.ndpi,56_11,36952.51407964421,11075.95512492113,0.9109542245502164,0.9109542245502164,KI67,33686.189626862324,8808.651934944708
56,56_HE_val.ndpi,56_KI67_val.ndpi,56_12,40636.73435091738,6261.909012265401,0.9109542245502164,0.9109542245502164,KI67,40733.09186399835,4493.543603812204
56,56_HE_val.ndpi,56_KI67_val.ndpi,56_13,39966.79268933024,7318.564966313432,0.9109542245502164,0.9109542245502164,KI67,39136.5168105943,4945.265444514634
56,56_HE_val.ndpi,56_KI67_val.ndpi,56_14,40375.64803167078,6779.043623359895,0.9109542245502164,0.9109542245502164,KI67,40062.49266175509,4733.169888668114
56,56_HE_val.ndpi,56_KI67_val.ndpi,56_15,41620.67385419861,11864.972448547429,0.9109542245502164,0.9109542245502164,KI67,41545.55832749634,9955.529137124919
56,56_HE_val.ndpi,56_KI67_val.ndpi,56_16,41732.54484431499,11931.817162898078,0.9109542245502164,0.9109542245502164,KI67,41690.3689084182,10003.889327146873
56,56_HE_val.ndpi,56_KI67_val.ndpi,56_17,40273.04382779,12697.181265286586,0.9109542245502164,0.9109542245502164,KI67,39945.14613886869,10428.07829297233
56,56_HE_val.ndpi,56_KI67_val.ndpi,56_18,41058.9213238547,12529.24485453594,0.9109542245502164,0.9109542245502164,KI67,41210.92899391725,10385.205439166355
56,56_HE_val.ndpi,56_KI67_val.ndpi,56_19,29787.882731009686,20704.538724129863,0.9109542245502164,0.9109542245502164,KI67,28998.52633560978,19224.329835604818
56,56_HE_val.ndpi,56_KI67_val.ndpi,56_20,30171.64043434752,20100.665377125293,0.9109542245502164,0.9109542245502164,KI67,28928.306307986208,18442.354226794767
56,56_HE_val.ndpi,56_KI67_val.ndpi,56_21,29989.87429423132,20721.962357021555,0.9109542245502164,0.9109542245502164,KI67,29201.45684368623,19221.500503491196
56,56_HE_val.ndpi,56_KI67_val.ndpi,56_22,20775.984653756903,4503.733980960555,0.9109542245502164,0.9109542245502164,KI67,12683.59829582265,464.5596748015882
56,56_HE_val.ndpi,56_KI67_val.ndpi,56_23,18123.171676238304,16367.298778392234,0.9109542245502164,0.9109542245502164,KI67,16522.16532909949,14041.923252821367
88,88_HE_val.ndpi,88_PGR_val.ndpi,88_1,37116.90450990666,8629.822422224872,0.907338096858342,0.907338096858342,PGR,5634.287035659013,11363.605999390898
88,88_HE_val.ndpi,88_PGR_val.ndpi,88_2,36085.89678310717,8788.438995578641,0.907338096858342,0.907338096858342,PGR,6541.630802186244,11279.20475205815
88,88_HE_val.ndpi,88_PGR_val.ndpi,88_3,35755.445588620154,8497.641944430065,0.907338096858342,0.907338096858342,PGR,6821.316652351554,11546.051625265798
88,88_HE_val.ndpi,88_PGR_val.ndpi,88_4,34681.406665891125,5728.342376727335,0.907338096858342,0.907338096858342,PGR,6819.212807973324,14448.886199711003
88,88_HE_val.ndpi,88_PGR_val.ndpi,88_5,26884.450386113287,3631.6850635078813,0.907338096858342,0.907338096858342,PGR,12480.146289152877,18520.382398569312
88,88_HE_val.ndpi,88_PGR_val.ndpi,88_6,36317.69523660859,15714.461155304542,0.907338096858342,0.907338096858342,PGR,6520.402655667948,6472.847506135886
88,88_HE_val.ndpi,88_PGR_val.ndpi,88_7,37939.39108257752,17975.699025035858,0.907338096858342,0.907338096858342,PGR,5930.46500337016,5393.405091618865
88,88_HE_val.ndpi,88_PGR_val.ndpi,88_8,17295.88818698993,10481.180138003141,0.907338096858342,0.907338096858342,PGR,21160.253264626852,12438.687079470412
88,88_HE_val.ndpi,88_PGR_val.ndpi,88_9,20157.381927595387,9330.004495230827,0.907338096858342,0.907338096858342,PGR,18400.477203558807,13021.669273103178
88,88_HE_val.ndpi,88_PGR_val.ndpi,88_10,22804.47681833001,7751.706143731493,0.907338096858342,0.907338096858342,PGR,16283.94147532526,14245.145829007544
88,88_HE_val.ndpi,88_PGR_val.ndpi,88_11,24174.924012106578,6609.666815584362,0.907338096858342,0.907338096858342,PGR,15249.454707261697,15579.580771048617
88,88_HE_val.ndpi,88_PGR_val.ndpi,88_12,22937.714739947183,12833.781153986232,0.907338096858342,0.907338096858342,PGR,16248.295934406495,9043.35302800261
88,88_HE_val.ndpi,88_PGR_val.ndpi,88_13,21719.53945659024,13404.800818059799,0.907338096858342,0.907338096858342,PGR,17482.05855977591,8714.603473545108
88,88_HE_val.ndpi,88_PGR_val.ndpi,88_14,29326.359582520054,14902.928713685751,0.907338096858342,0.907338096858342,PGR,11823.047637468715,6866.297583770923
88,88_HE_val.ndpi,88_PGR_val.ndpi,88_15,29907.953684817203,16237.951539413298,0.907338096858342,0.907338096858342,PGR,11411.68704720019,5950.201854909861
88,88_HE_val.ndpi,88_PGR_val.ndpi,88_16,27766.62994454133,15801.755962690437,0.907338096858342,0.907338096858342,PGR,13192.185978420817,6224.339008506839
88,88_HE_val.ndpi,88_PGR_val.ndpi,88_17,28599.366954648613,16991.3802628437,0.907338096858342,0.907338096858342,PGR,12663.567512837279,5236.912888759901
88,88_HE_val.ndpi,88_PGR_val.ndpi,88_18,25678.17839538338,15259.816003731728,0.907338096858342,0.907338096858342,PGR,14951.728601209565,6716.011887445266
88,88_HE_val.ndpi,88_PGR_val.ndpi,88_19,25294.855009778443,14902.928713685747,0.907338096858342,0.907338096858342,PGR,15163.80056471232,7046.276909286479
88,88_HE_val.ndpi,88_PGR_val.ndpi,88_20,27066.834771780952,13471.666200177011,0.907338096858342,0.907338096858342,PGR,13282.18386053875,8088.712096519909
88,88_HE_val.ndpi,88_PGR_val.ndpi,88_21,26373.15867393928,9959.796571367828,0.907338096858342,0.907338096858342,PGR,13225.55326958771,11547.057204330335
88,88_HE_val.ndpi,88_PGR_val.ndpi,88_22,41310.00482773092,5217.316700619909,0.907338096858342,0.907338096858342,PGR,2090.6152522706598,13612.351338282135
88,88_HE_val.ndpi,88_PGR_val.ndpi,88_23,40363.43300319915,14454.511466449962,0.907338096858342,0.907338096858342,PGR,3674.097935393581,6966.98868224173
88,88_HE_val.ndpi,88_PGR_val.ndpi,88_24,39516.420501490036,19327.212599877723,0.907338096858342,0.907338096858342,PGR,5092.936371498774,2452.9199641428345
88,88_HE_val.ndpi,88_PGR_val.ndpi,88_25,40927.47353804516,7970.098437549806,0.907338096858342,0.907338096858342,PGR,3086.4936964457424,11049.844958986474
79,79_HE_val.ndpi,79_PGR_val.ndpi,79_1,28017.09738361158,7996.981779829496,0.9097732390201744,0.9097732390201744,PGR,14602.772125615615,8319.532220743791
79,79_HE_val.ndpi,79_PGR_val.ndpi,79_2,28209.100903255585,8679.372667212976,0.9097732390201744,0.9097732390201744,PGR,14427.901432005392,7220.032921727701
79,79_HE_val.ndpi,79_PGR_val.ndpi,79_3,27324.957943446327,6374.981277970509,0.9097732390201744,0.9097732390201744,PGR,15490.29099617258,11261.074258315031
79,79_HE_val.ndpi,79_PGR_val.ndpi,79_4,26447.86510857518,4991.102936925456,0.9097732390201744,0.9097732390201744,PGR,17100.34106339396,13720.287590284797
79,79_HE_val.ndpi,79_PGR_val.ndpi,79_5,27602.913868758267,4032.1927155774156,0.9097732390201744,0.9097732390201744,PGR,14945.82995837414,14820.761883104016
79,79_HE_val.ndpi,79_PGR_val.ndpi,79_6,27610.243732852792,3746.381830691501,0.9097732390201744,0.9097732390201744,PGR,14864.864472350604,15156.254070585766
79,79_HE_val.ndpi,79_PGR_val.ndpi,79_7,25892.70060407146,3532.724436501604,0.9097732390201744,0.9097732390201744,PGR,17851.858763994474,15861.943324211557
79,79_HE_val.ndpi,79_PGR_val.ndpi,79_8,24298.786603102904,3554.5480090499354,0.9097732390201744,0.9097732390201744,PGR,20564.681071029398,15810.721081848149
79,79_HE_val.ndpi,79_PGR_val.ndpi,79_9,26936.997230974244,2254.3876677575995,0.9097732390201744,0.9097732390201744,PGR,15969.691355139359,17085.231505742926
79,79_HE_val.ndpi,79_PGR_val.ndpi,79_10,29500.03289846397,4335.452248252516,0.9097732390201744,0.9097732390201744,PGR,12138.067866273366,13785.686838698304
79,79_HE_val.ndpi,79_PGR_val.ndpi,79_11,36117.18877767703,10340.202621712115,0.9097732390201744,0.9097732390201744,PGR,1100.24602544384,6179.0207393526025
79,79_HE_val.ndpi,79_PGR_val.ndpi,79_12,35989.31009614683,12162.288223612451,0.9097732390201744,0.9097732390201744,PGR,1515.228001337244,4669.242232449763
79,79_HE_val.ndpi,79_PGR_val.ndpi,79_13,18652.801566101247,10662.971059684598,0.9097732390201744,0.9097732390201744,PGR,30114.03020633137,9604.118203150963
79,79_HE_val.ndpi,79_PGR_val.ndpi,79_14,20635.409200857062,11230.12395874812,0.9097732390201744,0.9097732390201744,PGR,27141.516144890407,8015.248776045779
79,79_HE_val.ndpi,79_PGR_val.ndpi,79_15,20826.758454253373,11640.879247321096,0.9097732390201744,0.9097732390201744,PGR,26672.22262548393,7367.950019163296
79,79_HE_val.ndpi,79_PGR_val.ndpi,79_16,25115.94999512477,11636.338315071574,0.9097732390201744,0.9097732390201744,PGR,20312.617068984397,4883.6821320822655
79,79_HE_val.ndpi,79_PGR_val.ndpi,79_17,41368.93503064194,14829.976399547126,0.9097732390201744,0.9097732390201744,PGR,-5712.535164892883,1471.1823651740362
79,79_HE_val.ndpi,79_PGR_val.ndpi,79_18,32999.61671237083,5753.293235595021,0.9097732390201744,0.9097732390201744,PGR,6600.668095984095,10855.540154291662
79,79_HE_val.ndpi,79_PGR_val.ndpi,79_19,32835.80138512428,5219.544208121904,0.9097732390201744,0.9097732390201744,PGR,7101.384849488257,11223.610678451301
79,79_HE_val.ndpi,79_PGR_val.ndpi,79_20,32501.09254682592,4604.614016829572,0.9097732390201744,0.9097732390201744,PGR,7766.6772085243465,11765.190079769736
79,79_HE_val.ndpi,79_PGR_val.ndpi,79_21,35495.05111279661,453.77849262220633,0.9097732390201744,0.9097732390201744,PGR,7412.113879173021,18039.53998622167
79,79_HE_val.ndpi,79_PGR_val.ndpi,79_22,25703.709246453505,10386.58667027394,0.9097732390201744,0.9097732390201744,PGR,19197.543887408065,6154.9239137099285
79,79_HE_val.ndpi,79_PGR_val.ndpi,79_23,31472.10203690249,12106.358641228815,0.9097732390201744,0.9097732390201744,PGR,9621.09640002677,3223.363581231145
79,79_HE_val.ndpi,79_PGR_val.ndpi,79_24,22103.035562623558,8312.75169858038,0.9097732390201744,0.9097732390201744,PGR,25443.425301307525,10273.089941786457
79,79_HE_val.ndpi,79_PGR_val.ndpi,79_25,23662.663062648993,9301.6445504412,0.9097732390201744,0.9097732390201744,PGR,22932.557662440184,8183.269237825595
79,79_HE_val.ndpi,79_PGR_val.ndpi,79_26,19833.47215755361,13497.723656447011,0.9097732390201744,0.9097732390201744,PGR,27465.107893756707,5397.66642486644
79,79_HE_val.ndpi,79_PGR_val.ndpi,79_27,27145.75772752569,8217.740436087557,0.9097732390201744,0.9097732390201744,PGR,16147.746337366309,8198.488933451279
79,79_HE_val.ndpi,79_PGR_val.ndpi,79_28,35811.804112099904,9467.911391016372,0.9097732390201744,0.9097732390201744,PGR,1890.5946110597686,7104.79958471988
79,79_HE_val.ndpi,79_PGR_val.ndpi,79_29,35198.89784439962,8250.811000213209,0.9097732390201744,0.9097732390201744,PGR,2784.9438477962894,8528.077575965974
79,79_HE_val.ndpi,79_PGR_val.ndpi,79_30,35395.01725388125,1051.0863721026974,0.9097732390201744,0.9097732390201744,PGR,6926.891310970842,16988.991765761057
79,79_HE_val.ndpi,79_PGR_val.ndpi,79_31,35749.52993869025,1800.7058792510168,0.9097732390201744,0.9097732390201744,PGR,5585.0384961095615,16103.880378974289
79,79_HE_val.ndpi,79_PGR_val.ndpi,79_32,29747.03423515572,795.4112173095415,0.9097732390201744,0.9097732390201744,PGR,13321.188676453226,18799.87062538256
79,79_HE_val.ndpi,79_PGR_val.ndpi,79_33,29882.20401360628,1112.4776234265066,0.9097732390201744,0.9097732390201744,PGR,12796.09302347973,18264.903025669188
79,79_HE_val.ndpi,79_PGR_val.ndpi,79_34,30075.92708642665,60.348608961698105,0.9097732390201744,0.9097732390201744,PGR,13248.504871497762,19866.319470757833
29,29_HE_val.ndpi,29_KI67_val.ndpi,29_1,18240.74456698856,13769.57444933594,0.9109542245502164,0.9109542245502164,KI67,6780.800940584176,11791.488575287984
29,29_HE_val.ndpi,29_KI67_val.ndpi,29_2,18317.03577407548,15556.976191977732,0.9109542245502164,0.9109542245502164,KI67,5979.053025007136,12044.926971339177
29,29_HE_val.ndpi,29_KI67_val.ndpi,29_3,15542.75052142183,15186.594258196652,0.9109542245502164,0.9109542245502164,KI67,6380.70329013983,11413.425712947199
29,29_HE_val.ndpi,29_KI67_val.ndpi,29_4,17076.07174499321,16993.61176508301,0.9109542245502164,0.9109542245502164,KI67,5284.401401319012,12272.31007281148
29,29_HE_val.ndpi,29_KI67_val.ndpi,29_5,14323.364810823101,14513.8902682503,0.9109542245502164,0.9109542245502164,KI67,6955.561203841743,11121.314921714276
29,29_HE_val.ndpi,29_KI67_val.ndpi,29_6,16156.287189883235,9622.378747838211,0.9109542245502164,0.9109542245502164,KI67,7638.4907264417025,10459.940179119867
29,29_HE_val.ndpi,29_KI67_val.ndpi,29_7,17345.945407532257,8938.200243251553,0.9109542245502164,0.9109542245502164,KI67,8064.234412710203,10231.011893951294
29,29_HE_val.ndpi,29_KI67_val.ndpi,29_8,17958.626978473003,9072.560236878917,0.9109542245502164,0.9109542245502164,KI67,8049.829127154811,10393.587361489934
29,29_HE_val.ndpi,29_KI67_val.ndpi,29_9,18397.83237307715,8187.737957716758,0.9109542245502164,0.9109542245502164,KI67,8403.968109169526,10285.506395222827
29,29_HE_val.ndpi,29_KI67_val.ndpi,29_10,19567.15624613236,10350.930591942735,0.9109542245502164,0.9109542245502164,KI67,8622.176936579535,11050.86556987308
29,29_HE_val.ndpi,29_KI67_val.ndpi,29_11,18482.744857324826,10845.469671733545,0.9109542245502164,0.9109542245502164,KI67,7946.594838641196,11079.760299013062
29,29_HE_val.ndpi,29_KI67_val.ndpi,29_12,17709.113045094822,7520.901806770017,0.9109542245502164,0.9109542245502164,KI67,8425.693111288643,9674.82854716269
29,29_HE_val.ndpi,29_KI67_val.ndpi,29_13,18510.79434040469,6051.899209777638,0.9109542245502164,0.9109542245502164,KI67,9095.571141953698,9095.219116898028
29,29_HE_val.ndpi,29_KI67_val.ndpi,29_14,18821.71133950728,6360.253642953517,0.9109542245502164,0.9109542245502164,KI67,9153.417873501288,9352.78170927776
29,29_HE_val.ndpi,29_KI67_val.ndpi,29_15,20406.749520073467,6900.4600638549755,0.9109542245502164,0.9109542245502164,KI67,9759.416047010536,10087.069800931025
29,29_HE_val.ndpi,29_KI67_val.ndpi,29_16,19984.228742898653,5419.240660034622,0.9109542245502164,0.9109542245502164,KI67,10268.835840522514,9126.797363319074
29,29_HE_val.ndpi,29_KI67_val.ndpi,29_17,22603.566663000543,5812.216323592022,0.9109542245502164,0.9109542245502164,KI67,11377.5466389906,9392.30505929511
29,29_HE_val.ndpi,29_KI67_val.ndpi,29_18,21127.004145595714,8276.179590262234,0.9109542245502164,0.9109542245502164,KI67,9701.111651621919,10465.98486000714
29,29_HE_val.ndpi,29_KI67_val.ndpi,29_19,22224.899463893285,8310.391625676606,0.9109542245502164,0.9109542245502164,KI67,10348.878307303603,10515.935186582747
29,29_HE_val.ndpi,29_KI67_val.ndpi,29_20,25922.317911650865,5448.132365080003,0.9109542245502164,0.9109542245502164,KI67,13271.932783837889,9332.230325793029
29,29_HE_val.ndpi,29_KI67_val.ndpi,29_21,27369.79499874664,3903.837238318997,0.9109542245502164,0.9109542245502164,KI67,14255.745046293614,8777.901180532846
29,29_HE_val.ndpi,29_KI67_val.ndpi,29_22,26554.677704074067,4709.997200083104,0.9109542245502164,0.9109542245502164,KI67,13719.440724575607,9070.918128694437
29,29_HE_val.ndpi,29_KI67_val.ndpi,29_23,27069.7243463123,5390.754501128354,0.9109542245502164,0.9109542245502164,KI67,13896.9904308362,9330.13195335829
29,29_HE_val.ndpi,29_KI67_val.ndpi,29_24,27589.24965500472,9067.739660063557,0.9109542245502164,0.9109542245502164,KI67,13978.467026253938,10750.09689920112
29,29_HE_val.ndpi,29_KI67_val.ndpi,29_25,27629.55765309292,8207.835700848504,0.9109542245502164,0.9109542245502164,KI67,13997.501157078908,10278.85468608493
29,29_HE_val.ndpi,29_KI67_val.ndpi,29_26,25656.966431838042,17322.85533457748,0.9109542245502164,0.9109542245502164,KI67,10444.608227581717,13156.756354685589
29,29_HE_val.ndpi,29_KI67_val.ndpi,29_27,25943.389592327138,16001.190496646312,0.9109542245502164,0.9109542245502164,KI67,10885.958289555812,12869.563240888952
29,29_HE_val.ndpi,29_KI67_val.ndpi,29_28,22607.010826505655,10120.414509522529,0.9109542245502164,0.9109542245502164,KI67,9670.016718697976,11134.10371449733
29,29_HE_val.ndpi,29_KI67_val.ndpi,29_29,21565.569425241283,11792.00610093335,0.9109542245502164,0.9109542245502164,KI67,8827.338561783448,11496.528240111911
29,29_HE_val.ndpi,29_KI67_val.ndpi,29_30,19920.749411976543,13281.048752845181,0.9109542245502164,0.9109542245502164,KI67,7296.919554802779,11907.746973745448
29,29_HE_val.ndpi,29_KI67_val.ndpi,29_31,18805.03052556577,13620.74767434767,0.9109542245502164,0.9109542245502164,KI67,6967.028004728249,11834.499278457279
29,29_HE_val.ndpi,29_KI67_val.ndpi,29_32,18108.389298347767,12174.432725284734,0.9109542245502164,0.9109542245502164,KI67,7345.036742415086,11445.771747789358
29,29_HE_val.ndpi,29_KI67_val.ndpi,29_33,18759.382512555992,12687.839608855826,0.9109542245502164,0.9109542245502164,KI67,7062.579379716408,11670.257162831882
29,29_HE_val.ndpi,29_KI67_val.ndpi,29_34,24281.52454910707,7691.809439050318,0.9109542245502164,0.9109542245502164,KI67,11859.31813013484,10119.174137571441
29,29_HE_val.ndpi,29_KI67_val.ndpi,29_35,25189.522585102783,7158.377705140919,0.9109542245502164,0.9109542245502164,KI67,12343.795670000762,9975.300916986344
29,29_HE_val.ndpi,29_KI67_val.ndpi,29_36,16583.963949037414,10906.232144787951,0.9109542245502164,0.9109542245502164,KI67,7831.25199058197,10678.79290874881
36,36_HE_val.ndpi,36_PGR_val.ndpi,36_1,21330.341484724173,11949.826452813428,0.9109542245502164,0.9109542245502164,PGR,12187.065178122974,13261.699792146921
36,36_HE_val.ndpi,36_PGR_val.ndpi,36_2,22748.68677522266,9447.08190968958,0.9109542245502164,0.9109542245502164,PGR,10252.900289907522,11716.397288598999
36,36_HE_val.ndpi,36_PGR_val.ndpi,36_3,26882.395990976558,9985.011628399176,0.9109542245502164,0.9109542245502164,PGR,11941.110356500545,8129.645381868953
36,36_HE_val.ndpi,36_PGR_val.ndpi,36_4,33273.555482988704,15223.36718289621,0.9109542245502164,0.9109542245502164,PGR,14697.188582522058,4207.928252327357
36,36_HE_val.ndpi,36_PGR_val.ndpi,36_5,38446.339873053395,17974.523376674813,0.9109542245502164,0.9109542245502164,PGR,16682.67669793522,544.4560935514442
36,36_HE_val.ndpi,36_PGR_val.ndpi,36_6,35767.44578388057,14817.938632403722,0.9109542245502164,0.9109542245502164,PGR,13533.300349821022,2545.3283086069214
36,36_HE_val.ndpi,36_PGR_val.ndpi,36_7,38089.821211055336,13366.434152647164,0.9109542245502164,0.9109542245502164,PGR,12062.684271480784,974.0805625870183
36,36_HE_val.ndpi,36_PGR_val.ndpi,36_8,32404.504156922914,3395.6304414237634,0.9109542245502164,0.9109542245502164,PGR,4316.832721914676,4103.879025798593
36,36_HE_val.ndpi,36_PGR_val.ndpi,36_9,19384.90178935173,4563.329314301729,0.9109542245502164,0.9109542245502164,PGR,6104.947899747702,15082.793717937846
36,36_HE_val.ndpi,36_PGR_val.ndpi,36_10,22884.738949902177,3633.6329357963373,0.9109542245502164,0.9109542245502164,PGR,5914.374997912989,11412.529443201454
36,36_HE_val.ndpi,36_PGR_val.ndpi,36_11,28700.566556470625,8258.298265612595,0.9109542245502164,0.9109542245502164,PGR,9925.377554512072,6360.177567722872
36,36_HE_val.ndpi,36_PGR_val.ndpi,36_12,26135.47605026962,8741.51791323792,0.9109542245502164,0.9109542245502164,PGR,10772.648262219993,8311.336483990266
36,36_HE_val.ndpi,36_PGR_val.ndpi,36_13,24743.920862108644,6203.9838946694845,0.9109542245502164,0.9109542245502164,PGR,8567.458704238048,9427.728226167792
36,36_HE_val.ndpi,36_PGR_val.ndpi,36_14,25135.347213974557,3061.7460841045,0.9109542245502164,0.9109542245502164,PGR,5365.418726788103,9344.495344294246
36,36_HE_val.ndpi,36_PGR_val.ndpi,36_15,26685.762806884915,11347.928694224334,0.9109542245502164,0.9109542245502164,PGR,13400.360853742817,8746.313479441498
36,36_HE_val.ndpi,36_PGR_val.ndpi,36_16,23452.867972383327,12402.097234719255,0.9109542245502164,0.9109542245502164,PGR,13164.742654001231,11469.310305155053
36,36_HE_val.ndpi,36_PGR_val.ndpi,36_17,23660.3877119184,11629.236154458531,0.9109542245502164,0.9109542245502164,PGR,12528.206195423161,11224.428827483409
36,36_HE_val.ndpi,36_PGR_val.ndpi,36_18,23366.03342808132,9991.60338680852,0.9109542245502164,0.9109542245502164,PGR,11030.81017951534,11132.731488000592
36,36_HE_val.ndpi,36_PGR_val.ndpi,36_19,23854.951123252333,9433.64464990246,0.9109542245502164,0.9109542245502164,PGR,10739.131521878004,10571.393151564975
36,36_HE_val.ndpi,36_PGR_val.ndpi,36_20,24067.08953790845,11024.310987337361,0.9109542245502164,0.9109542245502164,PGR,12129.762468942408,10865.704298583662
36,36_HE_val.ndpi,36_PGR_val.ndpi,36_21,23851.10160776402,10666.932160172051,0.9109542245502164,0.9109542245502164,PGR,11761.970113462296,10913.177334392261
36,36_HE_val.ndpi,36_PGR_val.ndpi,36_22,30642.463669362216,10535.250225517215,0.9109542245502164,0.9109542245502164,PGR,11992.838452433003,6101.54610040969
36,36_HE_val.ndpi,36_PGR_val.ndpi,36_23,33556.478326241064,10568.375632301877,0.9109542245502164,0.9109542245502164,PGR,10890.95259775974,3947.42107586784
36,36_HE_val.ndpi,36_PGR_val.ndpi,36_24,35813.779919859786,8609.945290090784,0.9109542245502164,0.9109542245502164,PGR,8323.743602553863,2604.06047152654
36,36_HE_val.ndpi,36_PGR_val.ndpi,36_25,36821.276722230716,9598.083392337974,0.9109542245502164,0.9109542245502164,PGR,9328.269301479444,1660.5637932881543
36,36_HE_val.ndpi,36_PGR_val.ndpi,36_26,22221.622309596307,6154.795912886102,0.9109542245502164,0.9109542245502164,PGR,7275.436669899569,12146.320350607524
36,36_HE_val.ndpi,36_PGR_val.ndpi,36_27,22442.490608622204,4908.9346161943395,0.9109542245502164,0.9109542245502164,PGR,6894.181331089289,11776.159212100207
36,36_HE_val.ndpi,36_PGR_val.ndpi,36_28,20930.52479915164,7045.537518046563,0.9109542245502164,0.9109542245502164,PGR,7898.929260119692,13391.391052968329
36,36_HE_val.ndpi,36_PGR_val.ndpi,36_29,21410.2159867211,7442.434162362945,0.9109542245502164,0.9109542245502164,PGR,8285.237386560273,12925.601396789558
36,36_HE_val.ndpi,36_PGR_val.ndpi,36_30,19666.36091471297,9046.177948475213,0.9109542245502164,0.9109542245502164,PGR,9502.506069668052,14582.274395929913
36,36_HE_val.ndpi,36_PGR_val.ndpi,36_31,20092.58793451764,9988.634846216222,0.9109542245502164,0.9109542245502164,PGR,10254.084917135378,14279.842417802573
36,36_HE_val.ndpi,36_PGR_val.ndpi,36_32,20715.476100865413,10578.466666747281,0.9109542245502164,0.9109542245502164,PGR,10656.294188348435,13786.776463734797
36,36_HE_val.ndpi,36_PGR_val.ndpi,36_33,22174.729179325226,10690.21806164372,0.9109542245502164,0.9109542245502164,PGR,10993.264963026419,12415.54974945819
36,36_HE_val.ndpi,36_PGR_val.ndpi,36_34,22535.837098486856,11390.095183224004,0.9109542245502164,0.9109542245502164,PGR,11792.740547702373,12136.686506378373
36,36_HE_val.ndpi,36_PGR_val.ndpi,36_35,22322.004857565382,12214.552606577212,0.9109542245502164,0.9109542245502164,PGR,12422.513414954201,12423.773237183059
36,36_HE_val.ndpi,36_PGR_val.ndpi,36_36,20859.215293804824,17454.208159520582,0.9109542245502164,0.9109542245502164,PGR,17896.679886410773,12989.520931287585
36,36_HE_val.ndpi,36_PGR_val.ndpi,36_37,20263.299717883256,16480.82562559788,0.9109542245502164,0.9109542245502164,PGR,16904.114284760246,13565.262724969978
36,36_HE_val.ndpi,36_PGR_val.ndpi,36_38,20437.415637018992,19029.742694950808,0.9109542245502164,0.9109542245502164,PGR,19144.878291665525,12898.242377006021
36,36_HE_val.ndpi,36_PGR_val.ndpi,36_39,30839.96108433068,19375.211412934423,0.9109542245502164,0.9109542245502164,PGR,18265.940806314884,5949.440337782517
36,36_HE_val.ndpi,36_PGR_val.ndpi,36_40,30622.81090367357,16772.664929370523,0.9109542245502164,0.9109542245502164,PGR,16589.175625743457,6527.244017467806
36,36_HE_val.ndpi,36_PGR_val.ndpi,36_41,26306.35393777505,15011.058831774826,0.9109542245502164,0.9109542245502164,PGR,16675.223740974838,9588.162786392966
36,36_HE_val.ndpi,36_PGR_val.ndpi,36_42,26488.51571110694,14420.889104737947,0.9109542245502164,0.9109542245502164,PGR,16171.634467855596,9447.59168601034
36,36_HE_val.ndpi,36_PGR_val.ndpi,36_43,29126.68855176957,13522.31911229178,0.9109542245502164,0.9109542245502164,PGR,15033.991101968453,7520.556261410394
36,36_HE_val.ndpi,36_PGR_val.ndpi,36_44,28562.595627652638,4171.943251082577,0.9109542245502164,0.9109542245502164,PGR,6581.1085308966785,6182.48077676791
36,36_HE_val.ndpi,36_PGR_val.ndpi,36_45,30030.08620044117,3418.503681497655,0.9109542245502164,0.9109542245502164,PGR,5382.488834962273,5589.050750861646
36,36_HE_val.ndpi,36_PGR_val.ndpi,36_46,32373.698906933652,5960.507560670943,0.9109542245502164,0.9109542245502164,PGR,7034.698920106825,4104.020157566522
36,36_HE_val.ndpi,36_PGR_val.ndpi,36_47,35777.259339479395,4778.729197194474,0.9109542245502164,0.9109542245502164,PGR,4877.2039395548845,2688.6207208566443
36,36_HE_val.ndpi,36_PGR_val.ndpi,36_48,34932.79661647214,3940.773267875885,0.9109542245502164,0.9109542245502164,PGR,4129.649389696291,2923.594256005028
36,36_HE_val.ndpi,36_PGR_val.ndpi,36_49,31337.466335853434,9153.543551392362,0.9109542245502164,0.9109542245502164,PGR,10456.441351542222,5240.767300596805
36,36_HE_val.ndpi,36_PGR_val.ndpi,36_50,25225.940254153724,20051.881196505743,0.9109542245502164,0.9109542245502164,PGR,20616.71730957165,9986.306877386049
65,65_HE_val.ndpi,65_PGR_val.ndpi,65_1,15815.58118790132,6949.602990894633,0.9097732390201744,0.9097732390201744,PGR,10093.17511382357,6318.288305723936
65,65_HE_val.ndpi,65_PGR_val.ndpi,65_2,17239.429888361447,7056.912444370385,0.9097732390201744,0.9097732390201744,PGR,10651.274456825055,6330.540390817288
65,65_HE_val.ndpi,65_PGR_val.ndpi,65_3,19642.964037009344,6164.165028354385,0.9097732390201744,0.9097732390201744,PGR,11464.877540799698,5832.98048744339
65,65_HE_val.ndpi,65_PGR_val.ndpi,65_4,18158.649135000414,7495.175610419616,0.9097732390201744,0.9097732390201744,PGR,10955.132516960706,6636.915807526672
65,65_HE_val.ndpi,65_PGR_val.ndpi,65_5,20008.8002766654,7440.489859272252,0.9097732390201744,0.9097732390201744,PGR,11566.604599903852,6558.812731626221
65,65_HE_val.ndpi,65_PGR_val.ndpi,65_6,24321.62476761334,8364.0766531517,0.9097732390201744,0.9097732390201744,PGR,13268.09645671499,6759.290851133518
65,65_HE_val.ndpi,65_PGR_val.ndpi,65_7,27835.83871713037,6588.81720520601,0.9097732390201744,0.9097732390201744,PGR,15460.020381484026,5574.768629166554
65,65_HE_val.ndpi,65_PGR_val.ndpi,65_8,28202.28327403348,8167.347604173277,0.9097732390201744,0.9097732390201744,PGR,15783.56467459364,6322.192416660403
65,65_HE_val.ndpi,65_PGR_val.ndpi,65_9,30386.16519771808,13173.726670844182,0.9097732390201744,0.9097732390201744,PGR,16714.708224537582,9847.583491866024
65,65_HE_val.ndpi,65_PGR_val.ndpi,65_10,29456.651180355708,9273.7282855923,0.9097732390201744,0.9097732390201744,PGR,16802.150103583255,7031.482641281399
65,65_HE_val.ndpi,65_PGR_val.ndpi,65_11,27637.11301511756,9916.415662314685,0.9097732390201744,0.9097732390201744,PGR,15417.216660623359,7292.17512714437
65,65_HE_val.ndpi,65_PGR_val.ndpi,65_12,28702.621034420463,9349.836001256788,0.9097732390201744,0.9097732390201744,PGR,16245.368665010745,7031.920888055685
65,65_HE_val.ndpi,65_PGR_val.ndpi,65_13,27273.487262498315,8876.276881566611,0.9097732390201744,0.9097732390201744,PGR,15124.756964222233,6669.7617365184915
65,65_HE_val.ndpi,65_PGR_val.ndpi,65_14,15952.561818330007,10290.170754232851,0.9097732390201744,0.9097732390201744,PGR,9295.073825258694,8141.623085104054
65,65_HE_val.ndpi,65_PGR_val.ndpi,65_15,15981.68430786806,14728.713112045942,0.9097732390201744,0.9097732390201744,PGR,8349.32625454547,10709.76098694973
65,65_HE_val.ndpi,65_PGR_val.ndpi,65_16,18120.980865938145,12571.881336286735,0.9097732390201744,0.9097732390201744,PGR,9220.137106054797,9496.365448011124
65,65_HE_val.ndpi,65_PGR_val.ndpi,65_17,22189.15136980913,13150.543520026993,0.9097732390201744,0.9097732390201744,PGR,11299.648309046737,9571.335989591906
65,65_HE_val.ndpi,65_PGR_val.ndpi,65_18,23451.687043424277,12747.233513177707,0.9097732390201744,0.9097732390201744,PGR,12284.1433318468,9182.63408214225
65,65_HE_val.ndpi,65_PGR_val.ndpi,65_19,23223.729213465995,17078.43228238521,0.9097732390201744,0.9097732390201744,PGR,11618.773650836825,12285.438874190551
65,65_HE_val.ndpi,65_PGR_val.ndpi,65_20,17209.149546104967,16569.910969401328,0.9097732390201744,0.9097732390201744,PGR,8559.28134284976,12009.894319243269
65,65_HE_val.ndpi,65_PGR_val.ndpi,65_21,18243.727389761818,16201.671397930246,0.9097732390201744,0.9097732390201744,PGR,8821.08798415912,11830.935773855399
65,65_HE_val.ndpi,65_PGR_val.ndpi,65_22,19243.234798040477,16306.88270406484,0.9097732390201744,0.9097732390201744,PGR,9080.10764626001,11849.574009227077
65,65_HE_val.ndpi,65_PGR_val.ndpi,65_23,19593.93915182246,13606.459179943562,0.9097732390201744,0.9097732390201744,PGR,9607.146210509372,10169.056024969954
65,65_HE_val.ndpi,65_PGR_val.ndpi,65_24,24135.56053329914,17446.67185385628,0.9097732390201744,0.9097732390201744,PGR,12443.756402486202,12607.820515164498
65,65_HE_val.ndpi,65_PGR_val.ndpi,65_25,25012.3214177541,17201.178806208896,0.9097732390201744,0.9097732390201744,PGR,13055.651331466606,12440.641955743478
65,65_HE_val.ndpi,65_PGR_val.ndpi,65_26,29010.351050868725,17814.91142532737,0.9097732390201744,0.9097732390201744,PGR,16236.57202421039,13412.418149559237
65,65_HE_val.ndpi,65_PGR_val.ndpi,65_27,29255.844098516103,16955.685758561507,0.9097732390201744,0.9097732390201744,PGR,16321.053658953862,12701.819670261599
65,65_HE_val.ndpi,65_PGR_val.ndpi,65_28,28694.71713246493,16236.74183330844,0.9097732390201744,0.9097732390201744,PGR,15788.673517795825,12007.72976670629
65,65_HE_val.ndpi,65_PGR_val.ndpi,65_29,26621.66473010922,10520.747956042356,0.9097732390201744,0.9097732390201744,PGR,14853.572800768465,7608.395978977175
65,65_HE_val.ndpi,65_PGR_val.ndpi,65_30,30916.04703711496,14902.542922053295,0.9097732390201744,0.9097732390201744,PGR,16990.069731704778,11252.743467441984
65,65_HE_val.ndpi,65_PGR_val.ndpi,65_31,29361.54249403097,11604.521827104736,0.9097732390201744,0.9097732390201744,PGR,16455.1123108208,8637.354732006343
65,65_HE_val.ndpi,65_PGR_val.ndpi,65_32,27218.349220918844,13662.47445867264,0.9097732390201744,0.9097732390201744,PGR,14671.778107407792,9715.801451123405
65,65_HE_val.ndpi,65_PGR_val.ndpi,65_33,27461.89391104523,12152.497379889099,0.9097732390201744,0.9097732390201744,PGR,15205.652415805385,8682.476065389033
65,65_HE_val.ndpi,65_PGR_val.ndpi,65_34,28984.048224335078,10630.343066599236,0.9097732390201744,0.9097732390201744,PGR,16343.545974808814,7926.303650734717
65,65_HE_val.ndpi,65_PGR_val.ndpi,65_35,25678.65968993987,10350.2666729539,0.9097732390201744,0.9097732390201744,PGR,14255.838640923483,7462.156128497953
65,65_HE_val.ndpi,65_PGR_val.ndpi,65_36,25160.396589350934,9497.860257511576,0.9097732390201744,0.9097732390201744,PGR,13899.3778103809,7104.208379494188
65,65_HE_val.ndpi,65_PGR_val.ndpi,65_37,26475.537916033372,9376.087912448387,0.9097732390201744,0.9097732390201744,PGR,14632.176782415687,6941.436368140337
65,65_HE_val.ndpi,65_PGR_val.ndpi,65_38,19833.528676181166,11010.467618948484,0.9097732390201744,0.9097732390201744,PGR,10493.966125478357,8430.289977840737
65,65_HE_val.ndpi,65_PGR_val.ndpi,65_39,20771.175733167718,11132.239964011673,0.9097732390201744,0.9097732390201744,PGR,10925.986892165893,8401.173328416426
65,65_HE_val.ndpi,65_PGR_val.ndpi,65_40,19285.243054925602,10634.882306153737,0.9097732390201744,0.9097732390201744,PGR,10317.501000447111,8302.472730560463
65,65_HE_val.ndpi,65_PGR_val.ndpi,65_41,18460.742801893583,10733.540456089191,0.9097732390201744,0.9097732390201744,PGR,9987.57611913369,8380.428927248071
65,65_HE_val.ndpi,65_PGR_val.ndpi,65_42,21225.300212090177,16487.86285547695,0.9097732390201744,0.9097732390201744,PGR,10013.81348926734,11972.42052847268
65,65_HE_val.ndpi,65_PGR_val.ndpi,65_43,21641.355724389403,14894.674674233562,0.9097732390201744,0.9097732390201744,PGR,10476.852382742332,10852.463698936592
65,65_HE_val.ndpi,65_PGR_val.ndpi,65_44,18718.819442872868,15117.923973516077,0.9097732390201744,0.9097732390201744,PGR,8986.14166294552,11194.666801918427
65,65_HE_val.ndpi,65_PGR_val.ndpi,65_45,24727.518257648488,11385.052043246165,0.9097732390201744,0.9097732390201744,PGR,13438.502975526495,8214.178898216764
65,65_HE_val.ndpi,65_PGR_val.ndpi,65_46,21353.06413738225,10470.245003185066,0.9097732390201744,0.9097732390201744,PGR,11406.091241923597,8040.0390569433575
65,65_HE_val.ndpi,65_PGR_val.ndpi,65_47,22036.624176220757,10251.78767118513,0.9097732390201744,0.9097732390201744,PGR,11826.920336995725,7883.941574556323
65,65_HE_val.ndpi,65_PGR_val.ndpi,65_48,22583.336904685933,8045.013448646029,0.9097732390201744,0.9097732390201744,PGR,12303.472566825234,6783.514398969225
65,65_HE_val.ndpi,65_PGR_val.ndpi,65_49,23329.19296920664,8109.5987042137,0.9097732390201744,0.9097732390201744,PGR,12686.755146300991,6739.705546082182
65,65_HE_val.ndpi,65_PGR_val.ndpi,65_50,26681.69199167789,15384.419914343369,0.9097732390201744,0.9097732390201744,PGR,14276.746613562287,11117.976561095853
7,7_HE_val.ndpi,7_PGR_val.ndpi,7_0,29512.55824006868,8676.433114181114,0.9097732390201744,0.9097732390201744,PGR,28455.56850369299,9341.39621443894
7,7_HE_val.ndpi,7_PGR_val.ndpi,7_1,31136.38510927878,8514.923466924158,0.9097732390201744,0.9097732390201744,PGR,30546.8909109459,9517.731445930975
7,7_HE_val.ndpi,7_PGR_val.ndpi,7_2,29962.88022013145,8632.168634751428,0.9097732390201744,0.9097732390201744,PGR,29003.602460492628,9406.990402854182
7,7_HE_val.ndpi,7_PGR_val.ndpi,7_3,30804.90733664191,7039.100208426875,0.9097732390201744,0.9097732390201744,PGR,30101.52267545894,8288.429126250501
7,7_HE_val.ndpi,7_PGR_val.ndpi,7_4,30768.180307141894,6027.4374867446895,0.9097732390201744,0.9097732390201744,PGR,29441.56533087843,7338.5652282903475
7,7_HE_val.ndpi,7_PGR_val.ndpi,7_5,31275.681078414804,6171.006783881104,0.9097732390201744,0.9097732390201744,PGR,30432.54509758944,7434.798403036873
7,7_HE_val.ndpi,7_PGR_val.ndpi,7_6,31703.0501489604,6374.674856562993,0.9097732390201744,0.9097732390201744,PGR,31259.074638828424,7621.7627634246255
7,7_HE_val.ndpi,7_PGR_val.ndpi,7_7,31826.586520914985,6070.842157971975,0.9097732390201744,0.9097732390201744,PGR,31405.091079829224,7274.831908258653
7,7_HE_val.ndpi,7_PGR_val.ndpi,7_8,32040.271056187787,6050.809232790151,0.9097732390201744,0.9097732390201744,PGR,31786.96296490021,7234.246961852118
7,7_HE_val.ndpi,7_PGR_val.ndpi,7_9,31641.011336030802,5647.95785133899,0.9097732390201744,0.9097732390201744,PGR,30669.35789560723,7032.428597313964
7,7_HE_val.ndpi,7_PGR_val.ndpi,7_10,32392.59437419661,4875.76284072125,0.9097732390201744,0.9097732390201744,PGR,31107.73751011089,6390.430141020035
7,7_HE_val.ndpi,7_PGR_val.ndpi,7_11,32737.605863439152,5647.030460221532,0.9097732390201744,0.9097732390201744,PGR,32481.75778337754,6964.270201245235
7,7_HE_val.ndpi,7_PGR_val.ndpi,7_12,32908.36834510945,5132.057136490728,0.9097732390201744,0.9097732390201744,PGR,32249.162443589586,6529.775082583819
7,7_HE_val.ndpi,7_PGR_val.ndpi,7_13,33606.325969546946,4441.7757085387775,0.9097732390201744,0.9097732390201744,PGR,32881.0534333926,5828.088550741215
7,7_HE_val.ndpi,7_PGR_val.ndpi,7_14,33935.384799413085,3879.46365858808,0.9097732390201744,0.9097732390201744,PGR,32922.53190992403,5232.326326324609
7,7_HE_val.ndpi,7_PGR_val.ndpi,7_15,34056.59258201842,3451.960111128087,0.9097732390201744,0.9097732390201744,PGR,32673.13533009984,4815.2481758067
7,7_HE_val.ndpi,7_PGR_val.ndpi,7_16,32351.343614301713,9463.542096901607,0.9097732390201744,0.9097732390201744,PGR,31945.690918466036,10338.540603361782
7,7_HE_val.ndpi,7_PGR_val.ndpi,7_17,33473.812432435116,7398.747467643336,0.9097732390201744,0.9097732390201744,PGR,34485.50172385101,8682.68590531978
7,7_HE_val.ndpi,7_PGR_val.ndpi,7_18,34174.6510126031,7527.649134365224,0.9097732390201744,0.9097732390201744,PGR,35753.43523038795,8739.95069595883
7,7_HE_val.ndpi,7_PGR_val.ndpi,7_19,35546.15453860815,8026.0152411984545,0.9097732390201744,0.9097732390201744,PGR,38008.26439280022,9010.689608691024
7,7_HE_val.ndpi,7_PGR_val.ndpi,7_20,35055.762289484264,8372.878051554391,0.9097732390201744,0.9097732390201744,PGR,36966.827129873454,9315.849776688081
7,7_HE_val.ndpi,7_PGR_val.ndpi,7_21,33009.35144696134,7878.817827884244,0.9097732390201744,0.9097732390201744,PGR,33570.73824010249,9085.714506699293
7,7_HE_val.ndpi,7_PGR_val.ndpi,7_22,35156.55893880372,7010.383212792545,0.9097732390201744,0.9097732390201744,PGR,37430.9013354827,8123.736857479706
7,7_HE_val.ndpi,7_PGR_val.ndpi,7_23,34915.681987167656,6464.949195869504,0.9097732390201744,0.9097732390201744,PGR,36704.92102279392,7599.749570162798
7,7_HE_val.ndpi,7_PGR_val.ndpi,7_24,34024.16039605488,5498.6726887317445,0.9097732390201744,0.9097732390201744,PGR,34486.01095344604,6807.935300024303
7,7_HE_val.ndpi,7_PGR_val.ndpi,7_25,33578.399600498524,5401.768167958609,0.9097732390201744,0.9097732390201744,PGR,33651.330798948,6736.998791020466
7,7_HE_val.ndpi,7_PGR_val.ndpi,7_26,31541.049930922218,10953.883851299504,0.9097732390201744,0.9097732390201744,PGR,30913.18725124313,11395.824250785203
7,7_HE_val.ndpi,7_PGR_val.ndpi,7_27,37281.777980042985,8910.902489137134,0.9097732390201744,0.9097732390201744,PGR,40745.44338349565,9612.733617587715
7,7_HE_val.ndpi,7_PGR_val.ndpi,7_28,36414.625384074134,7926.906298200865,0.9097732390201744,0.9097732390201744,PGR,39472.17686440562,8853.690993699576
7,7_HE_val.ndpi,7_PGR_val.ndpi,7_29,35087.035593564,5899.857080816644,0.9097732390201744,0.9097732390201744,PGR,36617.66282829105,6977.607491752353
7,7_HE_val.ndpi,7_PGR_val.ndpi,7_30,31732.415701097496,9567.247542102872,0.9097732390201744,0.9097732390201744,PGR,31044.377445237962,10321.443268982417
7,7_HE_val.ndpi,7_PGR_val.ndpi,7_31,30750.376058580634,9326.665918530125,0.9097732390201744,0.9097732390201744,PGR,29827.78802691948,9977.634758608896
7,7_HE_val.ndpi,7_PGR_val.ndpi,7_32,30337.341169369985,9326.264324341751,0.9097732390201744,0.9097732390201744,PGR,29319.932596002953,9915.494377764146
7,7_HE_val.ndpi,7_PGR_val.ndpi,7_33,30018.957691859854,9727.176870237863,0.9097732390201744,0.9097732390201744,PGR,29000.53378314306,10207.917556701297
7,7_HE_val.ndpi,7_PGR_val.ndpi,7_34,31910.3543300348,7358.109025289976,0.9097732390201744,0.9097732390201744,PGR,31735.110643216794,8676.590585815722
7,7_HE_val.ndpi,7_PGR_val.ndpi,7_35,32602.52947841428,7311.964015398009,0.9097732390201744,0.9097732390201744,PGR,32910.658974388934,8645.916933429586
7,7_HE_val.ndpi,7_PGR_val.ndpi,7_36,33069.60926854075,7220.910681879176,0.9097732390201744,0.9097732390201744,PGR,33761.70025180053,8548.857822843103
7,7_HE_val.ndpi,7_PGR_val.ndpi,7_37,31619.421781956436,8565.893895463149,0.9097732390201744,0.9097732390201744,PGR,31164.08670533372,9603.369792820808
7,7_HE_val.ndpi,7_PGR_val.ndpi,7_38,32683.06425996625,8988.120735974635,0.9097732390201744,0.9097732390201744,PGR,32661.41424656753,10001.216659190126
7,7_HE_val.ndpi,7_PGR_val.ndpi,7_39,35681.440362528745,7582.528475654994,0.9097732390201744,0.9097732390201744,PGR,38478.180105296495,8643.954648223109
7,7_HE_val.ndpi,7_PGR_val.ndpi,7_40,33364.45407354496,4282.522225565633,0.9097732390201744,0.9097732390201744,PGR,32332.075118805355,5746.550206686668
7,7_HE_val.ndpi,7_PGR_val.ndpi,7_41,32746.667757445342,3255.500427406084,0.9097732390201744,0.9097732390201744,PGR,30677.35425244589,4971.844537650222
7,7_HE_val.ndpi,7_PGR_val.ndpi,7_42,34261.10134223201,8781.533437534103,0.9097732390201744,0.9097732390201744,PGR,35405.40341542212,9782.241760314988
7,7_HE_val.ndpi,7_PGR_val.ndpi,7_43,33742.800591125444,9004.80145339538,0.9097732390201744,0.9097732390201744,PGR,34446.93518833897,10068.220662020629
7,7_HE_val.ndpi,7_PGR_val.ndpi,7_44,32131.673368230484,9921.58371210847,0.9097732390201744,0.9097732390201744,PGR,31581.36305506285,10653.404972859567
7,7_HE_val.ndpi,7_PGR_val.ndpi,7_45,31822.686381993877,7931.44172548777,0.9097732390201744,0.9097732390201744,PGR,31567.13174254737,9146.153266750627
7,7_HE_val.ndpi,7_PGR_val.ndpi,7_46,33971.095622791436,6746.120122092213,0.9097732390201744,0.9097732390201744,PGR,35149.42061824803,8088.843994167306
7,7_HE_val.ndpi,7_PGR_val.ndpi,7_47,36783.409762230905,9335.072673844785,0.9097732390201744,0.9097732390201744,PGR,39746.13884481527,10075.275158174827
7,7_HE_val.ndpi,7_PGR_val.ndpi,7_48,32536.918747561493,4526.352539068271,0.9097732390201744,0.9097732390201744,PGR,31100.91050763984,6115.999757223852
7,7_HE_val.ndpi,7_PGR_val.ndpi,7_49,35549.320398071366,8890.52593964991,0.9097732390201744,0.9097732390201744,PGR,37497.35710417758,9753.887110170597
94,94_HE_val.ndpi,94_ER_val.ndpi,94_0,18694.00139092989,13843.068171598592,0.9097732390201744,0.9097732390201744,ER,5510.5979576484515,8403.461081187299
94,94_HE_val.ndpi,94_ER_val.ndpi,94_1,20403.941029270427,12484.268663105595,0.9097732390201744,0.9097732390201744,ER,7128.311232623214,7458.704241192952
94,94_HE_val.ndpi,94_ER_val.ndpi,94_2,21030.047512104396,12990.836695540342,0.9097732390201744,0.9097732390201744,ER,7438.571482670039,7918.778807704115
94,94_HE_val.ndpi,94_ER_val.ndpi,94_3,22391.181877634266,13350.404557383285,0.9097732390201744,0.9097732390201744,ER,8167.078772907222,8021.597686230289
94,94_HE_val.ndpi,94_ER_val.ndpi,94_4,22531.78858831398,8508.341305789669,0.9097732390201744,0.9097732390201744,ER,10743.770728833013,4316.554148879706
94,94_HE_val.ndpi,94_ER_val.ndpi,94_5,23362.740265396784,9120.055974010555,0.9097732390201744,0.9097732390201744,ER,10982.583577564146,4758.764194873594
94,94_HE_val.ndpi,94_ER_val.ndpi,94_6,26586.893036746205,11316.4149621765,0.9097732390201744,0.9097732390201744,ER,11288.689892886065,6694.94402421514
94,94_HE_val.ndpi,94_ER_val.ndpi,94_7,26876.741779200518,12053.711707160459,0.9097732390201744,0.9097732390201744,ER,11076.19155200494,7282.077374894815
94,94_HE_val.ndpi,94_ER_val.ndpi,94_8,25640.110869021766,11723.411189928758,0.9097732390201744,0.9097732390201744,ER,10438.009190157476,7021.300499319426
94,94_HE_val.ndpi,94_ER_val.ndpi,94_9,26357.608721306133,13344.511149805063,0.9097732390201744,0.9097732390201744,ER,10191.304884707257,8177.459249881102
94,94_HE_val.ndpi,94_ER_val.ndpi,94_10,26452.929295532173,13672.175623707144,0.9097732390201744,0.9097732390201744,ER,10101.032200204545,8373.827766701914
94,94_HE_val.ndpi,94_ER_val.ndpi,94_11,26485.7164258551,14296.800812007326,0.9097732390201744,0.9097732390201744,ER,9972.367604526395,8590.780950674967
94,94_HE_val.ndpi,94_ER_val.ndpi,94_12,27269.111712342867,14148.778494837474,0.9097732390201744,0.9097732390201744,ER,10469.825065386258,8503.847981031075
94,94_HE_val.ndpi,94_ER_val.ndpi,94_13,27584.77722169666,13545.128131833535,0.9097732390201744,0.9097732390201744,ER,10857.934414199493,8414.738704277881
94,94_HE_val.ndpi,94_ER_val.ndpi,94_14,28038.47276974095,13047.958379903534,0.9097732390201744,0.9097732390201744,ER,11353.820155192321,7962.619752659944
94,94_HE_val.ndpi,94_ER_val.ndpi,94_15,27859.062371458745,17154.868022600847,0.9097732390201744,0.9097732390201744,ER,10938.62563102246,9486.667638565512
94,94_HE_val.ndpi,94_ER_val.ndpi,94_16,28072.670786295577,16709.070318601705,0.9097732390201744,0.9097732390201744,ER,11121.006478035317,9156.183686534574
94,94_HE_val.ndpi,94_ER_val.ndpi,94_17,28971.1464517381,14887.759482076664,0.9097732390201744,0.9097732390201744,ER,11649.74839690911,8468.667169502834
94,94_HE_val.ndpi,94_ER_val.ndpi,94_18,29265.55399119397,14166.916093158445,0.9097732390201744,0.9097732390201744,ER,11950.81344475239,8176.033107104725
94,94_HE_val.ndpi,94_ER_val.ndpi,94_19,27659.0959675196,14917.610905480016,0.9097732390201744,0.9097732390201744,ER,10630.80010527577,8651.661148202793
94,94_HE_val.ndpi,94_ER_val.ndpi,94_20,28164.005014818344,15166.175738476397,0.9097732390201744,0.9097732390201744,ER,11049.91352274045,8685.98419908779
94,94_HE_val.ndpi,94_ER_val.ndpi,94_21,30463.932566048163,19117.59760383132,0.9097732390201744,0.9097732390201744,ER,12876.391778566567,11417.701090821516
94,94_HE_val.ndpi,94_ER_val.ndpi,94_22,30211.330491954457,20126.46186817404,0.9097732390201744,0.9097732390201744,ER,12053.264033461981,12698.33989151153
94,94_HE_val.ndpi,94_ER_val.ndpi,94_23,30801.768239955785,20225.6687029099,0.9097732390201744,0.9097732390201744,ER,12351.228569764922,12887.101900030162
94,94_HE_val.ndpi,94_ER_val.ndpi,94_24,29815.430436299965,20516.083469577086,0.9097732390201744,0.9097732390201744,ER,11563.247106827372,13152.788548707711
94,94_HE_val.ndpi,94_ER_val.ndpi,94_25,27974.68853794561,18970.35493322432,0.9097732390201744,0.9097732390201744,ER,10538.122711332515,11049.951075185703
94,94_HE_val.ndpi,94_ER_val.ndpi,94_26,26155.41953259809,16687.146373890533,0.9097732390201744,0.9097732390201744,ER,9736.873539157948,9349.737223292743
94,94_HE_val.ndpi,94_ER_val.ndpi,94_27,26081.542765487284,14628.013539787346,0.9097732390201744,0.9097732390201744,ER,9719.91426898244,8724.786386724141
94,94_HE_val.ndpi,94_ER_val.ndpi,94_28,26718.000947658442,14699.440508194011,0.9097732390201744,0.9097732390201744,ER,10031.616776538205,8695.23286909946
94,94_HE_val.ndpi,94_ER_val.ndpi,94_29,25945.376396525295,14101.341989831133,0.9097732390201744,0.9097732390201744,ER,9763.184847913628,8519.351499285722
94,94_HE_val.ndpi,94_ER_val.ndpi,94_30,26916.92078902228,12348.162660922671,0.9097732390201744,0.9097732390201744,ER,10936.700061421008,7473.771672241732
94,94_HE_val.ndpi,94_ER_val.ndpi,94_31,26655.55394932193,12270.351159027156,0.9097732390201744,0.9097732390201744,ER,10839.42996549287,7445.051048756132
94,94_HE_val.ndpi,94_ER_val.ndpi,94_32,26479.97927837816,12250.399491874463,0.9097732390201744,0.9097732390201744,ER,10752.290634244295,7445.556471774849
94,94_HE_val.ndpi,94_ER_val.ndpi,94_33,26505.917931657124,12770.855776355611,0.9097732390201744,0.9097732390201744,ER,10539.795390979336,7805.749823728914
94,94_HE_val.ndpi,94_ER_val.ndpi,94_34,25365.835111954624,12799.442669243896,0.9097732390201744,0.9097732390201744,ER,9798.870602853069,7803.157875668921
94,94_HE_val.ndpi,94_ER_val.ndpi,94_35,27698.59694752889,12415.492634595204,0.9097732390201744,0.9097732390201744,ER,11288.310748740754,7439.158012927522
94,94_HE_val.ndpi,94_ER_val.ndpi,94_36,29332.989779773718,15926.847724085208,0.9097732390201744,0.9097732390201744,ER,12165.240541110157,8897.915625884005
94,94_HE_val.ndpi,94_ER_val.ndpi,94_37,29635.4976960936,15809.077466586628,0.9097732390201744,0.9097732390201744,ER,12413.56676674035,8789.296489206135
94,94_HE_val.ndpi,94_ER_val.ndpi,94_38,28832.265044027044,17441.753471433738,0.9097732390201744,0.9097732390201744,ER,11837.344391109033,9655.050872214717
94,94_HE_val.ndpi,94_ER_val.ndpi,94_39,29322.193448319827,17579.607667460517,0.9097732390201744,0.9097732390201744,ER,12295.040211819207,9729.246480409225
94,94_HE_val.ndpi,94_ER_val.ndpi,94_40,31012.693098683256,17622.378505026583,0.9097732390201744,0.9097732390201744,ER,14061.7729717746,9835.04345031109
94,94_HE_val.ndpi,94_ER_val.ndpi,94_41,31723.4712409982,17425.979281492175,0.9097732390201744,0.9097732390201744,ER,14612.527540589515,9556.768940336025
94,94_HE_val.ndpi,94_ER_val.ndpi,94_42,32411.489056444247,18042.38196448712,0.9097732390201744,0.9097732390201744,ER,14615.873494773588,10152.361601042587
94,94_HE_val.ndpi,94_ER_val.ndpi,94_43,30543.434007465723,16992.531839885738,0.9097732390201744,0.9097732390201744,ER,13552.728226382464,9348.196736088034
94,94_HE_val.ndpi,94_ER_val.ndpi,94_44,28057.323538816407,14136.301740612364,0.9097732390201744,0.9097732390201744,ER,10995.072705929486,8413.033299877814
94,94_HE_val.ndpi,94_ER_val.ndpi,94_45,29007.909370025063,13475.716938431267,0.9097732390201744,0.9097732390201744,ER,12030.794073761708,8123.952866665358
94,94_HE_val.ndpi,94_ER_val.ndpi,94_46,28821.36862436083,12419.426518459451,0.9097732390201744,0.9097732390201744,ER,12239.407678810565,7507.412026125582
94,94_HE_val.ndpi,94_ER_val.ndpi,94_47,28089.950544528656,11915.722416457886,0.9097732390201744,0.9097732390201744,ER,12018.698995239469,7168.79584798378
94,94_HE_val.ndpi,94_ER_val.ndpi,94_48,29215.454322398044,18180.441270199604,0.9097732390201744,0.9097732390201744,ER,12176.265567543758,10272.271966438217
94,94_HE_val.ndpi,94_ER_val.ndpi,94_49,29564.128533406947,18984.783955840914,0.9097732390201744,0.9097732390201744,ER,12298.383674961116,11191.204681309326
45,45_HE_val.ndpi,45_ER_val.ndpi,45_0,28785.719463684247,10137.374831439714,0.9097732390201744,0.9097732390201744,ER,24572.071493074753,10954.437955208912
45,45_HE_val.ndpi,45_ER_val.ndpi,45_1,28599.30731509169,10800.2314808435,0.9097732390201744,0.9097732390201744,ER,24482.972007726432,11530.498322943968
45,45_HE_val.ndpi,45_ER_val.ndpi,45_2,27685.6227720546,9931.155281578991,0.9097732390201744,0.9097732390201744,ER,23782.76928097844,10468.2921827079
45,45_HE_val.ndpi,45_ER_val.ndpi,45_3,27166.697028147857,11071.925202582504,0.9097732390201744,0.9097732390201744,ER,23296.210245148093,11544.217205221858
45,45_HE_val.ndpi,45_ER_val.ndpi,45_4,30482.767538444707,15610.829407894344,0.9097732390201744,0.9097732390201744,ER,25629.032616655022,15158.818810003051
45,45_HE_val.ndpi,45_ER_val.ndpi,45_5,30277.61767569787,15216.78773322404,0.9097732390201744,0.9097732390201744,ER,25590.078581813406,14882.162392946027
45,45_HE_val.ndpi,45_ER_val.ndpi,45_6,30352.488267749664,14208.065206343308,0.9097732390201744,0.9097732390201744,ER,25554.51367153512,14005.994362551875
45,45_HE_val.ndpi,45_ER_val.ndpi,45_7,28350.971806512964,15125.064632983933,0.9097732390201744,0.9097732390201744,ER,24662.699986595453,14692.962939782969
45,45_HE_val.ndpi,45_ER_val.ndpi,45_8,26528.278324070863,16813.470306016017,0.9097732390201744,0.9097732390201744,ER,23917.204629116917,15563.91324293825
45,45_HE_val.ndpi,45_ER_val.ndpi,45_9,27975.69111300868,18597.414602387144,0.9097732390201744,0.9097732390201744,ER,24148.436573820036,17210.062214829995
45,45_HE_val.ndpi,45_ER_val.ndpi,45_10,27372.13305944525,19477.944427797458,0.9097732390201744,0.9097732390201744,ER,23823.13279679146,17811.439985207006
45,45_HE_val.ndpi,45_ER_val.ndpi,45_11,31060.035165107485,19271.908010267958,0.9097732390201744,0.9097732390201744,ER,25323.96423647274,17842.84812081148
45,45_HE_val.ndpi,45_ER_val.ndpi,45_12,31914.526684208628,20233.49716082264,0.9097732390201744,0.9097732390201744,ER,25510.478995771737,18571.2781264545
45,45_HE_val.ndpi,45_ER_val.ndpi,45_13,33464.8584261358,16236.819974121487,0.9097732390201744,0.9097732390201744,ER,26786.103359617322,15775.063363757588
45,45_HE_val.ndpi,45_ER_val.ndpi,45_14,35510.1068954464,18249.92477290545,0.9097732390201744,0.9097732390201744,ER,27484.374432662356,17241.280794846898
45,45_HE_val.ndpi,45_ER_val.ndpi,45_15,27088.66305431842,12318.205577978513,0.9097732390201744,0.9097732390201744,ER,23169.1635210963,12477.683602373118
45,45_HE_val.ndpi,45_ER_val.ndpi,45_16,27096.060937039965,13002.615172337155,0.9097732390201744,0.9097732390201744,ER,23386.79955673757,12934.733968248369
45,45_HE_val.ndpi,45_ER_val.ndpi,45_17,26652.071542270936,11716.077244100037,0.9097732390201744,0.9097732390201744,ER,22892.607841998368,11923.847812367376
45,45_HE_val.ndpi,45_ER_val.ndpi,45_18,26548.9092155485,13400.198384850884,0.9097732390201744,0.9097732390201744,ER,23100.451225209083,13157.539824498666
45,45_HE_val.ndpi,45_ER_val.ndpi,45_19,25402.401837332534,13715.812444428257,0.9097732390201744,0.9097732390201744,ER,22396.09437141742,13238.475194181538
45,45_HE_val.ndpi,45_ER_val.ndpi,45_20,26737.048796601917,15211.761983076309,0.9097732390201744,0.9097732390201744,ER,23660.897085452485,14538.226043066845
45,45_HE_val.ndpi,45_ER_val.ndpi,45_21,28985.22540252628,13437.820587064349,0.9097732390201744,0.9097732390201744,ER,24806.870345422405,13398.572040452265
45,45_HE_val.ndpi,45_ER_val.ndpi,45_22,30041.597219124447,11684.064448606872,0.9097732390201744,0.9097732390201744,ER,25177.239903693033,12268.958781802592
45,45_HE_val.ndpi,45_ER_val.ndpi,45_23,29682.186863873263,11827.636645437698,0.9097732390201744,0.9097732390201744,ER,24926.73996747116,12370.240699819236
45,45_HE_val.ndpi,45_ER_val.ndpi,45_24,29127.83746575362,12199.709658775117,0.9097732390201744,0.9097732390201744,ER,24607.346887087602,12623.473397132919
45,45_HE_val.ndpi,45_ER_val.ndpi,45_25,29074.121438804043,11626.022490953635,0.9097732390201744,0.9097732390201744,ER,24589.82462757344,12219.507290850774
45,45_HE_val.ndpi,45_ER_val.ndpi,45_26,33183.08926499228,11528.80330969679,0.9097732390201744,0.9097732390201744,ER,26330.511958703682,12381.043422605782
45,45_HE_val.ndpi,45_ER_val.ndpi,45_27,31528.21957548421,9959.483413501854,0.9097732390201744,0.9097732390201744,ER,25526.41292694638,11355.478129896937
45,45_HE_val.ndpi,45_ER_val.ndpi,45_28,31430.872867919225,10332.279183711094,0.9097732390201744,0.9097732390201744,ER,25647.523606570612,11628.050029862821
45,45_HE_val.ndpi,45_ER_val.ndpi,45_29,31966.759020961803,9898.118806710849,0.9097732390201744,0.9097732390201744,ER,25772.17427444895,11355.04370171741
45,45_HE_val.ndpi,45_ER_val.ndpi,45_30,29387.85257900463,9168.093217702983,0.9097732390201744,0.9097732390201744,ER,24803.011211504363,10292.502735308504
45,45_HE_val.ndpi,45_ER_val.ndpi,45_31,28075.032880356932,8815.716080913748,0.9097732390201744,0.9097732390201744,ER,24337.951119674002,9612.266796110922
45,45_HE_val.ndpi,45_ER_val.ndpi,45_32,25642.293277069715,7334.8025175690855,0.9097732390201744,0.9097732390201744,ER,23395.21608260822,7640.684109400788
45,45_HE_val.ndpi,45_ER_val.ndpi,45_33,27834.556970909038,6867.76984059697,0.9097732390201744,0.9097732390201744,ER,24508.76804725024,7919.863648715382
45,45_HE_val.ndpi,45_ER_val.ndpi,45_34,25280.978220611265,8225.317260263488,0.9097732390201744,0.9097732390201744,ER,23087.441333343428,8311.472098837101
45,45_HE_val.ndpi,45_ER_val.ndpi,45_35,26462.228207401913,7709.444518743071,0.9097732390201744,0.9097732390201744,ER,23709.07437955937,8185.751010790337
45,45_HE_val.ndpi,45_ER_val.ndpi,45_36,23852.437324773637,9862.401969665741,0.9097732390201744,0.9097732390201744,ER,21727.930809655518,9604.164393883499
45,45_HE_val.ndpi,45_ER_val.ndpi,45_37,24295.594547107656,9614.711400953796,0.9097732390201744,0.9097732390201744,ER,22027.28800016931,9439.616727490762
45,45_HE_val.ndpi,45_ER_val.ndpi,45_38,24695.673135426016,9782.935955751704,0.9097732390201744,0.9097732390201744,ER,22214.946372361763,9677.760346165365
45,45_HE_val.ndpi,45_ER_val.ndpi,45_39,24718.485187186758,10553.764622900317,0.9097732390201744,0.9097732390201744,ER,22018.598782556368,10387.694301413801
45,45_HE_val.ndpi,45_ER_val.ndpi,45_40,27306.11529145723,15083.005828963282,0.9097732390201744,0.9097732390201744,ER,24003.67465722389,14527.26925244813
45,45_HE_val.ndpi,45_ER_val.ndpi,45_41,30028.46072639047,16212.331579551208,0.9097732390201744,0.9097732390201744,ER,25549.39896906163,15564.272485161604
45,45_HE_val.ndpi,45_ER_val.ndpi,45_42,30782.169638289717,16423.964131168217,0.9097732390201744,0.9097732390201744,ER,25725.798213528997,15747.192997017039
45,45_HE_val.ndpi,45_ER_val.ndpi,45_43,28345.64283390561,16166.841719508897,0.9097732390201744,0.9097732390201744,ER,24822.16072564661,15356.828384549564
45,45_HE_val.ndpi,45_ER_val.ndpi,45_44,25090.249836144547,17242.543949812043,0.9097732390201744,0.9097732390201744,ER,22629.058936623886,15638.785242155973
45,45_HE_val.ndpi,45_ER_val.ndpi,45_45,30955.41636761437,12352.310078027971,0.9097732390201744,0.9097732390201744,ER,25730.80753380614,12666.79460371385
45,45_HE_val.ndpi,45_ER_val.ndpi,45_46,32108.92781257223,13841.791122535833,0.9097732390201744,0.9097732390201744,ER,26180.302137029612,13666.745016229243
45,45_HE_val.ndpi,45_ER_val.ndpi,45_47,33104.433717595944,19418.005003066246,0.9097732390201744,0.9097732390201744,ER,26162.28813817736,17803.956006322136
45,45_HE_val.ndpi,45_ER_val.ndpi,45_48,37486.799968721934,18176.58426823064,0.9097732390201744,0.9097732390201744,ER,28172.38372245911,17569.72996670596
45,45_HE_val.ndpi,45_ER_val.ndpi,45_49,22441.60411661397,14015.244342834165,0.9097732390201744,0.9097732390201744,ER,20555.597798156065,12770.830246811296
24,24_HE_val.ndpi,24_KI67_val.ndpi,24_1,22113.024923053617,1850.9097518615602,0.919793966151582,0.919793966151582,KI67,17937.985733410416,1072.28157157823
24,24_HE_val.ndpi,24_KI67_val.ndpi,24_2,22136.28755479475,2261.7070376183096,0.919793966151582,0.919793966151582,KI67,18004.232469080373,1420.7474769584685
24,24_HE_val.ndpi,24_KI67_val.ndpi,24_3,22604.711583855864,2599.914771544099,0.919793966151582,0.919793966151582,KI67,18353.81447660498,1820.8646561114133
24,24_HE_val.ndpi,24_KI67_val.ndpi,24_4,22891.25713645524,1491.9576844398764,0.919793966151582,0.919793966151582,KI67,18522.924400001666,1020.1651811031743
24,24_HE_val.ndpi,24_KI67_val.ndpi,24_5,23452.235803823216,2041.2926748331686,0.919793966151582,0.919793966151582,KI67,19012.365308579025,1651.9962472176803
24,24_HE_val.ndpi,24_KI67_val.ndpi,24_6,20889.385468400767,4925.05924151293,0.919793966151582,0.919793966151582,KI67,17304.022291718305,3282.1011515702066
24,24_HE_val.ndpi,24_KI67_val.ndpi,24_7,20902.423065541007,6422.770320345188,0.919793966151582,0.919793966151582,KI67,17299.752085800043,4623.481749505786
24,24_HE_val.ndpi,24_KI67_val.ndpi,24_8,18209.254852733302,10187.0513306874,0.919793966151582,0.919793966151582,KI67,14402.7167741788,7215.038335072053
24,24_HE_val.ndpi,24_KI67_val.ndpi,24_9,21586.3866170927,10304.642555277334,0.919793966151582,0.919793966151582,KI67,16842.249840098044,7570.164802707013
24,24_HE_val.ndpi,24_KI67_val.ndpi,24_10,28706.44434544359,11047.894751203045,0.919793966151582,0.919793966151582,KI67,23225.010162310216,10415.062926821909
24,24_HE_val.ndpi,24_KI67_val.ndpi,24_11,30131.377406471027,9557.642476032535,0.919793966151582,0.919793966151582,KI67,24600.113555788386,9288.673746184491
24,24_HE_val.ndpi,24_KI67_val.ndpi,24_12,30972.34412130844,6660.494329367924,0.919793966151582,0.919793966151582,KI67,25589.077366719663,7006.167464191649
24,24_HE_val.ndpi,24_KI67_val.ndpi,24_13,32803.24183863799,8164.835391981812,0.919793966151582,0.919793966151582,KI67,26946.565236014485,8109.405826198112
24,24_HE_val.ndpi,24_KI67_val.ndpi,24_14,34480.048726293615,8864.370718643786,0.919793966151582,0.919793966151582,KI67,28189.95331464164,8787.911506497727
24,24_HE_val.ndpi,24_KI67_val.ndpi,24_15,34148.754398539655,7763.454078900492,0.919793966151582,0.919793966151582,KI67,28073.474152025137,7671.743912841171
24,24_HE_val.ndpi,24_KI67_val.ndpi,24_16,34995.8740229293,7048.206557203122,0.919793966151582,0.919793966151582,KI67,28880.698874694117,6999.363588803105
24,24_HE_val.ndpi,24_KI67_val.ndpi,24_17,35769.737694425035,6564.874582840412,0.919793966151582,0.919793966151582,KI67,29592.78446795781,6552.920567074539
24,24_HE_val.ndpi,24_KI67_val.ndpi,24_18,35652.58962317976,5273.749052165911,0.919793966151582,0.919793966151582,KI67,29778.34731378799,5236.675468657963
24,24_HE_val.ndpi,24_KI67_val.ndpi,24_19,32317.10409617596,7126.341074098587,0.919793966151582,0.919793966151582,KI67,26676.43964250059,7172.823345587987
24,24_HE_val.ndpi,24_KI67_val.ndpi,24_20,32611.53457670388,9073.721058759606,0.919793966151582,0.919793966151582,KI67,26767.552437457758,8967.75281013442
24,24_HE_val.ndpi,24_KI67_val.ndpi,24_21,35419.795387938175,12156.58540253828,0.919793966151582,0.919793966151582,KI67,28228.70269034196,12160.946113682814
24,24_HE_val.ndpi,24_KI67_val.ndpi,24_22,34144.53727167452,11335.887777001517,0.919793966151582,0.919793966151582,KI67,27394.14522050266,11262.793785142037
24,24_HE_val.ndpi,24_KI67_val.ndpi,24_23,32724.56503894312,13123.548859838635,0.919793966151582,0.919793966151582,KI67,25956.477034329255,12903.453441452202
24,24_HE_val.ndpi,24_KI67_val.ndpi,24_24,31706.670115912973,12044.99539651098,0.919793966151582,0.919793966151582,KI67,25595.23993959119,11779.8474714126
24,24_HE_val.ndpi,24_KI67_val.ndpi,24_25,30456.566373463418,13482.594196569682,0.919793966151582,0.919793966151582,KI67,24684.757314677343,12746.78272497983
24,24_HE_val.ndpi,24_KI67_val.ndpi,24_26,30732.41165590904,14185.880779636424,0.919793966151582,0.919793966151582,KI67,25001.37055188737,13572.055117320264
24,24_HE_val.ndpi,24_KI67_val.ndpi,24_27,29373.705781286095,14797.123963541135,0.919793966151582,0.919793966151582,KI67,24215.108064813696,13906.296450685957
24,24_HE_val.ndpi,24_KI67_val.ndpi,24_28,27121.46021875538,13913.344961376431,0.919793966151582,0.919793966151582,KI67,22183.017485929966,12116.172607600864
24,24_HE_val.ndpi,24_KI67_val.ndpi,24_29,26701.526460645695,13373.166717492351,0.919793966151582,0.919793966151582,KI67,22025.2835861543,11440.238959248964
24,24_HE_val.ndpi,24_KI67_val.ndpi,24_30,25770.314423561274,13326.91732825157,0.919793966151582,0.919793966151582,KI67,21115.577708728917,11086.095848589279
24,24_HE_val.ndpi,24_KI67_val.ndpi,24_31,24016.37406100412,13124.389292493051,0.919793966151582,0.919793966151582,KI67,19349.463540089026,10238.035263798212
24,24_HE_val.ndpi,24_KI67_val.ndpi,24_32,23025.041054856767,11490.920395847555,0.919793966151582,0.919793966151582,KI67,18071.340931017858,8624.190537833945
24,24_HE_val.ndpi,24_KI67_val.ndpi,24_33,22433.091653277013,10174.059178374033,0.919793966151582,0.919793966151582,KI67,17390.722167296386,7663.846241644617
24,24_HE_val.ndpi,24_KI67_val.ndpi,24_34,22573.406796464293,9411.633410745872,0.919793966151582,0.919793966151582,KI67,17543.638832302167,7223.013889553768
24,24_HE_val.ndpi,24_KI67_val.ndpi,24_35,23752.004143323702,7628.125563672993,0.919793966151582,0.919793966151582,KI67,18626.29026726739,6309.54932356097
24,24_HE_val.ndpi,24_KI67_val.ndpi,24_36,22051.568500927704,6189.5701454903065,0.919793966151582,0.919793966151582,KI67,17925.57328876969,4730.100533976046
24,24_HE_val.ndpi,24_KI67_val.ndpi,24_37,21112.050492208746,6869.375221373585,0.919793966151582,0.919793966151582,KI67,17327.77677066909,4965.648737420666
24,24_HE_val.ndpi,24_KI67_val.ndpi,24_38,20519.455659334308,7054.116474831753,0.919793966151582,0.919793966151582,KI67,17022.29716570876,4942.814816249014
24,24_HE_val.ndpi,24_KI67_val.ndpi,24_39,19720.748511653084,6899.119229149868,0.919793966151582,0.919793966151582,KI67,16507.25945093451,4672.645794735146
24,24_HE_val.ndpi,24_KI67_val.ndpi,24_40,18352.38480543816,8174.968984212842,0.919793966151582,0.919793966151582,KI67,15312.593547857598,5379.368995321774
24,24_HE_val.ndpi,24_KI67_val.ndpi,24_41,27746.00580267855,5423.380827642589,0.919793966151582,0.919793966151582,KI67,22411.780049167828,5699.731415257886
24,24_HE_val.ndpi,24_KI67_val.ndpi,24_42,27555.91602792909,5040.609447666081,0.919793966151582,0.919793966151582,KI67,22319.627500919716,5344.68733286441
24,24_HE_val.ndpi,24_KI67_val.ndpi,24_43,24866.281359713164,5676.615948509308,0.919793966151582,0.919793966151582,KI67,19885.457892510778,5197.285341709091
24,24_HE_val.ndpi,24_KI67_val.ndpi,24_44,25816.32573577238,4618.36510644268,0.919793966151582,0.919793966151582,KI67,20903.691200093715,4504.525692444936
24,24_HE_val.ndpi,24_KI67_val.ndpi,24_45,24238.338662303573,3576.9321524986076,0.919793966151582,0.919793966151582,KI67,19649.701379799186,3215.61618316193
24,24_HE_val.ndpi,24_KI67_val.ndpi,24_46,24085.03371876064,3449.4621949021252,0.919793966151582,0.919793966151582,KI67,19531.612654474233,3068.2600604863783
24,24_HE_val.ndpi,24_KI67_val.ndpi,24_47,25459.250995934188,2759.323498877086,0.919793966151582,0.919793966151582,KI67,20432.22266348891,3073.9383764846707
24,24_HE_val.ndpi,24_KI67_val.ndpi,24_48,27643.390994691377,9772.261887861188,0.919793966151582,0.919793966151582,KI67,21656.13864457899,8883.568683944077
24,24_HE_val.ndpi,24_KI67_val.ndpi,24_49,25613.008573594623,10469.051195209162,0.919793966151582,0.919793966151582,KI67,20064.89768826609,8773.983421366316
24,24_HE_val.ndpi,24_KI67_val.ndpi,24_50,27138.711011185875,6019.531100964535,0.919793966151582,0.919793966151582,KI67,21712.967313184603,5976.234552822174
3,3_HE_val.ndpi,3_PGR_val.ndpi,3_0,35896.33828455542,7841.13941617609,0.9097732390201744,0.9097732390201744,PGR,15001.632187099964,16131.000337033782
3,3_HE_val.ndpi,3_PGR_val.ndpi,3_1,31344.285972154572,8166.464769360213,0.9097732390201744,0.9097732390201744,PGR,18184.537928353107,17152.515145008147
3,3_HE_val.ndpi,3_PGR_val.ndpi,3_2,35035.663546564974,6368.824994934947,0.9097732390201744,0.9097732390201744,PGR,15875.842225429004,17484.346220031155
3,3_HE_val.ndpi,3_PGR_val.ndpi,3_3,23774.526861050548,12190.370021284003,0.9097732390201744,0.9097732390201744,PGR,20134.45592193481,15175.07054183451
3,3_HE_val.ndpi,3_PGR_val.ndpi,3_4,21730.61821505941,13590.270089167769,0.9097732390201744,0.9097732390201744,PGR,20959.61331822871,14019.580611857118
3,3_HE_val.ndpi,3_PGR_val.ndpi,3_5,21584.210206758653,11130.539382110506,0.9097732390201744,0.9097732390201744,PGR,21202.562432791245,15949.534895262297
3,3_HE_val.ndpi,3_PGR_val.ndpi,3_6,17363.13851371598,9663.547803709713,0.9097732390201744,0.9097732390201744,PGR,23169.571526275355,17202.836436877715
3,3_HE_val.ndpi,3_PGR_val.ndpi,3_7,17621.590274201102,8028.594674412045,0.9097732390201744,0.9097732390201744,PGR,23339.419236089172,18179.94758261068
3,3_HE_val.ndpi,3_PGR_val.ndpi,3_8,40753.97639672192,14375.067487153547,0.9097732390201744,0.9097732390201744,PGR,11200.087606910556,13220.977708648601
3,3_HE_val.ndpi,3_PGR_val.ndpi,3_9,38904.523412993614,19058.918743929265,0.9097732390201744,0.9097732390201744,PGR,12289.259125244702,9755.671278518612
3,3_HE_val.ndpi,3_PGR_val.ndpi,3_10,25353.584039060333,13988.17901169836,0.9097732390201744,0.9097732390201744,PGR,18964.920238696846,14049.027444287985
3,3_HE_val.ndpi,3_PGR_val.ndpi,3_11,24471.114992094503,13512.710775186599,0.9097732390201744,0.9097732390201744,PGR,19352.716957053988,14250.356617412861
3,3_HE_val.ndpi,3_PGR_val.ndpi,3_12,31464.13119024302,16727.613147701635,0.9097732390201744,0.9097732390201744,PGR,15546.301973020616,11948.202033385065
3,3_HE_val.ndpi,3_PGR_val.ndpi,3_13,31122.0053791707,18131.964583831454,0.9097732390201744,0.9097732390201744,PGR,15933.928077362281,10702.412951931692
3,3_HE_val.ndpi,3_PGR_val.ndpi,3_14,28700.99719377065,17167.943224939117,0.9097732390201744,0.9097732390201744,PGR,17104.28761513064,11740.700468576959
3,3_HE_val.ndpi,3_PGR_val.ndpi,3_15,28679.96400048575,19606.698167173327,0.9097732390201744,0.9097732390201744,PGR,16680.762930628465,9662.25593708594
3,3_HE_val.ndpi,3_PGR_val.ndpi,3_16,29048.0448829719,19941.91468515179,0.9097732390201744,0.9097732390201744,PGR,16323.088189801805,9503.860377277542
3,3_HE_val.ndpi,3_PGR_val.ndpi,3_17,29856.508249861152,20093.09076188717,0.9097732390201744,0.9097732390201744,PGR,15934.667597799997,9301.401927540153
3,3_HE_val.ndpi,3_PGR_val.ndpi,3_18,26643.786703926944,19807.87744212932,0.9097732390201744,0.9097732390201744,PGR,17834.629446432587,9568.101952222372
3,3_HE_val.ndpi,3_PGR_val.ndpi,3_19,25807.618542513417,19909.0503206441,0.9097732390201744,0.9097732390201744,PGR,18281.19969323366,9521.277080361791
3,3_HE_val.ndpi,3_PGR_val.ndpi,3_20,22672.190195060917,18759.63889060624,0.9097732390201744,0.9097732390201744,PGR,19984.670682177377,10284.153495358822
3,3_HE_val.ndpi,3_PGR_val.ndpi,3_21,22430.76127019529,19300.948568731652,0.9097732390201744,0.9097732390201744,PGR,20204.69851784667,9810.163782534286
3,3_HE_val.ndpi,3_PGR_val.ndpi,3_22,27753.47374586124,14977.568385823535,0.9097732390201744,0.9097732390201744,PGR,17738.640456934427,13407.029382704519
3,3_HE_val.ndpi,3_PGR_val.ndpi,3_23,26743.880468184907,14969.680938341688,0.9097732390201744,0.9097732390201744,PGR,18222.191204911112,13473.081545836443
3,3_HE_val.ndpi,3_PGR_val.ndpi,3_24,27259.088537699103,13177.021874667651,0.9097732390201744,0.9097732390201744,PGR,18305.414807937905,14400.090359326483
3,3_HE_val.ndpi,3_PGR_val.ndpi,3_25,26479.35544170223,11196.832661119317,0.9097732390201744,0.9097732390201744,PGR,19377.162232430972,15515.79082767635
3,3_HE_val.ndpi,3_PGR_val.ndpi,3_26,29458.582142486743,15644.320612955591,0.9097732390201744,0.9097732390201744,PGR,16826.73888016957,12897.090986337264
3,3_HE_val.ndpi,3_PGR_val.ndpi,3_27,28643.54590269596,15381.40569689405,0.9097732390201744,0.9097732390201744,PGR,17273.290599407286,13133.473043301865
3,3_HE_val.ndpi,3_PGR_val.ndpi,3_28,31551.384874336618,13890.6781228251,0.9097732390201744,0.9097732390201744,PGR,15796.623302320144,14052.652298503923
3,3_HE_val.ndpi,3_PGR_val.ndpi,3_29,33247.18608293351,13985.327492607252,0.9097732390201744,0.9097732390201744,PGR,14778.069893944335,13860.902392378099
3,3_HE_val.ndpi,3_PGR_val.ndpi,3_30,34793.12578937538,12589.24928832046,0.9097732390201744,0.9097732390201744,PGR,14175.032615917036,14313.984804345735
3,3_HE_val.ndpi,3_PGR_val.ndpi,3_31,35566.09564259633,13030.946347303856,0.9097732390201744,0.9097732390201744,PGR,13675.296906715812,14060.282608436624
3,3_HE_val.ndpi,3_PGR_val.ndpi,3_32,29322.58103459429,6569.84294867033,0.9097732390201744,0.9097732390201744,PGR,19486.783527385393,18597.811900959492
3,3_HE_val.ndpi,3_PGR_val.ndpi,3_33,24649.851371607558,4945.83784424502,0.9097732390201744,0.9097732390201744,PGR,21867.175082488608,19891.814341732097
3,3_HE_val.ndpi,3_PGR_val.ndpi,3_34,21484.35578222659,5073.877408366992,0.9097732390201744,0.9097732390201744,PGR,22491.8734813557,19786.789847687767
3,3_HE_val.ndpi,3_PGR_val.ndpi,3_35,23830.829762353154,16099.933748618127,0.9097732390201744,0.9097732390201744,PGR,19652.333182664668,12695.793715962403
3,3_HE_val.ndpi,3_PGR_val.ndpi,3_36,24157.937984320284,14968.684480981809,0.9097732390201744,0.9097732390201744,PGR,19480.580380896314,13428.188417621048
3,3_HE_val.ndpi,3_PGR_val.ndpi,3_37,41316.539047654514,15594.38234478041,0.9097732390201744,0.9097732390201744,PGR,10911.22890922894,12614.896584357626
3,3_HE_val.ndpi,3_PGR_val.ndpi,3_38,42092.5032096417,16343.872435358622,0.9097732390201744,0.9097732390201744,PGR,10555.14763080555,12074.053722894312
3,3_HE_val.ndpi,3_PGR_val.ndpi,3_39,40074.603436166064,16117.630904224485,0.9097732390201744,0.9097732390201744,PGR,11497.468577322605,12364.750922811
3,3_HE_val.ndpi,3_PGR_val.ndpi,3_40,35476.72567737191,20498.886855962242,0.9097732390201744,0.9097732390201744,PGR,13304.024526769368,8565.649916695536
3,3_HE_val.ndpi,3_PGR_val.ndpi,3_41,33961.64804360013,19108.304303740348,0.9097732390201744,0.9097732390201744,PGR,14140.828177212477,10025.373797925542
3,3_HE_val.ndpi,3_PGR_val.ndpi,3_42,32209.6426857016,19722.22889072433,0.9097732390201744,0.9097732390201744,PGR,14821.78875438952,9654.039642845259
3,3_HE_val.ndpi,3_PGR_val.ndpi,3_43,31837.630251461364,21474.10035676746,0.9097732390201744,0.9097732390201744,PGR,15102.545603167888,7430.111575363935
3,3_HE_val.ndpi,3_PGR_val.ndpi,3_44,27565.499975765204,20611.09437832181,0.9097732390201744,0.9097732390201744,PGR,17281.718713029735,8672.984702433509
3,3_HE_val.ndpi,3_PGR_val.ndpi,3_45,34295.969938072434,16893.13436514118,0.9097732390201744,0.9097732390201744,PGR,14116.591450456755,11810.361189910534
3,3_HE_val.ndpi,3_PGR_val.ndpi,3_46,38258.08839128409,10286.290661189696,0.9097732390201744,0.9097732390201744,PGR,12293.879078116386,14663.247969863112
3,3_HE_val.ndpi,3_PGR_val.ndpi,3_47,38799.678268546886,9532.810593320504,0.9097732390201744,0.9097732390201744,PGR,11916.040773648061,14745.946275702197
3,3_HE_val.ndpi,3_PGR_val.ndpi,3_48,34922.1292382375,11054.345952998181,0.9097732390201744,0.9097732390201744,PGR,14687.983189153316,14880.170844781687
3,3_HE_val.ndpi,3_PGR_val.ndpi,3_49,36296.97122049865,4720.961031301366,0.9097732390201744,0.9097732390201744,PGR,15321.680660863398,18301.056262089172
37,37_HE_val.ndpi,37_ER_val.ndpi,37_1,29260.60655249481,4369.592034985441,0.907338096858342,0.907338096858342,ER,18997.664121507514,10306.642246406123
37,37_HE_val.ndpi,37_ER_val.ndpi,37_2,29119.247135919868,5342.106049339278,0.907338096858342,0.907338096858342,ER,18843.208471627946,9908.331298284533
37,37_HE_val.ndpi,37_ER_val.ndpi,37_3,29893.400023824124,10866.509371289812,0.907338096858342,0.907338096858342,ER,17723.582228652085,6828.419331999342
37,37_HE_val.ndpi,37_ER_val.ndpi,37_4,31619.333224695536,10469.054384976387,0.907338096858342,0.907338096858342,ER,16582.80403256108,7189.211247316134
37,37_HE_val.ndpi,37_ER_val.ndpi,37_5,32279.29979154808,10217.663569287735,0.907338096858342,0.907338096858342,ER,16156.302509732695,7279.326367611897
37,37_HE_val.ndpi,37_ER_val.ndpi,37_6,32406.66914009824,8521.668245069013,0.907338096858342,0.907338096858342,ER,16660.50729445625,8171.849389835442
37,37_HE_val.ndpi,37_ER_val.ndpi,37_7,30384.42018417764,6416.131663108922,0.907338096858342,0.907338096858342,ER,18080.446682982045,9349.222556365574
37,37_HE_val.ndpi,37_ER_val.ndpi,37_8,33553.18731961105,4383.592350877449,0.907338096858342,0.907338096858342,ER,16157.695361092872,10056.71305005662
37,37_HE_val.ndpi,37_ER_val.ndpi,37_9,31786.68523634605,3492.9769366677037,0.907338096858342,0.907338096858342,ER,17642.528834266857,10563.14973388114
37,37_HE_val.ndpi,37_ER_val.ndpi,37_10,31842.73182296645,2869.226585991244,0.907338096858342,0.907338096858342,ER,17685.492779916356,10879.18386311126
37,37_HE_val.ndpi,37_ER_val.ndpi,37_11,28273.639809449134,6514.593776103717,0.907338096858342,0.907338096858342,ER,19011.967153312802,9337.030129075623
37,37_HE_val.ndpi,37_ER_val.ndpi,37_12,26841.20913381788,5056.352608735914,0.907338096858342,0.907338096858342,ER,19863.418799727635,10131.657502777816
37,37_HE_val.ndpi,37_ER_val.ndpi,37_13,26238.601823810397,4783.837386146365,0.907338096858342,0.907338096858342,ER,20105.653101799533,10329.440619773084
37,37_HE_val.ndpi,37_ER_val.ndpi,37_14,28303.55345291201,8666.864444010538,0.907338096858342,0.907338096858342,ER,18948.85010826722,7968.186392558966
37,37_HE_val.ndpi,37_ER_val.ndpi,37_15,29854.725436269862,8434.799344138106,0.907338096858342,0.907338096858342,ER,18241.17862924224,8290.676730957477
37,37_HE_val.ndpi,37_ER_val.ndpi,37_16,31076.120698756342,6321.785540036476,0.907338096858342,0.907338096858342,ER,17753.114668447597,9368.987639648207
37,37_HE_val.ndpi,37_ER_val.ndpi,37_17,31215.58217324919,5723.716532649193,0.907338096858342,0.907338096858342,ER,17761.334339347162,9613.715636828103
37,37_HE_val.ndpi,37_ER_val.ndpi,37_18,30180.788964753672,4761.5284869792795,0.907338096858342,0.907338096858342,ER,18608.78004889182,10206.337962347427
37,37_HE_val.ndpi,37_ER_val.ndpi,37_19,34122.70456389594,4378.907934207952,0.907338096858342,0.907338096858342,ER,15726.38677207669,10026.476810449176
37,37_HE_val.ndpi,37_ER_val.ndpi,37_20,35586.44882103857,13208.412071271056,0.907338096858342,0.907338096858342,ER,12684.802000822216,5810.8063544098795
37,37_HE_val.ndpi,37_ER_val.ndpi,37_21,29917.16489338685,11659.372375341774,0.907338096858342,0.907338096858342,ER,17359.81674551765,6333.510866329032
37,37_HE_val.ndpi,37_ER_val.ndpi,37_22,30441.00498090765,13499.56428576752,0.907338096858342,0.907338096858342,ER,16077.63499894319,5437.87914963944
37,37_HE_val.ndpi,37_ER_val.ndpi,37_23,31782.277926564093,12983.864063828776,0.907338096858342,0.907338096858342,ER,15272.919503667645,5824.153801692934
37,37_HE_val.ndpi,37_ER_val.ndpi,37_24,32426.699009820677,11867.141872705588,0.907338096858342,0.907338096858342,ER,15415.72048974392,6427.194936741389
37,37_HE_val.ndpi,37_ER_val.ndpi,37_25,33190.21951374123,11247.552996635908,0.907338096858342,0.907338096858342,ER,15099.711078037257,6685.906447886201
37,37_HE_val.ndpi,37_ER_val.ndpi,37_26,33973.902526667975,12726.240448799015,0.907338096858342,0.907338096858342,ER,13970.537687975882,6002.858231645318
37,37_HE_val.ndpi,37_ER_val.ndpi,37_27,36944.55357026035,12654.10499538611,0.907338096858342,0.907338096858342,ER,11978.235920688501,6010.153292098373
37,37_HE_val.ndpi,37_ER_val.ndpi,37_28,33844.85611073627,7527.011127028079,0.907338096858342,0.907338096858342,ER,15673.97449782299,8650.433978159674
37,37_HE_val.ndpi,37_ER_val.ndpi,37_29,36363.09629239057,5236.129602168078,0.907338096858342,0.907338096858342,ER,14336.45933173442,9672.29303625959
37,37_HE_val.ndpi,37_ER_val.ndpi,37_30,36619.07359729079,9326.291915584032,0.907338096858342,0.907338096858342,ER,13243.78933568431,7317.787053975129
37,37_HE_val.ndpi,37_ER_val.ndpi,37_31,39899.54043323002,6779.536768710542,0.907338096858342,0.907338096858342,ER,11110.524698947685,8490.660804583156
37,37_HE_val.ndpi,37_ER_val.ndpi,37_32,42940.01340152916,11060.784470994324,0.907338096858342,0.907338096858342,ER,8113.899320875624,6099.69571191522
37,37_HE_val.ndpi,37_ER_val.ndpi,37_33,42857.935639890056,9541.531617162791,0.907338096858342,0.907338096858342,ER,8363.181202461465,7022.659895637939
37,37_HE_val.ndpi,37_ER_val.ndpi,37_34,42577.02645491273,5424.372521070106,0.907338096858342,0.907338096858342,ER,9393.298102449131,9840.116599527957
37,37_HE_val.ndpi,37_ER_val.ndpi,37_35,42604.45130224168,3318.5400687432843,0.907338096858342,0.907338096858342,ER,9979.790018381624,11330.132968873162
37,37_HE_val.ndpi,37_ER_val.ndpi,37_36,41383.05603975519,1954.6486923000355,0.907338096858342,0.907338096858342,ER,11107.89822118867,12086.143063030808
37,37_HE_val.ndpi,37_ER_val.ndpi,37_37,37891.90124781467,5985.25305850545,0.907338096858342,0.907338096858342,ER,13123.851025380663,9084.057069120587
37,37_HE_val.ndpi,37_ER_val.ndpi,37_38,37942.79271708495,7685.0281321324865,0.907338096858342,0.907338096858342,ER,12734.112406551418,8036.827684534603
37,37_HE_val.ndpi,37_ER_val.ndpi,37_39,39744.35072925252,8967.49315774329,0.907338096858342,0.907338096858342,ER,11191.646210467376,7157.91391413526
37,37_HE_val.ndpi,37_ER_val.ndpi,37_40,39902.263565633504,10943.15427904908,0.907338096858342,0.907338096858342,ER,10884.401151778942,6394.812584953203
37,37_HE_val.ndpi,37_ER_val.ndpi,37_41,40513.110478519935,12166.327350195415,0.907338096858342,0.907338096858342,ER,9860.377420853287,5864.427879451019
37,37_HE_val.ndpi,37_ER_val.ndpi,37_42,37007.706075183705,11995.332013447305,0.907338096858342,0.907338096858342,ER,12063.019261047131,6291.147096319622
37,37_HE_val.ndpi,37_ER_val.ndpi,37_43,40989.115354427864,6944.862603065659,0.907338096858342,0.907338096858342,ER,10148.563625586217,8477.556614510908
37,37_HE_val.ndpi,37_ER_val.ndpi,37_44,35466.207849915445,9362.874546637991,0.907338096858342,0.907338096858342,ER,13950.255192050867,7438.057815674323
37,37_HE_val.ndpi,37_ER_val.ndpi,37_45,33846.39860980813,3971.138162071593,0.907338096858342,0.907338096858342,ER,15962.800412989096,10167.562280167676
37,37_HE_val.ndpi,37_ER_val.ndpi,37_46,33423.096939476476,6726.205528016187,0.907338096858342,0.907338096858342,ER,16034.823698456716,9125.187508694802
37,37_HE_val.ndpi,37_ER_val.ndpi,37_47,34203.421492405236,6167.780661045566,0.907338096858342,0.907338096858342,ER,15496.00855450031,9303.615567155199
37,37_HE_val.ndpi,37_ER_val.ndpi,37_48,35487.64572929942,5625.488075688763,0.907338096858342,0.907338096858342,ER,14708.67307026057,9535.8745114058
37,37_HE_val.ndpi,37_ER_val.ndpi,37_49,34462.28440644207,9040.50922960098,0.907338096858342,0.907338096858342,ER,14864.156536594972,7667.565965535064
37,37_HE_val.ndpi,37_ER_val.ndpi,37_50,38560.95703291424,12713.487475136526,0.907338096858342,0.907338096858342,ER,10909.051700922519,5778.841676363193
81,81_HE_val.ndpi,81_ER_val.ndpi,81_1,14098.972797697299,3667.573967932627,0.9109542245502164,0.9109542245502164,ER,320.03008334984327,4244.903049311274
81,81_HE_val.ndpi,81_ER_val.ndpi,81_2,14816.866587890168,3497.6025096998546,0.9109542245502164,0.9109542245502164,ER,336.96643504176535,4025.8697189049726
81,81_HE_val.ndpi,81_ER_val.ndpi,81_3,14121.204538391159,4900.083940622817,0.9109542245502164,0.9109542245502164,ER,317.7950593027584,5138.524159330398
81,81_HE_val.ndpi,81_ER_val.ndpi,81_4,16885.989261511222,3046.119133250959,0.9109542245502164,0.9109542245502164,ER,113.01732858855823,3561.775849776505
81,81_HE_val.ndpi,81_ER_val.ndpi,81_5,14935.671015587724,6721.889393677012,0.9109542245502164,0.9109542245502164,ER,523.141733707706,6487.35567415252
81,81_HE_val.ndpi,81_ER_val.ndpi,81_6,18246.092595473085,5107.39605438314,0.9109542245502164,0.9109542245502164,ER,788.1702363196894,5575.764685853303
81,81_HE_val.ndpi,81_ER_val.ndpi,81_7,13634.066154282937,10608.854080765366,0.9109542245502164,0.9109542245502164,ER,825.3687281759045,9468.092856681445
81,81_HE_val.ndpi,81_ER_val.ndpi,81_8,15083.008606738797,8336.632325857265,0.9109542245502164,0.9109542245502164,ER,640.7292043462986,7848.018678803106
81,81_HE_val.ndpi,81_ER_val.ndpi,81_9,15162.194623737592,10566.29238070965,0.9109542245502164,0.9109542245502164,ER,1409.4416333345023,9590.564386219978
81,81_HE_val.ndpi,81_ER_val.ndpi,81_10,15772.424139177989,10005.350031128926,0.9109542245502164,0.9109542245502164,ER,1407.4313884684354,9231.268341803081
81,81_HE_val.ndpi,81_ER_val.ndpi,81_11,29010.335312518204,13027.44719213387,0.9109542245502164,0.9109542245502164,ER,8324.819718501805,12004.552074534246
81,81_HE_val.ndpi,81_ER_val.ndpi,81_12,29484.602737330668,14195.231442662836,0.9109542245502164,0.9109542245502164,ER,8201.298781993562,12451.01399779347
81,81_HE_val.ndpi,81_ER_val.ndpi,81_13,29334.87429462933,15471.501999993667,0.9109542245502164,0.9109542245502164,ER,8074.5147275053305,13321.255988711777
81,81_HE_val.ndpi,81_ER_val.ndpi,81_14,28492.738908443764,9491.214893811042,0.9109542245502164,0.9109542245502164,ER,8168.442781016319,9666.095949865377
81,81_HE_val.ndpi,81_ER_val.ndpi,81_15,26900.362276006454,9689.780681078615,0.9109542245502164,0.9109542245502164,ER,7534.404905037161,9788.004265878222
81,81_HE_val.ndpi,81_ER_val.ndpi,81_16,27729.04268955226,9478.434250403536,0.9109542245502164,0.9109542245502164,ER,7857.839406203443,9639.847675750992
81,81_HE_val.ndpi,81_ER_val.ndpi,81_17,28673.36851583997,11523.431367243753,0.9109542245502164,0.9109542245502164,ER,8274.624607863334,11101.786506385084
81,81_HE_val.ndpi,81_ER_val.ndpi,81_18,23769.337938221066,10704.922503939417,0.9109542245502164,0.9109542245502164,ER,6234.051750528519,10334.739974424536
81,81_HE_val.ndpi,81_ER_val.ndpi,81_19,25355.31975147755,7842.027005389666,0.9109542245502164,0.9109542245502164,ER,6214.706628855437,8736.237901267175
81,81_HE_val.ndpi,81_ER_val.ndpi,81_20,21592.347661393844,3578.1959138985667,0.9109542245502164,0.9109542245502164,ER,1680.802254005639,4563.636671400915
81,81_HE_val.ndpi,81_ER_val.ndpi,81_21,21876.836600916635,4210.348171320635,0.9109542245502164,0.9109542245502164,ER,2032.871325713424,5188.483269485993
81,81_HE_val.ndpi,81_ER_val.ndpi,81_22,23550.187973916618,4808.561984623594,0.9109542245502164,0.9109542245502164,ER,2883.0844443773854,6083.661212620038
81,81_HE_val.ndpi,81_ER_val.ndpi,81_23,19370.32864259194,4154.277426606727,0.9109542245502164,0.9109542245502164,ER,797.1816821564742,4871.846381089068
81,81_HE_val.ndpi,81_ER_val.ndpi,81_24,17776.690680135518,3105.617743548431,0.9109542245502164,0.9109542245502164,ER,252.63949835504306,3653.585521843457
81,81_HE_val.ndpi,81_ER_val.ndpi,81_25,21523.370912123908,5524.813779014248,0.9109542245502164,0.9109542245502164,ER,2411.9841867554223,6348.161135483255
81,81_HE_val.ndpi,81_ER_val.ndpi,81_26,22783.609317263268,7111.748511965006,0.9109542245502164,0.9109542245502164,ER,4012.7798313266044,7920.0080919092115
81,81_HE_val.ndpi,81_ER_val.ndpi,81_27,26104.452179470678,5775.416672024612,0.9109542245502164,0.9109542245502164,ER,5013.542707459651,7302.887353360042
81,81_HE_val.ndpi,81_ER_val.ndpi,81_28,27240.761747708922,6925.821313634146,0.9109542245502164,0.9109542245502164,ER,6847.801625397729,8298.757381317224
81,81_HE_val.ndpi,81_ER_val.ndpi,81_29,28196.559962419426,3235.6055651766064,0.9109542245502164,0.9109542245502164,ER,4576.192641610993,5330.494716457338
81,81_HE_val.ndpi,81_ER_val.ndpi,81_30,28359.87090836776,4117.585712423527,0.9109542245502164,0.9109542245502164,ER,5071.766922368794,6031.990991106909
81,81_HE_val.ndpi,81_ER_val.ndpi,81_31,28004.89856701521,5056.635649017565,0.9109542245502164,0.9109542245502164,ER,5649.032017484447,6766.335972662285
81,81_HE_val.ndpi,81_ER_val.ndpi,81_32,14058.653166469663,20441.177148748182,0.9109542245502164,0.9109542245502164,ER,2683.4379572777098,16707.765695095386
81,81_HE_val.ndpi,81_ER_val.ndpi,81_33,13905.569462744434,19419.449647293684,0.9109542245502164,0.9109542245502164,ER,2629.2444188136756,16211.334932367652
81,81_HE_val.ndpi,81_ER_val.ndpi,81_34,13284.375123528482,15125.478646746587,0.9109542245502164,0.9109542245502164,ER,2204.7801267527393,12705.501758241671
81,81_HE_val.ndpi,81_ER_val.ndpi,81_35,15599.077999447109,15070.994403400651,0.9109542245502164,0.9109542245502164,ER,2836.352625165049,13034.918855116919
81,81_HE_val.ndpi,81_ER_val.ndpi,81_36,19137.117648462063,16099.888550642012,0.9109542245502164,0.9109542245502164,ER,3826.597108428832,13830.072326647929
81,81_HE_val.ndpi,81_ER_val.ndpi,81_37,18878.84873998105,14772.358010089141,0.9109542245502164,0.9109542245502164,ER,3743.3898926434413,12878.787947386349
81,81_HE_val.ndpi,81_ER_val.ndpi,81_38,22251.30504084313,19048.631719425608,0.9109542245502164,0.9109542245502164,ER,5429.832294269036,15512.12386479036
81,81_HE_val.ndpi,81_ER_val.ndpi,81_39,23203.575449227974,18009.848234544665,0.9109542245502164,0.9109542245502164,ER,5853.010371664565,14999.792654100014
81,81_HE_val.ndpi,81_ER_val.ndpi,81_40,26534.76863501972,18280.54553159917,0.9109542245502164,0.9109542245502164,ER,7571.491177980923,14838.236366459258
81,81_HE_val.ndpi,81_ER_val.ndpi,81_41,19450.992350888715,6215.412356411107,0.9109542245502164,0.9109542245502164,ER,1770.921116945906,6702.511229673114
81,81_HE_val.ndpi,81_ER_val.ndpi,81_42,18117.191463038158,6985.403357806978,0.9109542245502164,0.9109542245502164,ER,1295.5372924132082,7281.270703572201
81,81_HE_val.ndpi,81_ER_val.ndpi,81_43,17012.674430601655,9650.908017862645,0.9109542245502164,0.9109542245502164,ER,1687.7552892258432,9129.30698941213
81,81_HE_val.ndpi,81_ER_val.ndpi,81_44,17918.840799589285,10944.006681813964,0.9109542245502164,0.9109542245502164,ER,2552.3142348306815,10121.835146843967
81,81_HE_val.ndpi,81_ER_val.ndpi,81_45,18662.640935709176,13138.603210242007,0.9109542245502164,0.9109542245502164,ER,3430.890418114991,11762.651013189647
81,81_HE_val.ndpi,81_ER_val.ndpi,81_46,20473.947795099324,12047.101718729531,0.9109542245502164,0.9109542245502164,ER,4129.93374097009,11116.908633578974
81,81_HE_val.ndpi,81_ER_val.ndpi,81_47,20582.845607664065,13579.274240705803,0.9109542245502164,0.9109542245502164,ER,4550.772607866534,12177.222395787583
81,81_HE_val.ndpi,81_ER_val.ndpi,81_48,22955.04338343689,13844.766028511012,0.9109542245502164,0.9109542245502164,ER,5998.164253607328,12418.453817889273
81,81_HE_val.ndpi,81_ER_val.ndpi,81_49,23722.646259993893,15529.83978834814,0.9109542245502164,0.9109542245502164,ER,6355.164291411596,13484.008847338908
81,81_HE_val.ndpi,81_ER_val.ndpi,81_50,19669.722126952493,9769.251218692976,0.9109542245502164,0.9109542245502164,ER,3184.666618378719,9444.703359430583
66,66_HE_val.ndpi,66_KI67_val.ndpi,66_1,24589.90132273339,11665.973854724663,0.9097732390201744,0.9097732390201744,KI67,34245.29133370627,10821.221678743897
66,66_HE_val.ndpi,66_KI67_val.ndpi,66_2,25301.030668022187,11410.736014148566,0.9097732390201744,0.9097732390201744,KI67,33378.10149071753,11345.735703778684
66,66_HE_val.ndpi,66_KI67_val.ndpi,66_3,25907.74071514167,13132.077982125333,0.9097732390201744,0.9097732390201744,KI67,32582.555850112767,9743.956278402786
66,66_HE_val.ndpi,66_KI67_val.ndpi,66_4,26689.561314266488,12366.25621463954,0.9097732390201744,0.9097732390201744,KI67,31904.43454906043,10823.975662387633
66,66_HE_val.ndpi,66_KI67_val.ndpi,66_5,27268.54492177594,10949.473272952791,0.9097732390201744,0.9097732390201744,KI67,31215.054665602016,11932.872317467627
66,66_HE_val.ndpi,66_KI67_val.ndpi,66_6,27111.513698381885,10216.737241969218,0.9097732390201744,0.9097732390201744,KI67,31403.447867445186,12221.909557360508
66,66_HE_val.ndpi,66_KI67_val.ndpi,66_7,26914.21261379641,9433.594111448778,0.9097732390201744,0.9097732390201744,KI67,31693.778659830532,12619.530444085894
66,66_HE_val.ndpi,66_KI67_val.ndpi,66_8,26593.908240728146,8648.3026868111,0.9097732390201744,0.9097732390201744,KI67,32088.587295630394,13130.302418990608
66,66_HE_val.ndpi,66_KI67_val.ndpi,66_9,28675.029121629883,8329.129564881452,0.9097732390201744,0.9097732390201744,KI67,30614.742657468567,13682.170063957994
66,66_HE_val.ndpi,66_KI67_val.ndpi,66_10,27298.97311110889,6888.556595917983,0.9097732390201744,0.9097732390201744,KI67,31744.059323077414,14396.959535602893
66,66_HE_val.ndpi,66_KI67_val.ndpi,66_11,27270.32407008724,5637.059918514624,0.9097732390201744,0.9097732390201744,KI67,31497.609237438766,15195.366773909773
66,66_HE_val.ndpi,66_KI67_val.ndpi,66_12,28366.998240730965,5012.518924380016,0.9097732390201744,0.9097732390201744,KI67,30891.493731776463,16136.61103780543
66,66_HE_val.ndpi,66_KI67_val.ndpi,66_13,30224.16452253404,4971.109453751843,0.9097732390201744,0.9097732390201744,KI67,29646.92203995256,17035.55716621775
66,66_HE_val.ndpi,66_KI67_val.ndpi,66_14,31137.964141979384,5772.655941460467,0.9097732390201744,0.9097732390201744,KI67,29037.105959683086,16673.843723490645
66,66_HE_val.ndpi,66_KI67_val.ndpi,66_15,31694.291970460494,6348.624482739026,0.9097732390201744,0.9097732390201744,KI67,28484.23107501778,16201.367849093765
66,66_HE_val.ndpi,66_KI67_val.ndpi,66_16,31248.744802066678,7935.421811018787,0.9097732390201744,0.9097732390201744,KI67,28522.982028206097,14573.174724285676
66,66_HE_val.ndpi,66_KI67_val.ndpi,66_17,32531.50236951532,8944.23111925573,0.9097732390201744,0.9097732390201744,KI67,27185.264726599115,14056.933413495759
66,66_HE_val.ndpi,66_KI67_val.ndpi,66_18,33609.956362456716,9129.060088914614,0.9097732390201744,0.9097732390201744,KI67,26428.156562541426,13981.913510787961
66,66_HE_val.ndpi,66_KI67_val.ndpi,66_19,32377.81574799528,10224.899090153624,0.9097732390201744,0.9097732390201744,KI67,26605.102948297703,13010.222365875925
66,66_HE_val.ndpi,66_KI67_val.ndpi,66_20,31491.522375381188,9421.37525423425,0.9097732390201744,0.9097732390201744,KI67,27717.47954844727,13453.937935622125
66,66_HE_val.ndpi,66_KI67_val.ndpi,66_21,31535.66437367927,11878.874568035028,0.9097732390201744,0.9097732390201744,KI67,26703.91679487137,11648.816336857913
66,66_HE_val.ndpi,66_KI67_val.ndpi,66_22,30893.849090936987,11489.678177822349,0.9097732390201744,0.9097732390201744,KI67,27447.573653188865,11903.795753827026
66,66_HE_val.ndpi,66_KI67_val.ndpi,66_23,29257.63007239445,11743.664099755972,0.9097732390201744,0.9097732390201744,KI67,29150.155138542814,11532.041687678404
66,66_HE_val.ndpi,66_KI67_val.ndpi,66_24,28114.209029198653,13595.236675341235,0.9097732390201744,0.9097732390201744,KI67,30010.024451652847,9923.917416965513
66,66_HE_val.ndpi,66_KI67_val.ndpi,66_25,28710.88147708362,11291.84868810881,0.9097732390201744,0.9097732390201744,KI67,29790.9244961929,11797.529084605383
66,66_HE_val.ndpi,66_KI67_val.ndpi,66_26,28370.115905219332,10684.74734073813,0.9097732390201744,0.9097732390201744,KI67,30117.41167741146,12156.020766825579
66,66_HE_val.ndpi,66_KI67_val.ndpi,66_27,37783.22514983576,16407.56991667014,0.9097732390201744,0.9097732390201744,KI67,20289.43680688663,9484.51099463204
66,66_HE_val.ndpi,66_KI67_val.ndpi,66_28,34268.63711417643,9145.543853816662,0.9097732390201744,0.9097732390201744,KI67,26023.918178747594,14010.534250171888
66,66_HE_val.ndpi,66_KI67_val.ndpi,66_29,30256.67691552147,8384.408255458762,0.9097732390201744,0.9097732390201744,KI67,29281.38178731396,14009.570775096
66,66_HE_val.ndpi,66_KI67_val.ndpi,66_30,29680.814434304077,7133.728769520368,0.9097732390201744,0.9097732390201744,KI67,30057.60943987344,15048.776774310045
66,66_HE_val.ndpi,66_KI67_val.ndpi,66_31,32173.781690372143,13001.324927377116,0.9097732390201744,0.9097732390201744,KI67,25614.619449736107,10745.859662091021
66,66_HE_val.ndpi,66_KI67_val.ndpi,66_32,37591.766225138825,8781.211384485228,0.9097732390201744,0.9097732390201744,KI67,23385.87137922285,14640.388274692183
66,66_HE_val.ndpi,66_KI67_val.ndpi,66_33,36991.13485980781,9061.650026319134,0.9097732390201744,0.9097732390201744,KI67,23813.875043529722,14400.781554435307
66,66_HE_val.ndpi,66_KI67_val.ndpi,66_34,26708.34099425873,15117.995683484087,0.9097732390201744,0.9097732390201744,KI67,31739.376940673093,8121.871698279868
66,66_HE_val.ndpi,66_KI67_val.ndpi,66_35,28378.854682898324,19557.265200911297,0.9097732390201744,0.9097732390201744,KI67,30513.88791853682,4255.6915616383185
66,66_HE_val.ndpi,66_KI67_val.ndpi,66_36,27970.479681277833,17585.200018534786,0.9097732390201744,0.9097732390201744,KI67,30454.057942264146,6046.185417208177
66,66_HE_val.ndpi,66_KI67_val.ndpi,66_37,24571.433126870754,13887.100968070936,0.9097732390201744,0.9097732390201744,KI67,34654.21410515778,8570.77717412545
66,66_HE_val.ndpi,66_KI67_val.ndpi,66_38,23629.02829135332,11436.023133327832,0.9097732390201744,0.9097732390201744,KI67,35112.279693949924,10586.910970854717
66,66_HE_val.ndpi,66_KI67_val.ndpi,66_39,35803.99637046143,14283.410504331785,0.9097732390201744,0.9097732390201744,KI67,21446.06648259377,10614.41872035132
66,66_HE_val.ndpi,66_KI67_val.ndpi,66_40,35871.95951979547,11956.334633625142,0.9097732390201744,0.9097732390201744,KI67,22458.09600653867,12129.626926029989
66,66_HE_val.ndpi,66_KI67_val.ndpi,66_41,42976.163578085565,17319.848381302058,0.9097732390201744,0.9097732390201744,KI67,15841.045738567362,8974.887045815098
66,66_HE_val.ndpi,66_KI67_val.ndpi,66_42,38966.774051137254,18682.675173758696,0.9097732390201744,0.9097732390201744,KI67,19566.206636025356,7271.996043233967
66,66_HE_val.ndpi,66_KI67_val.ndpi,66_43,34785.85938534254,2582.795068295021,0.9097732390201744,0.9097732390201744,KI67,27069.255426910597,19488.389420030802
66,66_HE_val.ndpi,66_KI67_val.ndpi,66_44,40259.28624127426,11611.539253909514,0.9097732390201744,0.9097732390201744,KI67,20797.57896218649,12687.438843917434
66,66_HE_val.ndpi,66_KI67_val.ndpi,66_45,26421.533460906063,18711.00929996103,0.9097732390201744,0.9097732390201744,KI67,32479.549050167097,4523.1864066286535
66,66_HE_val.ndpi,66_KI67_val.ndpi,66_46,28875.23782873326,16532.385084698937,0.9097732390201744,0.9097732390201744,KI67,29278.84812676306,7694.481570016484
66,66_HE_val.ndpi,66_KI67_val.ndpi,66_47,36496.02497622717,13219.90886908802,0.9097732390201744,0.9097732390201744,KI67,21346.82861613548,11450.998418601617
66,66_HE_val.ndpi,66_KI67_val.ndpi,66_48,39416.82222510274,9689.23457881853,0.9097732390201744,0.9097732390201744,KI67,22105.860643297015,13953.505609907315
66,66_HE_val.ndpi,66_KI67_val.ndpi,66_49,37810.584783349135,10331.089025343641,0.9097732390201744,0.9097732390201744,KI67,22583.757534056494,13529.17084052335
66,66_HE_val.ndpi,66_KI67_val.ndpi,66_50,41931.9591049888,16515.93704718555,0.9097732390201744,0.9097732390201744,KI67,16679.913427877786,9806.813207130002
78,78_HE_val.ndpi,78_ER_val.ndpi,78_1,17972.028155523883,11532.776118313059,0.907338096858342,0.907338096858342,ER,11378.521900076194,11625.855142270646
78,78_HE_val.ndpi,78_ER_val.ndpi,78_2,19294.504518058777,8130.654922938276,0.907338096858342,0.907338096858342,ER,10448.911915328887,9414.256270891523
78,78_HE_val.ndpi,78_ER_val.ndpi,78_3,19070.590288852894,11135.104911781904,0.907338096858342,0.907338096858342,ER,11744.899191216802,11533.344741765577
78,78_HE_val.ndpi,78_ER_val.ndpi,78_4,20012.67290510736,7441.54255078912,0.907338096858342,0.907338096858342,ER,10503.368106806232,8666.577705698657
78,78_HE_val.ndpi,78_ER_val.ndpi,78_5,19737.895801774204,6988.315960011141,0.907338096858342,0.907338096858342,ER,10311.408359026977,8192.833592524523
78,78_HE_val.ndpi,78_ER_val.ndpi,78_6,30992.110588351068,8026.931206104291,0.907338096858342,0.907338096858342,ER,19111.431024068177,8099.338787546371
78,78_HE_val.ndpi,78_ER_val.ndpi,78_7,31319.786166022634,9136.611292744232,0.907338096858342,0.907338096858342,ER,20708.891556669118,9379.136230686581
78,78_HE_val.ndpi,78_ER_val.ndpi,78_8,30745.746286002788,7665.483847467557,0.907338096858342,0.907338096858342,ER,18714.25248619356,7695.037718043327
78,78_HE_val.ndpi,78_ER_val.ndpi,78_9,34215.651052849615,8771.177328956757,0.907338096858342,0.907338096858342,ER,22183.279116252113,8889.400781534387
78,78_HE_val.ndpi,78_ER_val.ndpi,78_10,33445.291948826736,9194.114738097984,0.907338096858342,0.907338096858342,ER,21737.213960638048,9316.747250344113
78,78_HE_val.ndpi,78_ER_val.ndpi,78_11,34550.14486358918,8027.062671306353,0.907338096858342,0.907338096858342,ER,22270.925321889234,8224.701090992792
78,78_HE_val.ndpi,78_ER_val.ndpi,78_12,32877.427275991715,7863.361240918672,0.907338096858342,0.907338096858342,ER,19874.966914135726,7967.650377327234
78,78_HE_val.ndpi,78_ER_val.ndpi,78_13,33835.46516629686,5694.3806900710315,0.907338096858342,0.907338096858342,ER,20734.76663771701,5739.567179641729
78,78_HE_val.ndpi,78_ER_val.ndpi,78_14,32525.862682333438,6855.609450412773,0.907338096858342,0.907338096858342,ER,19535.146170975197,7083.891321506273
78,78_HE_val.ndpi,78_ER_val.ndpi,78_15,34107.86381357012,4466.027300333006,0.907338096858342,0.907338096858342,ER,20729.50698099146,4351.158942169375
78,78_HE_val.ndpi,78_ER_val.ndpi,78_16,32737.846199264663,4526.589658205074,0.907338096858342,0.907338096858342,ER,19491.925295154106,4257.7262616481175
78,78_HE_val.ndpi,78_ER_val.ndpi,78_17,32786.300464793574,3690.0746835024934,0.907338096858342,0.907338096858342,ER,19658.240701822127,3258.5356516522756
78,78_HE_val.ndpi,78_ER_val.ndpi,78_18,31332.5536289941,5228.612305982761,0.907338096858342,0.907338096858342,ER,18719.844085577522,5183.4932321421165
78,78_HE_val.ndpi,78_ER_val.ndpi,78_19,32027.381069448198,6279.630930424532,0.907338096858342,0.907338096858342,ER,19118.608923402386,6249.000961161396
78,78_HE_val.ndpi,78_ER_val.ndpi,78_20,33188.21328847187,6709.786818745733,0.907338096858342,0.907338096858342,ER,20219.317639264984,6965.318071848889
78,78_HE_val.ndpi,78_ER_val.ndpi,78_21,35558.51532154656,11914.256399243377,0.907338096858342,0.907338096858342,ER,26026.9668092909,11918.432395936772
78,78_HE_val.ndpi,78_ER_val.ndpi,78_22,34479.04280701945,13400.111608046665,0.907338096858342,0.907338096858342,ER,25530.092894551235,13720.617984773746
78,78_HE_val.ndpi,78_ER_val.ndpi,78_23,32990.126780739796,13547.770059785273,0.907338096858342,0.907338096858342,ER,24324.764081702247,14423.757461908925
78,78_HE_val.ndpi,78_ER_val.ndpi,78_24,32443.74510184887,12863.743014360563,0.907338096858342,0.907338096858342,ER,23650.29866228391,13818.31353168461
78,78_HE_val.ndpi,78_ER_val.ndpi,78_25,37573.289685114345,9003.789679597281,0.907338096858342,0.907338096858342,ER,26424.933968486184,9020.1494598942
78,78_HE_val.ndpi,78_ER_val.ndpi,78_26,36881.5715544832,8165.307790545299,0.907338096858342,0.907338096858342,ER,25537.063390853702,8281.73360573605
78,78_HE_val.ndpi,78_ER_val.ndpi,78_27,39209.756727496584,6302.293416073084,0.907338096858342,0.907338096858342,ER,26797.584806144903,6466.512231360417
78,78_HE_val.ndpi,78_ER_val.ndpi,78_28,39161.67361496276,5549.932796815595,0.907338096858342,0.907338096858342,ER,26427.28045188988,5764.348914903542
78,78_HE_val.ndpi,78_ER_val.ndpi,78_29,37600.38373457866,5767.721317056935,0.907338096858342,0.907338096858342,ER,25248.949507990852,6019.863238647712
78,78_HE_val.ndpi,78_ER_val.ndpi,78_30,37094.095827022145,7156.477409430036,0.907338096858342,0.907338096858342,ER,25390.812970878695,7350.862421535136
78,78_HE_val.ndpi,78_ER_val.ndpi,78_31,41504.44980278419,20971.52239271167,0.907338096858342,0.907338096858342,ER,34800.24259008133,19778.67676665041
78,78_HE_val.ndpi,78_ER_val.ndpi,78_32,40892.226371019984,20145.93389859573,0.907338096858342,0.907338096858342,ER,33925.756168089654,19045.995960585766
78,78_HE_val.ndpi,78_ER_val.ndpi,78_33,41331.439609102854,19046.05466606861,0.907338096858342,0.907338096858342,ER,33752.394375140335,18049.927429194806
78,78_HE_val.ndpi,78_ER_val.ndpi,78_34,40270.61107381299,21907.238545560343,0.907338096858342,0.907338096858342,ER,34212.326970028465,20688.22794365499
78,78_HE_val.ndpi,78_ER_val.ndpi,78_35,37138.44877809891,21709.49439292089,0.907338096858342,0.907338096858342,ER,31568.314992432224,20607.686897432755
78,78_HE_val.ndpi,78_ER_val.ndpi,78_36,35262.26119712761,19715.455636565963,0.907338096858342,0.907338096858342,ER,29592.263301831816,18812.71009590341
78,78_HE_val.ndpi,78_ER_val.ndpi,78_37,31132.110334779125,19106.624760926523,0.907338096858342,0.907338096858342,ER,27254.631323970003,18871.426590808645
78,78_HE_val.ndpi,78_ER_val.ndpi,78_38,31820.77517756655,21387.37435644124,0.907338096858342,0.907338096858342,ER,30145.39358137268,20208.751545534113
78,78_HE_val.ndpi,78_ER_val.ndpi,78_39,29532.023893880367,13906.151607391623,0.907338096858342,0.907338096858342,ER,22876.91881520187,14938.942543375082
78,78_HE_val.ndpi,78_ER_val.ndpi,78_40,30230.19931956674,11389.1689093537,0.907338096858342,0.907338096858342,ER,22111.034024137905,12230.382307874419
78,78_HE_val.ndpi,78_ER_val.ndpi,78_41,29274.28987851377,9973.897185803398,0.907338096858342,0.907338096858342,ER,20097.155481304864,10968.681377878518
78,78_HE_val.ndpi,78_ER_val.ndpi,78_42,29245.892444118883,9269.551712498982,0.907338096858342,0.907338096858342,ER,19243.649120853763,10112.054731936185
78,78_HE_val.ndpi,78_ER_val.ndpi,78_43,27714.811697653087,7339.650483658127,0.907338096858342,0.907338096858342,ER,16142.639027625868,8040.37750943391
78,78_HE_val.ndpi,78_ER_val.ndpi,78_44,20631.94051187959,11331.00064300674,0.907338096858342,0.907338096858342,ER,13155.003589993888,11626.300918510027
78,78_HE_val.ndpi,78_ER_val.ndpi,78_45,20139.530839293937,10655.812750651898,0.907338096858342,0.907338096858342,ER,12164.020511576773,11240.79806964875
78,78_HE_val.ndpi,78_ER_val.ndpi,78_46,19758.97032843605,10333.904967018985,0.907338096858342,0.907338096858342,ER,11688.63828961224,11066.559271998349
78,78_HE_val.ndpi,78_ER_val.ndpi,78_47,16907.880689882953,8706.174592677538,0.907338096858342,0.907338096858342,ER,9322.259619704437,10065.028329438275
78,78_HE_val.ndpi,78_ER_val.ndpi,78_48,16355.454064695048,9497.303757032296,0.907338096858342,0.907338096858342,ER,9006.754657158346,10663.289392136086
78,78_HE_val.ndpi,78_ER_val.ndpi,78_49,23414.270473985092,11722.825070998753,0.907338096858342,0.907338096858342,ER,15658.92732035328,12343.790564200297
78,78_HE_val.ndpi,78_ER_val.ndpi,78_50,23785.625052884483,13121.059081385083,0.907338096858342,0.907338096858342,ER,17519.97403030653,13142.113363041033
17,17_HE_val.ndpi,17_PGR_val.ndpi,17_1,24665.309058420185,1781.1552505832342,0.919793966151582,0.919793966151582,PGR,27911.846712170413,4196.721744415769
17,17_HE_val.ndpi,17_PGR_val.ndpi,17_2,26042.232427325333,1774.950592437039,0.919793966151582,0.919793966151582,PGR,28530.314652326302,3712.725163453888
17,17_HE_val.ndpi,17_PGR_val.ndpi,17_3,23945.676804449162,1668.6375180831174,0.919793966151582,0.919793966151582,PGR,27534.07956675053,4328.747252129965
17,17_HE_val.ndpi,17_PGR_val.ndpi,17_4,24099.157030278442,3165.757788843204,0.919793966151582,0.919793966151582,PGR,27163.464045585624,5477.330494788966
17,17_HE_val.ndpi,17_PGR_val.ndpi,17_5,25387.887143159718,3054.5168283017592,0.919793966151582,0.919793966151582,PGR,28148.83112219154,5069.464265442366
17,17_HE_val.ndpi,17_PGR_val.ndpi,17_6,26687.57728931892,3384.9364345236436,0.919793966151582,0.919793966151582,PGR,28969.977974798767,5180.295946107083
17,17_HE_val.ndpi,17_PGR_val.ndpi,17_7,26815.99194441842,2522.0922518662856,0.919793966151582,0.919793966151582,PGR,29344.620532527097,4307.912566652205
17,17_HE_val.ndpi,17_PGR_val.ndpi,17_8,26227.655483058883,4360.574723679466,0.919793966151582,0.919793966151582,PGR,28411.111326945134,6351.81491783014
17,17_HE_val.ndpi,17_PGR_val.ndpi,17_9,27473.92664189614,4563.785248685299,0.919793966151582,0.919793966151582,PGR,29766.48162770829,6364.388261964813
17,17_HE_val.ndpi,17_PGR_val.ndpi,17_10,28848.178575048598,1742.6070697365858,0.919793966151582,0.919793966151582,PGR,32400.619498668468,3891.5523107844747
17,17_HE_val.ndpi,17_PGR_val.ndpi,17_11,32149.319839053453,2401.8224459019216,0.919793966151582,0.919793966151582,PGR,36530.309741084995,4678.5699780307
17,17_HE_val.ndpi,17_PGR_val.ndpi,17_12,32851.363793457655,3143.2927468000844,0.919793966151582,0.919793966151582,PGR,36897.93127906454,5390.235898812199
17,17_HE_val.ndpi,17_PGR_val.ndpi,17_13,34581.662348976,7197.55248500485,0.919793966151582,0.919793966151582,PGR,37180.134598805525,9188.14682703511
17,17_HE_val.ndpi,17_PGR_val.ndpi,17_14,37287.13805371883,9394.244805835951,0.919793966151582,0.919793966151582,PGR,38756.63199959879,11317.114997611838
17,17_HE_val.ndpi,17_PGR_val.ndpi,17_15,36655.69668225658,10199.65471841534,0.919793966151582,0.919793966151582,PGR,38022.049828150055,12030.80157577208
17,17_HE_val.ndpi,17_PGR_val.ndpi,17_16,35283.27819122138,13247.325827615708,0.919793966151582,0.919793966151582,PGR,36083.84254788996,14775.126341039382
17,17_HE_val.ndpi,17_PGR_val.ndpi,17_17,34593.847306053416,11443.207623437902,0.919793966151582,0.919793966151582,PGR,36015.412753018456,13085.805626012874
17,17_HE_val.ndpi,17_PGR_val.ndpi,17_18,36107.307531456456,15351.096467604691,0.919793966151582,0.919793966151582,PGR,36171.32338668006,16738.376194174954
17,17_HE_val.ndpi,17_PGR_val.ndpi,17_19,35271.33836699076,20450.469144478764,0.919793966151582,0.919793966151582,PGR,34109.880407462406,21386.49403054869
17,17_HE_val.ndpi,17_PGR_val.ndpi,17_20,27482.31591867314,18724.42187369441,0.919793966151582,0.919793966151582,PGR,27220.05163601061,18229.231457513906
17,17_HE_val.ndpi,17_PGR_val.ndpi,17_21,27173.925420357948,17517.047552392974,0.919793966151582,0.919793966151582,PGR,27066.56422080529,17383.827619989122
17,17_HE_val.ndpi,17_PGR_val.ndpi,17_22,27993.660525993575,14817.786861186649,0.919793966151582,0.919793966151582,PGR,28006.963841706423,16217.266066347102
17,17_HE_val.ndpi,17_PGR_val.ndpi,17_23,29528.79488790068,13846.58321866948,0.919793966151582,0.919793966151582,PGR,30418.492089307,15289.156029936858
17,17_HE_val.ndpi,17_PGR_val.ndpi,17_24,28822.60146767237,12495.714042660771,0.919793966151582,0.919793966151582,PGR,29645.01266071443,14017.210182966384
17,17_HE_val.ndpi,17_PGR_val.ndpi,17_25,28939.001887522838,8357.632967585912,0.919793966151582,0.919793966151582,PGR,30920.50473819054,10085.598318034248
17,17_HE_val.ndpi,17_PGR_val.ndpi,17_26,29391.90393375293,8977.181119339059,0.919793966151582,0.919793966151582,PGR,31506.665065257042,10658.458541979404
17,17_HE_val.ndpi,17_PGR_val.ndpi,17_27,29282.479124593312,6798.0969444527345,0.919793966151582,0.919793966151582,PGR,31880.172549632698,8704.519507791973
17,17_HE_val.ndpi,17_PGR_val.ndpi,17_28,33438.44683157072,5993.639004912422,0.919793966151582,0.919793966151582,PGR,36592.85716310444,8037.057843953231
17,17_HE_val.ndpi,17_PGR_val.ndpi,17_29,32366.495752618917,8740.01035817692,0.919793966151582,0.919793966151582,PGR,34973.98091041991,10515.00861778826
17,17_HE_val.ndpi,17_PGR_val.ndpi,17_30,34707.660261127334,9449.260408511758,0.919793966151582,0.919793966151582,PGR,36663.83831281924,11262.14568233734
17,17_HE_val.ndpi,17_PGR_val.ndpi,17_31,35699.00422587287,8680.684093793207,0.919793966151582,0.919793966151582,PGR,37674.9857376195,10596.754820828051
17,17_HE_val.ndpi,17_PGR_val.ndpi,17_32,36516.04910070868,7684.827024240929,0.919793966151582,0.919793966151582,PGR,38604.24806234261,9714.815055798455
17,17_HE_val.ndpi,17_PGR_val.ndpi,17_33,30946.802412630583,10696.056439518996,0.919793966151582,0.919793966151582,PGR,32954.843004716946,12285.247300755156
17,17_HE_val.ndpi,17_PGR_val.ndpi,17_34,29364.744237775278,3851.471251025205,0.919793966151582,0.919793966151582,PGR,32933.931248505294,5824.932558958176
17,17_HE_val.ndpi,17_PGR_val.ndpi,17_35,32290.481520421934,5727.099723510544,0.919793966151582,0.919793966151582,PGR,35740.34940126391,7745.022944160029
17,17_HE_val.ndpi,17_PGR_val.ndpi,17_36,36171.25075078175,2931.160397686194,0.919793966151582,0.919793966151582,PGR,39630.23308731757,5330.980340785899
17,17_HE_val.ndpi,17_PGR_val.ndpi,17_37,39709.96175747431,3006.9688031189808,0.919793966151582,0.919793966151582,PGR,42461.613635211404,5545.289429373575
17,17_HE_val.ndpi,17_PGR_val.ndpi,17_38,38855.703365609486,2733.047293404835,0.919793966151582,0.919793966151582,PGR,41846.670903904174,5258.583558574287
17,17_HE_val.ndpi,17_PGR_val.ndpi,17_39,37549.003331867796,3905.1632116998094,0.919793966151582,0.919793966151582,PGR,40477.455416712895,6281.034263086964
17,17_HE_val.ndpi,17_PGR_val.ndpi,17_40,39896.679218354315,6231.044638742339,0.919793966151582,0.919793966151582,PGR,41731.71067376447,8518.941042690032
17,17_HE_val.ndpi,17_PGR_val.ndpi,17_41,32482.73243643477,13067.704769961643,0.919793966151582,0.919793966151582,PGR,33876.19326691678,14495.382963097485
17,17_HE_val.ndpi,17_PGR_val.ndpi,17_42,37249.25674875068,13114.468127458063,0.919793966151582,0.919793966151582,PGR,37704.00511494323,14733.446893485638
17,17_HE_val.ndpi,17_PGR_val.ndpi,17_43,38209.065410842166,12259.45342139937,0.919793966151582,0.919793966151582,PGR,38708.48820510568,13985.559888343938
17,17_HE_val.ndpi,17_PGR_val.ndpi,17_44,37556.92847153518,11139.292934356921,0.919793966151582,0.919793966151582,PGR,38485.96278522421,12928.306856556566
17,17_HE_val.ndpi,17_PGR_val.ndpi,17_45,32298.38671682273,15608.817928748509,0.919793966151582,0.919793966151582,PGR,33032.87062441341,16819.27333696343
17,17_HE_val.ndpi,17_PGR_val.ndpi,17_46,31343.45412113072,15052.844332503257,0.919793966151582,0.919793966151582,PGR,32197.650216298138,16300.857167125327
17,17_HE_val.ndpi,17_PGR_val.ndpi,17_47,29949.89210875985,16006.380165153198,0.919793966151582,0.919793966151582,PGR,30434.8046714074,17088.545159275865
17,17_HE_val.ndpi,17_PGR_val.ndpi,17_48,25825.5319139575,7680.935151912234,0.919793966151582,0.919793966151582,PGR,26654.178425248432,9618.665549433175
17,17_HE_val.ndpi,17_PGR_val.ndpi,17_49,25869.627235349668,6759.902949992511,0.919793966151582,0.919793966151582,PGR,26722.635349517393,8753.43715950408
17,17_HE_val.ndpi,17_PGR_val.ndpi,17_50,30682.64009710424,4594.381426606742,0.919793966151582,0.919793966151582,PGR,34458.62808214111,6642.2577085869425
27,27_HE_val.ndpi,27_KI67_val.ndpi,27_0,27760.170830803974,8424.978467620318,0.9109542245502164,0.9109542245502164,KI67,7276.143168689853,13855.175140414494
27,27_HE_val.ndpi,27_KI67_val.ndpi,27_1,28019.18124679707,7547.518710489739,0.9109542245502164,0.9109542245502164,KI67,7384.318201396997,14614.721329475587
27,27_HE_val.ndpi,27_KI67_val.ndpi,27_2,25882.885310639835,7424.809712041709,0.9109542245502164,0.9109542245502164,KI67,8691.390007043185,14295.41840364247
27,27_HE_val.ndpi,27_KI67_val.ndpi,27_3,25841.987984457865,6942.430948956807,0.9109542245502164,0.9109542245502164,KI67,8777.127479155964,14586.462823230699
27,27_HE_val.ndpi,27_KI67_val.ndpi,27_4,24334.94249743767,7114.445281195459,0.9109542245502164,0.9109542245502164,KI67,9596.224961434693,14161.266764617207
27,27_HE_val.ndpi,27_KI67_val.ndpi,27_5,25995.055691183883,12167.636920381443,0.9109542245502164,0.9109542245502164,KI67,7551.302908363216,10466.49477262182
27,27_HE_val.ndpi,27_KI67_val.ndpi,27_6,23351.611468697218,6753.11526142184,0.9109542245502164,0.9109542245502164,KI67,10257.223283859263,14271.00106121302
27,27_HE_val.ndpi,27_KI67_val.ndpi,27_7,23691.76807455727,5388.658555556009,0.9109542245502164,0.9109542245502164,KI67,10284.887574726106,15194.77684383109
27,27_HE_val.ndpi,27_KI67_val.ndpi,27_8,23599.517565053244,4651.44563383025,0.9109542245502164,0.9109542245502164,KI67,10540.47577845338,15620.95542737453
27,27_HE_val.ndpi,27_KI67_val.ndpi,27_9,21400.287603977664,6241.701296654758,0.9109542245502164,0.9109542245502164,KI67,11393.906218303306,14321.984021261826
27,27_HE_val.ndpi,27_KI67_val.ndpi,27_10,24808.809871295038,12570.24884157781,0.9109542245502164,0.9109542245502164,KI67,8252.336998653409,10074.261896585966
27,27_HE_val.ndpi,27_KI67_val.ndpi,27_11,15489.745503755452,16539.819430132404,0.9109542245502164,0.9109542245502164,KI67,14994.21011426404,7079.005448459614
27,27_HE_val.ndpi,27_KI67_val.ndpi,27_12,15626.816821728464,16193.28303956542,0.9109542245502164,0.9109542245502164,KI67,14859.805596872036,7183.021978514091
27,27_HE_val.ndpi,27_KI67_val.ndpi,27_13,13845.100382325492,12387.50189846858,0.9109542245502164,0.9109542245502164,KI67,15633.099961475973,9085.250002029614
27,27_HE_val.ndpi,27_KI67_val.ndpi,27_14,18963.259007950877,9752.683928366121,0.9109542245502164,0.9109542245502164,KI67,12263.477725832876,11354.554555698174
27,27_HE_val.ndpi,27_KI67_val.ndpi,27_15,18184.078970340328,9422.312321940257,0.9109542245502164,0.9109542245502164,KI67,12909.98314324607,11524.47053294426
27,27_HE_val.ndpi,27_KI67_val.ndpi,27_16,16917.880209209772,9331.008707204317,0.9109542245502164,0.9109542245502164,KI67,13752.572867215,11463.740171580495
27,27_HE_val.ndpi,27_KI67_val.ndpi,27_17,15256.988886102748,7679.500020708148,0.9109542245502164,0.9109542245502164,KI67,15280.936874242881,12510.345039219821
27,27_HE_val.ndpi,27_KI67_val.ndpi,27_18,14291.152643429326,5645.639047222049,0.9109542245502164,0.9109542245502164,KI67,16217.56429499755,13889.41268712414
27,27_HE_val.ndpi,27_KI67_val.ndpi,27_19,13942.487889358632,4603.6676306524105,0.9109542245502164,0.9109542245502164,KI67,16675.006860493882,14762.694177505196
27,27_HE_val.ndpi,27_KI67_val.ndpi,27_20,18938.252516668217,15291.157291248264,0.9109542245502164,0.9109542245502164,KI67,11608.366512058392,7806.119405890492
27,27_HE_val.ndpi,27_KI67_val.ndpi,27_21,17936.194826424176,12857.188896631758,0.9109542245502164,0.9109542245502164,KI67,12629.447162824434,9073.23551943827
27,27_HE_val.ndpi,27_KI67_val.ndpi,27_22,20027.14168086285,18025.95618894294,0.9109542245502164,0.9109542245502164,KI67,11222.466671521368,6105.451133491892
27,27_HE_val.ndpi,27_KI67_val.ndpi,27_23,19031.08865960192,10817.432500545096,0.9109542245502164,0.9109542245502164,KI67,12009.316186938984,10645.098842840982
27,27_HE_val.ndpi,27_KI67_val.ndpi,27_24,13492.628974931926,11149.56568279119,0.9109542245502164,0.9109542245502164,KI67,15837.645561521183,9963.047360703235
27,27_HE_val.ndpi,27_KI67_val.ndpi,27_25,12590.747415177055,9706.899938590172,0.9109542245502164,0.9109542245502164,KI67,16682.5700197913,11083.719692167922
27,27_HE_val.ndpi,27_KI67_val.ndpi,27_26,22187.75871096269,19475.978655253453,0.9109542245502164,0.9109542245502164,KI67,9876.090584738851,4800.705260262216
27,27_HE_val.ndpi,27_KI67_val.ndpi,27_27,22222.01862177103,15701.830508217496,0.9109542245502164,0.9109542245502164,KI67,9344.13847475362,7440.021124232896
27,27_HE_val.ndpi,27_KI67_val.ndpi,27_28,23060.264081824316,11789.030756552414,0.9109542245502164,0.9109542245502164,KI67,9338.38368222001,10451.32337293097
27,27_HE_val.ndpi,27_KI67_val.ndpi,27_29,19839.501423910282,12796.755261103359,0.9109542245502164,0.9109542245502164,KI67,11302.908393381394,9402.64585429814
27,27_HE_val.ndpi,27_KI67_val.ndpi,27_30,19203.835235305167,8569.688775740895,0.9109542245502164,0.9109542245502164,KI67,12357.219025955352,12296.179871235427
27,27_HE_val.ndpi,27_KI67_val.ndpi,27_31,18208.261000852995,7705.530111836038,0.9109542245502164,0.9109542245502164,KI67,13299.378298895766,12784.315723430931
27,27_HE_val.ndpi,27_KI67_val.ndpi,27_32,18989.733147528565,4337.488591704687,0.9109542245502164,0.9109542245502164,KI67,13247.884236217362,15440.31027208153
27,27_HE_val.ndpi,27_KI67_val.ndpi,27_33,21418.50262544586,9552.145102756907,0.9109542245502164,0.9109542245502164,KI67,10913.293519729426,11837.228750883001
27,27_HE_val.ndpi,27_KI67_val.ndpi,27_34,25552.395905899928,16004.037209222726,0.9109542245502164,0.9109542245502164,KI67,7431.111271937626,7117.495943985153
27,27_HE_val.ndpi,27_KI67_val.ndpi,27_35,25058.302987306866,10561.416480210275,0.9109542245502164,0.9109542245502164,KI67,8409.296841189345,11604.524587860207
27,27_HE_val.ndpi,27_KI67_val.ndpi,27_36,24971.089058534522,9979.99028839467,0.9109542245502164,0.9109542245502164,KI67,8547.02742428793,12048.930094085457
27,27_HE_val.ndpi,27_KI67_val.ndpi,27_37,14114.096468049807,11847.018307934353,0.9109542245502164,0.9109542245502164,KI67,15352.206554223247,9435.817990798045
27,27_HE_val.ndpi,27_KI67_val.ndpi,27_38,11424.19498388442,6649.647340208221,0.9109542245502164,0.9109542245502164,KI67,18260.899089067127,13192.207373053809
27,27_HE_val.ndpi,27_KI67_val.ndpi,27_39,12538.703626468194,5385.072524155236,0.9109542245502164,0.9109542245502164,KI67,17483.33701066294,14055.369315094666
27,27_HE_val.ndpi,27_KI67_val.ndpi,27_40,12087.2505758874,4936.298144985812,0.9109542245502164,0.9109542245502164,KI67,17852.12882488079,14296.561897168189
27,27_HE_val.ndpi,27_KI67_val.ndpi,27_41,10463.701699713492,5287.525974509074,0.9109542245502164,0.9109542245502164,KI67,18963.99365168669,14081.782542061606
27,27_HE_val.ndpi,27_KI67_val.ndpi,27_42,15596.401968216522,4517.1030703182105,0.9109542245502164,0.9109542245502164,KI67,15510.525108915348,14977.745826976414
27,27_HE_val.ndpi,27_KI67_val.ndpi,27_43,24846.796589445297,5485.885565562798,0.9109542245502164,0.9109542245502164,KI67,9525.221850683785,15341.027898055203
27,27_HE_val.ndpi,27_KI67_val.ndpi,27_44,21060.520951934992,5319.87329344715,0.9109542245502164,0.9109542245502164,KI67,11904.921578608113,14970.176014890756
27,27_HE_val.ndpi,27_KI67_val.ndpi,27_45,20058.761332401707,5437.997448593996,0.9109542245502164,0.9109542245502164,KI67,12420.452510676136,14805.503432233756
27,27_HE_val.ndpi,27_KI67_val.ndpi,27_46,26955.509144761163,6313.601325953661,0.9109542245502164,0.9109542245502164,KI67,8213.857886501113,15256.781385819842
27,27_HE_val.ndpi,27_KI67_val.ndpi,27_47,25183.86322549935,8136.4587827788155,0.9109542245502164,0.9109542245502164,KI67,8837.015794899784,13591.114525847379
27,27_HE_val.ndpi,27_KI67_val.ndpi,27_48,15581.159053552241,8691.072275681734,0.9109542245502164,0.9109542245502164,KI67,14840.841468139324,11799.476872693827
27,27_HE_val.ndpi,27_KI67_val.ndpi,27_49,21100.76046359644,17511.608819997786,0.9109542245502164,0.9109542245502164,KI67,10309.647609789226,6377.018254181451
69,69_HE_val.ndpi,69_ER_val.ndpi,69_0,29156.130426359137,11055.316957498071,0.9109542245502164,0.9109542245502164,ER,44504.44321588234,15466.20284294128
69,69_HE_val.ndpi,69_ER_val.ndpi,69_1,29362.831939019572,11124.217461718214,0.9109542245502164,0.9109542245502164,ER,44737.94344941756,15570.413062422947
69,69_HE_val.ndpi,69_ER_val.ndpi,69_2,29632.170273698346,11299.600563369488,0.9109542245502164,0.9109542245502164,ER,45055.19156105719,15812.487562272327
69,69_HE_val.ndpi,69_ER_val.ndpi,69_3,30899.869954880003,10239.646341881842,0.9109542245502164,0.9109542245502164,ER,46717.09851175856,14793.986606690774
69,69_HE_val.ndpi,69_ER_val.ndpi,69_4,31573.911756265952,9758.734741719034,0.9109542245502164,0.9109542245502164,ER,47756.19387735325,14417.946632501702
69,69_HE_val.ndpi,69_ER_val.ndpi,69_5,30884.906714064527,10892.461220250463,0.9109542245502164,0.9109542245502164,ER,46345.19469953624,15420.095302190368
69,69_HE_val.ndpi,69_ER_val.ndpi,69_6,32325.553620485683,11136.74482612188,0.9109542245502164,0.9109542245502164,ER,47936.81822405995,15853.475949814294
69,69_HE_val.ndpi,69_ER_val.ndpi,69_7,33227.52385754936,11186.854283736531,0.9109542245502164,0.9109542245502164,ER,48917.70814404573,15997.132157457756
69,69_HE_val.ndpi,69_ER_val.ndpi,69_8,33979.16572176908,11575.202580250045,0.9109542245502164,0.9109542245502164,ER,49675.98758043479,16578.15917164993
69,69_HE_val.ndpi,69_ER_val.ndpi,69_9,34320.48629231125,12675.24715168816,0.9109542245502164,0.9109542245502164,ER,49443.014278498755,18144.978844544916
69,69_HE_val.ndpi,69_ER_val.ndpi,69_10,34654.549343075574,12565.632713156108,0.9109542245502164,0.9109542245502164,ER,49828.691399169875,18037.449225640335
69,69_HE_val.ndpi,69_ER_val.ndpi,69_11,33902.90747885585,12142.834164532509,0.9109542245502164,0.9109542245502164,ER,49243.84017652218,17396.97089464204
69,69_HE_val.ndpi,69_ER_val.ndpi,69_12,33401.81290270938,12466.45774496045,0.9109542245502164,0.9109542245502164,ER,48555.15274822629,17797.643855784212
69,69_HE_val.ndpi,69_ER_val.ndpi,69_13,33678.45886662357,12899.695763920437,0.9109542245502164,0.9109542245502164,ER,48697.12436732148,18369.00849511731
69,69_HE_val.ndpi,69_ER_val.ndpi,69_14,33615.822044605266,13421.669280739694,0.9109542245502164,0.9109542245502164,ER,48438.93793936242,19065.69095322707
69,69_HE_val.ndpi,69_ER_val.ndpi,69_15,33151.26561463612,13108.48517064814,0.9109542245502164,0.9109542245502164,ER,48076.35529998667,18583.827586793883
69,69_HE_val.ndpi,69_ER_val.ndpi,69_16,32765.00521218987,13343.373253216809,0.9109542245502164,0.9109542245502164,ER,47592.03305363941,18849.34847520095
69,69_HE_val.ndpi,69_ER_val.ndpi,69_17,32363.085604239022,14126.333528445713,0.9109542245502164,0.9109542245502164,ER,46830.48591959841,20012.687269553808
69,69_HE_val.ndpi,69_ER_val.ndpi,69_18,32566.65527579853,14350.782140677993,0.9109542245502164,0.9109542245502164,ER,46973.342777055834,20377.459850245952
69,69_HE_val.ndpi,69_ER_val.ndpi,69_19,30917.218962649684,14408.19922752812,0.9109542245502164,0.9109542245502164,ER,45221.187023410595,20283.574149818432
69,69_HE_val.ndpi,69_ER_val.ndpi,69_20,31392.214862955214,15431.267320493867,0.9109542245502164,0.9109542245502164,ER,45431.64824178454,21885.36439633989
69,69_HE_val.ndpi,69_ER_val.ndpi,69_21,32483.139513107457,15410.388379821095,0.9109542245502164,0.9109542245502164,ER,46547.82393609143,21977.22329241543
69,69_HE_val.ndpi,69_ER_val.ndpi,69_22,31799.354206074237,15285.114735784473,0.9109542245502164,0.9109542245502164,ER,45964.11049159925,21702.22183450536
69,69_HE_val.ndpi,69_ER_val.ndpi,69_23,31950.726525951806,15848.846133949268,0.9109542245502164,0.9109542245502164,ER,45644.34428019534,22605.389200399823
69,69_HE_val.ndpi,69_ER_val.ndpi,69_24,32483.139513107457,16068.075011013358,0.9109542245502164,0.9109542245502164,ER,45990.22734712102,23004.509300741494
69,69_HE_val.ndpi,69_ER_val.ndpi,69_25,39395.52647542693,18214.82654923435,0.9109542245502164,0.9109542245502164,ER,50728.20934217707,26009.672951903896
69,69_HE_val.ndpi,69_ER_val.ndpi,69_26,31981.358479135204,14451.723730568374,0.9109542245502164,0.9109542245502164,ER,46339.36506312177,20465.106359844853
69,69_HE_val.ndpi,69_ER_val.ndpi,69_27,32085.06267549753,12855.906134973142,0.9109542245502164,0.9109542245502164,ER,47049.38612661719,18167.78324560355
69,69_HE_val.ndpi,69_ER_val.ndpi,69_28,31473.374960474976,13077.422673746756,0.9109542245502164,0.9109542245502164,ER,46336.14567476858,18390.898286830725
69,69_HE_val.ndpi,69_ER_val.ndpi,69_29,31071.121063929266,12359.50770944865,0.9109542245502164,0.9109542245502164,ER,46212.70318848148,17412.616661152766
69,69_HE_val.ndpi,69_ER_val.ndpi,69_30,30602.915652430514,13033.11936599202,0.9109542245502164,0.9109542245502164,ER,45442.90036832113,18255.283923259147
69,69_HE_val.ndpi,69_ER_val.ndpi,69_31,30364.281926569853,12586.058715012563,0.9109542245502164,0.9109542245502164,ER,45348.49713231457,17667.761672031113
69,69_HE_val.ndpi,69_ER_val.ndpi,69_32,29742.021831287628,12806.5683604281,0.9109542245502164,0.9109542245502164,ER,44621.34019693927,17890.859588415737
69,69_HE_val.ndpi,69_ER_val.ndpi,69_33,29651.40142906205,12462.210831970926,0.9109542245502164,0.9109542245502164,ER,44696.736561664715,17411.827434629726
69,69_HE_val.ndpi,69_ER_val.ndpi,69_34,30134.710240931734,11994.005420472186,0.9109542245502164,0.9109542245502164,ER,45483.12258838735,16780.975243268156
69,69_HE_val.ndpi,69_ER_val.ndpi,69_35,32863.49922306656,10440.834830562653,0.9109542245502164,0.9109542245502164,ER,48561.02788192578,15098.116567446981
69,69_HE_val.ndpi,69_ER_val.ndpi,69_36,32406.77239584971,9875.363520675124,0.9109542245502164,0.9109542245502164,ER,48514.058213651486,14568.800481754812
69,69_HE_val.ndpi,69_ER_val.ndpi,69_37,30775.605155789526,8840.11604565024,0.9109542245502164,0.9109542245502164,ER,47622.663815500964,13648.567253747427
69,69_HE_val.ndpi,69_ER_val.ndpi,69_38,31645.56101715496,8292.043852990004,0.9109542245502164,0.9109542245502164,ER,48802.07914809066,13096.885964565656
69,69_HE_val.ndpi,69_ER_val.ndpi,69_39,31184.484410631263,8274.644735762702,0.9109542245502164,0.9109542245502164,ER,48335.92673321251,13038.931223891757
69,69_HE_val.ndpi,69_ER_val.ndpi,69_40,30901.748755687553,7417.738212317732,0.9109542245502164,0.9109542245502164,ER,48720.699956443794,11757.943382196772
69,69_HE_val.ndpi,69_ER_val.ndpi,69_41,32454.619968224855,7043.657191930586,0.9109542245502164,0.9109542245502164,ER,50611.86869345986,11342.53874990021
69,69_HE_val.ndpi,69_ER_val.ndpi,69_42,28082.15534104885,4898.937846087467,0.9109542245502164,0.9109542245502164,ER,48841.37730506182,8317.3219124323
69,69_HE_val.ndpi,69_ER_val.ndpi,69_43,29578.47942259741,4842.390715098715,0.9109542245502164,0.9109542245502164,ER,50367.71675521178,8382.41940282355
69,69_HE_val.ndpi,69_ER_val.ndpi,69_44,29165.25038844884,4094.2286743244426,0.9109542245502164,0.9109542245502164,ER,51087.8307129294,7428.108747053877
69,69_HE_val.ndpi,69_ER_val.ndpi,69_45,36029.852612046,5438.635211297161,0.9109542245502164,0.9109542245502164,ER,55889.53256169846,9724.989675309334
69,69_HE_val.ndpi,69_ER_val.ndpi,69_46,36221.38377338565,4756.9427694010055,0.9109542245502164,0.9109542245502164,ER,56916.464138554074,8877.653790430322
69,69_HE_val.ndpi,69_ER_val.ndpi,69_47,36512.04845706733,5591.305037243511,0.9109542245502164,0.9109542245502164,ER,56183.75880394381,9964.937416614659
69,69_HE_val.ndpi,69_ER_val.ndpi,69_48,34842.577939127514,6422.301805809308,0.9109542245502164,0.9109542245502164,ER,53627.79161113399,10815.6303130383
69,69_HE_val.ndpi,69_ER_val.ndpi,69_49,39221.80025874122,16145.26739585139,0.9109542245502164,0.9109542245502164,ER,52384.023354290264,23589.90162275441
44,44_HE_val.ndpi,44_KI67_val.ndpi,44_1,20661.037122566144,4576.937783841924,0.907338096858342,0.907338096858342,KI67,32644.996004471537,19184.857574843838
44,44_HE_val.ndpi,44_KI67_val.ndpi,44_2,19447.01487452979,5543.677185471421,0.907338096858342,0.907338096858342,KI67,33827.63841195745,18789.601490496872
44,44_HE_val.ndpi,44_KI67_val.ndpi,44_3,21718.532136794318,4905.8519947886625,0.907338096858342,0.907338096858342,KI67,31833.796668158106,18466.642507659297
44,44_HE_val.ndpi,44_KI67_val.ndpi,44_4,25201.8719091288,2751.3468810824675,0.907338096858342,0.907338096858342,KI67,29242.97746134373,19189.497806118
44,44_HE_val.ndpi,44_KI67_val.ndpi,44_5,23293.163816995948,7704.632100759457,0.907338096858342,0.907338096858342,KI67,29954.297065501563,15519.945351726488
44,44_HE_val.ndpi,44_KI67_val.ndpi,44_6,23492.55625245269,8534.32470517266,0.907338096858342,0.907338096858342,KI67,29722.384548313414,14545.667796143216
44,44_HE_val.ndpi,44_KI67_val.ndpi,44_7,20258.55073837685,6814.293803098561,0.907338096858342,0.907338096858342,KI67,32837.70554034571,17440.35696483797
44,44_HE_val.ndpi,44_KI67_val.ndpi,44_8,20879.27532212012,7546.506247656008,0.907338096858342,0.907338096858342,KI67,32125.959699566345,16539.19900435456
44,44_HE_val.ndpi,44_KI67_val.ndpi,44_9,21799.747919682577,7370.7270168673795,0.907338096858342,0.907338096858342,KI67,31384.586990191532,16352.253456052598
44,44_HE_val.ndpi,44_KI67_val.ndpi,44_10,21705.22162182349,6118.763546436332,0.907338096858342,0.907338096858342,KI67,31740.717966761094,17549.72321377086
44,44_HE_val.ndpi,44_KI67_val.ndpi,44_11,23381.678642178886,6054.320584663969,0.907338096858342,0.907338096858342,KI67,30098.73949192199,17088.5492332435
44,44_HE_val.ndpi,44_KI67_val.ndpi,44_12,23856.46054274648,6554.223216655153,0.907338096858342,0.907338096858342,KI67,29511.632515922818,16506.01847870425
44,44_HE_val.ndpi,44_KI67_val.ndpi,44_13,26438.485675938442,5197.807245550657,0.907338096858342,0.907338096858342,KI67,27535.830866071225,16846.46823709814
44,44_HE_val.ndpi,44_KI67_val.ndpi,44_14,26775.49802892137,2942.1888572843372,0.907338096858342,0.907338096858342,KI67,28034.92316989004,18877.626114346756
44,44_HE_val.ndpi,44_KI67_val.ndpi,44_15,27587.6508953023,4194.687216825932,0.907338096858342,0.907338096858342,KI67,27157.20576273737,17661.642749704606
44,44_HE_val.ndpi,44_KI67_val.ndpi,44_16,29128.83683981897,6544.397455243008,0.907338096858342,0.907338096858342,KI67,24285.650345499642,14958.124339009259
44,44_HE_val.ndpi,44_KI67_val.ndpi,44_17,28897.86532689521,2785.5806204430132,0.907338096858342,0.907338096858342,KI67,26887.242573195384,18789.79876257043
44,44_HE_val.ndpi,44_KI67_val.ndpi,44_18,31018.984007205992,1443.7333020359606,0.907338096858342,0.907338096858342,KI67,26335.65819540437,20214.733775888726
44,44_HE_val.ndpi,44_KI67_val.ndpi,44_19,34211.08079686348,3379.4106907740083,0.907338096858342,0.907338096858342,KI67,23037.25688502357,17920.43794146762
44,44_HE_val.ndpi,44_KI67_val.ndpi,44_20,32438.3404789444,6418.624878741851,0.907338096858342,0.907338096858342,KI67,22084.165006317715,14807.077128668208
44,44_HE_val.ndpi,44_KI67_val.ndpi,44_21,27467.032553083594,14288.709590902805,0.907338096858342,0.907338096858342,KI67,26281.606920181828,7990.693042077307
44,44_HE_val.ndpi,44_KI67_val.ndpi,44_22,27644.866323864342,16866.29287744608,0.907338096858342,0.907338096858342,KI67,25776.974627966327,5718.533428254355
44,44_HE_val.ndpi,44_KI67_val.ndpi,44_23,30010.85024465495,15335.587355533153,0.907338096858342,0.907338096858342,KI67,24213.24044275297,6458.192682550605
44,44_HE_val.ndpi,44_KI67_val.ndpi,44_24,30602.930377058918,17624.692905090367,0.907338096858342,0.907338096858342,KI67,22751.308104275286,4572.068639884345
44,44_HE_val.ndpi,44_KI67_val.ndpi,44_25,27468.394457033173,11578.013045054036,0.907338096858342,0.907338096858342,KI67,25906.73614074447,9545.751987963233
44,44_HE_val.ndpi,44_KI67_val.ndpi,44_26,21605.47199283944,14594.72103112315,0.907338096858342,0.907338096858342,KI67,31155.635464338928,9368.942313847767
44,44_HE_val.ndpi,44_KI67_val.ndpi,44_27,22319.62164745465,14337.463125529435,0.907338096858342,0.907338096858342,KI67,30515.58186840785,9402.81535878155
44,44_HE_val.ndpi,44_KI67_val.ndpi,44_28,24096.976568366157,17364.928362310297,0.907338096858342,0.907338096858342,KI67,28458.03454605343,5828.913592710815
44,44_HE_val.ndpi,44_KI67_val.ndpi,44_29,27020.34238104397,19485.55252146248,0.907338096858342,0.907338096858342,KI67,26030.864435744432,3180.2141478968742
44,44_HE_val.ndpi,44_KI67_val.ndpi,44_30,28816.323000827113,21217.500490891853,0.907338096858342,0.907338096858342,KI67,24025.029467495297,1489.1972536207059
44,44_HE_val.ndpi,44_KI67_val.ndpi,44_31,26934.16156909018,20878.723812612167,0.907338096858342,0.907338096858342,KI67,26059.116714151514,2007.2318005189843
44,44_HE_val.ndpi,44_KI67_val.ndpi,44_32,22972.252596575905,21395.59960247075,0.907338096858342,0.907338096858342,KI67,29679.34659015877,2449.244662666198
44,44_HE_val.ndpi,44_KI67_val.ndpi,44_33,22892.069021343148,19368.447337718942,0.907338096858342,0.907338096858342,KI67,29196.336062398485,4186.475562324228
44,44_HE_val.ndpi,44_KI67_val.ndpi,44_34,20759.99436575709,18043.033472864718,0.907338096858342,0.907338096858342,KI67,31323.27070043108,5768.906229561743
44,44_HE_val.ndpi,44_KI67_val.ndpi,44_35,33002.87615395442,19358.87701635948,0.907338096858342,0.907338096858342,KI67,20264.59648973,2733.3172724728374
44,44_HE_val.ndpi,44_KI67_val.ndpi,44_36,32787.099392902215,11121.594865124867,0.907338096858342,0.907338096858342,KI67,21343.102516940548,9179.277929685604
44,44_HE_val.ndpi,44_KI67_val.ndpi,44_37,31439.07872042031,8226.918924781052,0.907338096858342,0.907338096858342,KI67,22103.203185927705,12640.110342087144
44,44_HE_val.ndpi,44_KI67_val.ndpi,44_38,31071.103290411138,10108.221048800042,0.907338096858342,0.907338096858342,KI67,22372.387232272486,10645.104749994982
44,44_HE_val.ndpi,44_KI67_val.ndpi,44_39,33750.54738788891,13379.363130089463,0.907338096858342,0.907338096858342,KI67,21007.29492696323,7160.80666067865
44,44_HE_val.ndpi,44_KI67_val.ndpi,44_40,32858.66803815313,16889.849982214208,0.907338096858342,0.907338096858342,KI67,20489.434347662784,4759.364093284774
44,44_HE_val.ndpi,44_KI67_val.ndpi,44_41,31704.318179134243,15731.496071166455,0.907338096858342,0.907338096858342,KI67,22278.670333416772,5734.261403382591
44,44_HE_val.ndpi,44_KI67_val.ndpi,44_42,28053.75836065207,10023.123744412369,0.907338096858342,0.907338096858342,KI67,24963.984606495556,10976.855805145495
44,44_HE_val.ndpi,44_KI67_val.ndpi,44_43,30965.6319701731,13050.57784477057,0.907338096858342,0.907338096858342,KI67,23483.91597204168,7879.839540341948
44,44_HE_val.ndpi,44_KI67_val.ndpi,44_44,32567.636663480018,15077.535534975736,0.907338096858342,0.907338096858342,KI67,21532.990035543666,5976.744479150737
44,44_HE_val.ndpi,44_KI67_val.ndpi,44_45,35330.50894822183,15902.646848825709,0.907338096858342,0.907338096858342,KI67,18185.203130441518,4885.807197182522
44,44_HE_val.ndpi,44_KI67_val.ndpi,44_46,32068.77385582277,12548.949824627534,0.907338096858342,0.907338096858342,KI67,22446.597662051925,8209.862444627577
44,44_HE_val.ndpi,44_KI67_val.ndpi,44_47,24247.641606584966,11448.718832677907,0.907338096858342,0.907338096858342,KI67,28577.705408515143,11151.32386822381
44,44_HE_val.ndpi,44_KI67_val.ndpi,44_48,24190.483958828867,13349.05410217158,0.907338096858342,0.907338096858342,KI67,28908.576597348678,9703.033595137107
44,44_HE_val.ndpi,44_KI67_val.ndpi,44_49,27015.463211944923,15375.029132299056,0.907338096858342,0.907338096858342,KI67,26478.297312171708,7141.361026504315
44,44_HE_val.ndpi,44_KI67_val.ndpi,44_50,29806.55884330189,16692.807265243428,0.907338096858342,0.907338096858342,KI67,23661.65915256696,5501.9606138361305
97,97_HE_val.ndpi,97_KI67_val.ndpi,97_1,27538.437814160392,10110.306062371505,0.9097732390201744,0.9097732390201744,KI67,30777.70433129942,2983.5270329232017
97,97_HE_val.ndpi,97_KI67_val.ndpi,97_2,28482.868320508664,11355.393692591135,0.9097732390201744,0.9097732390201744,KI67,30852.342263115435,4968.981525548459
97,97_HE_val.ndpi,97_KI67_val.ndpi,97_3,27313.556798186866,12146.572176377244,0.9097732390201744,0.9097732390201744,KI67,30518.631587794647,5472.97793544545
97,97_HE_val.ndpi,97_KI67_val.ndpi,97_4,25963.873041885123,11857.462922671435,0.9097732390201744,0.9097732390201744,KI67,29970.98798987244,4437.135770823396
97,97_HE_val.ndpi,97_KI67_val.ndpi,97_5,25428.266531144196,9279.126040618456,0.9097732390201744,0.9097732390201744,KI67,29959.246471132894,1118.9114285488508
97,97_HE_val.ndpi,97_KI67_val.ndpi,97_6,30874.806310746066,14241.656341850647,0.9097732390201744,0.9097732390201744,KI67,32267.03628364332,8360.097082092141
97,97_HE_val.ndpi,97_KI67_val.ndpi,97_7,32201.095682517567,14797.001220432448,0.9097732390201744,0.9097732390201744,KI67,33080.733376616525,8612.90380393016
97,97_HE_val.ndpi,97_KI67_val.ndpi,97_8,35580.568633606155,16978.687933320143,0.9097732390201744,0.9097732390201744,KI67,36151.98625272811,11455.733308907666
97,97_HE_val.ndpi,97_KI67_val.ndpi,97_9,34460.41534837529,16166.858940882381,0.9097732390201744,0.9097732390201744,KI67,35395.726354124374,10094.37127112566
97,97_HE_val.ndpi,97_KI67_val.ndpi,97_10,34048.818643494844,9920.554856561212,0.9097732390201744,0.9097732390201744,KI67,34558.98720906012,3980.0496119230565
97,97_HE_val.ndpi,97_KI67_val.ndpi,97_11,36837.23954858885,7822.444339654981,0.9097732390201744,0.9097732390201744,KI67,38179.50704599363,2906.1298689029595
97,97_HE_val.ndpi,97_KI67_val.ndpi,97_12,40186.10609268912,9093.598504920315,0.9097732390201744,0.9097732390201744,KI67,42749.36163321842,3331.3940314016168
97,97_HE_val.ndpi,97_KI67_val.ndpi,97_13,40400.987987042514,10989.889257601166,0.9097732390201744,0.9097732390201744,KI67,43347.2983856972,3798.531671518456
97,97_HE_val.ndpi,97_KI67_val.ndpi,97_14,39743.612631968936,11855.815553304548,0.9097732390201744,0.9097732390201744,KI67,42613.30184414402,4162.746557703931
97,97_HE_val.ndpi,97_KI67_val.ndpi,97_15,40826.318349956906,12427.1330995081,0.9097732390201744,0.9097732390201744,KI67,43812.005924202254,4756.085945021356
97,97_HE_val.ndpi,97_KI67_val.ndpi,97_16,42345.81897792981,10937.577882341053,0.9097732390201744,0.9097732390201744,KI67,45564.479338313475,3754.616228516174
97,97_HE_val.ndpi,97_KI67_val.ndpi,97_17,43595.89399189007,10740.513886876228,0.9097732390201744,0.9097732390201744,KI67,46827.46733834699,3757.9573716471773
97,97_HE_val.ndpi,97_KI67_val.ndpi,97_18,44446.16715557141,9516.840064559392,0.9097732390201744,0.9097732390201744,KI67,47933.480256953626,3188.798993256107
97,97_HE_val.ndpi,97_KI67_val.ndpi,97_19,44169.84782199373,12785.828824285973,0.9097732390201744,0.9097732390201744,KI67,47458.17860508462,5592.093180333428
97,97_HE_val.ndpi,97_KI67_val.ndpi,97_20,42654.894508709396,12935.27426809111,0.9097732390201744,0.9097732390201744,KI67,45445.247372768266,5642.065066958534
97,97_HE_val.ndpi,97_KI67_val.ndpi,97_21,44154.85598282934,14476.168213018369,0.9097732390201744,0.9097732390201744,KI67,47983.67899245151,8018.199247645129
97,97_HE_val.ndpi,97_KI67_val.ndpi,97_22,41514.93526225784,14057.009044241282,0.9097732390201744,0.9097732390201744,KI67,44297.93650150802,7100.094060678511
97,97_HE_val.ndpi,97_KI67_val.ndpi,97_23,39027.59032259689,15231.593564775734,0.9097732390201744,0.9097732390201744,KI67,41112.545644441045,8868.212112012427
97,97_HE_val.ndpi,97_KI67_val.ndpi,97_24,37228.805781522206,14465.544210959273,0.9097732390201744,0.9097732390201744,KI67,38801.109343263764,7677.529681281299
97,97_HE_val.ndpi,97_KI67_val.ndpi,97_25,35718.99164915569,12746.68587625956,0.9097732390201744,0.9097732390201744,KI67,37141.793118980466,5512.710861111109
97,97_HE_val.ndpi,97_KI67_val.ndpi,97_26,36404.60844948704,11363.959992387257,0.9097732390201744,0.9097732390201744,KI67,37686.78191007079,4509.0318789948615
97,97_HE_val.ndpi,97_KI67_val.ndpi,97_27,36200.32221441398,15565.199803517706,0.9097732390201744,0.9097732390201744,KI67,37446.63049551386,9135.981865260734
97,97_HE_val.ndpi,97_KI67_val.ndpi,97_28,36094.26618212667,14373.169682466203,0.9097732390201744,0.9097732390201744,KI67,37471.309644034765,7496.9948832338205
97,97_HE_val.ndpi,97_KI67_val.ndpi,97_29,34204.55734740726,11751.237695086247,0.9097732390201744,0.9097732390201744,KI67,35242.16032490771,4830.189692048908
97,97_HE_val.ndpi,97_KI67_val.ndpi,97_30,33397.57881368141,13378.955103406879,0.9097732390201744,0.9097732390201744,KI67,34596.39243947291,6430.489017111497
97,97_HE_val.ndpi,97_KI67_val.ndpi,97_31,31636.69709155088,13055.202100469123,0.9097732390201744,0.9097732390201744,KI67,32946.20476880978,6757.371870538099
97,97_HE_val.ndpi,97_KI67_val.ndpi,97_32,31451.45394310118,11876.755303882539,0.9097732390201744,0.9097732390201744,KI67,32728.323265718853,5440.342957685953
97,97_HE_val.ndpi,97_KI67_val.ndpi,97_33,27142.39649765835,16646.351950524968,0.9097732390201744,0.9097732390201744,KI67,26769.24604889022,10103.630008888864
97,97_HE_val.ndpi,97_KI67_val.ndpi,97_34,27040.116822724965,18543.31910976405,0.9097732390201744,0.9097732390201744,KI67,25489.64375278511,13883.471483138648
97,97_HE_val.ndpi,97_KI67_val.ndpi,97_35,29131.561527390943,18354.234306228445,0.9097732390201744,0.9097732390201744,KI67,28510.674994065103,13663.610694110714
97,97_HE_val.ndpi,97_KI67_val.ndpi,97_36,36235.73946416415,19571.090629958624,0.9097732390201744,0.9097732390201744,KI67,36439.83800741378,17001.199048395058
97,97_HE_val.ndpi,97_KI67_val.ndpi,97_37,37619.188519462165,16827.76815344228,0.9097732390201744,0.9097732390201744,KI67,39100.098901689504,11263.27076071001
97,97_HE_val.ndpi,97_KI67_val.ndpi,97_38,42174.139096042025,17152.4169939436,0.9097732390201744,0.9097732390201744,KI67,45002.03724429073,12539.947844858463
97,97_HE_val.ndpi,97_KI67_val.ndpi,97_39,41711.23680634858,15824.531885269293,0.9097732390201744,0.9097732390201744,KI67,44240.06217930894,9861.041648410775
97,97_HE_val.ndpi,97_KI67_val.ndpi,97_40,38295.37088688086,13215.911322237498,0.9097732390201744,0.9097732390201744,KI67,40396.006061043,5770.019140230269
97,97_HE_val.ndpi,97_KI67_val.ndpi,97_41,38426.767570888485,10278.466056266878,0.9097732390201744,0.9097732390201744,KI67,40457.92410264305,3815.270334868577
97,97_HE_val.ndpi,97_KI67_val.ndpi,97_42,43850.172751745515,18979.40166365222,0.9097732390201744,0.9097732390201744,KI67,46797.93820025429,16852.49040945564
97,97_HE_val.ndpi,97_KI67_val.ndpi,97_43,26115.881733845097,13320.18232344012,0.9097732390201744,0.9097732390201744,KI67,29320.044966931022,6278.36706615839
97,97_HE_val.ndpi,97_KI67_val.ndpi,97_44,27633.178238963017,14176.452060342132,0.9097732390201744,0.9097732390201744,KI67,29712.405433959382,8085.652586455512
97,97_HE_val.ndpi,97_KI67_val.ndpi,97_45,28322.635976563968,21137.49347393189,0.9097732390201744,0.9097732390201744,KI67,24509.985461566903,19757.78423668459
97,97_HE_val.ndpi,97_KI67_val.ndpi,97_46,30041.811599512577,21994.65854537725,0.9097732390201744,0.9097732390201744,KI67,26120.35812248,21670.571019174313
97,97_HE_val.ndpi,97_KI67_val.ndpi,97_47,41534.35335546336,21030.3433237972,0.9097732390201744,0.9097732390201744,KI67,43431.29292702501,20264.253934289794
97,97_HE_val.ndpi,97_KI67_val.ndpi,97_48,35893.896212871965,9720.201484572724,0.9097732390201744,0.9097732390201744,KI67,36767.57968596831,4050.421202499598
97,97_HE_val.ndpi,97_KI67_val.ndpi,97_49,37648.80728291975,8679.556686879934,0.9097732390201744,0.9097732390201744,KI67,39162.285980516186,3429.6748688649773
97,97_HE_val.ndpi,97_KI67_val.ndpi,97_50,42790.78345690299,4327.3737033070975,0.9097732390201744,0.9097732390201744,KI67,44638.27196914021,563.6822651832971
90,90_HE_val.ndpi,90_ER_val.ndpi,90_1,24297.551487206234,7576.035992457251,0.907338096858342,0.907338096858342,ER,34758.52056016514,3113.0892841009777
90,90_HE_val.ndpi,90_ER_val.ndpi,90_2,26286.669321491776,9271.525618537253,0.907338096858342,0.907338096858342,ER,35964.476334261635,4798.9402012333185
90,90_HE_val.ndpi,90_ER_val.ndpi,90_3,24905.707788759668,10196.032659462431,0.907338096858342,0.907338096858342,ER,34153.51379916782,5572.969103867382
90,90_HE_val.ndpi,90_ER_val.ndpi,90_4,23776.24361078801,11977.79489475822,0.907338096858342,0.907338096858342,ER,32091.36731408798,8036.178052553379
90,90_HE_val.ndpi,90_ER_val.ndpi,90_5,20665.23197093987,11817.58516954989,0.907338096858342,0.907338096858342,ER,29128.312074670648,8312.946642481042
90,90_HE_val.ndpi,90_ER_val.ndpi,90_6,22325.645250307407,10124.214655426673,0.907338096858342,0.907338096858342,ER,31931.40557630885,5205.3975671958115
90,90_HE_val.ndpi,90_ER_val.ndpi,90_7,22262.333633463368,6907.585875704504,0.907338096858342,0.907338096858342,ER,32966.47238677549,3127.845209362893
90,90_HE_val.ndpi,90_ER_val.ndpi,90_8,21221.38971334178,7813.520321949695,0.907338096858342,0.907338096858342,ER,30756.417052150973,3545.1201361753115
90,90_HE_val.ndpi,90_ER_val.ndpi,90_9,22975.322976536958,5468.344823058554,0.907338096858342,0.907338096858342,ER,34177.64760116218,2550.0232169439287
90,90_HE_val.ndpi,90_ER_val.ndpi,90_10,27249.55760414496,4318.938323171251,0.907338096858342,0.907338096858342,ER,38262.33838097199,1867.5960043289776
90,90_HE_val.ndpi,90_ER_val.ndpi,90_11,27129.476335565116,6348.881795407912,0.907338096858342,0.907338096858342,ER,36834.61262425416,1905.6309566870927
90,90_HE_val.ndpi,90_ER_val.ndpi,90_12,28439.296509252614,5437.141615261274,0.907338096858342,0.907338096858342,ER,39104.78622727923,1922.9463355601406
90,90_HE_val.ndpi,90_ER_val.ndpi,90_13,28654.07309522018,3254.9268404929903,0.907338096858342,0.907338096858342,ER,39700.049146352416,2056.639076741665
90,90_HE_val.ndpi,90_ER_val.ndpi,90_14,30882.163500402017,4624.217725268009,0.907338096858342,0.907338096858342,ER,41677.83393361426,1876.2378397776272
90,90_HE_val.ndpi,90_ER_val.ndpi,90_15,29819.259772152636,6526.5124609456825,0.907338096858342,0.907338096858342,ER,39766.245037542954,2770.462182983552
90,90_HE_val.ndpi,90_ER_val.ndpi,90_16,31666.744334250518,6545.34518294114,0.907338096858342,0.907338096858342,ER,41354.26293038873,2803.6912951642817
90,90_HE_val.ndpi,90_ER_val.ndpi,90_17,32928.53274232788,7938.9624725685135,0.907338096858342,0.907338096858342,ER,42214.7462501102,3913.3518667832714
90,90_HE_val.ndpi,90_ER_val.ndpi,90_18,33748.883939980864,9895.086456599045,0.907338096858342,0.907338096858342,ER,41650.30882893313,5287.466354569375
90,90_HE_val.ndpi,90_ER_val.ndpi,90_19,32565.52525678409,12539.528999414852,0.907338096858342,0.907338096858342,ER,39414.41817461265,7313.00171048926
90,90_HE_val.ndpi,90_ER_val.ndpi,90_20,36945.085161114264,17289.08625110824,0.907338096858342,0.907338096858342,ER,42850.95711754728,10841.843685453165
90,90_HE_val.ndpi,90_ER_val.ndpi,90_21,41658.118049942015,22713.714483905296,0.907338096858342,0.907338096858342,ER,49497.59432184909,14095.608846696545
90,90_HE_val.ndpi,90_ER_val.ndpi,90_22,29970.72011401081,23403.535839087264,0.907338096858342,0.907338096858342,ER,39411.588405905735,14427.159127376624
90,90_HE_val.ndpi,90_ER_val.ndpi,90_23,22155.43495092388,21683.758391723328,0.907338096858342,0.907338096858342,ER,30812.192823974445,16345.075355418616
90,90_HE_val.ndpi,90_ER_val.ndpi,90_24,22122.157229161683,16052.20153076371,0.907338096858342,0.907338096858342,ER,30702.67528654019,12424.28855453668
90,90_HE_val.ndpi,90_ER_val.ndpi,90_25,24332.950504511216,18144.750741770466,0.907338096858342,0.907338096858342,ER,32638.863474247923,12545.178453845523
90,90_HE_val.ndpi,90_ER_val.ndpi,90_26,25081.502843975923,17164.493853127828,0.907338096858342,0.907338096858342,ER,32949.61610165485,11493.138489757053
90,90_HE_val.ndpi,90_ER_val.ndpi,90_27,28487.78419273572,18004.184019029144,0.907338096858342,0.907338096858342,ER,35219.159417657786,11539.264772501441
90,90_HE_val.ndpi,90_ER_val.ndpi,90_28,29856.73642507273,18254.189311027345,0.907338096858342,0.907338096858342,ER,37507.06300204503,11463.906418476841
90,90_HE_val.ndpi,90_ER_val.ndpi,90_29,31841.428264909297,20003.709242373523,0.907338096858342,0.907338096858342,ER,41033.81576062977,12380.951546935117
90,90_HE_val.ndpi,90_ER_val.ndpi,90_30,36217.68052367128,21379.06589565465,0.907338096858342,0.907338096858342,ER,44940.66387486531,13212.525242584574
90,90_HE_val.ndpi,90_ER_val.ndpi,90_31,37228.876057698435,8632.393275377184,0.907338096858342,0.907338096858342,ER,45801.392028844326,4529.096241613014
90,90_HE_val.ndpi,90_ER_val.ndpi,90_32,37869.186651471224,10117.035043146234,0.907338096858342,0.907338096858342,ER,44963.040075193174,5492.131572820664
90,90_HE_val.ndpi,90_ER_val.ndpi,90_33,37097.04740603936,12279.652733733508,0.907338096858342,0.907338096858342,ER,43368.45033448417,7186.286276930981
90,90_HE_val.ndpi,90_ER_val.ndpi,90_34,37122.15767329694,14520.739883779132,0.907338096858342,0.907338096858342,ER,43312.16030881499,8785.221375284269
90,90_HE_val.ndpi,90_ER_val.ndpi,90_35,39257.40939187292,23037.072989254302,0.907338096858342,0.907338096858342,ER,47410.07683903638,14277.742797659046
90,90_HE_val.ndpi,90_ER_val.ndpi,90_36,38633.47273608242,22043.022184985668,0.907338096858342,0.907338096858342,ER,46960.71229701267,13648.397237322144
90,90_HE_val.ndpi,90_ER_val.ndpi,90_37,31450.241421773986,15791.075595351997,0.907338096858342,0.907338096858342,ER,38415.05163218363,9575.294722560087
90,90_HE_val.ndpi,90_ER_val.ndpi,90_38,27920.32849420816,13918.656560449674,0.907338096858342,0.907338096858342,ER,34103.68969089619,8682.893736945187
90,90_HE_val.ndpi,90_ER_val.ndpi,90_39,26329.72098896472,12892.456812635595,0.907338096858342,0.907338096858342,ER,33202.72124780414,8414.149328879661
90,90_HE_val.ndpi,90_ER_val.ndpi,90_40,25905.466147311567,11491.796305855838,0.907338096858342,0.907338096858342,ER,33606.227688557155,7066.3905205111105
90,90_HE_val.ndpi,90_ER_val.ndpi,90_41,31706.996766062362,10539.325036925351,0.907338096858342,0.907338096858342,ER,39416.520346993384,5747.777564379105
90,90_HE_val.ndpi,90_ER_val.ndpi,90_42,30802.916693749467,12954.184082533036,0.907338096858342,0.907338096858342,ER,37820.39640449019,7584.057814186269
90,90_HE_val.ndpi,90_ER_val.ndpi,90_43,28160.504161692057,10904.511547227205,0.907338096858342,0.907338096858342,ER,35421.48188118934,5937.020295448898
90,90_HE_val.ndpi,90_ER_val.ndpi,90_44,29889.46791784291,8963.065252440889,0.907338096858342,0.907338096858342,ER,39474.923967589064,4716.405301127544
90,90_HE_val.ndpi,90_ER_val.ndpi,90_45,28766.842987240576,12090.114769088877,0.907338096858342,0.907338096858342,ER,35611.890613830954,7128.608955455929
90,90_HE_val.ndpi,90_ER_val.ndpi,90_46,28048.250109446704,15694.409056722488,0.907338096858342,0.907338096858342,ER,34593.34419407257,9781.952194563297
90,90_HE_val.ndpi,90_ER_val.ndpi,90_47,30435.239445953906,14639.615096934764,0.907338096858342,0.907338096858342,ER,37569.02947356448,8802.246993685449
90,90_HE_val.ndpi,90_ER_val.ndpi,90_48,29740.236970857964,14043.732291080747,0.907338096858342,0.907338096858342,ER,36880.87757616469,8367.692727281783
90,90_HE_val.ndpi,90_ER_val.ndpi,90_49,27720.998840115863,12630.289329956566,0.907338096858342,0.907338096858342,ER,34173.96121030521,7712.332025546636
90,90_HE_val.ndpi,90_ER_val.ndpi,90_50,24670.022512563282,15168.734209729937,0.907338096858342,0.907338096858342,ER,32081.904064194845,10887.024062866723
63,63_HE_val.ndpi,63_KI67_val.ndpi,63_1,21958.249602172476,6110.876379144173,0.907338096858342,0.907338096858342,KI67,28270.203345417085,8632.247910387843
63,63_HE_val.ndpi,63_KI67_val.ndpi,63_2,18989.392026923044,6632.135325093525,0.907338096858342,0.907338096858342,KI67,24797.830868598092,8075.6056234504
63,63_HE_val.ndpi,63_KI67_val.ndpi,63_3,22543.5071293757,9703.87997549919,0.907338096858342,0.907338096858342,KI67,28337.723153340343,11416.606584429444
63,63_HE_val.ndpi,63_KI67_val.ndpi,63_4,23435.99906406697,12729.216225608785,0.907338096858342,0.907338096858342,KI67,31518.167867740747,14923.229915786964
63,63_HE_val.ndpi,63_KI67_val.ndpi,63_5,23408.917537995283,11377.766800493635,0.907338096858342,0.907338096858342,KI67,30389.23692846098,13430.351709739462
63,63_HE_val.ndpi,63_KI67_val.ndpi,63_6,24340.801328193375,11525.50009260769,0.907338096858342,0.907338096858342,KI67,31431.70516438668,13828.264457119643
63,63_HE_val.ndpi,63_KI67_val.ndpi,63_7,26988.852141486568,9043.812869125502,0.907338096858342,0.907338096858342,KI67,33016.75578909506,11652.00218408931
63,63_HE_val.ndpi,63_KI67_val.ndpi,63_8,24577.287229881957,5796.837209317068,0.907338096858342,0.907338096858342,KI67,30840.984089220332,8872.229657976533
63,63_HE_val.ndpi,63_KI67_val.ndpi,63_9,28097.76126713518,3828.082856479173,0.907338096858342,0.907338096858342,KI67,35707.83990093271,8006.850088077932
63,63_HE_val.ndpi,63_KI67_val.ndpi,63_10,29158.903364301066,4861.085922930752,0.907338096858342,0.907338096858342,KI67,36215.49962002958,8637.60751671326
63,63_HE_val.ndpi,63_KI67_val.ndpi,63_11,30800.403126215926,1228.8339040597384,0.907338096858342,0.907338096858342,KI67,38985.623148673134,6143.995819898009
63,63_HE_val.ndpi,63_KI67_val.ndpi,63_12,33340.36887070236,4212.034625932083,0.907338096858342,0.907338096858342,KI67,40684.543080529984,8853.360998597196
63,63_HE_val.ndpi,63_KI67_val.ndpi,63_13,34766.586013486136,6152.55044929092,0.907338096858342,0.907338096858342,KI67,40728.54135465088,11296.760900248568
63,63_HE_val.ndpi,63_KI67_val.ndpi,63_14,36598.35578645711,6238.22341056493,0.907338096858342,0.907338096858342,KI67,42424.599012752566,11946.739336164756
63,63_HE_val.ndpi,63_KI67_val.ndpi,63_15,36131.47911066991,8171.11773633185,0.907338096858342,0.907338096858342,KI67,42407.6759675393,13889.5276122751
63,63_HE_val.ndpi,63_KI67_val.ndpi,63_16,42646.70904120524,7220.395824644173,0.907338096858342,0.907338096858342,KI67,48286.04405705234,13382.656711534275
63,63_HE_val.ndpi,63_KI67_val.ndpi,63_17,32653.76576103087,10054.925430088393,0.907338096858342,0.907338096858342,KI67,40153.784964418875,14646.177315314922
63,63_HE_val.ndpi,63_KI67_val.ndpi,63_18,38705.387791795954,13418.449286990071,0.907338096858342,0.907338096858342,KI67,45886.56935720696,18871.276390319865
63,63_HE_val.ndpi,63_KI67_val.ndpi,63_19,37818.20903791837,17909.320196735436,0.907338096858342,0.907338096858342,KI67,43553.221620512166,23054.908307102534
63,63_HE_val.ndpi,63_KI67_val.ndpi,63_20,36006.740178143744,19417.522669724585,0.907338096858342,0.907338096858342,KI67,42023.76710211329,23916.381492504366
63,63_HE_val.ndpi,63_KI67_val.ndpi,63_21,31074.114060453514,16965.784893051623,0.907338096858342,0.907338096858342,KI67,38577.62923343694,20475.9572964785
63,63_HE_val.ndpi,63_KI67_val.ndpi,63_22,29640.458205710718,14988.816867795007,0.907338096858342,0.907338096858342,KI67,37564.65179483883,18290.512110961652
63,63_HE_val.ndpi,63_KI67_val.ndpi,63_23,28555.712267031573,13580.647562728638,0.907338096858342,0.907338096858342,KI67,36716.14156406027,16745.456545812103
63,63_HE_val.ndpi,63_KI67_val.ndpi,63_24,29033.17389931168,12438.570304760804,0.907338096858342,0.907338096858342,KI67,36779.01775556459,16044.173432237372
63,63_HE_val.ndpi,63_KI67_val.ndpi,63_25,29736.315068209464,8205.476940372879,0.907338096858342,0.907338096858342,KI67,36364.41868273437,11589.289614930685
63,63_HE_val.ndpi,63_KI67_val.ndpi,63_26,30934.724095719634,7132.266566363996,0.907338096858342,0.907338096858342,KI67,37681.13549629949,10819.90384649623
63,63_HE_val.ndpi,63_KI67_val.ndpi,63_27,28850.6039459805,6705.9818045293105,0.907338096858342,0.907338096858342,KI67,35011.37574719765,9801.523313048074
63,63_HE_val.ndpi,63_KI67_val.ndpi,63_28,20597.06474834281,3482.383419009489,0.907338096858342,0.907338096858342,KI67,28437.90650273856,6672.277791534055
63,63_HE_val.ndpi,63_KI67_val.ndpi,63_29,24011.973644020683,8521.563846650966,0.907338096858342,0.907338096858342,KI67,29534.481884729343,10746.257684788898
63,63_HE_val.ndpi,63_KI67_val.ndpi,63_30,26675.534755096935,10237.615475451832,0.907338096858342,0.907338096858342,KI67,33188.424823805326,13086.94895679831
63,63_HE_val.ndpi,63_KI67_val.ndpi,63_31,21735.356712195437,16769.011344606814,0.907338096858342,0.907338096858342,KI67,30905.197542773214,18169.68897471589
63,63_HE_val.ndpi,63_KI67_val.ndpi,63_32,21703.238694445037,15059.812377228624,0.907338096858342,0.907338096858342,KI67,30358.303122997335,16774.808689695325
63,63_HE_val.ndpi,63_KI67_val.ndpi,63_33,17467.13086418723,13770.37758957794,0.907338096858342,0.907338096858342,KI67,24221.685474582653,13964.05761645094
63,63_HE_val.ndpi,63_KI67_val.ndpi,63_34,19121.920866632023,12733.586155923445,0.907338096858342,0.907338096858342,KI67,25792.49129283407,13622.3889978632
63,63_HE_val.ndpi,63_KI67_val.ndpi,63_35,17433.82929081006,6683.886329484867,0.907338096858342,0.907338096858342,KI67,23336.350473088056,7833.81774279675
63,63_HE_val.ndpi,63_KI67_val.ndpi,63_36,33824.777009234516,13866.63781987588,0.907338096858342,0.907338096858342,KI67,41526.81078208588,18359.24372509193
63,63_HE_val.ndpi,63_KI67_val.ndpi,63_37,43366.3835381256,18577.134018004723,0.907338096858342,0.907338096858342,KI67,48362.72093695006,23744.70203698044
63,63_HE_val.ndpi,63_KI67_val.ndpi,63_38,42946.798780747165,16831.504328687177,0.907338096858342,0.907338096858342,KI67,48433.153754678606,21742.889393405043
63,63_HE_val.ndpi,63_KI67_val.ndpi,63_39,42037.0124182195,17871.259818773746,0.907338096858342,0.907338096858342,KI67,47481.440088253534,22965.87232567861
63,63_HE_val.ndpi,63_KI67_val.ndpi,63_40,41051.76092379734,21285.48381694891,0.907338096858342,0.907338096858342,KI67,46156.953431456415,25847.272014496364
63,63_HE_val.ndpi,63_KI67_val.ndpi,63_41,41610.0601574411,23703.7734802968,0.907338096858342,0.907338096858342,KI67,46106.37959907522,28050.037659048106
63,63_HE_val.ndpi,63_KI67_val.ndpi,63_42,45587.98248379295,18917.52201942296,0.907338096858342,0.907338096858342,KI67,50039.31433990658,24056.214858175314
63,63_HE_val.ndpi,63_KI67_val.ndpi,63_43,39400.593651756775,11914.6091824805,0.907338096858342,0.907338096858342,KI67,47214.94965323961,18021.06150806075
63,63_HE_val.ndpi,63_KI67_val.ndpi,63_44,41414.84480131255,9562.816291809382,0.907338096858342,0.907338096858342,KI67,48502.15296405181,15690.470372328402
63,63_HE_val.ndpi,63_KI67_val.ndpi,63_45,26413.595746330942,21652.537618334816,0.907338096858342,0.907338096858342,KI67,33418.53128635719,22737.52033310627
63,63_HE_val.ndpi,63_KI67_val.ndpi,63_46,27276.826371708485,18820.737924697525,0.907338096858342,0.907338096858342,KI67,36242.77347829647,21019.3448016938
63,63_HE_val.ndpi,63_KI67_val.ndpi,63_47,26454.719219206294,14799.902166485695,0.907338096858342,0.907338096858342,KI67,36058.07789198662,17638.97902957645
63,63_HE_val.ndpi,63_KI67_val.ndpi,63_48,34841.75817492291,10281.903025061938,0.907338096858342,0.907338096858342,KI67,42634.91149589656,15686.622521902145
63,63_HE_val.ndpi,63_KI67_val.ndpi,63_49,38064.8650100985,9578.643361997656,0.907338096858342,0.907338096858342,KI67,45576.54021252068,15762.38658510669
63,63_HE_val.ndpi,63_KI67_val.ndpi,63_50,36459.64833455996,12280.689874645714,0.907338096858342,0.907338096858342,KI67,44470.810226777176,18054.32723026146
99,99_HE_val.ndpi,99_PGR_val.ndpi,99_1,26660.444409539366,1334.3328740596373,0.9109542245502164,0.9109542245502164,PGR,36046.981452452,18466.56653800626
99,99_HE_val.ndpi,99_PGR_val.ndpi,99_2,27440.47800738014,2967.2050750663566,0.9109542245502164,0.9109542245502164,PGR,35188.89814253161,17676.351791965608
99,99_HE_val.ndpi,99_PGR_val.ndpi,99_3,28195.54250142704,3000.721603596983,0.9109542245502164,0.9109542245502164,PGR,34427.69696513372,17706.743815466787
99,99_HE_val.ndpi,99_PGR_val.ndpi,99_4,27177.46294983001,6641.406388289444,0.9109542245502164,0.9109542245502164,PGR,35400.29771104743,14646.331455634043
99,99_HE_val.ndpi,99_PGR_val.ndpi,99_5,27502.16679041045,10549.220245490438,0.9109542245502164,0.9109542245502164,PGR,34484.14249433784,9876.699730915001
99,99_HE_val.ndpi,99_PGR_val.ndpi,99_6,26704.38718489501,9892.114021800304,0.9109542245502164,0.9109542245502164,PGR,35195.15302529968,10580.86004031646
99,99_HE_val.ndpi,99_PGR_val.ndpi,99_7,27115.36739246968,8836.43319038312,0.9109542245502164,0.9109542245502164,PGR,35147.11627143966,11917.076690049353
99,99_HE_val.ndpi,99_PGR_val.ndpi,99_8,27021.799164981065,7601.850355163241,0.9109542245502164,0.9109542245502164,PGR,35597.22947872149,13525.420410167635
99,99_HE_val.ndpi,99_PGR_val.ndpi,99_9,25640.15368759751,7434.517730587459,0.9109542245502164,0.9109542245502164,PGR,36611.99485068601,13576.786434564707
99,99_HE_val.ndpi,99_PGR_val.ndpi,99_10,27311.898512371095,4385.0807039346555,0.9109542245502164,0.9109542245502164,PGR,35377.316676334776,16900.37330425698
99,99_HE_val.ndpi,99_PGR_val.ndpi,99_11,30952.466652534702,5912.143991585291,0.9109542245502164,0.9109542245502164,PGR,32812.01911962923,15652.853159282458
99,99_HE_val.ndpi,99_PGR_val.ndpi,99_12,30482.34525841148,4785.016844276073,0.9109542245502164,0.9109542245502164,PGR,32787.25766117419,16690.34643495346
99,99_HE_val.ndpi,99_PGR_val.ndpi,99_13,30966.927335019947,7574.870522964679,0.9109542245502164,0.9109542245502164,PGR,32297.56966313824,13963.483914283286
99,99_HE_val.ndpi,99_PGR_val.ndpi,99_14,34132.38266018009,5689.443387626833,0.9109542245502164,0.9109542245502164,PGR,28845.681908569102,15898.460151354755
99,99_HE_val.ndpi,99_PGR_val.ndpi,99_15,28971.755742557667,8937.968552434924,0.9109542245502164,0.9109542245502164,PGR,33662.832929132775,12087.797823891136
99,99_HE_val.ndpi,99_PGR_val.ndpi,99_16,31362.29660170658,10119.62563083921,0.9109542245502164,0.9109542245502164,PGR,30414.658696764716,10980.819589112121
99,99_HE_val.ndpi,99_PGR_val.ndpi,99_17,28677.70262111981,10163.188853127142,0.9109542245502164,0.9109542245502164,PGR,33484.22977023467,10400.075764047113
99,99_HE_val.ndpi,99_PGR_val.ndpi,99_18,24250.57326795195,11075.297340743276,0.9109542245502164,0.9109542245502164,PGR,37593.82934237508,9283.275401794264
99,99_HE_val.ndpi,99_PGR_val.ndpi,99_19,27476.986726441468,17588.024249229482,0.9109542245502164,0.9109542245502164,PGR,31975.35825688491,2863.1771430537483
99,99_HE_val.ndpi,99_PGR_val.ndpi,99_20,26387.75352247852,16695.754704620933,0.9109542245502164,0.9109542245502164,PGR,33783.63703082636,4102.528585272971
99,99_HE_val.ndpi,99_PGR_val.ndpi,99_21,25511.04246384125,14677.823888995172,0.9109542245502164,0.9109542245502164,PGR,35862.76427293519,6019.127929814659
99,99_HE_val.ndpi,99_PGR_val.ndpi,99_22,25047.296919699704,12988.502461450156,0.9109542245502164,0.9109542245502164,PGR,36675.94170984634,7578.1660293322975
99,99_HE_val.ndpi,99_PGR_val.ndpi,99_23,27852.922041409995,12127.607671590822,0.9109542245502164,0.9109542245502164,PGR,34032.077561403465,8299.138620702086
99,99_HE_val.ndpi,99_PGR_val.ndpi,99_24,35279.545571414055,11567.425851540798,0.9109542245502164,0.9109542245502164,PGR,25026.707746447173,9301.240384803943
99,99_HE_val.ndpi,99_PGR_val.ndpi,99_25,38283.088458596416,11461.508681706433,0.9109542245502164,0.9109542245502164,PGR,21072.183266207783,9838.783809174674
99,99_HE_val.ndpi,99_PGR_val.ndpi,99_26,40248.1406811198,10364.741864748976,0.9109542245502164,0.9109542245502164,PGR,18445.20226625023,11275.341142569243
99,99_HE_val.ndpi,99_PGR_val.ndpi,99_27,38634.41916155935,9684.589114348233,0.9109542245502164,0.9109542245502164,PGR,20364.77096080974,11831.238643089366
99,99_HE_val.ndpi,99_PGR_val.ndpi,99_28,35890.86855301388,7138.955552816451,0.9109542245502164,0.9109542245502164,PGR,25975.637657665797,14008.00834891908
99,99_HE_val.ndpi,99_PGR_val.ndpi,99_29,32262.250276771563,8258.542587359274,0.9109542245502164,0.9109542245502164,PGR,30342.29178549562,13031.77439164365
99,99_HE_val.ndpi,99_PGR_val.ndpi,99_30,29666.011532823188,7663.599399759536,0.9109542245502164,0.9109542245502164,PGR,33468.09267591313,13762.215418925565
99,99_HE_val.ndpi,99_PGR_val.ndpi,99_31,29103.47732010041,5268.833532198129,0.9109542245502164,0.9109542245502164,PGR,34002.44797060627,16269.21631611613
99,99_HE_val.ndpi,99_PGR_val.ndpi,99_32,28882.42627910753,6723.098336940047,0.9109542245502164,0.9109542245502164,PGR,34177.816105131715,14804.200344641315
99,99_HE_val.ndpi,99_PGR_val.ndpi,99_33,29678.620499811168,4213.8328385655295,0.9109542245502164,0.9109542245502164,PGR,33178.205295413856,17053.06933435915
99,99_HE_val.ndpi,99_PGR_val.ndpi,99_34,32435.641896666948,6468.970256540329,0.9109542245502164,0.9109542245502164,PGR,31331.576742387355,14898.488083823313
99,99_HE_val.ndpi,99_PGR_val.ndpi,99_35,32441.69755965576,13403.02810994099,0.9109542245502164,0.9109542245502164,PGR,29283.63501416286,7034.846870046406
99,99_HE_val.ndpi,99_PGR_val.ndpi,99_36,31803.524232101085,12453.709247626122,0.9109542245502164,0.9109542245502164,PGR,29777.814386306316,8129.356816013447
99,99_HE_val.ndpi,99_PGR_val.ndpi,99_37,30753.43840028505,16369.68312487256,0.9109542245502164,0.9109542245502164,PGR,30006.238876669195,3775.892288982517
99,99_HE_val.ndpi,99_PGR_val.ndpi,99_38,32317.106843621,14785.26002677612,0.9109542245502164,0.9109542245502164,PGR,29047.835653235255,5389.1243681370415
99,99_HE_val.ndpi,99_PGR_val.ndpi,99_39,41618.14385530378,3480.640578860251,0.9109542245502164,0.9109542245502164,PGR,17591.377891764434,19120.153408241298
99,99_HE_val.ndpi,99_PGR_val.ndpi,99_40,36889.37544378545,16064.787366165163,0.9109542245502164,0.9109542245502164,PGR,22807.845824062115,3727.7390821404515
99,99_HE_val.ndpi,99_PGR_val.ndpi,99_41,37020.94760448092,5336.20352991698,0.9109542245502164,0.9109542245502164,PGR,24011.071491033224,16548.585443278527
99,99_HE_val.ndpi,99_PGR_val.ndpi,99_42,30590.96212192314,13241.427187117586,0.9109542245502164,0.9109542245502164,PGR,31086.77692574729,7222.517646373403
99,99_HE_val.ndpi,99_PGR_val.ndpi,99_43,28009.133833432894,9246.736058668985,0.9109542245502164,0.9109542245502164,PGR,34538.08916519426,11525.874149967385
99,99_HE_val.ndpi,99_PGR_val.ndpi,99_44,24504.925884628083,7015.705460113152,0.9109542245502164,0.9109542245502164,PGR,37921.63506184972,14046.319363983112
99,99_HE_val.ndpi,99_PGR_val.ndpi,99_45,27344.266488681158,16363.47824432555,0.9109542245502164,0.9109542245502164,PGR,32862.396102634026,4318.488128368385
99,99_HE_val.ndpi,99_PGR_val.ndpi,99_46,38615.25769804669,18048.17879142519,0.9109542245502164,0.9109542245502164,PGR,20000.280744280182,1636.8675060612886
99,99_HE_val.ndpi,99_PGR_val.ndpi,99_47,35356.01187605768,9606.720889269054,0.9109542245502164,0.9109542245502164,PGR,25323.04351980292,11719.60440250911
99,99_HE_val.ndpi,99_PGR_val.ndpi,99_48,23161.302826149742,16028.741595425547,0.9109542245502164,0.9109542245502164,PGR,37576.669123742824,4762.829586669104
99,99_HE_val.ndpi,99_PGR_val.ndpi,99_49,36754.37540393224,11678.474927980957,0.9109542245502164,0.9109542245502164,PGR,22773.87918920014,9358.071990637596
99,99_HE_val.ndpi,99_PGR_val.ndpi,99_50,37586.71903472955,8316.142361105765,0.9109542245502164,0.9109542245502164,PGR,22302.114842319344,13098.490970209408
71,71_HE_val.ndpi,71_ER_val.ndpi,71_1,18056.383438299752,10856.706805280934,0.919793966151582,0.919793966151582,ER,14539.321983058711,11915.842434392302
71,71_HE_val.ndpi,71_ER_val.ndpi,71_2,19203.050788391512,9981.788218242735,0.919793966151582,0.919793966151582,ER,15299.233174816869,11256.403497245172
71,71_HE_val.ndpi,71_ER_val.ndpi,71_3,17781.514777437867,12386.735582295833,0.919793966151582,0.919793966151582,ER,14758.345803229113,13448.111191751774
71,71_HE_val.ndpi,71_ER_val.ndpi,71_4,18020.053328120917,13920.784451420415,0.919793966151582,0.919793966151582,ER,15319.647435241652,14861.184644620067
71,71_HE_val.ndpi,71_ER_val.ndpi,71_5,17960.414029327017,16299.122190092032,0.919793966151582,0.919793966151582,ER,14368.005665798175,17275.338077229582
71,71_HE_val.ndpi,71_ER_val.ndpi,71_6,16029.213794131318,14373.387024805119,0.919793966151582,0.919793966151582,ER,13838.091547646049,15284.092500950166
71,71_HE_val.ndpi,71_ER_val.ndpi,71_7,16475.171005650438,11973.26591414648,0.919793966151582,0.919793966151582,ER,13488.953751221956,12895.104209802035
71,71_HE_val.ndpi,71_ER_val.ndpi,71_8,26885.507959295566,6977.018162992979,0.919793966151582,0.919793966151582,ER,18290.757951559335,8084.291835998698
71,71_HE_val.ndpi,71_ER_val.ndpi,71_9,26062.01812424817,3996.694215546863,0.919793966151582,0.919793966151582,ER,17629.47936421556,5870.850326576347
71,71_HE_val.ndpi,71_ER_val.ndpi,71_10,29945.56656538411,4977.522214941004,0.919793966151582,0.919793966151582,ER,20677.87758455451,6189.86229136868
71,71_HE_val.ndpi,71_ER_val.ndpi,71_11,27591.553675385578,4727.106334027746,0.919793966151582,0.919793966151582,ER,18596.419794344747,6109.116005679469
71,71_HE_val.ndpi,71_ER_val.ndpi,71_12,29030.680670839753,4238.513700019631,0.919793966151582,0.919793966151582,ER,19797.61800975489,5495.67503842659
71,71_HE_val.ndpi,71_ER_val.ndpi,71_13,29871.018819518984,3763.956599493764,0.919793966151582,0.919793966151582,ER,20243.600475381423,4907.984912965019
71,71_HE_val.ndpi,71_ER_val.ndpi,71_14,32213.58501323687,4970.989956454122,0.919793966151582,0.919793966151582,ER,22270.77139069072,6085.133074992705
71,71_HE_val.ndpi,71_ER_val.ndpi,71_15,32942.476224015336,5608.645744267137,0.919793966151582,0.919793966151582,ER,22735.985816931632,6578.698266532012
71,71_HE_val.ndpi,71_ER_val.ndpi,71_16,33709.853267254715,3943.03722609778,0.919793966151582,0.919793966151582,ER,23320.611559067664,4741.671009932398
71,71_HE_val.ndpi,71_ER_val.ndpi,71_17,36815.25751590348,2825.0044488194417,0.919793966151582,0.919793966151582,ER,25521.691995602505,3199.0498283539923
71,71_HE_val.ndpi,71_ER_val.ndpi,71_18,38647.61005754567,2498.2221115564357,0.919793966151582,0.919793966151582,ER,26876.183499698287,2621.84236251475
71,71_HE_val.ndpi,71_ER_val.ndpi,71_19,38477.9721867106,1307.7901633976962,0.919793966151582,0.919793966151582,ER,26711.318132284305,1433.7227704528013
71,71_HE_val.ndpi,71_ER_val.ndpi,71_20,35125.388875600336,648.8320657992757,0.919793966151582,0.919793966151582,ER,24142.573450493575,1188.4177977137183
71,71_HE_val.ndpi,71_ER_val.ndpi,71_21,36707.342828687404,1817.4770247750685,0.919793966151582,0.919793966151582,ER,25396.79742117145,2172.231685682231
71,71_HE_val.ndpi,71_ER_val.ndpi,71_22,31978.475377496576,1130.17089005296,0.919793966151582,0.919793966151582,ER,20543.548417067697,1754.2029515129627
71,71_HE_val.ndpi,71_ER_val.ndpi,71_23,31569.32118898479,2718.369704968936,0.919793966151582,0.919793966151582,ER,20987.125689803175,3645.5499449442686
71,71_HE_val.ndpi,71_ER_val.ndpi,71_24,29719.50735590185,2120.415564464797,0.919793966151582,0.919793966151582,ER,19597.19502919195,3234.1438744293223
71,71_HE_val.ndpi,71_ER_val.ndpi,71_25,30678.766455072157,8593.317712222242,0.919793966151582,0.919793966151582,ER,20842.59385932962,10034.556000650096
71,71_HE_val.ndpi,71_ER_val.ndpi,71_26,29097.6407622016,12806.412064895376,0.919793966151582,0.919793966151582,ER,20520.567549569703,13443.366708109228
71,71_HE_val.ndpi,71_ER_val.ndpi,71_27,27539.31778472325,15252.320488058665,0.919793966151582,0.919793966151582,ER,18780.767132027762,15209.92952076813
71,71_HE_val.ndpi,71_ER_val.ndpi,71_28,24145.743562248048,8077.81121856253,0.919793966151582,0.919793966151582,ER,17269.72863334944,9505.910687236918
71,71_HE_val.ndpi,71_ER_val.ndpi,71_29,24073.08579170536,7611.50919408063,0.919793966151582,0.919793966151582,ER,17074.363326823863,9042.569943111133
71,71_HE_val.ndpi,71_ER_val.ndpi,71_30,19839.981041217085,12841.566365401153,0.919793966151582,0.919793966151582,ER,16477.833849126022,14059.095313136251
71,71_HE_val.ndpi,71_ER_val.ndpi,71_31,36136.314181004236,8723.157220832172,0.919793966151582,0.919793966151582,ER,24750.246827618368,9149.518754131612
71,71_HE_val.ndpi,71_ER_val.ndpi,71_32,33792.71223175307,6960.721849770531,0.919793966151582,0.919793966151582,ER,23249.733907757316,7693.080751623783
71,71_HE_val.ndpi,71_ER_val.ndpi,71_33,32464.10491660528,7968.885653566763,0.919793966151582,0.919793966151582,ER,22086.707833565044,8971.353663187268
71,71_HE_val.ndpi,71_ER_val.ndpi,71_34,31975.50200679188,6767.074077525886,0.919793966151582,0.919793966151582,ER,22091.52129963781,7873.112012975564
71,71_HE_val.ndpi,71_ER_val.ndpi,71_35,33705.905193808896,2050.6077734253336,0.919793966151582,0.919793966151582,ER,23023.804341934403,2768.877193317988
71,71_HE_val.ndpi,71_ER_val.ndpi,71_36,23924.785337543384,2169.3823457295457,0.919793966151582,0.919793966151582,ER,15850.342440848712,4660.008539194219
71,71_HE_val.ndpi,71_ER_val.ndpi,71_37,22813.37459596726,1158.6145261833815,0.919793966151582,0.919793966151582,ER,15311.827730523846,3417.8792053170296
71,71_HE_val.ndpi,71_ER_val.ndpi,71_38,18353.00311257418,1634.9504347066186,0.919793966151582,0.919793966151582,ER,13404.363917428102,4316.344648140911
71,71_HE_val.ndpi,71_ER_val.ndpi,71_39,21651.87389401852,1471.2527480068804,0.919793966151582,0.919793966151582,ER,14968.24627809383,4022.560680104982
71,71_HE_val.ndpi,71_ER_val.ndpi,71_40,27483.74105400764,2266.359768601529,0.919793966151582,0.919793966151582,ER,18338.389284129462,3879.246431118445
71,71_HE_val.ndpi,71_ER_val.ndpi,71_41,28202.83128506553,5923.1120221079445,0.919793966151582,0.919793966151582,ER,19186.468771656353,7071.715715540018
71,71_HE_val.ndpi,71_ER_val.ndpi,71_42,22473.173665671402,9697.682177885075,0.919793966151582,0.919793966151582,ER,17343.89118030351,11387.919920020697
71,71_HE_val.ndpi,71_ER_val.ndpi,71_43,24999.24594641556,10805.027543324788,0.919793966151582,0.919793966151582,ER,18821.653601061043,12087.024441562382
71,71_HE_val.ndpi,71_ER_val.ndpi,71_44,23297.771849643545,12255.460544678659,0.919793966151582,0.919793966151582,ER,18230.157354849693,13320.442609335529
71,71_HE_val.ndpi,71_ER_val.ndpi,71_45,20708.44240219965,15573.84655464119,0.919793966151582,0.919793966151582,ER,16392.5535986012,16396.78149268516
71,71_HE_val.ndpi,71_ER_val.ndpi,71_46,24061.56047681816,6199.026530980805,0.919793966151582,0.919793966151582,ER,16422.347872591876,7607.994259337762
71,71_HE_val.ndpi,71_ER_val.ndpi,71_47,25181.310409990238,2981.016028715243,0.919793966151582,0.919793966151582,ER,16693.98628865248,5193.1683270325
71,71_HE_val.ndpi,71_ER_val.ndpi,71_48,30270.213158731098,5844.122574778127,0.919793966151582,0.919793966151582,ER,20917.937474137798,7117.003353296146
71,71_HE_val.ndpi,71_ER_val.ndpi,71_49,28221.41474194676,7295.2969708767505,0.919793966151582,0.919793966151582,ER,19352.659923398718,8455.423585301804
71,71_HE_val.ndpi,71_ER_val.ndpi,71_50,29800.01034699088,11144.564997392106,0.919793966151582,0.919793966151582,ER,21163.34619579876,12283.903752560593
50,50_HE_val.ndpi,50_KI67_val.ndpi,50_0,15889.48875186034,13828.824678892737,0.9109542245502164,0.9109542245502164,KI67,24817.44407944944,10445.448167836228
50,50_HE_val.ndpi,50_KI67_val.ndpi,50_1,16643.260226426974,13762.342824417918,0.9109542245502164,0.9109542245502164,KI67,23914.563690280924,10390.991503449246
50,50_HE_val.ndpi,50_KI67_val.ndpi,50_2,17836.178321017087,3960.3627727313756,0.9109542245502164,0.9109542245502164,KI67,23631.030294003616,17867.78050646774
50,50_HE_val.ndpi,50_KI67_val.ndpi,50_3,31192.197059858965,3923.899697070752,0.9109542245502164,0.9109542245502164,KI67,8600.213149478184,18351.669348593394
50,50_HE_val.ndpi,50_KI67_val.ndpi,50_4,33422.860923577595,11994.070380223724,0.9109542245502164,0.9109542245502164,KI67,6359.1419863707,10643.85164554644
50,50_HE_val.ndpi,50_KI67_val.ndpi,50_5,33036.40444939055,12586.186462566446,0.9109542245502164,0.9109542245502164,KI67,6851.813550370767,10120.996394608797
50,50_HE_val.ndpi,50_KI67_val.ndpi,50_6,30342.79957729707,14998.062273688252,0.9109542245502164,0.9109542245502164,KI67,9938.766252568623,7782.745753025382
50,50_HE_val.ndpi,50_KI67_val.ndpi,50_7,31311.657849383915,14470.421628851083,0.9109542245502164,0.9109542245502164,KI67,8715.106291844013,8191.246342823635
50,50_HE_val.ndpi,50_KI67_val.ndpi,50_8,29113.89779745833,18266.126154731646,0.9109542245502164,0.9109542245502164,KI67,11149.550006362522,5210.910331421887
50,50_HE_val.ndpi,50_KI67_val.ndpi,50_9,27338.46975328446,17791.435605948955,0.9109542245502164,0.9109542245502164,KI67,13193.08078451758,5709.5986064488825
50,50_HE_val.ndpi,50_KI67_val.ndpi,50_10,27296.886014945067,15998.205230814607,0.9109542245502164,0.9109542245502164,KI67,13500.751217760091,7158.564663196368
50,50_HE_val.ndpi,50_KI67_val.ndpi,50_11,28376.102570826402,16881.867691457854,0.9109542245502164,0.9109542245502164,KI67,12144.52836652405,6257.974229707962
50,50_HE_val.ndpi,50_KI67_val.ndpi,50_12,34067.91851750073,9216.068118325707,0.9109542245502164,0.9109542245502164,KI67,5656.5993593138,13568.924515049592
50,50_HE_val.ndpi,50_KI67_val.ndpi,50_13,33041.4938198076,8290.20531112043,0.9109542245502164,0.9109542245502164,KI67,6865.829571771213,14400.059704061057
50,50_HE_val.ndpi,50_KI67_val.ndpi,50_14,15932.063573909694,7421.704634243024,0.9109542245502164,0.9109542245502164,KI67,25747.890697113322,15265.15003656615
50,50_HE_val.ndpi,50_KI67_val.ndpi,50_15,18220.278731075552,15287.669257502976,0.9109542245502164,0.9109542245502164,KI67,22263.763049742793,8942.839113306309
50,50_HE_val.ndpi,50_KI67_val.ndpi,50_16,15232.188610374502,19885.392582179982,0.9109542245502164,0.9109542245502164,KI67,24471.935410823044,4739.230840339825
50,50_HE_val.ndpi,50_KI67_val.ndpi,50_17,16217.215207819705,18049.954896760042,0.9109542245502164,0.9109542245502164,KI67,23997.01756014164,6481.571035070724
50,50_HE_val.ndpi,50_KI67_val.ndpi,50_18,24912.82220964008,18924.226929721623,0.9109542245502164,0.9109542245502164,KI67,15786.415170164402,5067.6311550202545
50,50_HE_val.ndpi,50_KI67_val.ndpi,50_19,25685.66818143295,4302.016619531183,0.9109542245502164,0.9109542245502164,KI67,15012.163573949392,17380.568990734362
50,50_HE_val.ndpi,50_KI67_val.ndpi,50_20,30291.154594814034,13298.747683655845,0.9109542245502164,0.9109542245502164,KI67,10090.557424952287,9400.85338994228
50,50_HE_val.ndpi,50_KI67_val.ndpi,50_21,31467.261302768453,12965.569779418747,0.9109542245502164,0.9109542245502164,KI67,8749.270290121209,9719.17769285048
50,50_HE_val.ndpi,50_KI67_val.ndpi,50_22,33481.11166186391,15064.653321319463,0.9109542245502164,0.9109542245502164,KI67,6583.015553804387,7675.60120408867
50,50_HE_val.ndpi,50_KI67_val.ndpi,50_23,34626.18384302544,15837.473936468,0.9109542245502164,0.9109542245502164,KI67,4709.38422354995,6919.029969219325
50,50_HE_val.ndpi,50_KI67_val.ndpi,50_24,17823.274739257187,9779.204963830132,0.9109542245502164,0.9109542245502164,KI67,23590.463428806423,13270.532014958566
50,50_HE_val.ndpi,50_KI67_val.ndpi,50_25,19962.167935598707,18056.084062460257,0.9109542245502164,0.9109542245502164,KI67,20787.83312079915,6082.325032895948
50,50_HE_val.ndpi,50_KI67_val.ndpi,50_26,25854.49799436022,18186.385866110897,0.9109542245502164,0.9109542245502164,KI67,14914.629688242938,5565.660612867154
50,50_HE_val.ndpi,50_KI67_val.ndpi,50_27,19867.241045684208,4042.569892634248,0.9109542245502164,0.9109542245502164,KI67,21190.259505792492,17687.898329521697
50,50_HE_val.ndpi,50_KI67_val.ndpi,50_28,17089.432371251794,7515.333947727024,0.9109542245502164,0.9109542245502164,KI67,24594.769587764164,15118.066966997681
50,50_HE_val.ndpi,50_KI67_val.ndpi,50_29,16874.01125185829,18620.951248511334,0.9109542245502164,0.9109542245502164,KI67,23261.040025100363,5747.17372001506
50,50_HE_val.ndpi,50_KI67_val.ndpi,50_30,16373.759255157805,15170.146702440183,0.9109542245502164,0.9109542245502164,KI67,24139.584469302998,9190.661878441082
50,50_HE_val.ndpi,50_KI67_val.ndpi,50_31,16608.871089638702,8878.409342922945,0.9109542245502164,0.9109542245502164,KI67,25018.16647473816,14044.393910992747
50,50_HE_val.ndpi,50_KI67_val.ndpi,50_32,20571.17651202439,15857.880903025054,0.9109542245502164,0.9109542245502164,KI67,20337.19190714875,8202.321794316536
50,50_HE_val.ndpi,50_KI67_val.ndpi,50_33,25548.533048831192,7704.652956116778,0.9109542245502164,0.9109542245502164,KI67,14996.602698926605,14529.87856252134
50,50_HE_val.ndpi,50_KI67_val.ndpi,50_34,26816.630875279967,15629.97401532884,0.9109542245502164,0.9109542245502164,KI67,13961.112668667474,7582.325222095224
50,50_HE_val.ndpi,50_KI67_val.ndpi,50_35,27481.75812219565,15239.489702510871,0.9109542245502164,0.9109542245502164,KI67,13153.04760559045,7832.67843017205
50,50_HE_val.ndpi,50_KI67_val.ndpi,50_36,28728.529374971466,15604.910498155254,0.9109542245502164,0.9109542245502164,KI67,11834.603565390418,7310.057088318494
50,50_HE_val.ndpi,50_KI67_val.ndpi,50_37,29025.88409921962,15079.360659554062,0.9109542245502164,0.9109542245502164,KI67,11492.735599394084,7808.577589084971
50,50_HE_val.ndpi,50_KI67_val.ndpi,50_38,29572.735203254302,16028.416905448592,0.9109542245502164,0.9109542245502164,KI67,10789.346908285923,6870.319302993945
50,50_HE_val.ndpi,50_KI67_val.ndpi,50_39,33911.821720575674,17623.237907178704,0.9109542245502164,0.9109542245502164,KI67,5781.278156812347,5571.284922216228
50,50_HE_val.ndpi,50_KI67_val.ndpi,50_40,33616.85519041248,16921.09454529242,0.9109542245502164,0.9109542245502164,KI67,6093.503276493748,6017.515289542463
50,50_HE_val.ndpi,50_KI67_val.ndpi,50_41,35338.974113979064,16398.971503337754,0.9109542245502164,0.9109542245502164,KI67,3784.728506531824,6435.180367139664
50,50_HE_val.ndpi,50_KI67_val.ndpi,50_42,31047.559996224103,17221.54324600904,0.9109542245502164,0.9109542245502164,KI67,9335.73220381945,5813.960169425943
50,50_HE_val.ndpi,50_KI67_val.ndpi,50_43,17301.44123098578,16586.695314268607,0.9109542245502164,0.9109542245502164,KI67,23252.68025875545,7970.527508930637
50,50_HE_val.ndpi,50_KI67_val.ndpi,50_44,14550.723004802006,19829.02061541256,0.9109542245502164,0.9109542245502164,KI67,24999.974948739342,4972.801010741289
50,50_HE_val.ndpi,50_KI67_val.ndpi,50_45,18601.495644004266,14327.18031953829,0.9109542245502164,0.9109542245502164,KI67,21909.62056420803,9681.40402585518
50,50_HE_val.ndpi,50_KI67_val.ndpi,50_46,18282.5206229356,9458.205570849012,0.9109542245502164,0.9109542245502164,KI67,23319.756210424566,13498.391999258865
50,50_HE_val.ndpi,50_KI67_val.ndpi,50_47,16547.163046157682,10829.680598296889,0.9109542245502164,0.9109542245502164,KI67,24456.215156431485,12613.5419118122
50,50_HE_val.ndpi,50_KI67_val.ndpi,50_48,32455.44721372627,4156.710562564533,0.9109542245502164,0.9109542245502164,KI67,7055.405902019492,18264.352296113902
50,50_HE_val.ndpi,50_KI67_val.ndpi,50_49,35158.158134076024,7403.656142799915,0.9109542245502164,0.9109542245502164,KI67,4478.350979300266,15371.521305865179
33,33_HE_val.ndpi,33_HER2_val.ndpi,33_1,40817.480830900866,18928.60266447889,0.907338096858342,0.907338096858342,HER2,32292.492029535657,17438.54941908046
33,33_HE_val.ndpi,33_HER2_val.ndpi,33_2,40251.26651523113,18074.467175520957,0.907338096858342,0.907338096858342,HER2,31791.061255438883,16751.91345810779
33,33_HE_val.ndpi,33_HER2_val.ndpi,33_3,40812.421291747705,17403.599400092357,0.907338096858342,0.907338096858342,HER2,32300.432635164387,16215.606235539835
33,33_HE_val.ndpi,33_HER2_val.ndpi,33_4,43801.19159348028,15433.186305366233,0.907338096858342,0.907338096858342,HER2,34660.01795742317,15389.098092230597
33,33_HE_val.ndpi,33_HER2_val.ndpi,33_5,43425.124737222264,17792.650981042196,0.907338096858342,0.907338096858342,HER2,34420.687705453405,16593.82665957714
33,33_HE_val.ndpi,33_HER2_val.ndpi,33_6,42994.361131755584,17375.959436107143,0.907338096858342,0.907338096858342,HER2,34095.944685643466,16240.79176212408
33,33_HE_val.ndpi,33_HER2_val.ndpi,33_7,43765.03415681139,19941.075134353043,0.907338096858342,0.907338096858342,HER2,35597.813190472225,18469.64097570647
33,33_HE_val.ndpi,33_HER2_val.ndpi,33_8,43919.964241219284,21813.231124665832,0.907338096858342,0.907338096858342,HER2,35693.48539142933,19660.520256773965
33,33_HE_val.ndpi,33_HER2_val.ndpi,33_9,39103.89982580262,20892.311735296582,0.907338096858342,0.907338096858342,HER2,32023.10541677759,18882.410710849046
33,33_HE_val.ndpi,33_HER2_val.ndpi,33_10,37885.515873049946,19070.09885141829,0.907338096858342,0.907338096858342,HER2,29717.29761753672,17233.251295697897
33,33_HE_val.ndpi,33_HER2_val.ndpi,33_11,33146.253237090226,17707.356765939283,0.907338096858342,0.907338096858342,HER2,23977.91002507865,15337.80097678504
33,33_HE_val.ndpi,33_HER2_val.ndpi,33_12,33223.33534335643,16067.108918248603,0.907338096858342,0.907338096858342,HER2,24353.392762131338,14424.763077874191
33,33_HE_val.ndpi,33_HER2_val.ndpi,33_13,25104.433616550334,13061.372586912488,0.907338096858342,0.907338096858342,HER2,17263.48210494837,12525.69867609706
33,33_HE_val.ndpi,33_HER2_val.ndpi,33_14,27190.160317755668,16083.045721857925,0.907338096858342,0.907338096858342,HER2,17733.87609189583,14260.278776163994
33,33_HE_val.ndpi,33_HER2_val.ndpi,33_15,28790.241401184023,17302.83604395125,0.907338096858342,0.907338096858342,HER2,19873.103187625406,15294.985353144195
33,33_HE_val.ndpi,33_HER2_val.ndpi,33_16,28651.30644866285,16498.51348662694,0.907338096858342,0.907338096858342,HER2,19438.836358319346,14656.62743250476
33,33_HE_val.ndpi,33_HER2_val.ndpi,33_17,27771.424121685734,16519.158242373232,0.907338096858342,0.907338096858342,HER2,18498.57206740938,14489.386309812171
33,33_HE_val.ndpi,33_HER2_val.ndpi,33_18,30072.10317882056,4224.005891107625,0.907338096858342,0.907338096858342,HER2,22104.57289046973,10597.396461338456
33,33_HE_val.ndpi,33_HER2_val.ndpi,33_19,16983.765895136108,20843.818582176104,0.907338096858342,0.907338096858342,HER2,7877.49779714414,19452.450017874085
33,33_HE_val.ndpi,33_HER2_val.ndpi,33_20,13836.983537003212,21024.287800513903,0.907338096858342,0.907338096858342,HER2,5384.089437056752,20094.246712626133
33,33_HE_val.ndpi,33_HER2_val.ndpi,33_21,15515.42718135181,11190.690860839632,0.907338096858342,0.907338096858342,HER2,8674.51886091727,14134.975826897464
33,33_HE_val.ndpi,33_HER2_val.ndpi,33_22,39219.60088838991,10449.866645042268,0.907338096858342,0.907338096858342,HER2,30139.97676740953,13471.270803313066
33,33_HE_val.ndpi,33_HER2_val.ndpi,33_23,37984.64788026935,9680.22961874752,0.907338096858342,0.907338096858342,HER2,29253.302645427106,13383.570168486018
33,33_HE_val.ndpi,33_HER2_val.ndpi,33_24,36472.038046032096,8451.621221816918,0.907338096858342,0.907338096858342,HER2,27694.09211178365,12599.168297158285
33,33_HE_val.ndpi,33_HER2_val.ndpi,33_25,35920.432686311615,8566.311821606863,0.907338096858342,0.907338096858342,HER2,27289.04784936282,12326.159629325715
33,33_HE_val.ndpi,33_HER2_val.ndpi,33_26,36500.23863462208,11206.824464431955,0.907338096858342,0.907338096858342,HER2,27937.259333287137,13610.872534750742
33,33_HE_val.ndpi,33_HER2_val.ndpi,33_27,37063.4620476567,12649.92898617735,0.907338096858342,0.907338096858342,HER2,29022.835908396974,14191.567771848522
33,33_HE_val.ndpi,33_HER2_val.ndpi,33_28,26482.151446482534,20851.02089490745,0.907338096858342,0.907338096858342,HER2,16414.541911001477,17382.508980226765
33,33_HE_val.ndpi,33_HER2_val.ndpi,33_29,26654.823320558866,20428.77286670389,0.907338096858342,0.907338096858342,HER2,16786.93648645629,17015.316932793183
33,33_HE_val.ndpi,33_HER2_val.ndpi,33_30,20773.06906968524,15915.938136078878,0.907338096858342,0.907338096858342,HER2,12517.879547343648,15135.486520546396
33,33_HE_val.ndpi,33_HER2_val.ndpi,33_31,18876.284694846832,15115.279375051077,0.907338096858342,0.907338096858342,HER2,11696.897870096618,15157.90046919088
33,33_HE_val.ndpi,33_HER2_val.ndpi,33_32,18365.09021160505,11875.647867135292,0.907338096858342,0.907338096858342,HER2,12773.501859943455,14205.750302423663
33,33_HE_val.ndpi,33_HER2_val.ndpi,33_33,17699.89235323499,7735.707196477891,0.907338096858342,0.907338096858342,HER2,11427.429876225417,12452.034932274202
33,33_HE_val.ndpi,33_HER2_val.ndpi,33_34,22118.099161676117,4162.823338791922,0.907338096858342,0.907338096858342,HER2,15515.550746460176,10152.382750024906
33,33_HE_val.ndpi,33_HER2_val.ndpi,33_35,24272.224632858688,6321.868618234163,0.907338096858342,0.907338096858342,HER2,18167.785201177772,12032.595399954762
33,33_HE_val.ndpi,33_HER2_val.ndpi,33_36,24056.243035088668,10654.865742109892,0.907338096858342,0.907338096858342,HER2,17842.62911816283,12787.126269218172
33,33_HE_val.ndpi,33_HER2_val.ndpi,33_37,41080.138425152254,10143.206137194,0.907338096858342,0.907338096858342,HER2,31791.86721502534,13418.73625229296
33,33_HE_val.ndpi,33_HER2_val.ndpi,33_38,32540.51785898384,10220.556955978096,0.907338096858342,0.907338096858342,HER2,24841.041311455894,11699.932817509403
33,33_HE_val.ndpi,33_HER2_val.ndpi,33_39,32033.1013966144,9502.851649361955,0.907338096858342,0.907338096858342,HER2,24453.98220664409,11413.878276088992
33,33_HE_val.ndpi,33_HER2_val.ndpi,33_40,30261.202635877547,7287.601157031336,0.907338096858342,0.907338096858342,HER2,22585.410298688836,11482.124616762252
33,33_HE_val.ndpi,33_HER2_val.ndpi,33_41,32020.467428337008,20886.805597560047,0.907338096858342,0.907338096858342,HER2,23444.198532104147,17136.913213613745
33,33_HE_val.ndpi,33_HER2_val.ndpi,33_42,34854.755927607264,20582.0827892478,0.907338096858342,0.907338096858342,HER2,26504.598457146803,17449.41881138527
33,33_HE_val.ndpi,33_HER2_val.ndpi,33_43,35433.881940048144,19201.701063495042,0.907338096858342,0.907338096858342,HER2,27046.28755545433,16773.92666503862
33,33_HE_val.ndpi,33_HER2_val.ndpi,33_44,37670.07315373033,16525.890690485117,0.907338096858342,0.907338096858342,HER2,29146.180003235273,15378.31734417406
33,33_HE_val.ndpi,33_HER2_val.ndpi,33_45,36112.597039088665,21917.106694642353,0.907338096858342,0.907338096858342,HER2,27987.119066238214,18722.565818506137
33,33_HE_val.ndpi,33_HER2_val.ndpi,33_46,33940.99172921917,6680.375668844608,0.907338096858342,0.907338096858342,HER2,24818.016554666214,12284.09539003072
33,33_HE_val.ndpi,33_HER2_val.ndpi,33_47,40959.1482039284,15582.94995398602,0.907338096858342,0.907338096858342,HER2,32331.449876217262,15401.833438043954
33,33_HE_val.ndpi,33_HER2_val.ndpi,33_48,34704.867380159776,14641.169549375198,0.907338096858342,0.907338096858342,HER2,25909.624404582737,13960.944796669568
33,33_HE_val.ndpi,33_HER2_val.ndpi,33_49,28679.14136656023,13711.222387742138,0.907338096858342,0.907338096858342,HER2,20219.184543157837,12619.316412931697
33,33_HE_val.ndpi,33_HER2_val.ndpi,33_50,25884.83013296475,1499.467609195622,0.907338096858342,0.907338096858342,HER2,19106.19776418573,8097.45659461025
42,42_HE_val.ndpi,42_ER_val.ndpi,42_1,18452.961221395963,4164.126339637932,0.907338096858342,0.907338096858342,ER,16203.809956048322,1889.1117170061889
42,42_HE_val.ndpi,42_ER_val.ndpi,42_2,18138.324254345665,1988.0323413037265,0.907338096858342,0.907338096858342,ER,15935.408207570039,-221.55160634126236
42,42_HE_val.ndpi,42_ER_val.ndpi,42_3,19643.717694757957,5548.737774322329,0.907338096858342,0.907338096858342,ER,16583.737931325784,3001.1584820060684
42,42_HE_val.ndpi,42_ER_val.ndpi,42_4,21406.19022881129,6538.659885086388,0.907338096858342,0.907338096858342,ER,17698.524415014424,4010.651344925971
42,42_HE_val.ndpi,42_ER_val.ndpi,42_5,28113.762341302987,4042.056603560842,0.907338096858342,0.907338096858342,ER,24633.526453743674,1274.7935993462513
42,42_HE_val.ndpi,42_ER_val.ndpi,42_6,27931.99484007228,2661.8796592383515,0.907338096858342,0.907338096858342,ER,24669.621055517247,-368.1159673888905
42,42_HE_val.ndpi,42_ER_val.ndpi,42_7,31628.4977115678,6415.680106750304,0.907338096858342,0.907338096858342,ER,25826.8292624956,4655.444126600165
42,42_HE_val.ndpi,42_ER_val.ndpi,42_8,35735.95532380091,8997.585941833873,0.907338096858342,0.907338096858342,ER,29801.284054651856,7628.191171946291
42,42_HE_val.ndpi,42_ER_val.ndpi,42_9,36221.485413401024,10088.935982716586,0.907338096858342,0.907338096858342,ER,30011.708657346408,8949.202519735985
42,42_HE_val.ndpi,42_ER_val.ndpi,42_10,40559.7070059986,1509.6321139652125,0.907338096858342,0.907338096858342,ER,36036.69762587553,-1759.9370331575205
42,42_HE_val.ndpi,42_ER_val.ndpi,42_11,24711.889822822744,11850.003132928658,0.907338096858342,0.907338096858342,ER,20651.675943437996,11769.538955626022
42,42_HE_val.ndpi,42_ER_val.ndpi,42_12,18279.287957649205,17827.323289082087,0.907338096858342,0.907338096858342,ER,9952.946467979331,18358.650960914092
42,42_HE_val.ndpi,42_ER_val.ndpi,42_13,25568.596204661317,16929.55193326875,0.907338096858342,0.907338096858342,ER,18717.434094043303,18209.472221855096
42,42_HE_val.ndpi,42_ER_val.ndpi,42_14,26662.159667395143,17490.08312828541,0.907338096858342,0.907338096858342,ER,19302.902559724564,19068.592222727897
42,42_HE_val.ndpi,42_ER_val.ndpi,42_15,28274.487347027025,16286.394429569344,0.907338096858342,0.907338096858342,ER,21958.888720411833,18068.72266319378
42,42_HE_val.ndpi,42_ER_val.ndpi,42_16,28006.188155263408,11984.335964177473,0.907338096858342,0.907338096858342,ER,24112.353021060826,12647.991512985165
42,42_HE_val.ndpi,42_ER_val.ndpi,42_17,36983.137238504016,16999.89450071663,0.907338096858342,0.907338096858342,ER,28729.790829687467,16881.187231541106
42,42_HE_val.ndpi,42_ER_val.ndpi,42_18,36820.58935625696,17237.879786176978,0.907338096858342,0.907338096858342,ER,28538.12716843732,17178.988371402666
42,42_HE_val.ndpi,42_ER_val.ndpi,42_19,39792.86859382572,11337.506683303991,0.907338096858342,0.907338096858342,ER,32775.45035153646,10277.417154068544
42,42_HE_val.ndpi,42_ER_val.ndpi,42_20,40035.60245252694,14434.011409578166,0.907338096858342,0.907338096858342,ER,32057.456204847862,13948.238125968934
42,42_HE_val.ndpi,42_ER_val.ndpi,42_21,38382.05727958959,14646.981612119458,0.907338096858342,0.907338096858342,ER,30677.598018172604,14265.156334302124
42,42_HE_val.ndpi,42_ER_val.ndpi,42_22,37895.171133876516,12659.58696156658,0.907338096858342,0.907338096858342,ER,31069.13754527076,11951.624500088663
42,42_HE_val.ndpi,42_ER_val.ndpi,42_23,31126.43125355268,4296.228371474509,0.907338096858342,0.907338096858342,ER,25674.384308206227,1792.2434168994523
42,42_HE_val.ndpi,42_ER_val.ndpi,42_24,25080.61459111936,3781.4424252155736,0.907338096858342,0.907338096858342,ER,22532.278897731117,1249.497270832686
42,42_HE_val.ndpi,42_ER_val.ndpi,42_25,16529.540772429576,4124.0037977641105,0.907338096858342,0.907338096858342,ER,14262.684572459471,2472.181626218042
42,42_HE_val.ndpi,42_ER_val.ndpi,42_26,16689.85348248087,3334.4218017606017,0.907338096858342,0.907338096858342,ER,14696.832802142844,1618.8047254915484
42,42_HE_val.ndpi,42_ER_val.ndpi,42_27,26555.170205373404,3097.2253268644818,0.907338096858342,0.907338096858342,ER,23583.11772312388,179.22108524101438
42,42_HE_val.ndpi,42_ER_val.ndpi,42_28,31104.95993362998,652.3066671277704,0.907338096858342,0.907338096858342,ER,25907.790811572704,-2625.6868346727874
42,42_HE_val.ndpi,42_ER_val.ndpi,42_29,31942.26402732477,771.0242669716089,0.907338096858342,0.907338096858342,ER,26581.112102179148,-2644.989341814139
42,42_HE_val.ndpi,42_ER_val.ndpi,42_30,34942.35989416832,17931.871375184124,0.907338096858342,0.907338096858342,ER,26862.767884053654,18114.751273479345
42,42_HE_val.ndpi,42_ER_val.ndpi,42_31,35784.41423522603,16830.96194983223,0.907338096858342,0.907338096858342,ER,27811.747289961444,16742.37706518091
42,42_HE_val.ndpi,42_ER_val.ndpi,42_32,37348.302673377504,13427.65515481355,0.907338096858342,0.907338096858342,ER,30274.99589308006,12909.144740833292
42,42_HE_val.ndpi,42_ER_val.ndpi,42_33,39378.40519399451,14417.336588042252,0.907338096858342,0.907338096858342,ER,31532.99915588987,13962.121920555617
42,42_HE_val.ndpi,42_ER_val.ndpi,42_34,39090.609652182175,15326.32801952663,0.907338096858342,0.907338096858342,ER,31079.559960407387,14971.077551422255
42,42_HE_val.ndpi,42_ER_val.ndpi,42_35,19041.42485154346,13466.087238434211,0.907338096858342,0.907338096858342,ER,11912.385338504448,13087.923464413689
42,42_HE_val.ndpi,42_ER_val.ndpi,42_36,27426.543813435343,10910.40594552719,0.907338096858342,0.907338096858342,ER,23949.951085699733,11207.698828896187
42,42_HE_val.ndpi,42_ER_val.ndpi,42_37,27220.24780270431,10674.05954631139,0.907338096858342,0.907338096858342,ER,23934.232159544234,10859.921880176236
42,42_HE_val.ndpi,42_ER_val.ndpi,42_38,28246.974566537003,15038.314988589267,0.907338096858342,0.907338096858342,ER,22790.472701671446,16549.206966387137
42,42_HE_val.ndpi,42_ER_val.ndpi,42_39,25722.774401522143,16508.623323307253,0.907338096858342,0.907338096858342,ER,19234.85682519186,17836.89546130931
42,42_HE_val.ndpi,42_ER_val.ndpi,42_40,24324.44411925676,18573.9708944417,0.907338096858342,0.907338096858342,ER,16650.96206057005,19714.741183880797
42,42_HE_val.ndpi,42_ER_val.ndpi,42_41,16974.430291211345,11837.338995021597,0.907338096858342,0.907338096858342,ER,9996.442223961321,11266.868913488577
42,42_HE_val.ndpi,42_ER_val.ndpi,42_42,18348.151128036854,5083.592120078799,0.907338096858342,0.907338096858342,ER,15670.08598044545,2898.406064507722
42,42_HE_val.ndpi,42_ER_val.ndpi,42_43,40894.15711469659,3828.5316142223733,0.907338096858342,0.907338096858342,ER,35204.97399413844,777.7563613971316
42,42_HE_val.ndpi,42_ER_val.ndpi,42_44,21585.59135303627,13552.748329993638,0.907338096858342,0.907338096858342,ER,15700.631446651025,13425.749341876803
42,42_HE_val.ndpi,42_ER_val.ndpi,42_45,22419.22765155968,13813.486582752848,0.907338096858342,0.907338096858342,ER,17054.964381721846,13703.542343409843
42,42_HE_val.ndpi,42_ER_val.ndpi,42_46,28060.123889484155,14837.754943376012,0.907338096858342,0.907338096858342,ER,22668.15414922855,16278.943680886403
42,42_HE_val.ndpi,42_ER_val.ndpi,42_47,28077.947144266258,14369.753438777849,0.907338096858342,0.907338096858342,ER,22891.541633209883,15779.102837703376
42,42_HE_val.ndpi,42_ER_val.ndpi,42_48,17662.833957089977,6067.083977849263,0.907338096858342,0.907338096858342,ER,14362.901053337413,4141.181366908517
42,42_HE_val.ndpi,42_ER_val.ndpi,42_49,37851.1861500361,18646.90321722816,0.907338096858342,0.907338096858342,ER,29057.2550801452,18803.79018141204
42,42_HE_val.ndpi,42_ER_val.ndpi,42_50,25408.793457047166,4927.135021783755,0.907338096858342,0.907338096858342,ER,22580.896791327636,2397.30864326409
49,49_HE_val.ndpi,49_KI67_val.ndpi,49_0,32138.0350034524,12564.994643707143,0.9109542245502164,0.9109542245502164,KI67,25491.758011853723,10655.304012939248
49,49_HE_val.ndpi,49_KI67_val.ndpi,49_1,32166.630272804487,12208.092980358218,0.9109542245502164,0.9109542245502164,KI67,25698.218578799908,10260.679504925287
49,49_HE_val.ndpi,49_KI67_val.ndpi,49_2,32554.41597076021,12233.945360221922,0.9109542245502164,0.9109542245502164,KI67,25827.452461320765,10285.383730810792
49,49_HE_val.ndpi,49_KI67_val.ndpi,49_3,31733.621767117314,11637.561979621867,0.9109542245502164,0.9109542245502164,KI67,25813.497178085603,9602.935667343232
49,49_HE_val.ndpi,49_KI67_val.ndpi,49_4,32040.740954982906,11361.44965569537,0.9109542245502164,0.9109542245502164,KI67,26184.109375439017,9349.316682967394
49,49_HE_val.ndpi,49_KI67_val.ndpi,49_5,32921.234579147414,13276.903957383242,0.9109542245502164,0.9109542245502164,KI67,25300.118219039738,11457.08052438718
49,49_HE_val.ndpi,49_KI67_val.ndpi,49_6,30128.959822975263,13011.69252638892,0.9109542245502164,0.9109542245502164,KI67,24119.473124073655,10795.499075923755
49,49_HE_val.ndpi,49_KI67_val.ndpi,49_7,28812.405169381113,13396.445069415522,0.9109542245502164,0.9109542245502164,KI67,23315.518862161996,10980.5587891182
49,49_HE_val.ndpi,49_KI67_val.ndpi,49_8,29167.628265580624,13252.347354147798,0.9109542245502164,0.9109542245502164,KI67,23553.35717965684,10883.990916093313
49,49_HE_val.ndpi,49_KI67_val.ndpi,49_9,35942.84056715525,11570.559351791217,0.9109542245502164,0.9109542245502164,KI67,28471.66892028768,10130.965867085939
49,49_HE_val.ndpi,49_KI67_val.ndpi,49_10,35283.46151734039,12526.5434025002,0.9109542245502164,0.9109542245502164,KI67,27206.34668215172,10965.210013155185
49,49_HE_val.ndpi,49_KI67_val.ndpi,49_11,36666.39313763033,12486.717458974952,0.9109542245502164,0.9109542245502164,KI67,28256.36091506992,11232.30121300356
49,49_HE_val.ndpi,49_KI67_val.ndpi,49_12,35211.76902239404,11169.315899238916,0.9109542245502164,0.9109542245502164,KI67,28271.41311805031,9635.302947454908
49,49_HE_val.ndpi,49_KI67_val.ndpi,49_13,33922.33781639665,12640.185347761828,0.9109542245502164,0.9109542245502164,KI67,26213.379817156587,10818.878692057926
49,49_HE_val.ndpi,49_KI67_val.ndpi,49_14,33998.73494621897,11887.48561646904,0.9109542245502164,0.9109542245502164,KI67,26744.943682832763,10000.875219769156
49,49_HE_val.ndpi,49_KI67_val.ndpi,49_15,32493.641958244538,19909.87970447991,0.9109542245502164,0.9109542245502164,KI67,24178.400120889957,17735.69893778032
49,49_HE_val.ndpi,49_KI67_val.ndpi,49_16,32583.28186059241,18857.666919104577,0.9109542245502164,0.9109542245502164,KI67,24188.891300053143,16987.459080230947
49,49_HE_val.ndpi,49_KI67_val.ndpi,49_17,32412.894510055517,19480.241164948427,0.9109542245502164,0.9109542245502164,KI67,24173.563964603967,17438.411376382723
49,49_HE_val.ndpi,49_KI67_val.ndpi,49_18,36300.80569547522,9152.243253184231,0.9109542245502164,0.9109542245502164,KI67,29941.208455963544,7761.413865981054
49,49_HE_val.ndpi,49_KI67_val.ndpi,49_19,36509.33111451793,9285.52814450514,0.9109542245502164,0.9109542245502164,KI67,30011.94611192436,7929.291635235972
49,49_HE_val.ndpi,49_KI67_val.ndpi,49_20,35413.404846845464,7867.483978753362,0.9109542245502164,0.9109542245502164,KI67,30346.321012167136,6271.429229850991
49,49_HE_val.ndpi,49_KI67_val.ndpi,49_21,40406.4865111366,8822.019031038804,0.9109542245502164,0.9109542245502164,KI67,33238.57435720217,7619.608211936951
49,49_HE_val.ndpi,49_KI67_val.ndpi,49_22,41503.76208009348,8946.057553060316,0.9109542245502164,0.9109542245502164,KI67,34411.0400981088,7797.323773535954
49,49_HE_val.ndpi,49_KI67_val.ndpi,49_23,43345.656951081415,8398.003736851031,0.9109542245502164,0.9109542245502164,KI67,35891.424769775935,7296.453454045641
49,49_HE_val.ndpi,49_KI67_val.ndpi,49_24,39328.13192958329,11594.195485747525,0.9109542245502164,0.9109542245502164,KI67,30471.547988165978,10281.308070287123
49,49_HE_val.ndpi,49_KI67_val.ndpi,49_25,38739.66813080984,11548.657483521374,0.9109542245502164,0.9109542245502164,KI67,29884.324054802353,10296.368604217083
49,49_HE_val.ndpi,49_KI67_val.ndpi,49_26,33841.350779861365,18666.436977389265,0.9109542245502164,0.9109542245502164,KI67,24784.778652561425,16818.863268587946
49,49_HE_val.ndpi,49_KI67_val.ndpi,49_27,36752.501636577326,16034.623446875095,0.9109542245502164,0.9109542245502164,KI67,26833.270821306065,14309.21895638012
49,49_HE_val.ndpi,49_KI67_val.ndpi,49_28,34911.14221350154,15682.993859978316,0.9109542245502164,0.9109542245502164,KI67,25881.627578748663,14150.839232208227
49,49_HE_val.ndpi,49_KI67_val.ndpi,49_29,34967.52744179257,15191.901188228847,0.9109542245502164,0.9109542245502164,KI67,26044.54847701815,13672.048550194151
49,49_HE_val.ndpi,49_KI67_val.ndpi,49_30,31178.65699285105,6603.168187170714,0.9109542245502164,0.9109542245502164,KI67,28102.062950863477,4816.547714719123
49,49_HE_val.ndpi,49_KI67_val.ndpi,49_31,32258.673867907684,6444.7194743763375,0.9109542245502164,0.9109542245502164,KI67,28756.33117565401,4715.756637965494
49,49_HE_val.ndpi,49_KI67_val.ndpi,49_32,27212.486105189462,14154.230248632928,0.9109542245502164,0.9109542245502164,KI67,22512.145076797216,11756.949361849234
49,49_HE_val.ndpi,49_KI67_val.ndpi,49_33,26379.82095624583,13041.003296669916,0.9109542245502164,0.9109542245502164,KI67,22545.777320036592,10601.828404523118
49,49_HE_val.ndpi,49_KI67_val.ndpi,49_34,22638.165792337026,8851.724901200872,0.9109542245502164,0.9109542245502164,KI67,22792.369958927593,6644.081889334311
49,49_HE_val.ndpi,49_KI67_val.ndpi,49_35,40465.52168777851,18711.67163234532,0.9109542245502164,0.9109542245502164,KI67,31033.12847160117,15797.292244033699
49,49_HE_val.ndpi,49_KI67_val.ndpi,49_36,40526.253312078035,20451.01152688935,0.9109542245502164,0.9109542245502164,KI67,31002.299572705622,17045.942277345188
49,49_HE_val.ndpi,49_KI67_val.ndpi,49_37,38695.94299329871,20071.278674332232,0.9109542245502164,0.9109542245502164,KI67,27977.49395545461,17341.879370442406
49,49_HE_val.ndpi,49_KI67_val.ndpi,49_38,41871.956711446845,17347.748405800226,0.9109542245502164,0.9109542245502164,KI67,32732.71422485567,14545.761446790868
49,49_HE_val.ndpi,49_KI67_val.ndpi,49_39,41112.22615834483,12360.063818964714,0.9109542245502164,0.9109542245502164,KI67,32885.567662305555,10680.914737963245
49,49_HE_val.ndpi,49_KI67_val.ndpi,49_40,43991.36579036413,15288.450965569617,0.9109542245502164,0.9109542245502164,KI67,34576.40069660656,12738.312375727426
49,49_HE_val.ndpi,49_KI67_val.ndpi,49_41,37985.26517230893,16576.216387401597,0.9109542245502164,0.9109542245502164,KI67,27499.381713878774,14648.62955248151
49,49_HE_val.ndpi,49_KI67_val.ndpi,49_42,35495.41179171412,13379.648015883917,0.9109542245502164,0.9109542245502164,KI67,26873.051949975248,11861.969945606503
49,49_HE_val.ndpi,49_KI67_val.ndpi,49_43,33543.64127892161,13412.506479107577,0.9109542245502164,0.9109542245502164,KI67,25534.39430849076,11671.606907608626
49,49_HE_val.ndpi,49_KI67_val.ndpi,49_44,37555.316514138,11020.791490701937,0.9109542245502164,0.9109542245502164,KI67,29509.99275797019,9692.247122246787
49,49_HE_val.ndpi,49_KI67_val.ndpi,49_45,36381.25088152856,10696.871292996224,0.9109542245502164,0.9109542245502164,KI67,29343.61261801754,9271.98806447647
49,49_HE_val.ndpi,49_KI67_val.ndpi,49_46,36268.223135964035,11382.811199374455,0.9109542245502164,0.9109542245502164,KI67,28864.04855282908,9980.972123780004
49,49_HE_val.ndpi,49_KI67_val.ndpi,49_47,35468.74183190924,14470.009023016592,0.9109542245502164,0.9109542245502164,KI67,26559.035323059474,12878.280239250582
49,49_HE_val.ndpi,49_KI67_val.ndpi,49_48,32272.51330910409,10770.312242127624,0.9109542245502164,0.9109542245502164,KI67,26762.11751270128,8733.453363221035
49,49_HE_val.ndpi,49_KI67_val.ndpi,49_49,34790.329669956685,8914.12881351078,0.9109542245502164,0.9109542245502164,KI67,29164.511792752615,7335.695245293317
82,82_HE_val.ndpi,82_HER2_val.ndpi,82_1,31983.510202608937,2562.419630111589,0.9109542245502164,0.9109542245502164,HER2,36482.06377596889,2889.8167434223133
82,82_HE_val.ndpi,82_HER2_val.ndpi,82_2,25295.264168674403,2543.363967566113,0.9109542245502164,0.9109542245502164,HER2,28284.658421874705,-172.79256352681156
82,82_HE_val.ndpi,82_HER2_val.ndpi,82_3,23667.005833375933,14957.589581225395,0.9109542245502164,0.9109542245502164,HER2,19893.803645199496,15443.270596971512
82,82_HE_val.ndpi,82_HER2_val.ndpi,82_4,34862.785141462446,6098.887087202436,0.9109542245502164,0.9109542245502164,HER2,39348.72534614478,7483.733131385192
82,82_HE_val.ndpi,82_HER2_val.ndpi,82_0,35212.494899483536,5456.231595721114,0.9109542245502164,0.9109542245502164,HER2,40003.72995343429,6880.5394282471725
82,82_HE_val.ndpi,82_HER2_val.ndpi,82_5,19187.2929805279,14053.649045084065,0.9109542245502164,0.9109542245502164,HER2,15637.318615887552,13284.85777760334
82,82_HE_val.ndpi,82_HER2_val.ndpi,82_6,19734.122800845482,12578.332291969444,0.9109542245502164,0.9109542245502164,HER2,17726.79052169118,11033.012419486604
82,82_HE_val.ndpi,82_HER2_val.ndpi,82_7,19299.279152899624,12119.547887582705,0.9109542245502164,0.9109542245502164,HER2,17628.339261635345,10296.908789818233
82,82_HE_val.ndpi,82_HER2_val.ndpi,82_8,20761.706659337142,10703.861769111425,0.9109542245502164,0.9109542245502164,HER2,20952.07965691306,8517.53757726225
82,82_HE_val.ndpi,82_HER2_val.ndpi,82_9,21683.841249473364,11244.522220563638,0.9109542245502164,0.9109542245502164,HER2,21448.30474840257,9299.683560185606
82,82_HE_val.ndpi,82_HER2_val.ndpi,82_10,26739.78708418563,2465.3521424758333,0.9109542245502164,0.9109542245502164,HER2,30065.49309660235,275.7856851290452
82,82_HE_val.ndpi,82_HER2_val.ndpi,82_11,25013.97659122105,15140.661392689426,0.9109542245502164,0.9109542245502164,HER2,21067.281707149265,15843.101597962699
82,82_HE_val.ndpi,82_HER2_val.ndpi,82_12,26548.11034772456,4851.133765454881,0.9109542245502164,0.9109542245502164,HER2,29083.266919556183,2749.241929887345
82,82_HE_val.ndpi,82_HER2_val.ndpi,82_13,33728.06398647452,7173.038194262375,0.9109542245502164,0.9109542245502164,HER2,37393.65101293059,8320.470020918365
82,82_HE_val.ndpi,82_HER2_val.ndpi,82_14,34321.11061383186,6805.732098967082,0.9109542245502164,0.9109542245502164,HER2,38395.31978721295,8150.48611077701
82,82_HE_val.ndpi,82_HER2_val.ndpi,82_15,32428.033348559657,3662.483070674632,0.9109542245502164,0.9109542245502164,HER2,36610.838847408726,4064.9470394050613
82,82_HE_val.ndpi,82_HER2_val.ndpi,82_16,33239.0208167762,3783.628642460468,0.9109542245502164,0.9109542245502164,HER2,37776.58565749636,4274.947266865692
82,82_HE_val.ndpi,82_HER2_val.ndpi,82_17,31776.609844129733,16381.3604963426,0.9109542245502164,0.9109542245502164,HER2,31069.413111961367,18951.777841703093
82,82_HE_val.ndpi,82_HER2_val.ndpi,82_18,31250.17964513897,16719.49008179903,0.9109542245502164,0.9109542245502164,HER2,29751.58819582584,19300.131577481232
82,82_HE_val.ndpi,82_HER2_val.ndpi,82_19,33431.27249227607,16043.692062362676,0.9109542245502164,0.9109542245502164,HER2,34869.96564156671,19581.704418306446
82,82_HE_val.ndpi,82_HER2_val.ndpi,82_20,33975.819912338884,13610.753162163976,0.9109542245502164,0.9109542245502164,HER2,36591.93907570039,16537.578766194492
82,82_HE_val.ndpi,82_HER2_val.ndpi,82_21,34499.099367615,11958.687201317236,0.9109542245502164,0.9109542245502164,HER2,37860.00150708081,14652.745568426357
82,82_HE_val.ndpi,82_HER2_val.ndpi,82_22,35044.776313256785,9666.472485191303,0.9109542245502164,0.9109542245502164,HER2,38363.664196985854,11866.856011227803
82,82_HE_val.ndpi,82_HER2_val.ndpi,82_23,35056.4685905199,7548.412538358543,0.9109542245502164,0.9109542245502164,HER2,38519.01611532641,9610.70252427498
82,82_HE_val.ndpi,82_HER2_val.ndpi,82_24,32999.739588589466,4433.069119722153,0.9109542245502164,0.9109542245502164,HER2,37188.4856283185,5065.809057790029
82,82_HE_val.ndpi,82_HER2_val.ndpi,82_25,35195.70974034715,3536.330346591833,0.9109542245502164,0.9109542245502164,HER2,40514.208511657474,4407.427919836845
82,82_HE_val.ndpi,82_HER2_val.ndpi,82_26,22638.827671342733,14076.426751111643,0.9109542245502164,0.9109542245502164,HER2,19865.960221586018,13776.708985172392
82,82_HE_val.ndpi,82_HER2_val.ndpi,82_27,21230.33541356866,14111.450317105337,0.9109542245502164,0.9109542245502164,HER2,18001.472011824968,13619.21861658045
82,82_HE_val.ndpi,82_HER2_val.ndpi,82_28,19750.681624981135,13441.197252156817,0.9109542245502164,0.9109542245502164,HER2,17005.79036656104,12406.590146443146
82,82_HE_val.ndpi,82_HER2_val.ndpi,82_29,20411.39968567439,13670.926929737829,0.9109542245502164,0.9109542245502164,HER2,17655.683793755426,12831.761132623731
82,82_HE_val.ndpi,82_HER2_val.ndpi,82_30,21687.190320226346,9475.480492481622,0.9109542245502164,0.9109542245502164,HER2,22251.488620858196,7321.702633847199
82,82_HE_val.ndpi,82_HER2_val.ndpi,82_31,22377.32443936893,9461.780559595394,0.9109542245502164,0.9109542245502164,HER2,22981.69384505852,7421.803461290324
82,82_HE_val.ndpi,82_HER2_val.ndpi,82_32,25610.988498637358,13180.485717174824,0.9109542245502164,0.9109542245502164,HER2,24207.245101039658,12939.9770157684
82,82_HE_val.ndpi,82_HER2_val.ndpi,82_33,25318.969646369093,13585.526951631024,0.9109542245502164,0.9109542245502164,HER2,23385.13358213757,13530.79654717594
82,82_HE_val.ndpi,82_HER2_val.ndpi,82_34,25125.63438512848,11803.435229711666,0.9109542245502164,0.9109542245502164,HER2,24718.23188615164,10855.34706269159
82,82_HE_val.ndpi,82_HER2_val.ndpi,82_35,22014.55855710836,2487.7323478162994,0.9109542245502164,0.9109542245502164,HER2,23584.81804005231,-1872.26893445093
82,82_HE_val.ndpi,82_HER2_val.ndpi,82_36,27085.28955592501,6394.356997136718,0.9109542245502164,0.9109542245502164,HER2,28836.226785118124,4520.9168225260655
82,82_HE_val.ndpi,82_HER2_val.ndpi,82_37,20931.791883439742,10296.58125677303,0.9109542245502164,0.9109542245502164,HER2,21350.31903939828,8114.617363472193
82,82_HE_val.ndpi,82_HER2_val.ndpi,82_38,26042.502199009257,15182.326023271766,0.9109542245502164,0.9109542245502164,HER2,22455.584655235438,16088.916521336283
82,82_HE_val.ndpi,82_HER2_val.ndpi,82_39,25480.971506340396,14701.872421382073,0.9109542245502164,0.9109542245502164,HER2,22116.240725911797,15309.621867294798
82,82_HE_val.ndpi,82_HER2_val.ndpi,82_40,33262.850322739265,14736.384523073171,0.9109542245502164,0.9109542245502164,HER2,35131.231259717075,17342.466466088543
82,82_HE_val.ndpi,82_HER2_val.ndpi,82_41,32770.59346674129,16364.921750401529,0.9109542245502164,0.9109542245502164,HER2,33154.78461998396,19542.05189625973
82,82_HE_val.ndpi,82_HER2_val.ndpi,82_42,32584.71072277412,15107.343611188157,0.9109542245502164,0.9109542245502164,HER2,33692.14361030518,17563.549780827583
82,82_HE_val.ndpi,82_HER2_val.ndpi,82_43,24858.827458651544,7482.891303336879,0.9109542245502164,0.9109542245502164,HER2,26038.682797880618,5229.424164070495
82,82_HE_val.ndpi,82_HER2_val.ndpi,82_44,22171.299875065353,9310.13175106044,0.9109542245502164,0.9109542245502164,HER2,22795.46907550925,7185.955341118246
82,82_HE_val.ndpi,82_HER2_val.ndpi,82_45,23416.465286494018,7817.677413560845,0.9109542245502164,0.9109542245502164,HER2,24497.649512012817,5529.638311646608
82,82_HE_val.ndpi,82_HER2_val.ndpi,82_46,24140.087197329845,2563.158193476877,0.9109542245502164,0.9109542245502164,HER2,26758.22011928254,-548.4084317557655
82,82_HE_val.ndpi,82_HER2_val.ndpi,82_47,19355.425913701347,8204.903794741485,0.9109542245502164,0.9109542245502164,HER2,20215.757459137116,5046.733536404933
82,82_HE_val.ndpi,82_HER2_val.ndpi,82_48,29825.265838377996,16949.3387234187,0.9109542245502164,0.9109542245502164,HER2,26758.199191551394,19217.678935103588
82,82_HE_val.ndpi,82_HER2_val.ndpi,82_49,31141.7123620082,15375.460086186484,0.9109542245502164,0.9109542245502164,HER2,30852.45659480043,17069.268988266973
34,34_HE_val.ndpi,34_KI67_val.ndpi,34_0,29502.377675580014,9704.792803354982,0.919793966151582,0.919793966151582,KI67,15185.983116732283,8017.54982509134
34,34_HE_val.ndpi,34_KI67_val.ndpi,34_1,30955.181726517178,8957.717424329781,0.919793966151582,0.919793966151582,KI67,17059.910658037385,7411.335603593744
34,34_HE_val.ndpi,34_KI67_val.ndpi,34_2,34967.7010205606,11467.97928526387,0.919793966151582,0.919793966151582,KI67,21460.62871489125,10547.229380063312
34,34_HE_val.ndpi,34_KI67_val.ndpi,34_3,30395.055930538707,5659.765809097517,0.919793966151582,0.919793966151582,KI67,17131.29148750667,5049.965527180679
34,34_HE_val.ndpi,34_KI67_val.ndpi,34_4,30929.773046823037,5219.37757363756,0.919793966151582,0.919793966151582,KI67,17821.237124141266,4707.1842366041365
34,34_HE_val.ndpi,34_KI67_val.ndpi,34_5,31460.76584613814,4671.3006730426005,0.919793966151582,0.919793966151582,KI67,18566.680269583198,4314.397913458881
34,34_HE_val.ndpi,34_KI67_val.ndpi,34_6,32287.05367660417,5540.744268766321,0.919793966151582,0.919793966151582,KI67,19404.780293229735,5155.524102531938
34,34_HE_val.ndpi,34_KI67_val.ndpi,34_7,33701.86188166076,5114.350745865561,0.919793966151582,0.919793966151582,KI67,20956.70243599454,5074.91284681687
34,34_HE_val.ndpi,34_KI67_val.ndpi,34_8,35480.33635164433,6632.110978812987,0.919793966151582,0.919793966151582,KI67,21998.307208750706,6530.803225755532
34,34_HE_val.ndpi,34_KI67_val.ndpi,34_9,31728.332207331998,12973.030269524796,0.919793966151582,0.919793966151582,KI67,17264.14402615512,10885.427750062274
34,34_HE_val.ndpi,34_KI67_val.ndpi,34_10,31271.657597098252,11061.55847211193,0.919793966151582,0.919793966151582,KI67,17045.032036725494,9459.08803321825
34,34_HE_val.ndpi,34_KI67_val.ndpi,34_11,31820.256961080788,10520.487090033346,0.919793966151582,0.919793966151582,KI67,17890.992153158044,9076.856493955042
34,34_HE_val.ndpi,34_KI67_val.ndpi,34_12,32599.22187073625,8843.769172731547,0.919793966151582,0.919793966151582,KI67,19124.823790003054,7634.903507236098
34,34_HE_val.ndpi,34_KI67_val.ndpi,34_13,32693.76855182939,8159.675162712196,0.919793966151582,0.919793966151582,KI67,19285.23466573651,7113.826518542775
34,34_HE_val.ndpi,34_KI67_val.ndpi,34_14,31654.245634561656,7637.526370371753,0.919793966151582,0.919793966151582,KI67,17933.747394865535,6598.603452221492
34,34_HE_val.ndpi,34_KI67_val.ndpi,34_15,30765.671691711603,15131.809116282066,0.919793966151582,0.919793966151582,KI67,16339.56630812863,12584.285405725808
34,34_HE_val.ndpi,34_KI67_val.ndpi,34_16,30222.992266458477,14383.247332145835,0.919793966151582,0.919793966151582,KI67,15887.973378505687,11902.2224165933
34,34_HE_val.ndpi,34_KI67_val.ndpi,34_17,31372.184731159614,16350.955727892944,0.919793966151582,0.919793966151582,KI67,17050.870949133012,13394.155318113017
34,34_HE_val.ndpi,34_KI67_val.ndpi,34_18,30523.641960471152,16032.194572246191,0.919793966151582,0.919793966151582,KI67,16288.308821586126,13164.335016838486
34,34_HE_val.ndpi,34_KI67_val.ndpi,34_19,27309.92757194656,15508.156077968379,0.919793966151582,0.919793966151582,KI67,13238.602153770742,12797.596164210348
34,34_HE_val.ndpi,34_KI67_val.ndpi,34_20,28289.156316528155,14600.525342984873,0.919793966151582,0.919793966151582,KI67,13807.952046954175,11939.154373387271
34,34_HE_val.ndpi,34_KI67_val.ndpi,34_21,25525.69984499377,11849.601404901035,0.919793966151582,0.919793966151582,KI67,11613.629390189259,9429.18624120537
34,34_HE_val.ndpi,34_KI67_val.ndpi,34_22,23607.883521336957,12788.741568146741,0.919793966151582,0.919793966151582,KI67,10440.519240247946,10149.382447901526
34,34_HE_val.ndpi,34_KI67_val.ndpi,34_23,22661.31433326797,12296.128782179205,0.919793966151582,0.919793966151582,KI67,9767.611306493516,9632.93813154538
34,34_HE_val.ndpi,34_KI67_val.ndpi,34_24,23241.65422601425,13930.720809127874,0.919793966151582,0.919793966151582,KI67,10207.715536912567,11251.173179054733
34,34_HE_val.ndpi,34_KI67_val.ndpi,34_25,34074.922761566166,20240.615054862883,0.919793966151582,0.919793966151582,KI67,19491.544317830114,17283.418352681205
34,34_HE_val.ndpi,34_KI67_val.ndpi,34_26,33824.816027475594,19838.19955595988,0.919793966151582,0.919793966151582,KI67,19200.93046607939,16894.709546560574
34,34_HE_val.ndpi,34_KI67_val.ndpi,34_27,29933.446756973746,19490.002933585387,0.919793966151582,0.919793966151582,KI67,15174.321981073137,15894.292505005089
34,34_HE_val.ndpi,34_KI67_val.ndpi,34_28,30312.67243407564,20042.038672450453,0.919793966151582,0.919793966151582,KI67,15440.675325024082,16520.833797515934
34,34_HE_val.ndpi,34_KI67_val.ndpi,34_29,32187.534428509796,18575.031147951842,0.919793966151582,0.919793966151582,KI67,17257.658708081293,15409.981784309586
34,34_HE_val.ndpi,34_KI67_val.ndpi,34_30,33098.03397433674,16785.2780881681,0.919793966151582,0.919793966151582,KI67,18815.693624789543,13792.128457986502
34,34_HE_val.ndpi,34_KI67_val.ndpi,34_31,36238.673506110936,13845.216399980043,0.919793966151582,0.919793966151582,KI67,22413.727365704617,12536.416762657538
34,34_HE_val.ndpi,34_KI67_val.ndpi,34_32,38750.63938215903,7981.049627865204,0.919793966151582,0.919793966151582,KI67,24331.48778839763,8098.194411933914
34,34_HE_val.ndpi,34_KI67_val.ndpi,34_33,40793.42430594125,20897.941005054585,0.919793966151582,0.919793966151582,KI67,25196.151012501698,19077.842955875043
34,34_HE_val.ndpi,34_KI67_val.ndpi,34_34,37663.60346029083,19353.846724376905,0.919793966151582,0.919793966151582,KI67,23074.585592119343,17394.99168402715
34,34_HE_val.ndpi,34_KI67_val.ndpi,34_35,39839.137738675476,18021.104079882472,0.919793966151582,0.919793966151582,KI67,24719.241713553463,16584.21611324936
34,34_HE_val.ndpi,34_KI67_val.ndpi,34_36,26210.086089618457,16327.097824366385,0.919793966151582,0.919793966151582,KI67,12186.68418588188,13718.185705914855
34,34_HE_val.ndpi,34_KI67_val.ndpi,34_37,30503.078378408914,11060.335109588903,0.919793966151582,0.919793966151582,KI67,16160.397202341614,9374.735987649101
34,34_HE_val.ndpi,34_KI67_val.ndpi,34_38,25698.554078905123,9108.518426079392,0.919793966151582,0.919793966151582,KI67,11464.64717410974,7463.686644464019
34,34_HE_val.ndpi,34_KI67_val.ndpi,34_39,24343.048959298707,8820.108871780398,0.919793966151582,0.919793966151582,KI67,10581.130563482368,6600.456416679178
34,34_HE_val.ndpi,34_KI67_val.ndpi,34_40,24192.048602309736,9733.492117444965,0.919793966151582,0.919793966151582,KI67,10309.188827484766,7554.17316738546
34,34_HE_val.ndpi,34_KI67_val.ndpi,34_41,23025.503609665247,10780.42696912528,0.919793966151582,0.919793966151582,KI67,9453.878021139375,8203.281640773192
34,34_HE_val.ndpi,34_KI67_val.ndpi,34_42,22733.21348191044,10342.103700046651,0.919793966151582,0.919793966151582,KI67,9496.606335292448,7719.568219287392
34,34_HE_val.ndpi,34_KI67_val.ndpi,34_43,22175.522357698705,8588.341707451493,0.919793966151582,0.919793966151582,KI67,9266.564612149665,6045.939686128889
34,34_HE_val.ndpi,34_KI67_val.ndpi,34_44,33354.11217940019,8731.798130906294,0.919793966151582,0.919793966151582,KI67,20035.64280907119,7773.661867403056
34,34_HE_val.ndpi,34_KI67_val.ndpi,34_45,33891.3189308932,8266.60393301459,0.919793966151582,0.919793966151582,KI67,20699.35782678501,7565.534244755871
34,34_HE_val.ndpi,34_KI67_val.ndpi,34_46,32839.65482695491,6610.855442450366,0.919793966151582,0.919793966151582,KI67,19668.283498797253,6065.068745043523
34,34_HE_val.ndpi,34_KI67_val.ndpi,34_47,33801.98723818906,14717.388222365193,0.919793966151582,0.919793966151582,KI67,20054.43856001427,12587.129943370785
34,34_HE_val.ndpi,34_KI67_val.ndpi,34_48,35207.95984138727,14351.978414331003,0.919793966151582,0.919793966151582,KI67,21656.123626264914,12773.351566610103
34,34_HE_val.ndpi,34_KI67_val.ndpi,34_49,31891.528893994346,12299.106312263484,0.919793966151582,0.919793966151582,KI67,17459.08113223266,10415.676823483633
59,59_HE_val.ndpi,59_HER2_val.ndpi,59_0,21770.68325624526,12988.095044262487,0.919793966151582,0.919793966151582,HER2,46520.13352602142,6947.750903214824
59,59_HE_val.ndpi,59_HER2_val.ndpi,59_1,20015.384680860847,14250.750425312604,0.919793966151582,0.919793966151582,HER2,42434.08446306772,6679.841111252604
59,59_HE_val.ndpi,59_HER2_val.ndpi,59_2,22652.52478672644,11836.189468181103,0.919793966151582,0.919793966151582,HER2,49058.65631546794,6903.008382053959
59,59_HE_val.ndpi,59_HER2_val.ndpi,59_3,25158.550699579577,14234.471502294626,0.919793966151582,0.919793966151582,HER2,53703.828124190455,9616.127165066928
59,59_HE_val.ndpi,59_HER2_val.ndpi,59_4,19655.50604179463,15576.343513353782,0.919793966151582,0.919793966151582,HER2,41851.75937816808,7920.849827637046
59,59_HE_val.ndpi,59_HER2_val.ndpi,59_5,25091.243820317988,17296.438008813995,0.919793966151582,0.919793966151582,HER2,51146.11084358946,12042.319046965158
59,59_HE_val.ndpi,59_HER2_val.ndpi,59_6,28113.95611121833,13012.100968508435,0.919793966151582,0.919793966151582,HER2,59295.60108712859,10417.81582515177
59,59_HE_val.ndpi,59_HER2_val.ndpi,59_7,30000.090569875912,14733.597755957217,0.919793966151582,0.919793966151582,HER2,60495.43964101338,11995.847239008552
59,59_HE_val.ndpi,59_HER2_val.ndpi,59_8,23529.2955916638,9325.779672476809,0.919793966151582,0.919793966151582,HER2,49306.01251823624,6292.713449635663
59,59_HE_val.ndpi,59_HER2_val.ndpi,59_9,23849.085370658086,8876.665773190844,0.919793966151582,0.919793966151582,HER2,49232.38218036216,6142.083703984616
59,59_HE_val.ndpi,59_HER2_val.ndpi,59_10,18455.502702778103,14879.523858720533,0.919793966151582,0.919793966151582,HER2,39389.981589146504,6556.12653430007
59,59_HE_val.ndpi,59_HER2_val.ndpi,59_11,20738.220836737528,15167.171553848564,0.919793966151582,0.919793966151582,HER2,43968.4459455731,7885.018474197703
59,59_HE_val.ndpi,59_HER2_val.ndpi,59_12,21780.73055750809,15030.209241685254,0.919793966151582,0.919793966151582,HER2,46037.39862765257,8344.596368693326
59,59_HE_val.ndpi,59_HER2_val.ndpi,59_13,21809.75952126229,14770.408117890136,0.919793966151582,0.919793966151582,HER2,46335.627887048875,8088.165428834907
59,59_HE_val.ndpi,59_HER2_val.ndpi,59_14,24444.7165320076,10199.218666788063,0.919793966151582,0.919793966151582,HER2,51780.978629387995,7360.707686753102
59,59_HE_val.ndpi,59_HER2_val.ndpi,59_15,24699.29540617761,9596.237208664224,0.919793966151582,0.919793966151582,HER2,51334.992147579374,7021.294385564851
59,59_HE_val.ndpi,59_HER2_val.ndpi,59_16,22401.30169744823,12676.378891911867,0.919793966151582,0.919793966151582,HER2,48046.20230677457,7048.900766199372
59,59_HE_val.ndpi,59_HER2_val.ndpi,59_17,23359.683069361632,11290.41811464049,0.919793966151582,0.919793966151582,HER2,50631.79494166233,7151.57312880213
59,59_HE_val.ndpi,59_HER2_val.ndpi,59_18,23401.396503643453,10918.14876302549,0.919793966151582,0.919793966151582,HER2,50591.663708550295,7170.102014182714
59,59_HE_val.ndpi,59_HER2_val.ndpi,59_19,20264.83379341292,10586.773344801448,0.919793966151582,0.919793966151582,HER2,43166.49514995658,5152.459058242411
59,59_HE_val.ndpi,59_HER2_val.ndpi,59_20,26877.75621627521,15436.523470041599,0.919793966151582,0.919793966151582,HER2,55844.88449106201,10972.001571920297
59,59_HE_val.ndpi,59_HER2_val.ndpi,59_21,28274.523746543702,11799.23435534418,0.919793966151582,0.919793966151582,HER2,59629.13124644593,10225.989825616873
59,59_HE_val.ndpi,59_HER2_val.ndpi,59_22,27127.43369837373,11883.555272904036,0.919793966151582,0.919793966151582,HER2,57770.479588429385,9782.155548388828
59,59_HE_val.ndpi,59_HER2_val.ndpi,59_23,25440.657243781254,11956.059190581529,0.919793966151582,0.919793966151582,HER2,54611.10858494219,8762.328334907694
59,59_HE_val.ndpi,59_HER2_val.ndpi,59_24,15283.121618260822,15842.93850793599,0.919793966151582,0.919793966151582,HER2,34054.65108738508,6448.079770315984
59,59_HE_val.ndpi,59_HER2_val.ndpi,59_25,24488.70665029045,15170.541039067737,0.919793966151582,0.919793966151582,HER2,51881.218596181425,9887.780864702532
59,59_HE_val.ndpi,59_HER2_val.ndpi,59_26,23708.59826327564,15051.86359400532,0.919793966151582,0.919793966151582,HER2,50295.45943013145,9472.4517783685
59,59_HE_val.ndpi,59_HER2_val.ndpi,59_27,21026.54748745585,13845.53005652498,0.919793966151582,0.919793966151582,HER2,44929.90182063604,7049.309812592925
59,59_HE_val.ndpi,59_HER2_val.ndpi,59_28,21567.226070818768,13505.831902369859,0.919793966151582,0.919793966151582,HER2,46126.35135859932,7131.196659330621
59,59_HE_val.ndpi,59_HER2_val.ndpi,59_29,19210.257869673416,13749.28880372145,0.919793966151582,0.919793966151582,HER2,40626.29577206022,5717.411071973254
59,59_HE_val.ndpi,59_HER2_val.ndpi,59_30,17796.618278965234,12837.198259590898,0.919793966151582,0.919793966151582,HER2,37841.279928040705,4267.175869712122
59,59_HE_val.ndpi,59_HER2_val.ndpi,59_31,21974.97359478569,12580.724792546096,0.919793966151582,0.919793966151582,HER2,47155.68702254728,6770.933685755293
59,59_HE_val.ndpi,59_HER2_val.ndpi,59_32,26955.70552574402,13753.558180834292,0.919793966151582,0.919793966151582,HER2,56781.75020808319,10353.133046217823
59,59_HE_val.ndpi,59_HER2_val.ndpi,59_33,25627.326191121283,10551.831726996234,0.919793966151582,0.919793966151582,HER2,53905.05944801925,8057.510244592375
59,59_HE_val.ndpi,59_HER2_val.ndpi,59_34,26338.557792860815,17306.134741720773,0.919793966151582,0.919793966151582,HER2,53424.18223743839,12293.217841098442
59,59_HE_val.ndpi,59_HER2_val.ndpi,59_35,28627.433622486118,15927.922059055949,0.919793966151582,0.919793966151582,HER2,58059.91961458444,11847.304436936667
59,59_HE_val.ndpi,59_HER2_val.ndpi,59_36,30848.737733917227,14685.075943472839,0.919793966151582,0.919793966151582,HER2,62124.62983898753,12515.839256130652
59,59_HE_val.ndpi,59_HER2_val.ndpi,59_37,25047.54072830046,16934.21996930375,0.919793966151582,0.919793966151582,HER2,51320.48224497404,11668.076735537621
59,59_HE_val.ndpi,59_HER2_val.ndpi,59_38,20183.575578378517,14612.936946237394,0.919793966151582,0.919793966151582,HER2,42706.41307747341,7051.866960446101
59,59_HE_val.ndpi,59_HER2_val.ndpi,59_39,19702.13869781098,14724.768799285583,0.919793966151582,0.919793966151582,HER2,41807.442964020374,6948.947922657712
59,59_HE_val.ndpi,59_HER2_val.ndpi,59_40,18482.241566722794,15415.403633153192,0.919793966151582,0.919793966151582,HER2,39367.67304975473,7304.220021524764
59,59_HE_val.ndpi,59_HER2_val.ndpi,59_41,18678.977175237476,14026.965991063027,0.919793966151582,0.919793966151582,HER2,39605.59481908584,5675.394467703581
59,59_HE_val.ndpi,59_HER2_val.ndpi,59_42,18562.750952795563,15585.594206179587,0.919793966151582,0.919793966151582,HER2,39515.16925963063,7557.866014987615
59,59_HE_val.ndpi,59_HER2_val.ndpi,59_43,27105.388988683782,11633.297100626647,0.919793966151582,0.919793966151582,HER2,57515.82940043716,9617.438277425323
59,59_HE_val.ndpi,59_HER2_val.ndpi,59_44,23475.091791125466,8814.209241347611,0.919793966151582,0.919793966151582,HER2,48771.225316336706,5947.102211793282
59,59_HE_val.ndpi,59_HER2_val.ndpi,59_45,21957.829256765875,13250.432794871951,0.919793966151582,0.919793966151582,HER2,46903.85390725652,7138.54970689315
59,59_HE_val.ndpi,59_HER2_val.ndpi,59_46,21670.124252147718,13337.887648110556,0.919793966151582,0.919793966151582,HER2,46326.87081180605,7077.491245897904
59,59_HE_val.ndpi,59_HER2_val.ndpi,59_47,20286.809341823187,14404.199540877129,0.919793966151582,0.919793966151582,HER2,42992.06665760669,6940.032436131765
59,59_HE_val.ndpi,59_HER2_val.ndpi,59_48,19840.711771512433,14536.053627510437,0.919793966151582,0.919793966151582,HER2,42022.159502068615,6813.531627503109
59,59_HE_val.ndpi,59_HER2_val.ndpi,59_49,18436.330682996024,10674.943876086028,0.919793966151582,0.919793966151582,HER2,39929.56713060885,3707.177606362817
4,4_HE_val.ndpi,4_HER2_val.ndpi,4_0,41284.367347945736,11965.479611959658,0.9097732390201744,0.9097732390201744,HER2,39982.57963096762,13679.362661532625
4,4_HE_val.ndpi,4_HER2_val.ndpi,4_1,41613.914235609685,11885.779098414056,0.9097732390201744,0.9097732390201744,HER2,40054.915315367354,13749.689497169438
4,4_HE_val.ndpi,4_HER2_val.ndpi,4_2,41448.47109810623,10810.83929398288,0.9097732390201744,0.9097732390201744,HER2,40342.68828703599,13196.532130047442
4,4_HE_val.ndpi,4_HER2_val.ndpi,4_3,41838.67831088363,8102.525075857158,0.9097732390201744,0.9097732390201744,HER2,40875.56694503608,12454.970430191892
4,4_HE_val.ndpi,4_HER2_val.ndpi,4_4,42320.363040633776,8243.055592926628,0.9097732390201744,0.9097732390201744,HER2,41183.843272476945,12472.922375576818
4,4_HE_val.ndpi,4_HER2_val.ndpi,4_5,38745.46331252391,5997.654857726902,0.9097732390201744,0.9097732390201744,HER2,39520.74151991771,11430.237293869843
4,4_HE_val.ndpi,4_HER2_val.ndpi,4_6,38821.907838164676,6721.653117688227,0.9097732390201744,0.9097732390201744,HER2,39767.0721662388,11392.817918670336
4,4_HE_val.ndpi,4_HER2_val.ndpi,4_7,40536.017947305474,6456.068204296359,0.9097732390201744,0.9097732390201744,HER2,40464.77015656069,11777.886608372228
4,4_HE_val.ndpi,4_HER2_val.ndpi,4_8,40513.76265120445,2575.396758627518,0.9097732390201744,0.9097732390201744,HER2,38664.67375643531,5918.9744723075055
4,4_HE_val.ndpi,4_HER2_val.ndpi,4_9,31154.69648285428,15862.410220719355,0.9097732390201744,0.9097732390201744,HER2,35939.891195529395,15010.567067619593
4,4_HE_val.ndpi,4_HER2_val.ndpi,4_10,34955.45195838366,15480.086793058095,0.9097732390201744,0.9097732390201744,HER2,37527.79327890536,14474.813499003838
4,4_HE_val.ndpi,4_HER2_val.ndpi,4_11,31825.893552452075,17442.563520878273,0.9097732390201744,0.9097732390201744,HER2,35600.52220121293,16776.87697809154
4,4_HE_val.ndpi,4_HER2_val.ndpi,4_12,27676.74416340596,15745.655306705847,0.9097732390201744,0.9097732390201744,HER2,33853.30916836046,15308.408068934234
4,4_HE_val.ndpi,4_HER2_val.ndpi,4_13,25631.289197345322,13219.859101637674,0.9097732390201744,0.9097732390201744,HER2,34361.71943062193,13705.131838599182
4,4_HE_val.ndpi,4_HER2_val.ndpi,4_14,27510.785765700948,11326.009045346109,0.9097732390201744,0.9097732390201744,HER2,34998.15310466171,11967.53074239373
4,4_HE_val.ndpi,4_HER2_val.ndpi,4_15,26607.66202439853,11545.064989449542,0.9097732390201744,0.9097732390201744,HER2,34803.28112596785,12242.51882493942
4,4_HE_val.ndpi,4_HER2_val.ndpi,4_16,24452.981492510447,10644.471290172904,0.9097732390201744,0.9097732390201744,HER2,34475.0491404386,11706.385377467112
4,4_HE_val.ndpi,4_HER2_val.ndpi,4_17,24631.06506221868,9364.523435466586,0.9097732390201744,0.9097732390201744,HER2,34352.60133823906,10482.65953421989
4,4_HE_val.ndpi,4_HER2_val.ndpi,4_18,26130.827784890997,7149.717672375396,0.9097732390201744,0.9097732390201744,HER2,34213.92263413317,8786.578021368256
4,4_HE_val.ndpi,4_HER2_val.ndpi,4_19,26748.649565188392,7235.943659737023,0.9097732390201744,0.9097732390201744,HER2,34347.0495602982,9070.386888635683
4,4_HE_val.ndpi,4_HER2_val.ndpi,4_20,31068.484515829237,2932.2934389031043,0.9097732390201744,0.9097732390201744,HER2,35833.03965738351,6982.21690284475
4,4_HE_val.ndpi,4_HER2_val.ndpi,4_21,34130.52097926983,10480.916816066025,0.9097732390201744,0.9097732390201744,HER2,37109.8409706738,11503.001635976743
4,4_HE_val.ndpi,4_HER2_val.ndpi,4_22,35526.987782129865,4199.586442718022,0.9097732390201744,0.9097732390201744,HER2,38843.93281471221,8466.070049102882
4,4_HE_val.ndpi,4_HER2_val.ndpi,4_23,39963.45362564598,9451.099720904875,0.9097732390201744,0.9097732390201744,HER2,39972.05789492192,12358.477717738087
4,4_HE_val.ndpi,4_HER2_val.ndpi,4_24,26094.13963126212,19124.103218581302,0.9097732390201744,0.9097732390201744,HER2,31655.626501193572,18624.048462489274
4,4_HE_val.ndpi,4_HER2_val.ndpi,4_25,29505.81051386355,13718.023325300732,0.9097732390201744,0.9097732390201744,HER2,35380.56853341568,13316.970701443039
4,4_HE_val.ndpi,4_HER2_val.ndpi,4_26,28121.569473155483,9041.091148120506,0.9097732390201744,0.9097732390201744,HER2,34985.332076887295,10240.356227890474
4,4_HE_val.ndpi,4_HER2_val.ndpi,4_27,27813.69562145967,7805.256751262893,0.9097732390201744,0.9097732390201744,HER2,34851.24062268232,9572.18487678907
4,4_HE_val.ndpi,4_HER2_val.ndpi,4_28,27210.08557238083,6335.490973367932,0.9097732390201744,0.9097732390201744,HER2,34554.9048592536,8529.564390720778
4,4_HE_val.ndpi,4_HER2_val.ndpi,4_29,27807.16897663563,5237.830308604689,0.9097732390201744,0.9097732390201744,HER2,34808.23611162444,7653.92491055705
4,4_HE_val.ndpi,4_HER2_val.ndpi,4_30,26787.884061893936,4775.251053976749,0.9097732390201744,0.9097732390201744,HER2,33766.65972813112,6967.573023169179
4,4_HE_val.ndpi,4_HER2_val.ndpi,4_31,34158.33365477775,8312.496882870942,0.9097732390201744,0.9097732390201744,HER2,37395.075638304486,10263.36423207001
4,4_HE_val.ndpi,4_HER2_val.ndpi,4_32,40163.92428953688,13006.165788185072,0.9097732390201744,0.9097732390201744,HER2,39446.48458272221,13902.290979949414
4,4_HE_val.ndpi,4_HER2_val.ndpi,4_33,45501.56061679569,11430.433614915122,0.9097732390201744,0.9097732390201744,HER2,42878.767938603545,13603.285730263307
4,4_HE_val.ndpi,4_HER2_val.ndpi,4_34,41302.16745232986,14976.894233233259,0.9097732390201744,0.9097732390201744,HER2,38931.87841069946,15913.797418112055
4,4_HE_val.ndpi,4_HER2_val.ndpi,4_35,36001.03849061817,17335.946232829745,0.9097732390201744,0.9097732390201744,HER2,37781.20563562971,16885.29488428651
4,4_HE_val.ndpi,4_HER2_val.ndpi,4_36,37368.00863572753,16181.268674830393,0.9097732390201744,0.9097732390201744,HER2,38100.33056244787,15980.287757739508
4,4_HE_val.ndpi,4_HER2_val.ndpi,4_37,38643.48114108516,14551.64294314728,0.9097732390201744,0.9097732390201744,HER2,38364.96490499318,14811.249388105902
4,4_HE_val.ndpi,4_HER2_val.ndpi,4_38,39214.17172130859,13212.600406251748,0.9097732390201744,0.9097732390201744,HER2,39127.17499869128,13863.820503940542
4,4_HE_val.ndpi,4_HER2_val.ndpi,4_39,36748.14917531853,11731.128947251498,0.9097732390201744,0.9097732390201744,HER2,38539.05619690113,12442.851890251066
4,4_HE_val.ndpi,4_HER2_val.ndpi,4_40,35189.486807579866,11709.169298484669,0.9097732390201744,0.9097732390201744,HER2,37487.94962736943,12355.23150368032
4,4_HE_val.ndpi,4_HER2_val.ndpi,4_41,32406.78976811782,10590.48853679823,0.9097732390201744,0.9097732390201744,HER2,36878.121067707514,11440.719235784081
4,4_HE_val.ndpi,4_HER2_val.ndpi,4_42,42782.2373611789,4242.785395225237,0.9097732390201744,0.9097732390201744,HER2,40547.39595151575,8137.539687798142
4,4_HE_val.ndpi,4_HER2_val.ndpi,4_43,41260.498933156814,4623.0930188761295,0.9097732390201744,0.9097732390201744,HER2,40054.87203584238,9150.73119044813
4,4_HE_val.ndpi,4_HER2_val.ndpi,4_44,41363.87028693203,2973.246811481498,0.9097732390201744,0.9097732390201744,HER2,39155.66747094397,6341.277756230697
4,4_HE_val.ndpi,4_HER2_val.ndpi,4_45,41994.01646682327,2598.4470676182887,0.9097732390201744,0.9097732390201744,HER2,39254.60769188696,5787.5474629447435
4,4_HE_val.ndpi,4_HER2_val.ndpi,4_46,39477.03179447336,4301.901258431802,0.9097732390201744,0.9097732390201744,HER2,39197.9542478242,8945.882221826005
4,4_HE_val.ndpi,4_HER2_val.ndpi,4_47,36675.017814754065,4596.216748911803,0.9097732390201744,0.9097732390201744,HER2,38858.28554464272,9219.28231855081
4,4_HE_val.ndpi,4_HER2_val.ndpi,4_48,36342.12445496066,5369.462959694755,0.9097732390201744,0.9097732390201744,HER2,38860.98078333499,9664.184239893963
4,4_HE_val.ndpi,4_HER2_val.ndpi,4_49,29381.665364784585,15292.49436435334,0.9097732390201744,0.9097732390201744,HER2,35007.6722793001,14576.82369242633
25,25_HE_val.ndpi,25_PGR_val.ndpi,25_1,17846.45647661887,13741.171878487527,0.9097732390201744,0.9097732390201744,PGR,30207.155047557062,11785.488788714832
25,25_HE_val.ndpi,25_PGR_val.ndpi,25_2,22780.063441800718,15057.905006023482,0.9097732390201744,0.9097732390201744,PGR,26215.513227370568,10423.55867784103
25,25_HE_val.ndpi,25_PGR_val.ndpi,25_3,25540.340886650763,21742.96010041913,0.9097732390201744,0.9097732390201744,PGR,28498.277345991624,5906.408860664288
25,25_HE_val.ndpi,25_PGR_val.ndpi,25_4,12686.122763354952,22072.023768621144,0.9097732390201744,0.9097732390201744,PGR,39394.3484781963,4321.458026320727
25,25_HE_val.ndpi,25_PGR_val.ndpi,25_5,12986.512940711591,18980.058772556997,0.9097732390201744,0.9097732390201744,PGR,36854.41596335894,7003.744000470417
25,25_HE_val.ndpi,25_PGR_val.ndpi,25_6,11323.897869936938,18949.60950403221,0.9097732390201744,0.9097732390201744,PGR,38234.96715105196,6807.916604484911
25,25_HE_val.ndpi,25_PGR_val.ndpi,25_7,12210.850240136831,14576.187332464617,0.9097732390201744,0.9097732390201744,PGR,34757.91352547473,10784.568940267098
25,25_HE_val.ndpi,25_PGR_val.ndpi,25_8,11422.776109129778,12011.382990383352,0.9097732390201744,0.9097732390201744,PGR,33446.72741319872,12978.736885706936
25,25_HE_val.ndpi,25_PGR_val.ndpi,25_9,9731.560458694934,9770.555046445568,0.9097732390201744,0.9097732390201744,PGR,34085.65307714463,15064.633239640087
25,25_HE_val.ndpi,25_PGR_val.ndpi,25_10,19881.961732554508,7407.9338938510045,0.9097732390201744,0.9097732390201744,PGR,26435.69031648802,16653.07727165053
25,25_HE_val.ndpi,25_PGR_val.ndpi,25_11,17567.722926936905,7112.977073469053,0.9097732390201744,0.9097732390201744,PGR,27297.791491394062,17639.576294494298
25,25_HE_val.ndpi,25_PGR_val.ndpi,25_12,10921.897031319812,2122.4737248709966,0.9097732390201744,0.9097732390201744,PGR,31857.823907727023,23621.6619061614
25,25_HE_val.ndpi,25_PGR_val.ndpi,25_13,8853.367943644798,5741.735700242442,0.9097732390201744,0.9097732390201744,PGR,33291.506216416325,19202.034143950215
25,25_HE_val.ndpi,25_PGR_val.ndpi,25_14,10703.697774811397,3700.865365560948,0.9097732390201744,0.9097732390201744,PGR,32007.183132340913,21811.5724018084
25,25_HE_val.ndpi,25_PGR_val.ndpi,25_15,12775.826544926602,3539.462080487121,0.9097732390201744,0.9097732390201744,PGR,30541.10548748679,21887.314362215486
25,25_HE_val.ndpi,25_PGR_val.ndpi,25_16,16563.514242929836,11077.055267539728,0.9097732390201744,0.9097732390201744,PGR,29798.932787486126,13838.76431531779
25,25_HE_val.ndpi,25_PGR_val.ndpi,25_17,14892.221809106271,9306.763015372931,0.9097732390201744,0.9097732390201744,PGR,30052.958448230376,15805.69812785165
25,25_HE_val.ndpi,25_PGR_val.ndpi,25_18,15338.264500291743,7892.103341285273,0.9097732390201744,0.9097732390201744,PGR,28701.51335513939,17052.80931002658
25,25_HE_val.ndpi,25_PGR_val.ndpi,25_19,14079.019589534002,8794.49911405688,0.9097732390201744,0.9097732390201744,PGR,30018.831715351567,16488.904453906078
25,25_HE_val.ndpi,25_PGR_val.ndpi,25_20,13374.123396142051,9076.656119028825,0.9097732390201744,0.9097732390201744,PGR,30588.846408967453,16244.669491440236
25,25_HE_val.ndpi,25_PGR_val.ndpi,25_21,12546.059247257268,10149.015390521046,0.9097732390201744,0.9097732390201744,PGR,31483.69480567778,15238.636597758945
25,25_HE_val.ndpi,25_PGR_val.ndpi,25_22,10371.567467262752,9098.465437844914,0.9097732390201744,0.9097732390201744,PGR,32891.974567122095,15893.554881761502
25,25_HE_val.ndpi,25_PGR_val.ndpi,25_23,14675.326311533692,4880.246360556339,0.9097732390201744,0.9097732390201744,PGR,28858.555497243327,20379.431523378626
25,25_HE_val.ndpi,25_PGR_val.ndpi,25_24,13907.850747629482,5528.005697587149,0.9097732390201744,0.9097732390201744,PGR,29214.247317098743,19746.094570411366
25,25_HE_val.ndpi,25_PGR_val.ndpi,25_25,17444.26848413808,3958.2949916728426,0.9097732390201744,0.9097732390201744,PGR,25747.93849639792,20720.207155148946
25,25_HE_val.ndpi,25_PGR_val.ndpi,25_26,21154.493153121082,20593.80021428491,0.9097732390201744,0.9097732390201744,PGR,31182.55238308289,6786.340129816226
25,25_HE_val.ndpi,25_PGR_val.ndpi,25_27,21470.919197933465,21852.683558321405,0.9097732390201744,0.9097732390201744,PGR,31570.003133849557,5770.308138355911
25,25_HE_val.ndpi,25_PGR_val.ndpi,25_28,29899.970887347743,18434.672229578584,0.9097732390201744,0.9097732390201744,PGR,21866.1789624172,8559.86781641082
25,25_HE_val.ndpi,25_PGR_val.ndpi,25_29,25879.523465789032,13444.487997931345,0.9097732390201744,0.9097732390201744,PGR,23577.153668763043,10899.22521290032
25,25_HE_val.ndpi,25_PGR_val.ndpi,25_30,27009.1584900178,13380.62295451248,0.9097732390201744,0.9097732390201744,PGR,22254.338131088865,10745.021522124303
25,25_HE_val.ndpi,25_PGR_val.ndpi,25_31,22436.04257468047,7776.975242342618,0.9097732390201744,0.9097732390201744,PGR,24957.483014752303,15571.195101434485
25,25_HE_val.ndpi,25_PGR_val.ndpi,25_32,22191.36215134134,8672.485066676478,0.9097732390201744,0.9097732390201744,PGR,25699.059352443637,14876.198438646368
25,25_HE_val.ndpi,25_PGR_val.ndpi,25_33,17984.811036575837,11626.779085577213,0.9097732390201744,0.9097732390201744,PGR,29353.55457573318,13139.141361076898
25,25_HE_val.ndpi,25_PGR_val.ndpi,25_34,21288.66506342396,16365.38969875308,0.9097732390201744,0.9097732390201744,PGR,28057.776929618227,9780.541748440892
25,25_HE_val.ndpi,25_PGR_val.ndpi,25_35,21291.1983871205,14410.838093512857,0.9097732390201744,0.9097732390201744,PGR,27511.904054378236,10929.69451503814
25,25_HE_val.ndpi,25_PGR_val.ndpi,25_36,13807.162095716378,14855.234768486258,0.9097732390201744,0.9097732390201744,PGR,33601.60638132965,10766.458261618958
25,25_HE_val.ndpi,25_PGR_val.ndpi,25_37,17073.575667473182,14346.438780542214,0.9097732390201744,0.9097732390201744,PGR,31011.121057397493,11318.07756225659
25,25_HE_val.ndpi,25_PGR_val.ndpi,25_38,31317.54297006885,18296.68354550926,0.9097732390201744,0.9097732390201744,PGR,20363.580592261373,8629.42763672141
25,25_HE_val.ndpi,25_PGR_val.ndpi,25_39,15930.105609049851,17119.118432679315,0.9097732390201744,0.9097732390201744,PGR,33271.22594481391,8932.787355799222
25,25_HE_val.ndpi,25_PGR_val.ndpi,25_40,16689.350008943908,17761.154667738796,0.9097732390201744,0.9097732390201744,PGR,33160.96284447515,8452.647606246532
25,25_HE_val.ndpi,25_PGR_val.ndpi,25_41,11929.266340808288,16108.371202563112,0.9097732390201744,0.9097732390201744,PGR,35884.17774181048,9582.61902593075
25,25_HE_val.ndpi,25_PGR_val.ndpi,25_42,10228.040529117989,13529.665897273891,0.9097732390201744,0.9097732390201744,PGR,35718.864307909,11414.340987637828
25,25_HE_val.ndpi,25_PGR_val.ndpi,25_43,18774.026257635145,4664.281749050047,0.9097732390201744,0.9097732390201744,PGR,25195.157096681538,19786.76607629384
25,25_HE_val.ndpi,25_PGR_val.ndpi,25_44,15488.310447865844,5600.412902121956,0.9097732390201744,0.9097732390201744,PGR,27696.764471358958,19425.091496225978
25,25_HE_val.ndpi,25_PGR_val.ndpi,25_45,14603.248810002628,20400.514993291898,0.9097732390201744,0.9097732390201744,PGR,36800.7278858219,5956.154252582207
25,25_HE_val.ndpi,25_PGR_val.ndpi,25_46,14923.0293718046,21883.43156497139,0.9097732390201744,0.9097732390201744,PGR,37515.52929215796,4754.230582548351
25,25_HE_val.ndpi,25_PGR_val.ndpi,25_47,27142.355921827533,11370.661243992805,0.9097732390201744,0.9097732390201744,PGR,22241.99928853851,11658.731134911859
25,25_HE_val.ndpi,25_PGR_val.ndpi,25_48,25882.61723016337,12238.804032931665,0.9097732390201744,0.9097732390201744,PGR,23507.37840220819,11460.857166498414
25,25_HE_val.ndpi,25_PGR_val.ndpi,25_49,10153.600674388532,22344.992977865077,0.9097732390201744,0.9097732390201744,PGR,41532.540715617804,3701.7552964947345
25,25_HE_val.ndpi,25_PGR_val.ndpi,25_50,16109.571457729824,14632.516192419807,0.9097732390201744,0.9097732390201744,PGR,31756.17347288962,11096.346648116178
41,41_HE_val.ndpi,41_HER2_val.ndpi,41_1,17856.69880475576,5041.523100700159,0.907338096858342,0.907338096858342,HER2,23035.352606333356,8435.343310805943
41,41_HE_val.ndpi,41_HER2_val.ndpi,41_2,17292.407904338892,5836.553470171003,0.907338096858342,0.907338096858342,HER2,22888.639228461398,9168.508503229325
41,41_HE_val.ndpi,41_HER2_val.ndpi,41_3,20335.15957722644,3649.3506579449268,0.907338096858342,0.907338096858342,HER2,23732.699311150183,7450.4836519258715
41,41_HE_val.ndpi,41_HER2_val.ndpi,41_4,19577.62505793689,5396.763889525292,0.907338096858342,0.907338096858342,HER2,23173.15165980346,8525.046048959955
41,41_HE_val.ndpi,41_HER2_val.ndpi,41_5,20357.684815332137,7063.899665920965,0.907338096858342,0.907338096858342,HER2,23076.916825033823,9851.781737313842
41,41_HE_val.ndpi,41_HER2_val.ndpi,41_6,18343.185947164286,7655.307899104322,0.907338096858342,0.907338096858342,HER2,23027.68201662766,10681.999463791435
41,41_HE_val.ndpi,41_HER2_val.ndpi,41_7,21601.15752923652,3686.505902668657,0.907338096858342,0.907338096858342,HER2,24416.16990603617,7473.183817499203
41,41_HE_val.ndpi,41_HER2_val.ndpi,41_8,22394.225247022117,6563.234925303636,0.907338096858342,0.907338096858342,HER2,24854.65105246715,9299.324553354356
41,41_HE_val.ndpi,41_HER2_val.ndpi,41_9,21397.784566284467,7946.392091787769,0.907338096858342,0.907338096858342,HER2,23987.716955597978,10798.074058563961
41,41_HE_val.ndpi,41_HER2_val.ndpi,41_10,19986.357861541688,9508.01541882736,0.907338096858342,0.907338096858342,HER2,23795.973235297628,12473.816668367219
41,41_HE_val.ndpi,41_HER2_val.ndpi,41_11,17041.984225781383,11682.921272383344,0.907338096858342,0.907338096858342,HER2,22135.53049674647,15155.530953734746
41,41_HE_val.ndpi,41_HER2_val.ndpi,41_12,17272.07900460244,9859.151558804688,0.907338096858342,0.907338096858342,HER2,22721.016646627013,13192.396877980536
41,41_HE_val.ndpi,41_HER2_val.ndpi,41_13,13315.337489427066,13234.783833680363,0.907338096858342,0.907338096858342,HER2,19193.49699080914,17291.65313664624
41,41_HE_val.ndpi,41_HER2_val.ndpi,41_14,14621.624866064181,12519.818452308315,0.907338096858342,0.907338096858342,HER2,20744.2661780512,16412.549593840144
41,41_HE_val.ndpi,41_HER2_val.ndpi,41_15,16904.857957025983,16120.754273573977,0.907338096858342,0.907338096858342,HER2,21960.83993584965,18997.49971787514
41,41_HE_val.ndpi,41_HER2_val.ndpi,41_16,14447.082026013948,15679.506108083691,0.907338096858342,0.907338096858342,HER2,19774.12281557473,19201.11310631251
41,41_HE_val.ndpi,41_HER2_val.ndpi,41_17,20962.70886044466,17425.210091166464,0.907338096858342,0.907338096858342,HER2,23404.93857725611,19312.52327423057
41,41_HE_val.ndpi,41_HER2_val.ndpi,41_18,18651.126205039447,17120.071756023975,0.907338096858342,0.907338096858342,HER2,22535.208850923867,19400.769259401695
41,41_HE_val.ndpi,41_HER2_val.ndpi,41_19,18055.614073689794,15907.45653020106,0.907338096858342,0.907338096858342,HER2,22265.900623037884,18710.041187643026
41,41_HE_val.ndpi,41_HER2_val.ndpi,41_20,18757.846043671227,15428.626251678303,0.907338096858342,0.907338096858342,HER2,22407.40101199595,18280.915229276878
41,41_HE_val.ndpi,41_HER2_val.ndpi,41_21,17868.131100979892,12816.563182648091,0.907338096858342,0.907338096858342,HER2,22669.859001274508,16112.465336646059
41,41_HE_val.ndpi,41_HER2_val.ndpi,41_22,20106.89420235809,14678.692491371106,0.907338096858342,0.907338096858342,HER2,22854.428177916343,17381.204459029206
41,41_HE_val.ndpi,41_HER2_val.ndpi,41_23,20537.46893738193,15872.346078901614,0.907338096858342,0.907338096858342,HER2,23060.549293663273,18249.948623966757
41,41_HE_val.ndpi,41_HER2_val.ndpi,41_24,25246.710133174318,14988.687054109334,0.907338096858342,0.907338096858342,HER2,26700.06320817936,16880.750189327115
41,41_HE_val.ndpi,41_HER2_val.ndpi,41_25,26963.42474475039,15530.453088246817,0.907338096858342,0.907338096858342,HER2,28294.856228622382,17001.628362496773
41,41_HE_val.ndpi,41_HER2_val.ndpi,41_26,27010.25709394368,17208.875726101385,0.907338096858342,0.907338096858342,HER2,28737.37499021427,18159.627085851098
41,41_HE_val.ndpi,41_HER2_val.ndpi,41_27,26950.03047335335,22798.21792423541,0.907338096858342,0.907338096858342,HER2,29205.2823666833,22144.42399835058
41,41_HE_val.ndpi,41_HER2_val.ndpi,41_28,40379.748505206735,12943.010921075092,0.907338096858342,0.907338096858342,HER2,39747.57109339861,12676.856109426033
41,41_HE_val.ndpi,41_HER2_val.ndpi,41_29,41347.000392296315,17903.084872903568,0.907338096858342,0.907338096858342,HER2,40504.18483245865,16828.152740380436
41,41_HE_val.ndpi,41_HER2_val.ndpi,41_30,40978.99175308696,19471.58831924984,0.907338096858342,0.907338096858342,HER2,39987.66435113842,18452.662505177053
41,41_HE_val.ndpi,41_HER2_val.ndpi,41_31,39990.345509493796,20090.70043746522,0.907338096858342,0.907338096858342,HER2,39167.49835256753,19159.352992895918
41,41_HE_val.ndpi,41_HER2_val.ndpi,41_32,39062.986704422234,21689.844248088848,0.907338096858342,0.907338096858342,HER2,37587.164074736014,20560.57363370747
41,41_HE_val.ndpi,41_HER2_val.ndpi,41_33,30152.563751405916,21208.30028744565,0.907338096858342,0.907338096858342,HER2,31073.201071962918,20478.06294092852
41,41_HE_val.ndpi,41_HER2_val.ndpi,41_34,35379.31264372556,15676.421329991066,0.907338096858342,0.907338096858342,HER2,35548.70164799392,15113.186650736025
41,41_HE_val.ndpi,41_HER2_val.ndpi,41_35,32689.045191489648,12345.41490470876,0.907338096858342,0.907338096858342,HER2,33072.86237517944,14250.796267408556
41,41_HE_val.ndpi,41_HER2_val.ndpi,41_36,24495.336495734027,10004.06575458548,0.907338096858342,0.907338096858342,HER2,26406.407743248412,12729.128727401305
41,41_HE_val.ndpi,41_HER2_val.ndpi,41_37,21298.10048154788,13521.500691439787,0.907338096858342,0.907338096858342,HER2,24040.223945451442,16182.786634809101
41,41_HE_val.ndpi,41_HER2_val.ndpi,41_38,22392.35513354772,15395.660219698157,0.907338096858342,0.907338096858342,HER2,24287.259337518248,17584.589788198122
41,41_HE_val.ndpi,41_HER2_val.ndpi,41_39,25077.083204014267,11608.599368613815,0.907338096858342,0.907338096858342,HER2,26619.235934844255,14173.800275528809
41,41_HE_val.ndpi,41_HER2_val.ndpi,41_40,25381.9842628694,13517.559939954406,0.907338096858342,0.907338096858342,HER2,26666.36770688907,15769.380275949581
41,41_HE_val.ndpi,41_HER2_val.ndpi,41_41,22448.88114578537,9637.837131338249,0.907338096858342,0.907338096858342,HER2,24982.06432532864,12466.691970720643
41,41_HE_val.ndpi,41_HER2_val.ndpi,41_42,21289.640423877332,11041.67521276619,0.907338096858342,0.907338096858342,HER2,24437.998648218552,13870.95038271379
41,41_HE_val.ndpi,41_HER2_val.ndpi,41_43,23641.17486213955,12387.749672861662,0.907338096858342,0.907338096858342,HER2,25616.64155154509,14868.484406884621
41,41_HE_val.ndpi,41_HER2_val.ndpi,41_44,23387.9884897456,14331.49844838702,0.907338096858342,0.907338096858342,HER2,24976.436697457906,16508.082509790598
41,41_HE_val.ndpi,41_HER2_val.ndpi,41_45,27074.30867541485,6300.593381104084,0.907338096858342,0.907338096858342,HER2,28204.88862598027,9143.255161441735
41,41_HE_val.ndpi,41_HER2_val.ndpi,41_46,27201.86958815553,3762.468753662108,0.907338096858342,0.907338096858342,HER2,28845.79786319163,7205.4396253978675
41,41_HE_val.ndpi,41_HER2_val.ndpi,41_47,27638.3298950864,9236.350663324947,0.907338096858342,0.907338096858342,HER2,28783.044089129635,11922.252093882147
41,41_HE_val.ndpi,41_HER2_val.ndpi,41_48,29892.37591796123,13625.355875515319,0.907338096858342,0.907338096858342,HER2,30626.21230235058,14955.276916083429
41,41_HE_val.ndpi,41_HER2_val.ndpi,41_49,29008.131704205807,15283.543555454236,0.907338096858342,0.907338096858342,HER2,30059.665260255202,16154.3178458381
41,41_HE_val.ndpi,41_HER2_val.ndpi,41_50,30566.025713774183,11519.899510188001,0.907338096858342,0.907338096858342,HER2,31390.896094491098,13840.18228688059
80,80_HE_val.ndpi,80_ER_val.ndpi,80_1,16645.150893036505,4251.329583918506,0.9109542245502164,0.9109542245502164,ER,19940.548155511868,5832.8999244572115
80,80_HE_val.ndpi,80_ER_val.ndpi,80_2,16891.495249402382,4562.334189530548,0.9109542245502164,0.9109542245502164,ER,20224.35106513414,6270.839142192137
80,80_HE_val.ndpi,80_ER_val.ndpi,80_3,18140.61169071087,3802.0024426470973,0.9109542245502164,0.9109542245502164,ER,20994.498837136347,5394.231190766715
80,80_HE_val.ndpi,80_ER_val.ndpi,80_4,17235.45484918294,5594.212988872406,0.9109542245502164,0.9109542245502164,ER,20739.41940956187,7219.605101033122
80,80_HE_val.ndpi,80_ER_val.ndpi,80_5,18258.282080109515,5458.439462643215,0.9109542245502164,0.9109542245502164,ER,21617.764755164986,7165.2978216025
80,80_HE_val.ndpi,80_ER_val.ndpi,80_6,17853.115774704795,9047.818400833803,0.9109542245502164,0.9109542245502164,ER,20964.592902790075,10748.951613087584
80,80_HE_val.ndpi,80_ER_val.ndpi,80_7,16836.064651302957,9468.275822481415,0.9109542245502164,0.9109542245502164,ER,20375.02341590333,11257.569874774255
80,80_HE_val.ndpi,80_ER_val.ndpi,80_8,16556.140915370346,11180.125820190393,0.9109542245502164,0.9109542245502164,ER,20960.39746794353,12512.812517854662
80,80_HE_val.ndpi,80_ER_val.ndpi,80_9,17273.025133860472,12347.778145761424,0.9109542245502164,0.9109542245502164,ER,21689.412355374778,13046.746845568367
80,80_HE_val.ndpi,80_ER_val.ndpi,80_10,15177.211948728183,13065.574762347806,0.9109542245502164,0.9109542245502164,ER,19543.10345165142,13403.767325651876
80,80_HE_val.ndpi,80_ER_val.ndpi,80_11,15568.239704268251,14922.956601163127,0.9109542245502164,0.9109542245502164,ER,18686.10089422775,14522.513803235297
80,80_HE_val.ndpi,80_ER_val.ndpi,80_12,18459.23269031948,15590.72964804089,0.9109542245502164,0.9109542245502164,ER,21239.317889563725,14225.217641885332
80,80_HE_val.ndpi,80_ER_val.ndpi,80_13,19572.258800504318,15783.699029356418,0.9109542245502164,0.9109542245502164,ER,22758.785467985355,14513.73637826135
80,80_HE_val.ndpi,80_ER_val.ndpi,80_14,19499.685336410228,16825.481652566323,0.9109542245502164,0.9109542245502164,ER,22623.62729783152,15026.769546910384
80,80_HE_val.ndpi,80_ER_val.ndpi,80_15,20247.836958904903,18557.168151344682,0.9109542245502164,0.9109542245502164,ER,24954.700622805205,16471.341734988942
80,80_HE_val.ndpi,80_ER_val.ndpi,80_16,21057.21422894848,15616.599190917383,0.9109542245502164,0.9109542245502164,ER,25234.332625437542,14734.046240849633
80,80_HE_val.ndpi,80_ER_val.ndpi,80_17,23421.710011221367,17618.277174856496,0.9109542245502164,0.9109542245502164,ER,29242.68864295403,15807.18923776082
80,80_HE_val.ndpi,80_ER_val.ndpi,80_18,22499.662951076367,15976.168409507349,0.9109542245502164,0.9109542245502164,ER,27715.611139107314,14885.135939964159
80,80_HE_val.ndpi,80_ER_val.ndpi,80_19,21330.64998156517,11753.889538211122,0.9109542245502164,0.9109542245502164,ER,23872.32956661034,11748.79453093455
80,80_HE_val.ndpi,80_ER_val.ndpi,80_20,22475.153151185983,11692.657580883497,0.9109542245502164,0.9109542245502164,ER,25131.18052510756,11527.867113356566
80,80_HE_val.ndpi,80_ER_val.ndpi,80_21,23883.401193884227,12083.685336423554,0.9109542245502164,0.9109542245502164,ER,26911.599035235216,11557.911364179363
80,80_HE_val.ndpi,80_ER_val.ndpi,80_22,22998.478127818864,9460.235570674047,0.9109542245502164,0.9109542245502164,ER,25354.414220933835,9341.41282420994
80,80_HE_val.ndpi,80_ER_val.ndpi,80_23,21449.26428450252,7707.070563784378,0.9109542245502164,0.9109542245502164,ER,24708.030128157658,8508.501690422152
80,80_HE_val.ndpi,80_ER_val.ndpi,80_24,21476.50357135835,4801.3989669514485,0.9109542245502164,0.9109542245502164,ER,25338.41600220316,6555.703229555441
80,80_HE_val.ndpi,80_ER_val.ndpi,80_25,21039.01109795316,6049.76111089207,0.9109542245502164,0.9109542245502164,ER,24247.725298820857,7395.68207844212
80,80_HE_val.ndpi,80_ER_val.ndpi,80_26,22637.266205477445,6306.694683509454,0.9109542245502164,0.9109542245502164,ER,25906.06494262183,7400.169230986431
80,80_HE_val.ndpi,80_ER_val.ndpi,80_27,24639.81591599112,5335.3774012610465,0.9109542245502164,0.9109542245502164,ER,27758.675263426598,6461.399505603097
80,80_HE_val.ndpi,80_ER_val.ndpi,80_28,25627.87562564354,5913.497444142794,0.9109542245502164,0.9109542245502164,ER,28697.9375935233,6450.501966054369
80,80_HE_val.ndpi,80_ER_val.ndpi,80_29,25501.728762926083,8074.493557312554,0.9109542245502164,0.9109542245502164,ER,27963.052636379118,8179.110923240309
80,80_HE_val.ndpi,80_ER_val.ndpi,80_30,25931.0610640466,7167.337513338039,0.9109542245502164,0.9109542245502164,ER,28897.368646597526,7404.288133063753
80,80_HE_val.ndpi,80_ER_val.ndpi,80_31,24086.399090625986,7209.11649917575,0.9109542245502164,0.9109542245502164,ER,26769.443904348762,7563.176739179666
80,80_HE_val.ndpi,80_ER_val.ndpi,80_32,24516.858762926502,9514.102818632697,0.9109542245502164,0.9109542245502164,ER,26214.735197976443,9224.517232994862
80,80_HE_val.ndpi,80_ER_val.ndpi,80_33,25806.559104343887,10155.61879163365,0.9109542245502164,0.9109542245502164,ER,27827.781436533,9950.16808640249
80,80_HE_val.ndpi,80_ER_val.ndpi,80_34,27907.3342441954,10733.988976214056,0.9109542245502164,0.9109542245502164,ER,30548.192837583458,10144.262152329618
80,80_HE_val.ndpi,80_ER_val.ndpi,80_35,27028.02230748848,10004.320319099335,0.9109542245502164,0.9109542245502164,ER,29402.233930485938,9709.002361469622
80,80_HE_val.ndpi,80_ER_val.ndpi,80_36,34886.52552437278,11269.282810246765,0.9109542245502164,0.9109542245502164,ER,38999.7185656198,10464.46365138169
80,80_HE_val.ndpi,80_ER_val.ndpi,80_37,35050.182061253014,9616.750950041629,0.9109542245502164,0.9109542245502164,ER,39134.0880431102,9030.61929132028
80,80_HE_val.ndpi,80_ER_val.ndpi,80_38,33623.1141791425,3396.7706431951733,0.9109542245502164,0.9109542245502164,ER,37680.66686562074,2408.241874674929
80,80_HE_val.ndpi,80_ER_val.ndpi,80_39,29730.973163175986,3912.077337027236,0.9109542245502164,0.9109542245502164,ER,33352.24655146028,4388.043948878789
80,80_HE_val.ndpi,80_ER_val.ndpi,80_40,31256.952055138325,10899.547420941037,0.9109542245502164,0.9109542245502164,ER,35090.42039698591,10163.584874892284
80,80_HE_val.ndpi,80_ER_val.ndpi,80_41,27046.34364824937,16953.266655223117,0.9109542245502164,0.9109542245502164,ER,33972.68834520771,14981.152974100758
80,80_HE_val.ndpi,80_ER_val.ndpi,80_42,25604.36829677148,18765.963712854995,0.9109542245502164,0.9109542245502164,ER,31364.038716015315,16956.893765700326
80,80_HE_val.ndpi,80_ER_val.ndpi,80_43,20249.13044106392,21149.74810612205,0.9109542245502164,0.9109542245502164,ER,24548.19659629417,19508.98630646487
80,80_HE_val.ndpi,80_ER_val.ndpi,80_44,21678.98722556697,18778.149339093747,0.9109542245502164,0.9109542245502164,ER,27343.22738885585,16659.68442256164
80,80_HE_val.ndpi,80_ER_val.ndpi,80_45,18397.719708479806,19539.097553547013,0.9109542245502164,0.9109542245502164,ER,22459.43159811153,17974.47455186692
80,80_HE_val.ndpi,80_ER_val.ndpi,80_46,17344.413879003285,15780.707176813941,0.9109542245502164,0.9109542245502164,ER,19911.953248406655,14623.72471808997
80,80_HE_val.ndpi,80_ER_val.ndpi,80_47,27231.651426834174,14490.361832249593,0.9109542245502164,0.9109542245502164,ER,33124.338305559824,12700.758219919744
80,80_HE_val.ndpi,80_ER_val.ndpi,80_48,28152.247388145355,13163.546396664604,0.9109542245502164,0.9109542245502164,ER,32681.620276329428,11752.117940565346
80,80_HE_val.ndpi,80_ER_val.ndpi,80_49,29165.787489211412,11711.234338652437,0.9109542245502164,0.9109542245502164,ER,32791.56264875789,10748.554928705174
80,80_HE_val.ndpi,80_ER_val.ndpi,80_50,29331.404711235908,10384.227305170603,0.9109542245502164,0.9109542245502164,ER,32660.076358443544,9714.395029618068
18,18_HE_val.ndpi,18_PGR_val.ndpi,18_1,23331.695310764284,5793.5694406717175,0.907338096858342,0.907338096858342,PGR,15080.867940035248,8120.296721464626
18,18_HE_val.ndpi,18_PGR_val.ndpi,18_2,23241.955887083925,6886.684336463702,0.907338096858342,0.907338096858342,PGR,15251.909361418047,8987.81112877735
18,18_HE_val.ndpi,18_PGR_val.ndpi,18_3,22614.915037782514,6268.772448680669,0.907338096858342,0.907338096858342,PGR,14566.07220583543,8676.058201512727
18,18_HE_val.ndpi,18_PGR_val.ndpi,18_4,25041.666039632593,4798.454386058095,0.907338096858342,0.907338096858342,PGR,15758.522682241712,6939.645261748852
18,18_HE_val.ndpi,18_PGR_val.ndpi,18_5,25286.022814812823,4031.445669251695,0.907338096858342,0.907338096858342,PGR,15607.990322362206,6113.269442338473
18,18_HE_val.ndpi,18_PGR_val.ndpi,18_6,25960.860021351808,5145.656203536861,0.907338096858342,0.907338096858342,PGR,16555.52277598403,7134.841688354683
18,18_HE_val.ndpi,18_PGR_val.ndpi,18_7,24370.768534755738,5744.083088008687,0.907338096858342,0.907338096858342,PGR,15825.443482901137,7932.3480363037625
18,18_HE_val.ndpi,18_PGR_val.ndpi,18_8,25499.114617813866,6205.995452887563,0.907338096858342,0.907338096858342,PGR,16598.80445282435,8114.670543980942
18,18_HE_val.ndpi,18_PGR_val.ndpi,18_9,27368.49472014603,6389.448813439161,0.907338096858342,0.907338096858342,PGR,17911.485385760232,7891.693055476989
18,18_HE_val.ndpi,18_PGR_val.ndpi,18_10,27359.83997249536,5143.127117024376,0.907338096858342,0.907338096858342,PGR,17653.288467010807,6822.839047847403
18,18_HE_val.ndpi,18_PGR_val.ndpi,18_11,28026.275615476075,4338.211021423158,0.907338096858342,0.907338096858342,PGR,17586.563483733033,6304.16593662452
18,18_HE_val.ndpi,18_PGR_val.ndpi,18_12,26608.22926391893,2483.327652261669,0.907338096858342,0.907338096858342,PGR,15674.287742457078,4476.372687483587
18,18_HE_val.ndpi,18_PGR_val.ndpi,18_13,27920.95933765644,1589.3503427328465,0.907338096858342,0.907338096858342,PGR,16054.990732841217,3626.587940432708
18,18_HE_val.ndpi,18_PGR_val.ndpi,18_14,28437.650054973146,551.6128362226515,0.907338096858342,0.907338096858342,PGR,15960.462616641542,2418.4031281399234
18,18_HE_val.ndpi,18_PGR_val.ndpi,18_15,25932.223705789467,1637.8023042735938,0.907338096858342,0.907338096858342,PGR,15173.56814069059,3552.8869167078146
18,18_HE_val.ndpi,18_PGR_val.ndpi,18_16,32238.4561066758,863.7030163973342,0.907338096858342,0.907338096858342,PGR,19675.971978610767,2943.177563971983
18,18_HE_val.ndpi,18_PGR_val.ndpi,18_17,31533.059341003485,2288.0469232846185,0.907338096858342,0.907338096858342,PGR,19352.84430648329,4431.6458468912415
18,18_HE_val.ndpi,18_PGR_val.ndpi,18_18,33862.70000584988,2473.501643911225,0.907338096858342,0.907338096858342,PGR,21848.089544254635,4512.981955767962
18,18_HE_val.ndpi,18_PGR_val.ndpi,18_19,35754.39478375636,1314.536072627253,0.907338096858342,0.907338096858342,PGR,22677.91003392213,3484.8214024525837
18,18_HE_val.ndpi,18_PGR_val.ndpi,18_20,35414.66664965766,2371.8885020169205,0.907338096858342,0.907338096858342,PGR,22834.929088934445,4483.975048003506
18,18_HE_val.ndpi,18_PGR_val.ndpi,18_21,36993.458010375514,934.43338298306,0.907338096858342,0.907338096858342,PGR,23457.648545891072,3104.7874490959875
18,18_HE_val.ndpi,18_PGR_val.ndpi,18_22,36860.15822738456,2189.2297124005763,0.907338096858342,0.907338096858342,PGR,23830.34087198374,4306.376651249763
18,18_HE_val.ndpi,18_PGR_val.ndpi,18_23,39343.000533982784,1299.6460007723988,0.907338096858342,0.907338096858342,PGR,25369.795686723788,3438.908482387419
18,18_HE_val.ndpi,18_PGR_val.ndpi,18_24,40414.859509536516,2285.900533423797,0.907338096858342,0.907338096858342,PGR,26538.566333927898,4367.346434032086
18,18_HE_val.ndpi,18_PGR_val.ndpi,18_25,39364.125844815855,3932.5066914863673,0.907338096858342,0.907338096858342,PGR,25779.608573091184,5756.97656957062
18,18_HE_val.ndpi,18_PGR_val.ndpi,18_26,41678.74318652222,3797.627415728493,0.907338096858342,0.907338096858342,PGR,27541.628000020948,5659.315331485639
18,18_HE_val.ndpi,18_PGR_val.ndpi,18_27,42997.27367369255,4008.679920458645,0.907338096858342,0.907338096858342,PGR,28520.224635931892,5784.180700156344
18,18_HE_val.ndpi,18_PGR_val.ndpi,18_28,42294.45088744546,7316.923386331967,0.907338096858342,0.907338096858342,PGR,29066.131293029972,8111.310166806478
18,18_HE_val.ndpi,18_PGR_val.ndpi,18_29,21540.668760438148,13390.064927397163,0.907338096858342,0.907338096858342,PGR,15066.886004021393,15149.019746736316
18,18_HE_val.ndpi,18_PGR_val.ndpi,18_30,22475.026859741214,12331.666927227927,0.907338096858342,0.907338096858342,PGR,15407.69865833178,14066.844201468806
18,18_HE_val.ndpi,18_PGR_val.ndpi,18_31,22308.27888695524,16249.948616275336,0.907338096858342,0.907338096858342,PGR,15825.122967954538,17237.93908612284
18,18_HE_val.ndpi,18_PGR_val.ndpi,18_32,23335.84364191855,19099.965711818983,0.907338096858342,0.907338096858342,PGR,16433.115678844206,19278.96829071055
18,18_HE_val.ndpi,18_PGR_val.ndpi,18_33,26631.570743431865,19323.134384121,0.907338096858342,0.907338096858342,PGR,17584.58124064372,19305.875787069715
18,18_HE_val.ndpi,18_PGR_val.ndpi,18_34,28939.104357624467,16877.982103301896,0.907338096858342,0.907338096858342,PGR,17743.80275884906,16795.487411278496
18,18_HE_val.ndpi,18_PGR_val.ndpi,18_35,32000.486107153134,19416.27479008148,0.907338096858342,0.907338096858342,PGR,21475.824369449485,19480.062378604533
18,18_HE_val.ndpi,18_PGR_val.ndpi,18_36,32448.54666244554,16470.41699641758,0.907338096858342,0.907338096858342,PGR,20638.295697438563,16042.68474348815
18,18_HE_val.ndpi,18_PGR_val.ndpi,18_37,34430.788272287406,15743.371527765108,0.907338096858342,0.907338096858342,PGR,22616.514560964548,15256.988978178848
18,18_HE_val.ndpi,18_PGR_val.ndpi,18_38,34543.671967353934,14080.052157718856,0.907338096858342,0.907338096858342,PGR,22515.95115734087,13333.83708381176
18,18_HE_val.ndpi,18_PGR_val.ndpi,18_39,34852.72229295972,9513.538234364056,0.907338096858342,0.907338096858342,PGR,23829.61619175698,9916.836695604243
18,18_HE_val.ndpi,18_PGR_val.ndpi,18_40,36316.84354331041,12118.602135425572,0.907338096858342,0.907338096858342,PGR,23705.092544410076,11759.222215336407
18,18_HE_val.ndpi,18_PGR_val.ndpi,18_41,41598.956357215415,13913.371657440524,0.907338096858342,0.907338096858342,PGR,27880.36521200815,13216.787615658015
18,18_HE_val.ndpi,18_PGR_val.ndpi,18_42,41408.02381470068,21356.25644035673,0.907338096858342,0.907338096858342,PGR,28260.597446385746,21089.722145727363
18,18_HE_val.ndpi,18_PGR_val.ndpi,18_43,41037.95791123532,19611.69298816264,0.907338096858342,0.907338096858342,PGR,27451.607362068444,19194.01445908728
18,18_HE_val.ndpi,18_PGR_val.ndpi,18_44,38522.79527874427,19527.362312992882,0.907338096858342,0.907338096858342,PGR,25553.75832854078,19126.40267499592
18,18_HE_val.ndpi,18_PGR_val.ndpi,18_45,37425.83937774631,17358.325130187004,0.907338096858342,0.907338096858342,PGR,25033.07509265779,16837.784478172765
18,18_HE_val.ndpi,18_PGR_val.ndpi,18_46,39792.39277073433,15640.735310164473,0.907338096858342,0.907338096858342,PGR,26883.14905134992,15212.356204986672
18,18_HE_val.ndpi,18_PGR_val.ndpi,18_47,27200.959912520866,9541.014115875534,0.907338096858342,0.907338096858342,PGR,18260.35827507709,11031.058498423841
18,18_HE_val.ndpi,18_PGR_val.ndpi,18_48,28408.500053086333,12656.604708818908,0.907338096858342,0.907338096858342,PGR,17837.72145679409,13244.503121334175
18,18_HE_val.ndpi,18_PGR_val.ndpi,18_49,25379.484650781225,13225.406260324065,0.907338096858342,0.907338096858342,PGR,16596.77747748069,14410.64927921234
18,18_HE_val.ndpi,18_PGR_val.ndpi,18_50,26894.463713146088,15276.109645410908,0.907338096858342,0.907338096858342,PGR,16596.338078731013,15599.208340872183
31,31_HE_val.ndpi,31_KI67_val.ndpi,31_1,26623.221962128693,4207.662319924337,0.9109542245502164,0.9109542245502164,KI67,21934.387752707138,2472.7832605739986
31,31_HE_val.ndpi,31_KI67_val.ndpi,31_2,30287.034410390297,3008.7239622274883,0.9109542245502164,0.9109542245502164,KI67,24250.578608075415,664.088298043038
31,31_HE_val.ndpi,31_KI67_val.ndpi,31_3,31187.96235915459,4209.961227246575,0.9109542245502164,0.9109542245502164,KI67,24342.916152302765,1673.5959440825882
31,31_HE_val.ndpi,31_KI67_val.ndpi,31_4,31823.643147077564,5617.261429929595,0.9109542245502164,0.9109542245502164,KI67,24281.753377601948,3067.960084284215
31,31_HE_val.ndpi,31_KI67_val.ndpi,31_5,33923.83077419355,5541.831693135596,0.9109542245502164,0.9109542245502164,KI67,25216.769919548413,2856.5554757230134
31,31_HE_val.ndpi,31_KI67_val.ndpi,31_6,36226.16464083892,2853.0769089357677,0.9109542245502164,0.9109542245502164,KI67,27560.50673826331,-117.14942313490374
31,31_HE_val.ndpi,31_KI67_val.ndpi,31_7,37591.81068427558,5421.897784057741,0.9109542245502164,0.9109542245502164,KI67,26710.881646827132,2211.4707918392405
31,31_HE_val.ndpi,31_KI67_val.ndpi,31_8,37688.321644596384,2765.053423286653,0.9109542245502164,0.9109542245502164,KI67,27748.619002686144,-289.8005408939751
31,31_HE_val.ndpi,31_KI67_val.ndpi,31_9,36268.51492604023,10135.904601802524,0.9109542245502164,0.9109542245502164,KI67,24843.38334454705,5607.2762558963095
31,31_HE_val.ndpi,31_KI67_val.ndpi,31_10,36422.39158909997,11308.082711581204,0.9109542245502164,0.9109542245502164,KI67,24294.30365519064,6012.646060440959
31,31_HE_val.ndpi,31_KI67_val.ndpi,31_11,36116.40553142705,13416.961373085222,0.9109542245502164,0.9109542245502164,KI67,23995.19230511311,7432.136505817826
31,31_HE_val.ndpi,31_KI67_val.ndpi,31_12,38921.65655166237,13476.725862141844,0.9109542245502164,0.9109542245502164,KI67,24419.058137437747,7386.49281384719
31,31_HE_val.ndpi,31_KI67_val.ndpi,31_13,40000.913606792696,12371.47069106318,0.9109542245502164,0.9109542245502164,KI67,24619.270047526406,6423.418436744725
31,31_HE_val.ndpi,31_KI67_val.ndpi,31_14,38663.716185613484,11621.217195123572,0.9109542245502164,0.9109542245502164,KI67,24654.633581129005,5975.906113771469
31,31_HE_val.ndpi,31_KI67_val.ndpi,31_15,34031.772939331946,13556.837839317282,0.9109542245502164,0.9109542245502164,KI67,23266.284160980016,7871.314821136935
31,31_HE_val.ndpi,31_KI67_val.ndpi,31_16,30724.96695494529,12849.334115997393,0.9109542245502164,0.9109542245502164,KI67,22475.16073549642,8034.614458781556
31,31_HE_val.ndpi,31_KI67_val.ndpi,31_17,28762.745882536605,12897.984225230666,0.9109542245502164,0.9109542245502164,KI67,21479.877087863446,8599.267073376997
31,31_HE_val.ndpi,31_KI67_val.ndpi,31_18,33359.31781579667,8218.0264051572,0.9109542245502164,0.9109542245502164,KI67,24433.71236223854,4906.8338463940145
31,31_HE_val.ndpi,31_KI67_val.ndpi,31_19,32297.083313589086,10207.634459091507,0.9109542245502164,0.9109542245502164,KI67,23972.20667786366,6369.0467883025185
31,31_HE_val.ndpi,31_KI67_val.ndpi,31_20,30654.869324762836,9331.09264251375,0.9109542245502164,0.9109542245502164,KI67,23419.596775308553,5786.6661296186085
31,31_HE_val.ndpi,31_KI67_val.ndpi,31_21,28351.61157056372,6072.215190808747,0.9109542245502164,0.9109542245502164,KI67,22319.623316347646,3802.963039028228
31,31_HE_val.ndpi,31_KI67_val.ndpi,31_22,24269.97001157521,7212.977667267026,0.9109542245502164,0.9109542245502164,KI67,19869.568578818762,5005.648036849251
31,31_HE_val.ndpi,31_KI67_val.ndpi,31_23,28761.987518480044,9254.831802776607,0.9109542245502164,0.9109542245502164,KI67,22640.35883837043,5990.574900791585
31,31_HE_val.ndpi,31_KI67_val.ndpi,31_24,27360.923252652243,10108.706425871158,0.9109542245502164,0.9109542245502164,KI67,21664.860679809728,6783.709774196695
31,31_HE_val.ndpi,31_KI67_val.ndpi,31_25,26987.640274094152,11993.27097561495,0.9109542245502164,0.9109542245502164,KI67,20661.053221642265,8132.706782389656
31,31_HE_val.ndpi,31_KI67_val.ndpi,31_26,25720.710346144326,10718.520492554337,0.9109542245502164,0.9109542245502164,KI67,20314.721836043802,7412.49628068588
31,31_HE_val.ndpi,31_KI67_val.ndpi,31_27,23624.80157644957,12165.323188052584,0.9109542245502164,0.9109542245502164,KI67,18501.24358248517,8580.611615450305
31,31_HE_val.ndpi,31_KI67_val.ndpi,31_28,23139.927159579904,13479.176446667196,0.9109542245502164,0.9109542245502164,KI67,17830.400047829364,9691.107260524193
31,31_HE_val.ndpi,31_KI67_val.ndpi,31_29,17210.382274570333,12345.6339066872,0.9109542245502164,0.9109542245502164,KI67,13166.060029036717,9016.427632496469
31,31_HE_val.ndpi,31_KI67_val.ndpi,31_30,18846.69266151351,10420.275802848806,0.9109542245502164,0.9109542245502164,KI67,15023.955996481664,7786.175544772167
31,31_HE_val.ndpi,31_KI67_val.ndpi,31_31,20997.432212040658,11886.23885836853,0.9109542245502164,0.9109542245502164,KI67,16134.399158785694,8460.78272022731
31,31_HE_val.ndpi,31_KI67_val.ndpi,31_32,21748.410671561654,10641.64820126761,0.9109542245502164,0.9109542245502164,KI67,17105.870719666895,7586.476791265971
31,31_HE_val.ndpi,31_KI67_val.ndpi,31_33,22333.89628855664,11832.683745244785,0.9109542245502164,0.9109542245502164,KI67,17478.328813007924,8403.192979913398
31,31_HE_val.ndpi,31_KI67_val.ndpi,31_34,24288.644038501432,9663.001072338138,0.9109542245502164,0.9109542245502164,KI67,19448.42791401031,6793.876285137421
31,31_HE_val.ndpi,31_KI67_val.ndpi,31_35,26439.60951617625,7253.018809393606,0.9109542245502164,0.9109542245502164,KI67,21478.39821602513,4835.248927455405
31,31_HE_val.ndpi,31_KI67_val.ndpi,31_36,26272.363606108793,9382.594545860858,0.9109542245502164,0.9109542245502164,KI67,21067.79511986773,6426.936965310659
31,31_HE_val.ndpi,31_KI67_val.ndpi,31_37,30309.508523718236,7116.461661933149,0.9109542245502164,0.9109542245502164,KI67,23019.785712283134,4358.779634128913
31,31_HE_val.ndpi,31_KI67_val.ndpi,31_38,28041.547541585765,8458.990289287372,0.9109542245502164,0.9109542245502164,KI67,22279.086298173865,5532.845695300157
31,31_HE_val.ndpi,31_KI67_val.ndpi,31_39,28926.790932600088,7090.393144897137,0.9109542245502164,0.9109542245502164,KI67,22525.64203092699,4500.871184227799
31,31_HE_val.ndpi,31_KI67_val.ndpi,31_40,29412.8251088277,12296.303224105026,0.9109542245502164,0.9109542245502164,KI67,22014.92893412514,8040.613721833411
31,31_HE_val.ndpi,31_KI67_val.ndpi,31_41,30597.494383019464,10475.019040129842,0.9109542245502164,0.9109542245502164,KI67,23321.427323499032,6561.674496278536
31,31_HE_val.ndpi,31_KI67_val.ndpi,31_42,28802.68664009696,10494.748321398094,0.9109542245502164,0.9109542245502164,KI67,22414.10860499924,6811.617573933066
31,31_HE_val.ndpi,31_KI67_val.ndpi,31_43,26944.30863635053,14052.604552248345,0.9109542245502164,0.9109542245502164,KI67,20340.903816343278,9961.371047306957
31,31_HE_val.ndpi,31_KI67_val.ndpi,31_44,28539.701878953998,20238.6636448922,0.9109542245502164,0.9109542245502164,KI67,19670.18357718545,14811.394891812106
31,31_HE_val.ndpi,31_KI67_val.ndpi,31_45,27483.926938995824,16742.87551036401,0.9109542245502164,0.9109542245502164,KI67,20226.440000432045,11761.469356465313
31,31_HE_val.ndpi,31_KI67_val.ndpi,31_46,25591.35260218195,13763.244013148716,0.9109542245502164,0.9109542245502164,KI67,19612.55669282374,9899.759388737588
31,31_HE_val.ndpi,31_KI67_val.ndpi,31_47,23800.44548180844,15155.302822871352,0.9109542245502164,0.9109542245502164,KI67,18164.412267040854,10960.19161317021
31,31_HE_val.ndpi,31_KI67_val.ndpi,31_48,21031.968972584775,17391.981584560537,0.9109542245502164,0.9109542245502164,KI67,15988.354985213371,13013.184195090502
31,31_HE_val.ndpi,31_KI67_val.ndpi,31_49,20751.002254595558,16031.925097835032,0.9109542245502164,0.9109542245502164,KI67,15902.967941168037,12037.689212595675
31,31_HE_val.ndpi,31_KI67_val.ndpi,31_50,33998.879937160025,17013.044201441793,0.9109542245502164,0.9109542245502164,KI67,22188.589494051954,10301.119848170547
5,5_HE_val.ndpi,5_ER_val.ndpi,5_1,24924.564686355778,7316.159080556446,0.9109542245502164,0.9109542245502164,ER,29939.78887979686,7336.19802386085
5,5_HE_val.ndpi,5_ER_val.ndpi,5_2,23789.42185809132,8628.974137831801,0.9109542245502164,0.9109542245502164,ER,29154.577949228562,8255.459727165
5,5_HE_val.ndpi,5_ER_val.ndpi,5_3,25122.23214229453,10020.469867586447,0.9109542245502164,0.9109542245502164,ER,30712.2837141661,9334.979929998268
5,5_HE_val.ndpi,5_ER_val.ndpi,5_4,24144.66275344437,11529.837003971104,0.9109542245502164,0.9109542245502164,ER,29190.639640720463,10829.453922483859
5,5_HE_val.ndpi,5_ER_val.ndpi,5_5,23135.811144150997,10638.293721339749,0.9109542245502164,0.9109542245502164,ER,28018.40907906739,10278.576850763906
5,5_HE_val.ndpi,5_ER_val.ndpi,5_6,26662.8814991224,8612.769947642206,0.9109542245502164,0.9109542245502164,ER,32220.328081557665,7889.701975879457
5,5_HE_val.ndpi,5_ER_val.ndpi,5_7,27006.985923997658,10215.98374535648,0.9109542245502164,0.9109542245502164,ER,32739.80871991149,9162.477720567787
5,5_HE_val.ndpi,5_ER_val.ndpi,5_8,26849.419631945108,6541.634694476351,0.9109542245502164,0.9109542245502164,ER,31527.79106516244,6070.489901142451
5,5_HE_val.ndpi,5_ER_val.ndpi,5_9,30250.412628219838,7810.685306714441,0.9109542245502164,0.9109542245502164,ER,35403.97674565323,6668.657865690261
5,5_HE_val.ndpi,5_ER_val.ndpi,5_10,32419.7805602792,11746.08237328142,0.9109542245502164,0.9109542245502164,ER,38228.51581891265,9566.544056549898
5,5_HE_val.ndpi,5_ER_val.ndpi,5_11,29337.309639259034,12586.75626083238,0.9109542245502164,0.9109542245502164,ER,36005.62659932841,10566.499554138096
5,5_HE_val.ndpi,5_ER_val.ndpi,5_12,31205.473833816708,14384.864298094146,0.9109542245502164,0.9109542245502164,ER,38011.59922932327,11431.649369949848
5,5_HE_val.ndpi,5_ER_val.ndpi,5_13,23409.980226909775,13572.028355353788,0.9109542245502164,0.9109542245502164,ER,27366.693724814388,12545.120946345525
5,5_HE_val.ndpi,5_ER_val.ndpi,5_14,21186.393364126267,12918.320608600041,0.9109542245502164,0.9109542245502164,ER,23085.936296463868,12731.902204412898
5,5_HE_val.ndpi,5_ER_val.ndpi,5_15,20710.642928219186,11093.524416079728,0.9109542245502164,0.9109542245502164,ER,23783.04745839038,11553.538149975917
5,5_HE_val.ndpi,5_ER_val.ndpi,5_16,23904.036265129707,16431.05327920159,0.9109542245502164,0.9109542245502164,ER,28024.38427756754,14421.984666673015
5,5_HE_val.ndpi,5_ER_val.ndpi,5_17,20928.471456572017,16904.634814491277,0.9109542245502164,0.9109542245502164,ER,22031.439086027134,15142.285935502861
5,5_HE_val.ndpi,5_ER_val.ndpi,5_18,22536.62784511632,20837.185310847504,0.9109542245502164,0.9109542245502164,ER,26598.89341872917,17759.7226384302
5,5_HE_val.ndpi,5_ER_val.ndpi,5_19,24151.301362919614,17805.468916594265,0.9109542245502164,0.9109542245502164,ER,28568.148092531468,15462.46145661809
5,5_HE_val.ndpi,5_ER_val.ndpi,5_20,21102.442311863502,19163.26326752477,0.9109542245502164,0.9109542245502164,ER,23128.784407464627,16768.754892608104
5,5_HE_val.ndpi,5_ER_val.ndpi,5_21,26342.89201754332,18788.24158144481,0.9109542245502164,0.9109542245502164,ER,32457.493843386226,15686.896633223612
5,5_HE_val.ndpi,5_ER_val.ndpi,5_22,27470.40334542184,15738.150010903248,0.9109542245502164,0.9109542245502164,ER,33777.932327271854,12840.428089712781
5,5_HE_val.ndpi,5_ER_val.ndpi,5_23,26291.956053897808,12991.35424934734,0.9109542245502164,0.9109542245502164,ER,32188.167308891527,11520.878380532275
5,5_HE_val.ndpi,5_ER_val.ndpi,5_24,29085.761985562447,9975.103701461967,0.9109542245502164,0.9109542245502164,ER,35214.96085611438,8510.945943592174
5,5_HE_val.ndpi,5_ER_val.ndpi,5_25,35234.811458586584,8261.827039855847,0.9109542245502164,0.9109542245502164,ER,38429.46089816193,5623.819337723574
5,5_HE_val.ndpi,5_ER_val.ndpi,5_26,36905.28203025377,5089.8098869148325,0.9109542245502164,0.9109542245502164,ER,38425.24900241073,3944.58008789184
5,5_HE_val.ndpi,5_ER_val.ndpi,5_27,41147.151122352414,3306.7233216521263,0.9109542245502164,0.9109542245502164,ER,42413.68496557678,2603.132531297466
5,5_HE_val.ndpi,5_ER_val.ndpi,5_28,41456.845104740154,5634.120522626604,0.9109542245502164,0.9109542245502164,ER,43922.74071812017,3860.5257656961503
5,5_HE_val.ndpi,5_ER_val.ndpi,5_29,42433.380728820666,10368.311279795129,0.9109542245502164,0.9109542245502164,ER,46957.604378651886,7071.3722767515155
5,5_HE_val.ndpi,5_ER_val.ndpi,5_30,38572.14403512531,9998.7743262803,0.9109542245502164,0.9109542245502164,ER,42274.44671465037,6826.160464606129
5,5_HE_val.ndpi,5_ER_val.ndpi,5_31,37575.206780858025,13663.78676051806,0.9109542245502164,0.9109542245502164,ER,43135.837212977334,9952.07593002254
5,5_HE_val.ndpi,5_ER_val.ndpi,5_32,38698.280204396346,17003.017809134835,0.9109542245502164,0.9109542245502164,ER,45101.027613669896,12930.78526294896
5,5_HE_val.ndpi,5_ER_val.ndpi,5_33,34452.97006804893,18229.332987542548,0.9109542245502164,0.9109542245502164,ER,41876.247596291876,14164.687725505062
5,5_HE_val.ndpi,5_ER_val.ndpi,5_34,35902.458029350026,14404.052978952524,0.9109542245502164,0.9109542245502164,ER,41733.42464164463,10588.465638235975
5,5_HE_val.ndpi,5_ER_val.ndpi,5_35,31524.037526473847,17908.688073002286,0.9109542245502164,0.9109542245502164,ER,38849.81939502828,14130.30937781647
5,5_HE_val.ndpi,5_ER_val.ndpi,5_36,31630.17983833879,16391.170180291032,0.9109542245502164,0.9109542245502164,ER,38594.70830982465,12729.243246039543
5,5_HE_val.ndpi,5_ER_val.ndpi,5_37,29591.830354259528,15433.934234728948,0.9109542245502164,0.9109542245502164,ER,36330.93211975202,12281.286444796358
5,5_HE_val.ndpi,5_ER_val.ndpi,5_38,28116.56083815796,19082.692427224418,0.9109542245502164,0.9109542245502164,ER,35089.84041012155,15691.599676064856
5,5_HE_val.ndpi,5_ER_val.ndpi,5_39,29967.03741646063,17420.576815267294,0.9109542245502164,0.9109542245502164,ER,37059.269045062465,13792.918077225191
5,5_HE_val.ndpi,5_ER_val.ndpi,5_40,28466.830467312247,17308.88046102275,0.9109542245502164,0.9109542245502164,ER,35405.605188220135,13947.266873907813
5,5_HE_val.ndpi,5_ER_val.ndpi,5_41,31208.8792932652,19691.887891488997,0.9109542245502164,0.9109542245502164,ER,39524.65920046277,16019.766229172323
5,5_HE_val.ndpi,5_ER_val.ndpi,5_42,29895.886295712746,19145.22674449116,0.9109542245502164,0.9109542245502164,ER,37511.50060142658,15648.275985394159
5,5_HE_val.ndpi,5_ER_val.ndpi,5_43,33293.246294472825,16867.903202678877,0.9109542245502164,0.9109542245502164,ER,40129.550978081876,12929.503984027137
5,5_HE_val.ndpi,5_ER_val.ndpi,5_44,20949.044169709858,15353.330596701118,0.9109542245502164,0.9109542245502164,ER,22354.786089718193,14377.019957472425
5,5_HE_val.ndpi,5_ER_val.ndpi,5_45,19673.9089153378,13296.189882801631,0.9109542245502164,0.9109542245502164,ER,20650.48915121218,13252.434359552537
5,5_HE_val.ndpi,5_ER_val.ndpi,5_46,42608.43677654003,15979.309401589453,0.9109542245502164,0.9109542245502164,ER,48861.02031834431,12219.315644542536
5,5_HE_val.ndpi,5_ER_val.ndpi,5_47,42887.17479723944,17453.14108610554,0.9109542245502164,0.9109542245502164,ER,48783.06509610405,13548.569216405465
5,5_HE_val.ndpi,5_ER_val.ndpi,5_48,41151.305235750115,18103.099013462914,0.9109542245502164,0.9109542245502164,ER,47197.797271717085,13983.817480327909
5,5_HE_val.ndpi,5_ER_val.ndpi,5_49,40301.7114268248,12614.365711423423,0.9109542245502164,0.9109542245502164,ER,45731.59044516786,9258.733553411294
5,5_HE_val.ndpi,5_ER_val.ndpi,5_50,35174.16865106929,11978.560154250272,0.9109542245502164,0.9109542245502164,ER,39633.786971763664,8552.342073894122
10,10_HE_val.ndpi,10_ER_val.ndpi,10_1,13810.89006123624,4517.941451422215,0.9109542245502164,0.9109542245502164,ER,23103.73506169952,16705.482256514253
10,10_HE_val.ndpi,10_ER_val.ndpi,10_2,15661.23870973979,5382.782901062521,0.9109542245502164,0.9109542245502164,ER,22128.35270402161,16268.764950921804
10,10_HE_val.ndpi,10_ER_val.ndpi,10_3,16420.403810027514,6721.766330787432,0.9109542245502164,0.9109542245502164,ER,21429.136706953293,15106.835569729787
10,10_HE_val.ndpi,10_ER_val.ndpi,10_4,17422.373330823368,8366.63761872524,0.9109542245502164,0.9109542245502164,ER,20398.373736328223,14204.458460195403
10,10_HE_val.ndpi,10_ER_val.ndpi,10_5,19655.98643490912,4504.5346828071115,0.9109542245502164,0.9109542245502164,ER,19908.416739876597,17009.284966412244
10,10_HE_val.ndpi,10_ER_val.ndpi,10_6,19319.640000703774,7009.114380371905,0.9109542245502164,0.9109542245502164,ER,19693.729784601994,14871.522280721523
10,10_HE_val.ndpi,10_ER_val.ndpi,10_7,19685.641979889268,10241.193396563884,0.9109542245502164,0.9109542245502164,ER,18667.07125749668,12834.05333183166
10,10_HE_val.ndpi,10_ER_val.ndpi,10_8,21412.733370558635,9676.340769427741,0.9109542245502164,0.9109542245502164,ER,17465.317338878645,13191.78809553375
10,10_HE_val.ndpi,10_ER_val.ndpi,10_9,22273.515803087506,5437.266222355355,0.9109542245502164,0.9109542245502164,ER,17696.245315225966,16177.172823305738
10,10_HE_val.ndpi,10_ER_val.ndpi,10_10,24241.267972482965,7667.672242638887,0.9109542245502164,0.9109542245502164,ER,15243.166735098566,14722.66135538247
10,10_HE_val.ndpi,10_ER_val.ndpi,10_11,24607.269951668462,8746.908847929471,0.9109542245502164,0.9109542245502164,ER,14742.44555359084,14007.348102751754
10,10_HE_val.ndpi,10_ER_val.ndpi,10_12,27817.60782465241,9596.481818132852,0.9109542245502164,0.9109542245502164,ER,12179.312919439582,13689.112223140757
10,10_HE_val.ndpi,10_ER_val.ndpi,10_13,26721.687368458784,10050.595384900047,0.9109542245502164,0.9109542245502164,ER,13112.767707219207,13259.100975965677
10,10_HE_val.ndpi,10_ER_val.ndpi,10_14,28744.6042904527,4495.394404527502,0.9109542245502164,0.9109542245502164,ER,12456.87096502568,17867.083994662575
10,10_HE_val.ndpi,10_ER_val.ndpi,10_15,32221.935914919344,6588.035625339042,0.9109542245502164,0.9109542245502164,ER,9343.257023366294,16201.915556185448
10,10_HE_val.ndpi,10_ER_val.ndpi,10_16,37197.22542433069,10206.970600152776,0.9109542245502164,0.9109542245502164,ER,6216.782809007019,13219.988066072747
10,10_HE_val.ndpi,10_ER_val.ndpi,10_17,35855.79167469199,11422.493412507583,0.9109542245502164,0.9109542245502164,ER,6560.026795547663,12210.99813375057
10,10_HE_val.ndpi,10_ER_val.ndpi,10_18,35473.52294087601,9662.86851257728,0.9109542245502164,0.9109542245502164,ER,7417.120398674815,13764.938489390252
10,10_HE_val.ndpi,10_ER_val.ndpi,10_19,33799.92414716455,13213.400532881084,0.9109542245502164,0.9109542245502164,ER,6665.986726310872,10812.169599275298
10,10_HE_val.ndpi,10_ER_val.ndpi,10_20,37749.304478119215,15606.49039678628,0.9109542245502164,0.9109542245502164,ER,3165.6262867285263,8734.629764409545
10,10_HE_val.ndpi,10_ER_val.ndpi,10_21,34206.593012926205,15934.953711439925,0.9109542245502164,0.9109542245502164,ER,5069.323238688215,8412.219935678402
10,10_HE_val.ndpi,10_ER_val.ndpi,10_22,30449.03351982822,15712.502366066035,0.9109542245502164,0.9109542245502164,ER,7951.834215171515,8641.76480381977
10,10_HE_val.ndpi,10_ER_val.ndpi,10_23,29871.61586748064,14578.956350283777,0.9109542245502164,0.9109542245502164,ER,8950.466030660149,9659.892427160421
10,10_HE_val.ndpi,10_ER_val.ndpi,10_24,28991.803417515534,16718.747123655812,0.9109542245502164,0.9109542245502164,ER,8380.370074923805,7677.782081595499
10,10_HE_val.ndpi,10_ER_val.ndpi,10_25,28258.62637587791,15849.796555788997,0.9109542245502164,0.9109542245502164,ER,9420.890416173266,8498.368170432761
10,10_HE_val.ndpi,10_ER_val.ndpi,10_26,26827.609615696027,16016.779889914082,0.9109542245502164,0.9109542245502164,ER,10453.908027241812,8492.838171010355
10,10_HE_val.ndpi,10_ER_val.ndpi,10_27,25253.36083691061,16299.080205649825,0.9109542245502164,0.9109542245502164,ER,11656.85323740327,8499.287711467472
10,10_HE_val.ndpi,10_ER_val.ndpi,10_28,25558.36248623186,14328.300317727886,0.9109542245502164,0.9109542245502164,ER,12787.525772697058,9863.317947854595
10,10_HE_val.ndpi,10_ER_val.ndpi,10_29,26848.754079514118,12576.495972908422,0.9109542245502164,0.9109542245502164,ER,12210.272366523282,11452.85207071196
10,10_HE_val.ndpi,10_ER_val.ndpi,10_30,21992.18935570649,13788.682015082593,0.9109542245502164,0.9109542245502164,ER,16379.758308355913,10267.88706016003
10,10_HE_val.ndpi,10_ER_val.ndpi,10_31,24729.383644486963,12623.419303573191,0.9109542245502164,0.9109542245502164,ER,14464.748352636745,11210.939272163387
10,10_HE_val.ndpi,10_ER_val.ndpi,10_32,25378.80254088791,11546.998098122494,0.9109542245502164,0.9109542245502164,ER,14057.691357670283,12049.986964724076
10,10_HE_val.ndpi,10_ER_val.ndpi,10_33,23480.74353291471,8922.716984031778,0.9109542245502164,0.9109542245502164,ER,15730.7326225437,13721.137675734906
10,10_HE_val.ndpi,10_ER_val.ndpi,10_34,21574.195418439143,3089.9525957534997,0.9109542245502164,0.9109542245502164,ER,19024.365758143445,18621.231698205887
10,10_HE_val.ndpi,10_ER_val.ndpi,10_35,22811.928607308644,3198.9189969639942,0.9109542245502164,0.9109542245502164,ER,18005.834986724225,18587.14848518978
10,10_HE_val.ndpi,10_ER_val.ndpi,10_36,23711.29244505078,4326.382358771192,0.9109542245502164,0.9109542245502164,ER,16789.698204544788,17560.31926189776
10,10_HE_val.ndpi,10_ER_val.ndpi,10_37,25177.64652832605,4769.547148383264,0.9109542245502164,0.9109542245502164,ER,15282.542805883417,17328.530570515526
10,10_HE_val.ndpi,10_ER_val.ndpi,10_38,26135.445553856112,6466.1800837477795,0.9109542245502164,0.9109542245502164,ER,13950.796523462946,15881.981515967813
10,10_HE_val.ndpi,10_ER_val.ndpi,10_39,28408.620239395677,3214.1325835062207,0.9109542245502164,0.9109542245502164,ER,13411.4672734577,18976.645687011965
10,10_HE_val.ndpi,10_ER_val.ndpi,10_40,30080.313387668317,5588.308961968221,0.9109542245502164,0.9109542245502164,ER,10807.729656892127,17011.565782925838
10,10_HE_val.ndpi,10_ER_val.ndpi,10_41,27805.907093968617,6591.750680097227,0.9109542245502164,0.9109542245502164,ER,12393.701233819209,16061.999869218926
10,10_HE_val.ndpi,10_ER_val.ndpi,10_42,27274.588409073564,5566.028483809456,0.9109542245502164,0.9109542245502164,ER,13186.130365580384,16883.01670467063
10,10_HE_val.ndpi,10_ER_val.ndpi,10_43,27104.739530867835,7872.8508615910705,0.9109542245502164,0.9109542245502164,ER,12790.037797459754,14834.405062329115
10,10_HE_val.ndpi,10_ER_val.ndpi,10_44,25435.724451401784,7972.620869291651,0.9109542245502164,0.9109542245502164,ER,14080.371019109947,14672.527235984891
10,10_HE_val.ndpi,10_ER_val.ndpi,10_45,23300.194872582535,10908.435603638316,0.9109542245502164,0.9109542245502164,ER,16055.495089662483,12316.752877214496
10,10_HE_val.ndpi,10_ER_val.ndpi,10_46,20519.000263815477,11501.396348583357,0.9109542245502164,0.9109542245502164,ER,18042.189658526364,11912.370586482719
10,10_HE_val.ndpi,10_ER_val.ndpi,10_47,14368.042238330494,6668.514792789627,0.9109542245502164,0.9109542245502164,ER,21984.21571284317,14986.146346473366
10,10_HE_val.ndpi,10_ER_val.ndpi,10_48,20960.149414508393,7003.930585906445,0.9109542245502164,0.9109542245502164,ER,18213.540235708777,14865.569295132684
10,10_HE_val.ndpi,10_ER_val.ndpi,10_49,19748.939915202765,8782.634778563232,0.9109542245502164,0.9109542245502164,ER,18908.570967370433,13754.910829536406
10,10_HE_val.ndpi,10_ER_val.ndpi,10_50,22900.569749920498,6590.098416071489,0.9109542245502164,0.9109542245502164,ER,16884.459413314562,15256.622568554089
67,67_HE_val.ndpi,67_ER_val.ndpi,67_1,15836.354964522381,5036.200966951648,0.9097732390201744,0.9097732390201744,ER,21165.25012188521,788.4076949571573
67,67_HE_val.ndpi,67_ER_val.ndpi,67_2,21823.23491140409,4893.217727986677,0.9097732390201744,0.9097732390201744,ER,23441.806300883247,-1488.8620564117966
67,67_HE_val.ndpi,67_ER_val.ndpi,67_3,24014.410312038668,4396.142974500786,0.9097732390201744,0.9097732390201744,ER,24609.540828142653,-2590.1060886131168
67,67_HE_val.ndpi,67_ER_val.ndpi,67_4,23933.844376666766,2891.514054593275,0.9097732390201744,0.9097732390201744,ER,25438.721454444163,-4337.208248777153
67,67_HE_val.ndpi,67_ER_val.ndpi,67_5,35252.87000808143,2631.294844894629,0.9097732390201744,0.9097732390201744,ER,40049.9283188184,-9528.971408119307
67,67_HE_val.ndpi,67_ER_val.ndpi,67_6,37341.27434093309,4921.721693258513,0.9097732390201744,0.9097732390201744,ER,42722.107368910314,-4708.468187059538
67,67_HE_val.ndpi,67_ER_val.ndpi,67_7,39316.45625128793,6557.819411835832,0.9097732390201744,0.9097732390201744,ER,45272.69879974596,-2366.814892488396
67,67_HE_val.ndpi,67_ER_val.ndpi,67_8,40591.57977925837,11461.422628231443,0.9097732390201744,0.9097732390201744,ER,50287.14845982763,6635.805619661899
67,67_HE_val.ndpi,67_ER_val.ndpi,67_9,40931.41487412663,12509.965416013909,0.9097732390201744,0.9097732390201744,ER,50755.042514854176,8594.866866309698
67,67_HE_val.ndpi,67_ER_val.ndpi,67_10,40371.31772892795,14659.439809420308,0.9097732390201744,0.9097732390201744,ER,46892.30374292471,12026.655983953715
67,67_HE_val.ndpi,67_ER_val.ndpi,67_11,40125.43849510232,17383.297558877002,0.9097732390201744,0.9097732390201744,ER,46562.10061549879,16789.45250481657
67,67_HE_val.ndpi,67_ER_val.ndpi,67_12,40371.03087743269,18390.926256626983,0.9097732390201744,0.9097732390201744,ER,47356.72346052406,18973.47197419955
67,67_HE_val.ndpi,67_ER_val.ndpi,67_13,33683.17366461543,19138.56444307529,0.9097732390201744,0.9097732390201744,ER,39471.16920885934,22170.718527971625
67,67_HE_val.ndpi,67_ER_val.ndpi,67_14,19570.17252067594,17401.565711276435,0.9097732390201744,0.9097732390201744,ER,26955.898483512905,22445.868572280422
67,67_HE_val.ndpi,67_ER_val.ndpi,67_15,23382.205932568155,14166.677253106856,0.9097732390201744,0.9097732390201744,ER,25015.07916901249,16800.678782105035
67,67_HE_val.ndpi,67_ER_val.ndpi,67_16,24113.895282275,11675.743598520152,0.9097732390201744,0.9097732390201744,ER,26098.953561049846,11828.985130973346
67,67_HE_val.ndpi,67_ER_val.ndpi,67_17,23441.71508226012,7715.023738433457,0.9097732390201744,0.9097732390201744,ER,24532.019847879626,3097.177031102476
67,67_HE_val.ndpi,67_ER_val.ndpi,67_18,33419.90808204144,16375.067704125058,0.9097732390201744,0.9097732390201744,ER,37630.61134501127,16335.084858779199
67,67_HE_val.ndpi,67_ER_val.ndpi,67_19,33398.78440488144,15313.488334251875,0.9097732390201744,0.9097732390201744,ER,37453.31227118022,14320.276272867417
67,67_HE_val.ndpi,67_ER_val.ndpi,67_20,31116.132541681007,9328.626375320362,0.9097732390201744,0.9097732390201744,ER,35078.038067642476,4979.464661195136
67,67_HE_val.ndpi,67_ER_val.ndpi,67_21,37507.55201658831,7931.917324066074,0.9097732390201744,0.9097732390201744,ER,43064.08595879973,431.4302795480655
67,67_HE_val.ndpi,67_ER_val.ndpi,67_22,38712.79421423345,11569.40535804944,0.9097732390201744,0.9097732390201744,ER,48041.11374461848,7078.892543850823
67,67_HE_val.ndpi,67_ER_val.ndpi,67_23,31972.511766611642,12208.750374541989,0.9097732390201744,0.9097732390201744,ER,37877.809454237926,10338.96582537705
67,67_HE_val.ndpi,67_ER_val.ndpi,67_24,24934.454702766685,16768.072670537495,0.9097732390201744,0.9097732390201744,ER,29136.395910873693,21649.600511467364
67,67_HE_val.ndpi,67_ER_val.ndpi,67_25,27231.639202350194,14968.980801436364,0.9097732390201744,0.9097732390201744,ER,29193.13147943509,17155.644468506725
67,67_HE_val.ndpi,67_ER_val.ndpi,67_26,27625.517156859838,8602.855478193438,0.9097732390201744,0.9097732390201744,ER,28364.167251909632,4568.348978708783
67,67_HE_val.ndpi,67_ER_val.ndpi,67_27,25793.51470176852,8635.629194017978,0.9097732390201744,0.9097732390201744,ER,26568.97057537569,4711.899743113119
67,67_HE_val.ndpi,67_ER_val.ndpi,67_28,30601.543960191495,3737.040938512739,0.9097732390201744,0.9097732390201744,ER,32948.82911002095,-5863.441069502095
67,67_HE_val.ndpi,67_ER_val.ndpi,67_29,28605.34044065389,2151.00680714321,0.9097732390201744,0.9097732390201744,ER,31029.349316977914,-7500.4790292630205
67,67_HE_val.ndpi,67_ER_val.ndpi,67_30,33239.05922970453,1124.2643771635228,0.9097732390201744,0.9097732390201744,ER,38219.28083373913,-12678.41312184284
67,67_HE_val.ndpi,67_ER_val.ndpi,67_31,19431.589920627142,5703.329348946965,0.9097732390201744,0.9097732390201744,ER,22222.69687968349,1083.0947986748183
67,67_HE_val.ndpi,67_ER_val.ndpi,67_32,20491.904594885633,9052.899463627517,0.9097732390201744,0.9097732390201744,ER,24013.82916958283,7492.515754681503
67,67_HE_val.ndpi,67_ER_val.ndpi,67_33,16188.827576270469,11676.29502645181,0.9097732390201744,0.9097732390201744,ER,23032.606244184222,13458.002068588288
67,67_HE_val.ndpi,67_ER_val.ndpi,67_34,17153.078989106292,13722.640978052626,0.9097732390201744,0.9097732390201744,ER,22962.930411433885,16002.889514747156
67,67_HE_val.ndpi,67_ER_val.ndpi,67_35,18436.04980141513,14120.850492345162,0.9097732390201744,0.9097732390201744,ER,23487.50132653508,16675.415740709046
67,67_HE_val.ndpi,67_ER_val.ndpi,67_36,30211.360913846544,17698.313726026227,0.9097732390201744,0.9097732390201744,ER,33747.20404430555,21522.69339605077
67,67_HE_val.ndpi,67_ER_val.ndpi,67_37,29315.19654235844,18955.434109757294,0.9097732390201744,0.9097732390201744,ER,33733.5235671636,24534.293095266996
67,67_HE_val.ndpi,67_ER_val.ndpi,67_38,25693.23464083836,12835.717150869099,0.9097732390201744,0.9097732390201744,ER,27469.27244087646,13417.182225348677
67,67_HE_val.ndpi,67_ER_val.ndpi,67_39,34428.00976553234,7952.131322151319,0.9097732390201744,0.9097732390201744,ER,40078.84282000288,1057.8594047530312
67,67_HE_val.ndpi,67_ER_val.ndpi,67_40,23873.256001234986,8636.549698301695,0.9097732390201744,0.9097732390201744,ER,25542.787950223686,5579.481427553393
67,67_HE_val.ndpi,67_ER_val.ndpi,67_41,19891.02918452796,13032.357524882098,0.9097732390201744,0.9097732390201744,ER,23913.17962754593,15104.493825955726
67,67_HE_val.ndpi,67_ER_val.ndpi,67_42,27430.879056035865,5133.049623384082,0.9097732390201744,0.9097732390201744,ER,28789.855818663364,-2433.9488313709994
67,67_HE_val.ndpi,67_ER_val.ndpi,67_43,37680.00941731434,17177.910313859367,0.9097732390201744,0.9097732390201744,ER,43430.671388219875,16695.302064381063
67,67_HE_val.ndpi,67_ER_val.ndpi,67_44,34385.741888527795,13415.918252496938,0.9097732390201744,0.9097732390201744,ER,40557.300268644365,11171.264003742213
67,67_HE_val.ndpi,67_ER_val.ndpi,67_45,27190.598166977183,12317.345565865886,0.9097732390201744,0.9097732390201744,ER,29715.581462843762,11435.324978429759
67,67_HE_val.ndpi,67_ER_val.ndpi,67_46,22418.138473492567,6278.122680094386,0.9097732390201744,0.9097732390201744,ER,23779.704917645726,676.0434836798605
67,67_HE_val.ndpi,67_ER_val.ndpi,67_47,26341.649600402696,2448.201301512412,0.9097732390201744,0.9097732390201744,ER,28377.908390322875,-5952.608931623394
67,67_HE_val.ndpi,67_ER_val.ndpi,67_48,18639.807618287607,5115.098442691021,0.9097732390201744,0.9097732390201744,ER,21680.508021295867,338.273039892308
67,67_HE_val.ndpi,67_ER_val.ndpi,67_49,22770.856909120397,4172.101496916588,0.9097732390201744,0.9097732390201744,ER,23989.122028671085,-2616.0372893059007
67,67_HE_val.ndpi,67_ER_val.ndpi,67_50,21396.73808155056,7117.31114224753,0.9097732390201744,0.9097732390201744,ER,23666.73395334363,2764.6097118504376
51,51_HE_val.ndpi,51_PGR_val.ndpi,51_1,32332.490432887866,159.1645107441143,0.919793966151582,0.919793966151582,PGR,37204.513630295274,3166.3033622628614
51,51_HE_val.ndpi,51_PGR_val.ndpi,51_2,31555.641155506386,1183.6344952909994,0.919793966151582,0.919793966151582,PGR,35932.40754395929,4042.526510958971
51,51_HE_val.ndpi,51_PGR_val.ndpi,51_3,32269.37142910067,2018.7474684761407,0.919793966151582,0.919793966151582,PGR,35856.49872532232,5166.4368523389885
51,51_HE_val.ndpi,51_PGR_val.ndpi,51_4,31782.86956914042,2773.3519202520442,0.919793966151582,0.919793966151582,PGR,34978.44601289724,6235.184987879062
51,51_HE_val.ndpi,51_PGR_val.ndpi,51_5,29820.43021338456,886.1985816657483,0.919793966151582,0.919793966151582,PGR,34803.85248159153,3497.1931030114038
51,51_HE_val.ndpi,51_PGR_val.ndpi,51_6,28884.82401767733,2374.362131388893,0.919793966151582,0.919793966151582,PGR,33066.97209058124,5602.359017229935
51,51_HE_val.ndpi,51_PGR_val.ndpi,51_7,27417.790768298993,5415.816545374325,0.919793966151582,0.919793966151582,PGR,30408.866658427127,8486.674845627813
51,51_HE_val.ndpi,51_PGR_val.ndpi,51_8,32440.708972627293,5929.765733263233,0.919793966151582,0.919793966151582,PGR,34471.833929704124,10182.898062606004
51,51_HE_val.ndpi,51_PGR_val.ndpi,51_9,34241.31632987793,6541.5680990899655,0.919793966151582,0.919793966151582,PGR,36126.39111266899,10934.922598845907
51,51_HE_val.ndpi,51_PGR_val.ndpi,51_10,31910.76849773334,7013.504035099249,0.919793966151582,0.919793966151582,PGR,34218.269402555256,10967.088424161167
51,51_HE_val.ndpi,51_PGR_val.ndpi,51_11,33959.08698740522,3311.89491330401,0.919793966151582,0.919793966151582,PGR,36182.49553377635,7009.684971406818
51,51_HE_val.ndpi,51_PGR_val.ndpi,51_12,34969.10540021487,599.2491029836676,0.919793966151582,0.919793966151582,PGR,38817.64791126555,4141.791085391343
51,51_HE_val.ndpi,51_PGR_val.ndpi,51_13,36534.87557126899,671.7384627546924,0.919793966151582,0.919793966151582,PGR,40189.35052319224,4421.706677211882
51,51_HE_val.ndpi,51_PGR_val.ndpi,51_14,36404.39472368115,2440.478841167701,0.919793966151582,0.919793966151582,PGR,38685.364089653696,6120.463056973869
51,51_HE_val.ndpi,51_PGR_val.ndpi,51_15,35838.22821328437,3837.7448106429865,0.919793966151582,0.919793966151582,PGR,37424.11985742482,7939.07849917722
51,51_HE_val.ndpi,51_PGR_val.ndpi,51_16,35215.971942101765,5215.098579440432,0.919793966151582,0.919793966151582,PGR,36802.75074860966,9620.497989007246
51,51_HE_val.ndpi,51_PGR_val.ndpi,51_17,38405.40217740472,2555.894949883634,0.919793966151582,0.919793966151582,PGR,40295.06741020014,6390.143300501873
51,51_HE_val.ndpi,51_PGR_val.ndpi,51_18,37970.02368943169,4135.308536371791,0.919793966151582,0.919793966151582,PGR,39291.9502691876,8499.948644682334
51,51_HE_val.ndpi,51_PGR_val.ndpi,51_19,36853.30285319577,5213.186908738661,0.919793966151582,0.919793966151582,PGR,38048.761158955014,9589.44904843014
51,51_HE_val.ndpi,51_PGR_val.ndpi,51_20,35378.77279249933,6960.4234345160485,0.919793966151582,0.919793966151582,PGR,36870.437871051814,11206.866833694583
51,51_HE_val.ndpi,51_PGR_val.ndpi,51_21,38261.23427271693,6538.5511186047,0.919793966151582,0.919793966151582,PGR,38967.22890862646,10835.133047269012
51,51_HE_val.ndpi,51_PGR_val.ndpi,51_22,36684.122343899486,9252.722229322886,0.919793966151582,0.919793966151582,PGR,38297.45124349166,13109.050411035461
51,51_HE_val.ndpi,51_PGR_val.ndpi,51_23,36363.63397725998,11898.15406478675,0.919793966151582,0.919793966151582,PGR,39271.835138734765,14925.086625692766
51,51_HE_val.ndpi,51_PGR_val.ndpi,51_24,38645.30966290421,10151.023611504283,0.919793966151582,0.919793966151582,PGR,40353.323871608634,13905.309609549246
51,51_HE_val.ndpi,51_PGR_val.ndpi,51_25,40097.234943146985,8784.05460719825,0.919793966151582,0.919793966151582,PGR,41389.01961053554,12901.046017136065
51,51_HE_val.ndpi,51_PGR_val.ndpi,51_26,39350.29436294458,7172.474307526305,0.919793966151582,0.919793966151582,PGR,40246.23848588162,11526.370984303325
51,51_HE_val.ndpi,51_PGR_val.ndpi,51_27,41735.61006914464,6004.636788838651,0.919793966151582,0.919793966151582,PGR,42026.15785731305,10578.48787384272
51,51_HE_val.ndpi,51_PGR_val.ndpi,51_28,44176.39281374967,2854.6683389120367,0.919793966151582,0.919793966151582,PGR,45009.923835928865,7387.195127857366
51,51_HE_val.ndpi,51_PGR_val.ndpi,51_29,43101.20138630444,7978.210431318822,0.919793966151582,0.919793966151582,PGR,44235.50808824002,12357.663264158908
51,51_HE_val.ndpi,51_PGR_val.ndpi,51_30,42484.18129504285,8563.226490266932,0.919793966151582,0.919793966151582,PGR,43516.9729159042,12853.528484116627
51,51_HE_val.ndpi,51_PGR_val.ndpi,51_31,44196.826448830136,10217.500052517658,0.919793966151582,0.919793966151582,PGR,45448.54292773709,14170.501768534556
51,51_HE_val.ndpi,51_PGR_val.ndpi,51_32,42948.19415905182,11827.962382879372,0.919793966151582,0.919793966151582,PGR,45404.162339222865,15271.749991298193
51,51_HE_val.ndpi,51_PGR_val.ndpi,51_33,41777.731576587474,13046.994834511008,0.919793966151582,0.919793966151582,PGR,44768.706543401,16120.042602666144
51,51_HE_val.ndpi,51_PGR_val.ndpi,51_34,40793.49975288903,12795.003941045698,0.919793966151582,0.919793966151582,PGR,43740.03817092033,15881.172934100337
51,51_HE_val.ndpi,51_PGR_val.ndpi,51_35,39365.229987703235,12171.90608314597,0.919793966151582,0.919793966151582,PGR,42261.632300575,15339.337580853757
51,51_HE_val.ndpi,51_PGR_val.ndpi,51_36,39856.94839056105,14941.791960872073,0.919793966151582,0.919793966151582,PGR,44260.427791966926,17141.95361890857
51,51_HE_val.ndpi,51_PGR_val.ndpi,51_37,41505.81098180335,14778.653612621958,0.919793966151582,0.919793966151582,PGR,45700.08540782657,17098.931381175236
51,51_HE_val.ndpi,51_PGR_val.ndpi,51_38,43078.93076850094,17464.60998916858,0.919793966151582,0.919793966151582,PGR,48750.479295739,19860.34109600684
51,51_HE_val.ndpi,51_PGR_val.ndpi,51_39,40929.00039334757,16176.982311908714,0.919793966151582,0.919793966151582,PGR,45847.25701794609,18219.868084844176
51,51_HE_val.ndpi,51_PGR_val.ndpi,51_40,43073.10439892062,20162.219104875967,0.919793966151582,0.919793966151582,PGR,49390.370040683934,22182.234374597738
51,51_HE_val.ndpi,51_PGR_val.ndpi,51_41,42088.44793983951,18880.41779719643,0.919793966151582,0.919793966151582,PGR,48456.06871740448,20987.384451038717
51,51_HE_val.ndpi,51_PGR_val.ndpi,51_42,37997.71190760673,20897.548858597547,0.919793966151582,0.919793966151582,PGR,44701.73345347029,22471.981334037446
51,51_HE_val.ndpi,51_PGR_val.ndpi,51_43,38842.53549675916,19056.416071203334,0.919793966151582,0.919793966151582,PGR,45569.826763611134,20930.834303085787
51,51_HE_val.ndpi,51_PGR_val.ndpi,51_44,31183.51701916952,10273.0209015343,0.919793966151582,0.919793966151582,PGR,34308.292539776856,13602.946344029078
51,51_HE_val.ndpi,51_PGR_val.ndpi,51_45,33062.938569556565,10215.80315559776,0.919793966151582,0.919793966151582,PGR,35861.02614837531,13599.813605907586
51,51_HE_val.ndpi,51_PGR_val.ndpi,51_46,38151.455900823814,15210.964179897046,0.919793966151582,0.919793966151582,PGR,42812.126174496414,17279.515782665254
51,51_HE_val.ndpi,51_PGR_val.ndpi,51_47,34360.4861173911,12064.028798141124,0.919793966151582,0.919793966151582,PGR,37684.638694088346,14765.11812194242
51,51_HE_val.ndpi,51_PGR_val.ndpi,51_48,32584.608669296933,12651.32685184156,0.919793966151582,0.919793966151582,PGR,36475.72177751571,15150.841846640073
51,51_HE_val.ndpi,51_PGR_val.ndpi,51_49,35144.72478509907,15311.731101956533,0.919793966151582,0.919793966151582,PGR,40002.661565573755,17152.048335955613
51,51_HE_val.ndpi,51_PGR_val.ndpi,51_50,33125.92050571737,19100.036760018622,0.919793966151582,0.919793966151582,PGR,40048.56322563478,20514.63018476161
96,96_HE_val.ndpi,96_ER_val.ndpi,96_1,22764.001346368823,7930.449697503387,0.9109542245502164,0.9109542245502164,ER,15998.553795359081,6755.7846771764525
96,96_HE_val.ndpi,96_ER_val.ndpi,96_2,23894.184326027877,8303.935885365483,0.9109542245502164,0.9109542245502164,ER,17079.8053986603,7042.041296332548
96,96_HE_val.ndpi,96_ER_val.ndpi,96_3,23933.28710158188,7295.084276072108,0.9109542245502164,0.9109542245502164,ER,17230.47685919611,5874.139550322213
96,96_HE_val.ndpi,96_ER_val.ndpi,96_4,24057.16686691344,9048.421353143243,0.9109542245502164,0.9109542245502164,ER,17269.433003809027,7841.151220126404
96,96_HE_val.ndpi,96_ER_val.ndpi,96_5,23635.51463823499,10194.525917236795,0.9109542245502164,0.9109542245502164,ER,16841.857892945514,9107.176618546113
96,96_HE_val.ndpi,96_ER_val.ndpi,96_6,22829.970307117168,10084.358272324624,0.9109542245502164,0.9109542245502164,ER,15960.94243207524,9123.477492250622
96,96_HE_val.ndpi,96_ER_val.ndpi,96_7,21246.70865718181,11134.578185092527,0.9109542245502164,0.9109542245502164,ER,14337.07638586905,10334.198259903049
96,96_HE_val.ndpi,96_ER_val.ndpi,96_8,23382.878803187738,12781.963636673368,0.9109542245502164,0.9109542245502164,ER,17145.030809893,11847.015488686788
96,96_HE_val.ndpi,96_ER_val.ndpi,96_9,23328.56939269606,11736.507484708603,0.9109542245502164,0.9109542245502164,ER,16824.788682177164,10773.189937630945
96,96_HE_val.ndpi,96_ER_val.ndpi,96_10,21388.369323508297,13000.80883719061,0.9109542245502164,0.9109542245502164,ER,15097.26950119679,12068.16388818736
96,96_HE_val.ndpi,96_ER_val.ndpi,96_11,22649.433835125008,14457.387226577366,0.9109542245502164,0.9109542245502164,ER,16723.989031235,13570.415135222744
96,96_HE_val.ndpi,96_ER_val.ndpi,96_12,22382.63299066835,15140.952404493202,0.9109542245502164,0.9109542245502164,ER,16492.010694342625,14274.25985935874
96,96_HE_val.ndpi,96_ER_val.ndpi,96_13,21600.890301792628,16194.443742359035,0.9109542245502164,0.9109542245502164,ER,15655.104737049902,15333.49687239377
96,96_HE_val.ndpi,96_ER_val.ndpi,96_14,25232.59968414655,13624.661469983788,0.9109542245502164,0.9109542245502164,ER,18964.095186511746,12592.679165675763
96,96_HE_val.ndpi,96_ER_val.ndpi,96_15,27324.26102346554,12346.035119810242,0.9109542245502164,0.9109542245502164,ER,20582.1607955009,10747.735064184093
96,96_HE_val.ndpi,96_ER_val.ndpi,96_16,27511.682519077167,13933.14185669839,0.9109542245502164,0.9109542245502164,ER,20657.2330686451,12435.434342043669
96,96_HE_val.ndpi,96_ER_val.ndpi,96_17,25314.25927514177,7169.850053352926,0.9109542245502164,0.9109542245502164,ER,18641.154655828614,5689.492145614941
96,96_HE_val.ndpi,96_ER_val.ndpi,96_18,26132.550024901964,8191.214550823579,0.9109542245502164,0.9109542245502164,ER,19432.028514443155,6663.660394041218
96,96_HE_val.ndpi,96_ER_val.ndpi,96_19,27125.145017321513,7425.089800154367,0.9109542245502164,0.9109542245502164,ER,20816.299923077193,5986.161590594658
96,96_HE_val.ndpi,96_ER_val.ndpi,96_20,27794.92487377849,8263.576409362719,0.9109542245502164,0.9109542245502164,ER,21594.146160269192,6813.313079655439
96,96_HE_val.ndpi,96_ER_val.ndpi,96_21,27619.700991768168,9725.672634855417,0.9109542245502164,0.9109542245502164,ER,21142.42709544741,8148.188707741298
96,96_HE_val.ndpi,96_ER_val.ndpi,96_22,31680.348009876674,11008.118544145058,0.9109542245502164,0.9109542245502164,ER,25372.562474930775,8964.523689641439
96,96_HE_val.ndpi,96_ER_val.ndpi,96_23,31085.98582145576,9279.77586465797,0.9109542245502164,0.9109542245502164,ER,25704.978811254277,7849.829221767511
96,96_HE_val.ndpi,96_ER_val.ndpi,96_24,32730.179327950616,8949.435616777706,0.9109542245502164,0.9109542245502164,ER,27964.764473972504,7547.175266629287
96,96_HE_val.ndpi,96_ER_val.ndpi,96_25,36315.624353130384,9184.198591722356,0.9109542245502164,0.9109542245502164,ER,32240.214732046174,8172.538835736364
96,96_HE_val.ndpi,96_ER_val.ndpi,96_26,34269.75868801426,10019.785078410448,0.9109542245502164,0.9109542245502164,ER,29115.94478691616,8383.735511177725
96,96_HE_val.ndpi,96_ER_val.ndpi,96_27,36891.05991314089,13202.191339974172,0.9109542245502164,0.9109542245502164,ER,28614.047390140156,10093.235927964954
96,96_HE_val.ndpi,96_ER_val.ndpi,96_28,36621.660093856575,11745.809067903081,0.9109542245502164,0.9109542245502164,ER,29684.94497345081,9350.219168546253
96,96_HE_val.ndpi,96_ER_val.ndpi,96_29,34879.13179634904,14892.604930611766,0.9109542245502164,0.9109542245502164,ER,25939.2332496605,11845.877083272984
96,96_HE_val.ndpi,96_ER_val.ndpi,96_30,30898.06634153785,17652.545159106932,0.9109542245502164,0.9109542245502164,ER,23854.392171761512,15416.721878417367
96,96_HE_val.ndpi,96_ER_val.ndpi,96_31,32882.17174264976,13453.147498245904,0.9109542245502164,0.9109542245502164,ER,25040.104170182538,10780.94164019428
96,96_HE_val.ndpi,96_ER_val.ndpi,96_32,32687.680356867408,11896.62135517437,0.9109542245502164,0.9109542245502164,ER,25827.5716543616,9631.894832608732
96,96_HE_val.ndpi,96_ER_val.ndpi,96_33,30481.450559611912,11865.253450841277,0.9109542245502164,0.9109542245502164,ER,23638.447296749702,9707.456531944788
96,96_HE_val.ndpi,96_ER_val.ndpi,96_34,29585.586854757108,11965.815362159361,0.9109542245502164,0.9109542245502164,ER,22734.90291403997,9900.410774598964
96,96_HE_val.ndpi,96_ER_val.ndpi,96_35,28815.580646726332,13498.754134398296,0.9109542245502164,0.9109542245502164,ER,21781.89561011778,11591.950478567309
96,96_HE_val.ndpi,96_ER_val.ndpi,96_36,30626.92195769676,15170.885246463156,0.9109542245502164,0.9109542245502164,ER,23676.733236245083,12763.77376974144
96,96_HE_val.ndpi,96_ER_val.ndpi,96_37,32011.732174882392,14197.54137112439,0.9109542245502164,0.9109542245502164,ER,24487.661301429293,11543.540720103021
96,96_HE_val.ndpi,96_ER_val.ndpi,96_38,33099.797317942444,16287.576034980346,0.9109542245502164,0.9109542245502164,ER,24904.554963300965,13711.280827641858
96,96_HE_val.ndpi,96_ER_val.ndpi,96_39,28550.655284909903,5837.402519090939,0.9109542245502164,0.9109542245502164,ER,22752.257501444106,4297.133522240062
96,96_HE_val.ndpi,96_ER_val.ndpi,96_40,30400.672767662567,6846.855152527088,0.9109542245502164,0.9109542245502164,ER,24985.81131381658,5482.486678045527
96,96_HE_val.ndpi,96_ER_val.ndpi,96_41,22481.556817743007,18789.798345825977,0.9109542245502164,0.9109542245502164,ER,16781.452002158854,18199.16078987495
96,96_HE_val.ndpi,96_ER_val.ndpi,96_42,23192.10493834244,19690.429403146267,0.9109542245502164,0.9109542245502164,ER,17223.787680556048,18922.238410308255
96,96_HE_val.ndpi,96_ER_val.ndpi,96_43,25953.325188954048,20931.5805221794,0.9109542245502164,0.9109542245502164,ER,19180.134022242582,20309.571266667914
96,96_HE_val.ndpi,96_ER_val.ndpi,96_44,27697.154265307592,20358.444794186158,0.9109542245502164,0.9109542245502164,ER,20810.46284285693,19266.4110078959
96,96_HE_val.ndpi,96_ER_val.ndpi,96_45,25497.649268987392,16013.214311766737,0.9109542245502164,0.9109542245502164,ER,19767.94394567442,14706.615543763102
96,96_HE_val.ndpi,96_ER_val.ndpi,96_46,27570.096373349694,16333.85707130958,0.9109542245502164,0.9109542245502164,ER,21475.25627466722,14575.205899726003
96,96_HE_val.ndpi,96_ER_val.ndpi,96_47,26592.526984499546,17546.043113483778,0.9109542245502164,0.9109542245502164,ER,20751.84288077148,16013.567404293828
96,96_HE_val.ndpi,96_ER_val.ndpi,96_48,37025.313478062184,14601.953472119932,0.9109542245502164,0.9109542245502164,ER,27785.665815889108,11085.1454920657
96,96_HE_val.ndpi,96_ER_val.ndpi,96_49,35461.465921714065,13122.19878076728,0.9109542245502164,0.9109542245502164,ER,27034.34419871709,10240.203287398199
96,96_HE_val.ndpi,96_ER_val.ndpi,96_50,28890.306196732974,8387.353166471423,0.9109542245502164,0.9109542245502164,ER,22970.809945139496,6965.34832497419
72,72_HE_val.ndpi,72_KI67_val.ndpi,72_1,30470.011604845917,6777.515143815059,0.919793966151582,0.919793966151582,KI67,38772.94591284833,5364.331276487668
72,72_HE_val.ndpi,72_KI67_val.ndpi,72_2,20047.644360804312,13544.3889980552,0.919793966151582,0.919793966151582,KI67,27158.288617985934,11397.730510270516
72,72_HE_val.ndpi,72_KI67_val.ndpi,72_3,17383.777767791667,15142.84884931462,0.919793966151582,0.919793966151582,KI67,24287.490682542946,12908.048577639456
72,72_HE_val.ndpi,72_KI67_val.ndpi,72_4,18850.450006263636,15466.613076536423,0.919793966151582,0.919793966151582,KI67,25897.515414225767,13447.64497439754
72,72_HE_val.ndpi,72_KI67_val.ndpi,72_5,17443.256040919594,8494.405843013243,0.919793966151582,0.919793966151582,KI67,23826.91838950974,4898.810391833407
72,72_HE_val.ndpi,72_KI67_val.ndpi,72_6,19235.611460566768,3384.1804659696973,0.919793966151582,0.919793966151582,KI67,24149.480384524002,1496.1688171619426
72,72_HE_val.ndpi,72_KI67_val.ndpi,72_7,18949.60572084396,4258.073076040802,0.919793966151582,0.919793966151582,KI67,23891.45551713854,2283.3100925404124
72,72_HE_val.ndpi,72_KI67_val.ndpi,72_8,22177.182017438085,15041.3281276433,0.919793966151582,0.919793966151582,KI67,29301.39354387873,13736.734289154425
72,72_HE_val.ndpi,72_KI67_val.ndpi,72_9,22194.49458368832,14350.643372449951,0.919793966151582,0.919793966151582,KI67,29551.223166028463,12881.164679890595
72,72_HE_val.ndpi,72_KI67_val.ndpi,72_10,22348.635936458646,12720.849738838308,0.919793966151582,0.919793966151582,KI67,29944.475521616747,10724.345440986408
72,72_HE_val.ndpi,72_KI67_val.ndpi,72_11,23626.936805819638,8717.193896794286,0.919793966151582,0.919793966151582,KI67,30788.377693576233,5663.2769761949185
72,72_HE_val.ndpi,72_KI67_val.ndpi,72_12,20135.82131479817,11121.934134661506,0.919793966151582,0.919793966151582,KI67,27243.171462233135,7864.448459079693
72,72_HE_val.ndpi,72_KI67_val.ndpi,72_13,16940.132162216192,12195.798596691035,0.919793966151582,0.919793966151582,KI67,24235.65478063125,8576.838365207552
72,72_HE_val.ndpi,72_KI67_val.ndpi,72_14,45320.37385917357,6656.070126662801,0.919793966151582,0.919793966151582,KI67,52833.28756103348,7454.342261145987
72,72_HE_val.ndpi,72_KI67_val.ndpi,72_15,44899.094108721016,4949.153490010732,0.919793966151582,0.919793966151582,KI67,51680.76231696903,5211.424574200981
72,72_HE_val.ndpi,72_KI67_val.ndpi,72_16,31812.80563347001,6532.575157771848,0.919793966151582,0.919793966151582,KI67,40512.16778822231,5434.227545018521
72,72_HE_val.ndpi,72_KI67_val.ndpi,72_17,30927.05531430264,5974.26393403913,0.919793966151582,0.919793966151582,KI67,39265.56564227133,4601.4453384183835
72,72_HE_val.ndpi,72_KI67_val.ndpi,72_18,28091.23546626938,7474.582090646916,0.919793966151582,0.919793966151582,KI67,35914.44571235495,5689.8084348943985
72,72_HE_val.ndpi,72_KI67_val.ndpi,72_19,29022.546739333353,6933.2099558174905,0.919793966151582,0.919793966151582,KI67,36820.58600524438,5357.211431290979
72,72_HE_val.ndpi,72_KI67_val.ndpi,72_20,22944.667028176504,10297.375030278785,0.919793966151582,0.919793966151582,KI67,30375.514505432468,7025.678102287993
72,72_HE_val.ndpi,72_KI67_val.ndpi,72_21,19301.686213524183,8061.794111588806,0.919793966151582,0.919793966151582,KI67,25460.326029771215,4743.275462056418
72,72_HE_val.ndpi,72_KI67_val.ndpi,72_22,16671.63540110379,9186.976509861011,0.919793966151582,0.919793966151582,KI67,23539.892018800514,5093.176414918132
72,72_HE_val.ndpi,72_KI67_val.ndpi,72_23,21090.64830839754,6704.330228006413,0.919793966151582,0.919793966151582,KI67,27234.182312374844,4015.6994973654246
72,72_HE_val.ndpi,72_KI67_val.ndpi,72_24,21801.33982523207,8029.990038375277,0.919793966151582,0.919793966151582,KI67,28522.204989831782,4774.540702170599
72,72_HE_val.ndpi,72_KI67_val.ndpi,72_25,19205.755606824525,9660.56038236978,0.919793966151582,0.919793966151582,KI67,25809.133466593565,5984.221803663669
72,72_HE_val.ndpi,72_KI67_val.ndpi,72_26,24538.553867768656,11598.002761934167,0.919793966151582,0.919793966151582,KI67,32630.760589592843,9229.870448761454
72,72_HE_val.ndpi,72_KI67_val.ndpi,72_27,24000.769326533293,13597.878594617749,0.919793966151582,0.919793966151582,KI67,31854.332542561075,12104.255210942421
72,72_HE_val.ndpi,72_KI67_val.ndpi,72_28,17603.823140232642,14363.647389861982,0.919793966151582,0.919793966151582,KI67,24720.975495137765,12058.723173215589
72,72_HE_val.ndpi,72_KI67_val.ndpi,72_29,18795.79067562538,16809.786654940326,0.919793966151582,0.919793966151582,KI67,25734.14625174681,15319.887720816841
72,72_HE_val.ndpi,72_KI67_val.ndpi,72_30,17794.201488795756,16345.307048416336,0.919793966151582,0.919793966151582,KI67,24827.879174054146,14466.75481772298
72,72_HE_val.ndpi,72_KI67_val.ndpi,72_31,19497.06093422592,15585.828622794774,0.919793966151582,0.919793966151582,KI67,26564.52166190036,13708.632991925808
72,72_HE_val.ndpi,72_KI67_val.ndpi,72_32,18930.79679082821,13650.520944088428,0.919793966151582,0.919793966151582,KI67,25724.55529474862,11286.770570529716
72,72_HE_val.ndpi,72_KI67_val.ndpi,72_33,18810.023570542955,2451.417598005165,0.919793966151582,0.919793966151582,KI67,24021.974130839706,735.0018244189743
72,72_HE_val.ndpi,72_KI67_val.ndpi,72_34,16702.68887894468,11592.520700812542,0.919793966151582,0.919793966151582,KI67,23976.858751618518,7582.664805499054
72,72_HE_val.ndpi,72_KI67_val.ndpi,72_35,18879.280760470734,10801.108496345,0.919793966151582,0.919793966151582,KI67,25804.329345479713,7156.9667679920885
72,72_HE_val.ndpi,72_KI67_val.ndpi,72_36,31687.955484002116,5390.376264074598,0.919793966151582,0.919793966151582,KI67,40125.32099219099,4039.7494050181085
72,72_HE_val.ndpi,72_KI67_val.ndpi,72_37,44368.5245393377,7637.429869993785,0.919793966151582,0.919793966151582,KI67,52362.6211483689,8388.247963050126
72,72_HE_val.ndpi,72_KI67_val.ndpi,72_38,20266.119982051943,10308.420595979534,0.919793966151582,0.919793966151582,KI67,27083.780718900547,6878.666422620133
72,72_HE_val.ndpi,72_KI67_val.ndpi,72_39,23295.83868283349,13894.93278299711,0.919793966151582,0.919793966151582,KI67,30948.71408882568,12452.136083869555
72,72_HE_val.ndpi,72_KI67_val.ndpi,72_40,16608.88005955909,15990.917779998894,0.919793966151582,0.919793966151582,KI67,23523.625566905732,13976.701766406964
72,72_HE_val.ndpi,72_KI67_val.ndpi,72_41,17348.030784278144,10981.295171145335,0.919793966151582,0.919793966151582,KI67,24578.638774358722,6971.496406935381
72,72_HE_val.ndpi,72_KI67_val.ndpi,72_42,23594.274064175792,10309.241884116176,0.919793966151582,0.919793966151582,KI67,31075.40705617466,7198.286261911856
72,72_HE_val.ndpi,72_KI67_val.ndpi,72_43,22550.26902875236,11825.424869821987,0.919793966151582,0.919793966151582,KI67,30173.70551052753,9298.200151253302
72,72_HE_val.ndpi,72_KI67_val.ndpi,72_44,18840.866623962796,6354.536410244707,0.919793966151582,0.919793966151582,KI67,24288.941511255063,3791.8409809818995
72,72_HE_val.ndpi,72_KI67_val.ndpi,72_45,19949.93413117264,4929.708920421334,0.919793966151582,0.919793966151582,KI67,25162.286678977027,2972.0998386082647
72,72_HE_val.ndpi,72_KI67_val.ndpi,72_46,19509.65336666713,14248.619121294469,0.919793966151582,0.919793966151582,KI67,26447.1909938159,12166.33976146173
72,72_HE_val.ndpi,72_KI67_val.ndpi,72_47,17891.980082496044,12163.123955567346,0.919793966151582,0.919793966151582,KI67,25353.027262813594,8697.344604899114
72,72_HE_val.ndpi,72_KI67_val.ndpi,72_48,27909.64225267216,6898.89509279997,0.919793966151582,0.919793966151582,KI67,35398.764388143994,5129.9968153566615
72,72_HE_val.ndpi,72_KI67_val.ndpi,72_49,24305.943522545716,12769.10615725434,0.919793966151582,0.919793966151582,KI67,32279.96036440931,10951.122996935028
72,72_HE_val.ndpi,72_KI67_val.ndpi,72_50,17697.053392491882,9183.179003954512,0.919793966151582,0.919793966151582,KI67,24645.0078252926,5133.810451090571
1,1_HE_val.ndpi,1_PGR_val.ndpi,1_1,36096.235023955014,11030.853354288558,0.9097732390201744,0.9097732390201744,PGR,19106.05716539106,10894.677615047516
1,1_HE_val.ndpi,1_PGR_val.ndpi,1_2,35396.004590393866,10458.49473662397,0.9097732390201744,0.9097732390201744,PGR,19758.944270663193,11328.321489234373
1,1_HE_val.ndpi,1_PGR_val.ndpi,1_3,36497.65826430564,9301.133236246793,0.9097732390201744,0.9097732390201744,PGR,19784.881157715303,12167.25502735123
1,1_HE_val.ndpi,1_PGR_val.ndpi,1_4,35703.16735203108,13194.14340420737,0.9097732390201744,0.9097732390201744,PGR,18672.387930520643,9714.59847259557
1,1_HE_val.ndpi,1_PGR_val.ndpi,1_5,37443.13708779415,12579.62327099864,0.9097732390201744,0.9097732390201744,PGR,17896.902466953532,10011.545450093021
1,1_HE_val.ndpi,1_PGR_val.ndpi,1_6,37271.4040476273,14221.025048294907,0.9097732390201744,0.9097732390201744,PGR,17638.43082586918,8933.114940557343
1,1_HE_val.ndpi,1_PGR_val.ndpi,1_7,35624.634539932675,15679.860160813174,0.9097732390201744,0.9097732390201744,PGR,17811.371668132033,8067.820123638252
1,1_HE_val.ndpi,1_PGR_val.ndpi,1_8,38824.353198637466,13664.352312310779,0.9097732390201744,0.9097732390201744,PGR,16945.635240849784,9439.155385971915
1,1_HE_val.ndpi,1_PGR_val.ndpi,1_9,40215.33503642504,13097.000660476127,0.9097732390201744,0.9097732390201744,PGR,16171.690656958981,9890.178602239574
1,1_HE_val.ndpi,1_PGR_val.ndpi,1_10,39251.79269774923,12868.567908645728,0.9097732390201744,0.9097732390201744,PGR,16666.6718036676,9939.117394691475
1,1_HE_val.ndpi,1_PGR_val.ndpi,1_11,38361.51427940223,12160.209497033364,0.9097732390201744,0.9097732390201744,PGR,17339.85626656001,10335.265425392883
1,1_HE_val.ndpi,1_PGR_val.ndpi,1_12,39058.67518116679,11390.124113940465,0.9097732390201744,0.9097732390201744,PGR,17017.716040568586,11007.436707804907
1,1_HE_val.ndpi,1_PGR_val.ndpi,1_13,40626.98615502142,11956.284059598816,0.9097732390201744,0.9097732390201744,PGR,16189.803829166909,10813.505700548905
1,1_HE_val.ndpi,1_PGR_val.ndpi,1_14,41235.7626696989,11205.278220554756,0.9097732390201744,0.9097732390201744,PGR,16241.785289400324,11472.534358970139
1,1_HE_val.ndpi,1_PGR_val.ndpi,1_15,40392.81766726712,10840.794601076022,0.9097732390201744,0.9097732390201744,PGR,16653.702258499914,11632.319707256209
1,1_HE_val.ndpi,1_PGR_val.ndpi,1_16,39875.41993649748,9795.06759265054,0.9097732390201744,0.9097732390201744,PGR,17250.448614394358,12260.964724333848
1,1_HE_val.ndpi,1_PGR_val.ndpi,1_17,42037.953634595564,10906.562096356169,0.9097732390201744,0.9097732390201744,PGR,16124.570478694706,11764.58928082608
1,1_HE_val.ndpi,1_PGR_val.ndpi,1_18,41596.56422276972,9885.76766467004,0.9097732390201744,0.9097732390201744,PGR,16876.010722581996,12315.279729580376
1,1_HE_val.ndpi,1_PGR_val.ndpi,1_19,42651.07123900969,11937.905760450592,0.9097732390201744,0.9097732390201744,PGR,15688.580503381725,11092.461347783614
1,1_HE_val.ndpi,1_PGR_val.ndpi,1_20,42066.12913198565,12495.496989396126,0.9097732390201744,0.9097732390201744,PGR,15564.552656598169,10532.886114179437
1,1_HE_val.ndpi,1_PGR_val.ndpi,1_21,42802.66757896479,10242.324712604179,0.9097732390201744,0.9097732390201744,PGR,16154.85108767565,12295.70620762024
1,1_HE_val.ndpi,1_PGR_val.ndpi,1_22,42300.94761030652,9924.539969983804,0.9097732390201744,0.9097732390201744,PGR,16549.59808412671,12408.613061731987
1,1_HE_val.ndpi,1_PGR_val.ndpi,1_23,41659.21270302885,7555.887430582775,0.9097732390201744,0.9097732390201744,PGR,19413.970470477936,13994.813906810057
1,1_HE_val.ndpi,1_PGR_val.ndpi,1_24,40452.227437637244,8433.458199051473,0.9097732390201744,0.9097732390201744,PGR,18542.08562242553,13234.971402314999
1,1_HE_val.ndpi,1_PGR_val.ndpi,1_25,41147.12178987623,5807.991614949759,0.9097732390201744,0.9097732390201744,PGR,21518.44297706214,15542.494129794206
1,1_HE_val.ndpi,1_PGR_val.ndpi,1_26,41024.56417769676,6905.312248799797,0.9097732390201744,0.9097732390201744,PGR,20295.553502405288,14483.521096645767
1,1_HE_val.ndpi,1_PGR_val.ndpi,1_27,39787.79873875803,6722.194139043123,0.9097732390201744,0.9097732390201744,PGR,20797.694428712057,14620.404718717056
1,1_HE_val.ndpi,1_PGR_val.ndpi,1_28,39917.11982713838,3353.1778746836753,0.9097732390201744,0.9097732390201744,PGR,24031.1825215302,17957.30620243079
1,1_HE_val.ndpi,1_PGR_val.ndpi,1_29,43292.50195581165,3920.4851609026064,0.9097732390201744,0.9097732390201744,PGR,21199.30532482523,18883.38671989792
1,1_HE_val.ndpi,1_PGR_val.ndpi,1_30,38375.130863132996,8528.86801891397,0.9097732390201744,0.9097732390201744,PGR,19686.78267622242,13035.582265897343
1,1_HE_val.ndpi,1_PGR_val.ndpi,1_31,38527.46503104334,9665.809737825191,0.9097732390201744,0.9097732390201744,PGR,18277.337561524935,12145.2415989009
1,1_HE_val.ndpi,1_PGR_val.ndpi,1_32,39079.637387006536,7886.259436890279,0.9097732390201744,0.9097732390201744,PGR,19938.499278563235,13608.919925983093
1,1_HE_val.ndpi,1_PGR_val.ndpi,1_33,36912.4502282312,10296.17108263713,0.9097732390201744,0.9097732390201744,PGR,18864.583812350702,11545.835315585353
1,1_HE_val.ndpi,1_PGR_val.ndpi,1_34,38093.70910610514,10891.012390562371,0.9097732390201744,0.9097732390201744,PGR,17699.019643080916,11176.014024437045
1,1_HE_val.ndpi,1_PGR_val.ndpi,1_35,36964.42883122803,11691.017882704957,0.9097732390201744,0.9097732390201744,PGR,18312.548326091237,10504.505308731346
1,1_HE_val.ndpi,1_PGR_val.ndpi,1_36,33037.54240622115,8293.014156060955,0.9097732390201744,0.9097732390201744,PGR,21885.7908957537,13134.687751155081
1,1_HE_val.ndpi,1_PGR_val.ndpi,1_37,34782.54218899658,8838.43583736582,0.9097732390201744,0.9097732390201744,PGR,20895.32303428912,12708.632922101757
1,1_HE_val.ndpi,1_PGR_val.ndpi,1_38,36088.636180659436,5624.394188948381,0.9097732390201744,0.9097732390201744,PGR,22274.936537707446,15796.352506703295
1,1_HE_val.ndpi,1_PGR_val.ndpi,1_39,34317.93871703487,3797.9320832732255,0.9097732390201744,0.9097732390201744,PGR,23385.257786605336,18220.235038800096
1,1_HE_val.ndpi,1_PGR_val.ndpi,1_40,33827.983704216014,19113.90871285993,0.9097732390201744,0.9097732390201744,PGR,17359.60007210316,6151.141909838702
1,1_HE_val.ndpi,1_PGR_val.ndpi,1_41,27556.910395311625,18941.68534007749,0.9097732390201744,0.9097732390201744,PGR,17095.038779375256,3881.298713190277
1,1_HE_val.ndpi,1_PGR_val.ndpi,1_42,30564.255588149434,18950.4910518399,0.9097732390201744,0.9097732390201744,PGR,16876.243684986723,5258.934069948778
1,1_HE_val.ndpi,1_PGR_val.ndpi,1_43,34537.061361286986,12858.89994573067,0.9097732390201744,0.9097732390201744,PGR,18987.073446972347,9965.027213118883
1,1_HE_val.ndpi,1_PGR_val.ndpi,1_44,35459.5294509898,12212.180392976641,0.9097732390201744,0.9097732390201744,PGR,18992.07184283148,10264.99076428268
1,1_HE_val.ndpi,1_PGR_val.ndpi,1_45,36554.02558759636,12245.248264142856,0.9097732390201744,0.9097732390201744,PGR,18456.446826121653,10106.691545539952
1,1_HE_val.ndpi,1_PGR_val.ndpi,1_46,35618.76079999112,14309.817068725672,0.9097732390201744,0.9097732390201744,PGR,17998.529756595963,8752.351793289565
1,1_HE_val.ndpi,1_PGR_val.ndpi,1_47,32808.44643962179,11296.459727580232,0.9097732390201744,0.9097732390201744,PGR,20614.371749525948,10858.061368333629
1,1_HE_val.ndpi,1_PGR_val.ndpi,1_48,30359.454482480014,15317.9501748966,0.9097732390201744,0.9097732390201744,PGR,18638.76604710307,8152.645140327392
1,1_HE_val.ndpi,1_PGR_val.ndpi,1_49,47506.27900930023,15994.6423238901,0.9097732390201744,0.9097732390201744,PGR,12404.383709216154,8589.180067300076
1,1_HE_val.ndpi,1_PGR_val.ndpi,1_50,49212.359970258214,17750.460834094352,0.9097732390201744,0.9097732390201744,PGR,11438.551889224524,8177.189420728297
47,47_HE_val.ndpi,47_ER_val.ndpi,47_1,38459.844337820934,1979.478437626912,0.907338096858342,0.907338096858342,ER,-66.93848836960086,17031.754096041088
47,47_HE_val.ndpi,47_ER_val.ndpi,47_0,38736.1174410532,2018.2192795361639,0.907338096858342,0.907338096858342,ER,-206.73704160350343,17021.465588669846
47,47_HE_val.ndpi,47_ER_val.ndpi,47_2,38822.92396201223,6592.617172816846,0.907338096858342,0.907338096858342,ER,586.1759670683066,12917.43855704494
47,47_HE_val.ndpi,47_ER_val.ndpi,47_3,38190.562518735314,9142.974491852992,0.907338096858342,0.907338096858342,ER,1157.5282331328722,11186.358692736945
47,47_HE_val.ndpi,47_ER_val.ndpi,47_4,37701.00243720668,9730.443585039806,0.907338096858342,0.907338096858342,ER,1587.7133252506674,11026.30042942334
47,47_HE_val.ndpi,47_ER_val.ndpi,47_5,37436.20376702433,10503.607950470256,0.907338096858342,0.907338096858342,ER,2125.5118765135885,10748.552233952698
47,47_HE_val.ndpi,47_ER_val.ndpi,47_6,36391.94887787765,17251.482418196323,0.907338096858342,0.907338096858342,ER,5520.997467640256,4142.0497554159465
47,47_HE_val.ndpi,47_ER_val.ndpi,47_7,30709.099531169966,13122.980900549841,0.907338096858342,0.907338096858342,ER,9255.62159601308,7808.432757198688
47,47_HE_val.ndpi,47_ER_val.ndpi,47_8,22401.004990027446,16218.796510445909,0.907338096858342,0.907338096858342,ER,15994.557339578205,4200.311400043005
47,47_HE_val.ndpi,47_ER_val.ndpi,47_9,22466.895895795045,15356.478220413215,0.907338096858342,0.907338096858342,ER,15559.999457071412,5250.230553223132
47,47_HE_val.ndpi,47_ER_val.ndpi,47_10,23411.034297382397,13517.874843736106,0.907338096858342,0.907338096858342,ER,14575.758519991894,7425.694075239994
47,47_HE_val.ndpi,47_ER_val.ndpi,47_11,23164.882909866632,13313.061857177196,0.907338096858342,0.907338096858342,ER,14819.81418945569,7600.074495039364
47,47_HE_val.ndpi,47_ER_val.ndpi,47_12,26054.61536487754,16436.256385824265,0.907338096858342,0.907338096858342,ER,12972.489285118481,4157.116860758938
47,47_HE_val.ndpi,47_ER_val.ndpi,47_13,23213.370512306105,12286.171049352572,0.907338096858342,0.907338096858342,ER,14758.034008328124,8507.33723745773
47,47_HE_val.ndpi,47_ER_val.ndpi,47_14,25042.094618239455,12788.073041949086,0.907338096858342,0.907338096858342,ER,13122.26789628487,8310.19693257926
47,47_HE_val.ndpi,47_ER_val.ndpi,47_15,23771.671767440283,8803.196419215883,0.907338096858342,0.907338096858342,ER,13499.576517134721,10896.09623980286
47,47_HE_val.ndpi,47_ER_val.ndpi,47_16,22527.89777435004,3641.277558287271,0.907338096858342,0.907338096858342,ER,12408.818175686674,15016.675809213817
47,47_HE_val.ndpi,47_ER_val.ndpi,47_17,38141.24835515259,2200.803107949986,0.907338096858342,0.907338096858342,ER,109.0598047093246,16806.69776194336
47,47_HE_val.ndpi,47_ER_val.ndpi,47_18,38651.40666928607,5949.993922225286,0.907338096858342,0.907338096858342,ER,558.6262752050408,13298.830412318597
47,47_HE_val.ndpi,47_ER_val.ndpi,47_19,38105.66921437144,6259.870304326696,0.907338096858342,0.907338096858342,ER,974.4986914284115,12971.605912252346
47,47_HE_val.ndpi,47_ER_val.ndpi,47_20,36101.0055785987,5029.740550842689,0.907338096858342,0.907338096858342,ER,2180.0746397249814,13740.24913368371
47,47_HE_val.ndpi,47_ER_val.ndpi,47_21,32590.135037219512,6305.550869822315,0.907338096858342,0.907338096858342,ER,5051.273549721595,12424.976053621192
47,47_HE_val.ndpi,47_ER_val.ndpi,47_22,31091.625821654863,5130.6884674661715,0.907338096858342,0.907338096858342,ER,6240.671223255498,13238.399513625975
47,47_HE_val.ndpi,47_ER_val.ndpi,47_23,30653.055628505568,5787.9738618746005,0.907338096858342,0.907338096858342,ER,6685.27610630281,12560.41616993999
47,47_HE_val.ndpi,47_ER_val.ndpi,47_24,29489.975893526695,5506.250925200821,0.907338096858342,0.907338096858342,ER,7756.068726381908,12671.91070704122
47,47_HE_val.ndpi,47_ER_val.ndpi,47_25,29662.208138103946,4201.223319388705,0.907338096858342,0.907338096858342,ER,7284.427797562357,14173.46888946974
47,47_HE_val.ndpi,47_ER_val.ndpi,47_26,28832.88662639815,4247.243154655385,0.907338096858342,0.907338096858342,ER,8036.734718828646,14090.606099893317
47,47_HE_val.ndpi,47_ER_val.ndpi,47_27,23985.48093152668,7315.712660353828,0.907338096858342,0.907338096858342,ER,13102.468812709678,11624.65389589107
47,47_HE_val.ndpi,47_ER_val.ndpi,47_28,25278.310043828817,7664.872050659477,0.907338096858342,0.907338096858342,ER,12474.139300484218,11502.068965153947
47,47_HE_val.ndpi,47_ER_val.ndpi,47_29,25954.380592750953,7098.129081689732,0.907338096858342,0.907338096858342,ER,11695.414870504883,11798.065606574268
47,47_HE_val.ndpi,47_ER_val.ndpi,47_30,30385.087162008647,9570.394964074427,0.907338096858342,0.907338096858342,ER,8335.263591792525,10119.60555565014
47,47_HE_val.ndpi,47_ER_val.ndpi,47_31,30523.28318566109,10607.641044908067,0.907338096858342,0.907338096858342,ER,8686.221118206944,9481.470828845491
47,47_HE_val.ndpi,47_ER_val.ndpi,47_32,30769.50973390585,11438.317421953614,0.907338096858342,0.907338096858342,ER,8552.657489884978,9096.182534701522
47,47_HE_val.ndpi,47_ER_val.ndpi,47_33,31809.95730048177,12394.059688732716,0.907338096858342,0.907338096858342,ER,8137.437229804394,8436.767704610316
47,47_HE_val.ndpi,47_ER_val.ndpi,47_34,28969.606248663735,10812.795475074126,0.907338096858342,0.907338096858342,ER,9821.390381001049,9490.301420159109
47,47_HE_val.ndpi,47_ER_val.ndpi,47_35,35629.13867981324,17408.37415112826,0.907338096858342,0.907338096858342,ER,6227.541852654221,3953.926267653301
47,47_HE_val.ndpi,47_ER_val.ndpi,47_36,34831.53905569676,15237.633371172891,0.907338096858342,0.907338096858342,ER,6305.231812139337,6521.8235815403905
47,47_HE_val.ndpi,47_ER_val.ndpi,47_37,37102.6385001893,11143.402215458138,0.907338096858342,0.907338096858342,ER,2611.331978734289,10352.087868821967
47,47_HE_val.ndpi,47_ER_val.ndpi,47_38,37657.759171127014,14028.818485869795,0.907338096858342,0.907338096858342,ER,3255.1018417897812,7950.3313283244315
47,47_HE_val.ndpi,47_ER_val.ndpi,47_39,22833.78022348769,2908.6792031320656,0.907338096858342,0.907338096858342,ER,11905.103105842534,15729.73010656527
47,47_HE_val.ndpi,47_ER_val.ndpi,47_40,24123.10999976252,3030.8245168996473,0.907338096858342,0.907338096858342,ER,11549.5931731511,15380.06187090538
47,47_HE_val.ndpi,47_ER_val.ndpi,47_41,20333.914038385337,11721.980243676406,0.907338096858342,0.907338096858342,ER,16269.963809030334,8202.273256747043
47,47_HE_val.ndpi,47_ER_val.ndpi,47_42,21891.378099050595,15446.079421766768,0.907338096858342,0.907338096858342,ER,16233.024751245597,4968.522591969333
47,47_HE_val.ndpi,47_ER_val.ndpi,47_43,32307.77247533436,9241.12959502349,0.907338096858342,0.907338096858342,ER,6407.389525932357,10287.11876161037
47,47_HE_val.ndpi,47_ER_val.ndpi,47_44,33765.69151676293,6313.540641419493,0.907338096858342,0.907338096858342,ER,4058.0717706994647,12545.03152016651
47,47_HE_val.ndpi,47_ER_val.ndpi,47_45,30109.809387981102,2848.0975909662084,0.907338096858342,0.907338096858342,ER,6529.1699123634235,15736.269915278752
47,47_HE_val.ndpi,47_ER_val.ndpi,47_46,33705.19068688026,2751.081058939213,0.907338096858342,0.907338096858342,ER,3400.459817682135,15940.841534182606
47,47_HE_val.ndpi,47_ER_val.ndpi,47_47,27510.419729978086,3344.178205151741,0.907338096858342,0.907338096858342,ER,8973.461478303734,14832.827149728531
47,47_HE_val.ndpi,47_ER_val.ndpi,47_48,25306.652516018214,2755.9840572216353,0.907338096858342,0.907338096858342,ER,10745.14063850596,15438.635094404932
47,47_HE_val.ndpi,47_ER_val.ndpi,47_49,35404.05667249702,16842.455048264368,0.907338096858342,0.907338096858342,ER,6224.270270404676,4747.999278152656
52,52_HE_val.ndpi,52_HER2_val.ndpi,52_1,17807.653722756033,3515.8812650278774,0.907338096858342,0.907338096858342,HER2,26207.17153429284,16816.78554445138
52,52_HE_val.ndpi,52_HER2_val.ndpi,52_2,17841.128181090287,3338.7150052308757,0.907338096858342,0.907338096858342,HER2,26189.425220092366,16991.161649060115
52,52_HE_val.ndpi,52_HER2_val.ndpi,52_3,18104.53976375978,4291.676949708726,0.907338096858342,0.907338096858342,HER2,25896.276467071766,16052.037981782938
52,52_HE_val.ndpi,52_HER2_val.ndpi,52_4,17510.996906492157,3105.0989795366136,0.907338096858342,0.907338096858342,HER2,26464.22536664122,17155.255980618746
52,52_HE_val.ndpi,52_HER2_val.ndpi,52_5,17838.325816279794,2963.775876706675,0.907338096858342,0.907338096858342,HER2,26248.41978441996,17373.490084644658
52,52_HE_val.ndpi,52_HER2_val.ndpi,52_6,17376.231008778068,2652.080043373299,0.907338096858342,0.907338096858342,HER2,26318.079744596667,17716.615751824967
52,52_HE_val.ndpi,52_HER2_val.ndpi,52_7,17041.21353938104,2192.327348527908,0.907338096858342,0.907338096858342,HER2,26219.985155059487,18382.351476789663
52,52_HE_val.ndpi,52_HER2_val.ndpi,52_8,16449.995335706073,857.7706408989769,0.907338096858342,0.907338096858342,HER2,26657.305150241635,20893.13149464455
52,52_HE_val.ndpi,52_HER2_val.ndpi,52_9,25400.95422991956,16481.038013882964,0.907338096858342,0.907338096858342,HER2,16958.476376758794,5105.01887462834
52,52_HE_val.ndpi,52_HER2_val.ndpi,52_10,25762.214162823817,15049.020842356618,0.907338096858342,0.907338096858342,HER2,16753.06961220816,6165.016739603211
52,52_HE_val.ndpi,52_HER2_val.ndpi,52_11,23852.735597511444,12236.271637387326,0.907338096858342,0.907338096858342,HER2,18687.42935877258,9173.116983908925
52,52_HE_val.ndpi,52_HER2_val.ndpi,52_12,22666.219082328706,11877.434456642348,0.907338096858342,0.907338096858342,HER2,19944.704435042655,9739.797288121476
52,52_HE_val.ndpi,52_HER2_val.ndpi,52_13,22533.966760648334,11708.891068187226,0.907338096858342,0.907338096858342,HER2,20182.749924438445,9887.824788610667
52,52_HE_val.ndpi,52_HER2_val.ndpi,52_14,21533.587324462533,10997.039489916553,0.907338096858342,0.907338096858342,HER2,21459.290196862625,10602.754152074907
52,52_HE_val.ndpi,52_HER2_val.ndpi,52_15,22641.423788464916,9369.587302400716,0.907338096858342,0.907338096858342,HER2,20665.686411785467,12038.063230967879
52,52_HE_val.ndpi,52_HER2_val.ndpi,52_16,23110.45274011152,11890.219500751997,0.907338096858342,0.907338096858342,HER2,19518.908016808928,9631.177917057232
52,52_HE_val.ndpi,52_HER2_val.ndpi,52_17,38415.323656654684,13555.620035069422,0.907338096858342,0.907338096858342,HER2,5877.769362787432,5408.669493931281
52,52_HE_val.ndpi,52_HER2_val.ndpi,52_18,38830.26581818292,15587.285691383137,0.907338096858342,0.907338096858342,HER2,5673.937246745769,3485.5793613226747
52,52_HE_val.ndpi,52_HER2_val.ndpi,52_19,39243.0022270286,13406.567901185344,0.907338096858342,0.907338096858342,HER2,5034.653822645924,5616.483320666328
52,52_HE_val.ndpi,52_HER2_val.ndpi,52_20,38081.63730263134,11869.609413858903,0.907338096858342,0.907338096858342,HER2,6157.914539226519,7151.1001629093
52,52_HE_val.ndpi,52_HER2_val.ndpi,52_21,38262.09572849808,10348.48379308999,0.907338096858342,0.907338096858342,HER2,6153.6183123009105,8801.81521441647
52,52_HE_val.ndpi,52_HER2_val.ndpi,52_22,37844.37914172623,10106.330211041914,0.907338096858342,0.907338096858342,HER2,6671.6996104027885,8912.366494536791
52,52_HE_val.ndpi,52_HER2_val.ndpi,52_23,36936.272786626854,9545.995159821585,0.907338096858342,0.907338096858342,HER2,7807.432937407839,9282.848676334617
52,52_HE_val.ndpi,52_HER2_val.ndpi,52_24,37816.46081825283,7603.44134590653,0.907338096858342,0.907338096858342,HER2,6201.54916185895,11814.83286263437
52,52_HE_val.ndpi,52_HER2_val.ndpi,52_25,38189.49227880151,7482.396945291527,0.907338096858342,0.907338096858342,HER2,5686.590987621077,11992.86571201714
52,52_HE_val.ndpi,52_HER2_val.ndpi,52_26,38491.45982295784,7311.010425285555,0.907338096858342,0.907338096858342,HER2,5321.531484799501,12215.560525119146
52,52_HE_val.ndpi,52_HER2_val.ndpi,52_27,38719.80462845032,7280.698371773527,0.907338096858342,0.907338096858342,HER2,5045.59249093356,12284.521075765439
52,52_HE_val.ndpi,52_HER2_val.ndpi,52_28,39599.950754706464,6172.898217599622,0.907338096858342,0.907338096858342,HER2,3875.8166027317116,13509.917250525157
52,52_HE_val.ndpi,52_HER2_val.ndpi,52_29,40141.07257011738,5688.596937913213,0.907338096858342,0.907338096858342,HER2,3127.823830537147,14119.861184738029
52,52_HE_val.ndpi,52_HER2_val.ndpi,52_30,39541.988100069284,3821.8326239240632,0.907338096858342,0.907338096858342,HER2,3490.508143339653,16325.78952446062
52,52_HE_val.ndpi,52_HER2_val.ndpi,52_31,40509.24534131752,5350.172166423074,0.907338096858342,0.907338096858342,HER2,2487.024541422233,14535.434594149428
52,52_HE_val.ndpi,52_HER2_val.ndpi,52_32,32023.904733651845,2029.8419569245846,0.907338096858342,0.907338096858342,HER2,11359.512879992795,18670.8671403462
52,52_HE_val.ndpi,52_HER2_val.ndpi,52_33,24865.490479266435,16147.286244973213,0.907338096858342,0.907338096858342,HER2,17376.164173656758,5582.075891928363
52,52_HE_val.ndpi,52_HER2_val.ndpi,52_34,27800.718267525033,11615.9213349262,0.907338096858342,0.907338096858342,HER2,15659.680272369638,8737.429316399264
52,52_HE_val.ndpi,52_HER2_val.ndpi,52_35,26338.5618625999,10655.318458259395,0.907338096858342,0.907338096858342,HER2,16765.699255062264,9928.501891406244
52,52_HE_val.ndpi,52_HER2_val.ndpi,52_36,25028.892854961832,11345.660659385589,0.907338096858342,0.907338096858342,HER2,17721.281680931945,9664.085949307377
52,52_HE_val.ndpi,52_HER2_val.ndpi,52_37,18486.937086685884,901.9906285488396,0.907338096858342,0.907338096858342,HER2,24674.93931518206,20285.34835813201
52,52_HE_val.ndpi,52_HER2_val.ndpi,52_38,16568.60996014762,4088.108206472876,0.907338096858342,0.907338096858342,HER2,27356.552786988537,16272.384767789836
52,52_HE_val.ndpi,52_HER2_val.ndpi,52_39,35579.122208106965,4816.28787730997,0.907338096858342,0.907338096858342,HER2,8459.71670318963,14979.275688965508
52,52_HE_val.ndpi,52_HER2_val.ndpi,52_40,37533.142612795964,5846.38729919745,0.907338096858342,0.907338096858342,HER2,6447.9609873406935,13702.862323815409
52,52_HE_val.ndpi,52_HER2_val.ndpi,52_41,40366.69851499942,4418.68785297955,0.907338096858342,0.907338096858342,HER2,2392.8637988973614,15602.997686513989
52,52_HE_val.ndpi,52_HER2_val.ndpi,52_42,37915.09508789579,8040.655274090911,0.907338096858342,0.907338096858342,HER2,6104.951384825181,11351.37964059592
52,52_HE_val.ndpi,52_HER2_val.ndpi,52_43,38074.141497837794,9211.66694576893,0.907338096858342,0.907338096858342,HER2,6332.315334847699,10203.896314830588
52,52_HE_val.ndpi,52_HER2_val.ndpi,52_44,38049.52780324395,9859.806314370682,0.907338096858342,0.907338096858342,HER2,6378.116990484156,9322.660257537831
52,52_HE_val.ndpi,52_HER2_val.ndpi,52_45,40495.13754492846,9786.313627332924,0.907338096858342,0.907338096858342,HER2,3852.934850505166,10079.187897280297
52,52_HE_val.ndpi,52_HER2_val.ndpi,52_46,40509.65717928677,9195.813999668226,0.907338096858342,0.907338096858342,HER2,3747.732569222599,10742.754933391454
52,52_HE_val.ndpi,52_HER2_val.ndpi,52_47,41048.86035742773,6285.314230607746,0.907338096858342,0.907338096858342,HER2,2296.4548118544812,13761.338974502285
52,52_HE_val.ndpi,52_HER2_val.ndpi,52_48,26858.74688779703,17895.636458000965,0.907338096858342,0.907338096858342,HER2,15930.325489189114,3430.9066320844017
52,52_HE_val.ndpi,52_HER2_val.ndpi,52_49,26259.94970488223,17234.083718717753,0.907338096858342,0.907338096858342,HER2,16190.755659080605,4215.955335278301
52,52_HE_val.ndpi,52_HER2_val.ndpi,52_50,32444.6066163477,2683.720487194126,0.907338096858342,0.907338096858342,HER2,11050.6276182778,17756.777506230144
55,55_HE_val.ndpi,55_PGR_val.ndpi,55_1,28739.860221411167,6582.129886647333,0.9097732390201744,0.9097732390201744,PGR,17916.53668277877,15450.109857363905
55,55_HE_val.ndpi,55_PGR_val.ndpi,55_2,48398.543334046444,17349.95700345661,0.9097732390201744,0.9097732390201744,PGR,5083.103176854052,9098.835645513582
55,55_HE_val.ndpi,55_PGR_val.ndpi,55_3,44172.50717978328,18339.016298770846,0.9097732390201744,0.9097732390201744,PGR,7115.084637627202,8419.064518599047
55,55_HE_val.ndpi,55_PGR_val.ndpi,55_4,42381.947533173865,7162.8821846904575,0.9097732390201744,0.9097732390201744,PGR,11517.908435905723,13843.18135931807
55,55_HE_val.ndpi,55_PGR_val.ndpi,55_5,43345.7673303091,6113.663928257251,0.9097732390201744,0.9097732390201744,PGR,11072.548909166297,14098.13663551331
55,55_HE_val.ndpi,55_PGR_val.ndpi,55_6,38347.32108259181,7059.311447300944,0.9097732390201744,0.9097732390201744,PGR,13968.530876070137,14169.395838374672
55,55_HE_val.ndpi,55_PGR_val.ndpi,55_7,40400.71859057424,7258.607846918188,0.9097732390201744,0.9097732390201744,PGR,12678.639546178096,13996.516659171632
55,55_HE_val.ndpi,55_PGR_val.ndpi,55_8,40880.735200930765,11823.46645708285,0.9097732390201744,0.9097732390201744,PGR,11089.776826234733,12012.659459632967
55,55_HE_val.ndpi,55_PGR_val.ndpi,55_9,32047.924263682446,22093.204528529648,0.9097732390201744,0.9097732390201744,PGR,12184.568944887356,6530.756237896671
55,55_HE_val.ndpi,55_PGR_val.ndpi,55_10,30533.301649531688,21920.090853124264,0.9097732390201744,0.9097732390201744,PGR,12591.80721376719,6836.659967046198
55,55_HE_val.ndpi,55_PGR_val.ndpi,55_11,34047.523273598264,22090.26891733309,0.9097732390201744,0.9097732390201744,PGR,11488.420934723918,6240.025947636465
55,55_HE_val.ndpi,55_PGR_val.ndpi,55_12,36148.06907578428,19424.11286378683,0.9097732390201744,0.9097732390201744,PGR,11795.591823985536,7880.5036892383205
55,55_HE_val.ndpi,55_PGR_val.ndpi,55_13,37540.88181344662,20850.58526744277,0.9097732390201744,0.9097732390201744,PGR,10690.776588146184,6799.557822653781
55,55_HE_val.ndpi,55_PGR_val.ndpi,55_14,37923.398456194845,17085.090653383984,0.9097732390201744,0.9097732390201744,PGR,10989.584958146994,9099.167861189118
55,55_HE_val.ndpi,55_PGR_val.ndpi,55_15,39753.396535540334,16000.50312272632,0.9097732390201744,0.9097732390201744,PGR,9811.81695997046,9694.338730935826
55,55_HE_val.ndpi,55_PGR_val.ndpi,55_16,42239.496221547495,14433.324015354152,0.9097732390201744,0.9097732390201744,PGR,9068.395372459321,10584.392889621771
55,55_HE_val.ndpi,55_PGR_val.ndpi,55_17,43958.456789444135,12219.0083036704,0.9097732390201744,0.9097732390201744,PGR,8955.855083627395,11860.540196920594
55,55_HE_val.ndpi,55_PGR_val.ndpi,55_18,45222.47520964606,14734.941841283697,0.9097732390201744,0.9097732390201744,PGR,7465.067485360768,10646.077033539781
55,55_HE_val.ndpi,55_PGR_val.ndpi,55_19,33885.181541896534,10570.45003227903,0.9097732390201744,0.9097732390201744,PGR,14246.50954291806,12384.739499093406
55,55_HE_val.ndpi,55_PGR_val.ndpi,55_20,27812.68508874583,9594.823820010612,0.9097732390201744,0.9097732390201744,PGR,16222.444052636027,13948.059269106227
55,55_HE_val.ndpi,55_PGR_val.ndpi,55_21,29384.958293170333,8475.72577161109,0.9097732390201744,0.9097732390201744,PGR,16861.639765178916,14187.775516497995
55,55_HE_val.ndpi,55_PGR_val.ndpi,55_22,27602.907164273944,7788.263941658736,0.9097732390201744,0.9097732390201744,PGR,17649.200212513828,14816.799206674872
55,55_HE_val.ndpi,55_PGR_val.ndpi,55_23,33106.720854523424,8127.1529659052585,0.9097732390201744,0.9097732390201744,PGR,16031.263753215864,14032.741498999894
55,55_HE_val.ndpi,55_PGR_val.ndpi,55_24,38180.65252814895,10464.838782567109,0.9097732390201744,0.9097732390201744,PGR,12623.763789501083,12417.916167947122
55,55_HE_val.ndpi,55_PGR_val.ndpi,55_25,37006.393794961536,6563.829527830277,0.9097732390201744,0.9097732390201744,PGR,14588.964803845434,14720.731171482328
55,55_HE_val.ndpi,55_PGR_val.ndpi,55_26,45634.986603985126,9392.5158836887,0.9097732390201744,0.9097732390201744,PGR,9318.531995990508,12891.537630163868
55,55_HE_val.ndpi,55_PGR_val.ndpi,55_27,32841.321153310986,17614.808234290893,0.9097732390201744,0.9097732390201744,PGR,13783.22597742032,9185.298861756839
55,55_HE_val.ndpi,55_PGR_val.ndpi,55_28,35724.14961896662,18383.01519433083,0.9097732390201744,0.9097732390201744,PGR,12127.416532975332,8503.790620567783
55,55_HE_val.ndpi,55_PGR_val.ndpi,55_29,39419.82093373921,12613.376586131828,0.9097732390201744,0.9097732390201744,PGR,11182.009181732361,11465.34750347307
55,55_HE_val.ndpi,55_PGR_val.ndpi,55_30,46004.34399806007,5314.910197259707,0.9097732390201744,0.9097732390201744,PGR,10011.18757449541,14353.034282282404
55,55_HE_val.ndpi,55_PGR_val.ndpi,55_31,43071.56689428596,9593.381285583337,0.9097732390201744,0.9097732390201744,PGR,10614.374583056617,12908.21960696509
55,55_HE_val.ndpi,55_PGR_val.ndpi,55_32,33567.83270304963,13742.577999010933,0.9097732390201744,0.9097732390201744,PGR,13502.129259168873,10884.503262026597
55,55_HE_val.ndpi,55_PGR_val.ndpi,55_33,36772.16432026075,13381.454663396345,0.9097732390201744,0.9097732390201744,PGR,11931.719330122056,10845.141366584354
55,55_HE_val.ndpi,55_PGR_val.ndpi,55_34,35574.555313935285,10172.222589633542,0.9097732390201744,0.9097732390201744,PGR,13957.682684881333,12482.54770717825
55,55_HE_val.ndpi,55_PGR_val.ndpi,55_35,40964.605774437514,9860.98017234414,0.9097732390201744,0.9097732390201744,PGR,11703.158827764442,12886.075556988744
55,55_HE_val.ndpi,55_PGR_val.ndpi,55_36,46632.220736061994,15786.142994968655,0.9097732390201744,0.9097732390201744,PGR,6248.650132279537,10181.092941445153
55,55_HE_val.ndpi,55_PGR_val.ndpi,55_37,46132.18083312315,16602.34848019364,0.9097732390201744,0.9097732390201744,PGR,6229.122501521796,9555.396216605879
55,55_HE_val.ndpi,55_PGR_val.ndpi,55_38,43815.574178472285,17770.329967779537,0.9097732390201744,0.9097732390201744,PGR,7398.930277267202,8775.710430046427
55,55_HE_val.ndpi,55_PGR_val.ndpi,55_39,39710.977006344336,18375.037947552748,0.9097732390201744,0.9097732390201744,PGR,9833.830208617781,8237.873509995361
55,55_HE_val.ndpi,55_PGR_val.ndpi,55_40,37900.314613525145,16164.287914865483,0.9097732390201744,0.9097732390201744,PGR,11066.108199459199,9584.139283233331
55,55_HE_val.ndpi,55_PGR_val.ndpi,55_41,36903.8023619308,15157.538658691443,0.9097732390201744,0.9097732390201744,PGR,11840.824026897513,10084.25670118545
55,55_HE_val.ndpi,55_PGR_val.ndpi,55_42,31488.676656231997,15263.53396542874,0.9097732390201744,0.9097732390201744,PGR,14351.80889829425,10437.600006238308
55,55_HE_val.ndpi,55_PGR_val.ndpi,55_43,41748.75228149641,20656.02467391328,0.9097732390201744,0.9097732390201744,PGR,8336.08777279211,6820.160330456235
55,55_HE_val.ndpi,55_PGR_val.ndpi,55_44,37686.775037455285,8766.248327043413,0.9097732390201744,0.9097732390201744,PGR,13842.157361008827,13270.18782852714
55,55_HE_val.ndpi,55_PGR_val.ndpi,55_45,30553.723078542847,7610.68488482584,0.9097732390201744,0.9097732390201744,PGR,16851.188851471383,14692.024385660803
55,55_HE_val.ndpi,55_PGR_val.ndpi,55_46,39132.394754367546,8303.753206928559,0.9097732390201744,0.9097732390201744,PGR,13325.868776253948,13481.988173865977
55,55_HE_val.ndpi,55_PGR_val.ndpi,55_47,45548.34541965982,4898.720389796686,0.9097732390201744,0.9097732390201744,PGR,10389.648795854147,14437.647912817434
55,55_HE_val.ndpi,55_PGR_val.ndpi,55_48,45101.4788141909,12983.65038808069,0.9097732390201744,0.9097732390201744,PGR,8000.367786489065,11525.67128716786
55,55_HE_val.ndpi,55_PGR_val.ndpi,55_49,35865.279639634886,16379.686232068589,0.9097732390201744,0.9097732390201744,PGR,12212.162406138981,9443.086281251963
55,55_HE_val.ndpi,55_PGR_val.ndpi,55_50,45206.74855234005,17339.051553657548,0.9097732390201744,0.9097732390201744,PGR,6609.538644760173,9046.028509843272
64,64_HE_val.ndpi,64_KI67_val.ndpi,64_1,20934.524935972317,7674.305253418293,0.9109542245502164,0.9109542245502164,KI67,14200.899523304666,15181.01046478344
64,64_HE_val.ndpi,64_KI67_val.ndpi,64_2,14560.555748120574,4432.140469655505,0.9109542245502164,0.9109542245502164,KI67,19566.747023589156,18633.15104859381
64,64_HE_val.ndpi,64_KI67_val.ndpi,64_3,16629.752262803562,4002.0802805754015,0.9109542245502164,0.9109542245502164,KI67,18556.305246121192,19571.8744973792
64,64_HE_val.ndpi,64_KI67_val.ndpi,64_4,14568.446149026277,5755.238455885287,0.9109542245502164,0.9109542245502164,KI67,18745.02450492223,17564.100997319543
64,64_HE_val.ndpi,64_KI67_val.ndpi,64_5,11969.523136506377,6163.72275344093,0.9109542245502164,0.9109542245502164,KI67,19912.049514231807,16180.79110064779
64,64_HE_val.ndpi,64_KI67_val.ndpi,64_6,12628.957552098293,7143.138248243829,0.9109542245502164,0.9109542245502164,KI67,19406.25149141865,15759.33395987015
64,64_HE_val.ndpi,64_KI67_val.ndpi,64_7,31463.97018517587,5336.191525150448,0.9109542245502164,0.9109542245502164,KI67,4768.591063135263,19390.882883898226
64,64_HE_val.ndpi,64_KI67_val.ndpi,64_8,32117.864422928436,6206.590704734918,0.9109542245502164,0.9109542245502164,KI67,4159.139069743942,18246.957945879003
64,64_HE_val.ndpi,64_KI67_val.ndpi,64_9,28346.34509314725,4671.607027012567,0.9109542245502164,0.9109542245502164,KI67,7769.115891691155,19907.535847853167
64,64_HE_val.ndpi,64_KI67_val.ndpi,64_10,28788.028634964103,5169.07551508979,0.9109542245502164,0.9109542245502164,KI67,7314.639865758428,19332.62653810157
64,64_HE_val.ndpi,64_KI67_val.ndpi,64_11,32109.93938905569,6966.7189392872115,0.9109542245502164,0.9109542245502164,KI67,4061.3772993631287,17378.49381596685
64,64_HE_val.ndpi,64_KI67_val.ndpi,64_12,31728.96164282637,8311.408059814232,0.9109542245502164,0.9109542245502164,KI67,4409.646926366412,16128.49031198182
64,64_HE_val.ndpi,64_KI67_val.ndpi,64_13,31996.792330754422,8531.397210556519,0.9109542245502164,0.9109542245502164,KI67,4018.811913698337,15856.966996786574
64,64_HE_val.ndpi,64_KI67_val.ndpi,64_14,30984.99412153846,12230.376900498137,0.9109542245502164,0.9109542245502164,KI67,4615.386260376176,11930.954703985515
64,64_HE_val.ndpi,64_KI67_val.ndpi,64_15,15852.718285912368,16548.051363938346,0.9109542245502164,0.9109542245502164,KI67,17603.21619192708,7163.354682246983
64,64_HE_val.ndpi,64_KI67_val.ndpi,64_16,25181.92655151919,16344.022673404643,0.9109542245502164,0.9109542245502164,KI67,9639.086117231647,8628.348763005853
64,64_HE_val.ndpi,64_KI67_val.ndpi,64_17,20706.650102007414,18597.773661393683,0.9109542245502164,0.9109542245502164,KI67,14854.428970667697,5992.910381149826
64,64_HE_val.ndpi,64_KI67_val.ndpi,64_18,29738.372812535268,19203.04921018048,0.9109542245502164,0.9109542245502164,KI67,7372.190779143422,5037.202293823092
64,64_HE_val.ndpi,64_KI67_val.ndpi,64_19,21691.55188310237,6707.191500202553,0.9109542245502164,0.9109542245502164,KI67,13361.945059715068,16296.216795418828
64,64_HE_val.ndpi,64_KI67_val.ndpi,64_20,24090.173693638608,3416.7807374713752,0.9109542245502164,0.9109542245502164,KI67,11507.167797450074,20155.02313761601
64,64_HE_val.ndpi,64_KI67_val.ndpi,64_21,25784.849656339662,5076.240417106837,0.9109542245502164,0.9109542245502164,KI67,9605.357693557955,18705.661126754047
64,64_HE_val.ndpi,64_KI67_val.ndpi,64_22,26760.61052172727,5626.717788569228,0.9109542245502164,0.9109542245502164,KI67,8991.816143009899,18254.772111002385
64,64_HE_val.ndpi,64_KI67_val.ndpi,64_23,30707.655267988008,5367.8948098864585,0.9109542245502164,0.9109542245502164,KI67,5627.465093267598,19249.4459186334
64,64_HE_val.ndpi,64_KI67_val.ndpi,64_24,31441.239169340213,9938.156217997494,0.9109542245502164,0.9109542245502164,KI67,4356.686704203431,14393.846073896433
64,64_HE_val.ndpi,64_KI67_val.ndpi,64_25,28391.95026071831,13327.169224718256,0.9109542245502164,0.9109542245502164,KI67,6962.408191736504,11450.778326177771
64,64_HE_val.ndpi,64_KI67_val.ndpi,64_26,28121.439407593934,12574.44257308016,0.9109542245502164,0.9109542245502164,KI67,7090.803668975626,12183.642685830053
64,64_HE_val.ndpi,64_KI67_val.ndpi,64_27,27235.029160493574,13148.59729758774,0.9109542245502164,0.9109542245502164,KI67,7875.706836274735,11734.606537621561
64,64_HE_val.ndpi,64_KI67_val.ndpi,64_28,22955.04158736771,13001.447723972238,0.9109542245502164,0.9109542245502164,KI67,11588.65648373505,11878.62137691597
64,64_HE_val.ndpi,64_KI67_val.ndpi,64_29,24624.014005619443,18536.62937284974,0.9109542245502164,0.9109542245502164,KI67,10774.796285280092,6149.2576635591795
64,64_HE_val.ndpi,64_KI67_val.ndpi,64_30,11891.5682470999,7401.977778269649,0.9109542245502164,0.9109542245502164,KI67,19547.14021562633,15458.086455486935
64,64_HE_val.ndpi,64_KI67_val.ndpi,64_31,13429.699000208457,7738.495220715038,0.9109542245502164,0.9109542245502164,KI67,18750.24687675435,15290.014536491928
64,64_HE_val.ndpi,64_KI67_val.ndpi,64_32,20044.062581115293,7757.828126404379,0.9109542245502164,0.9109542245502164,KI67,15007.994845986956,15186.649754021664
64,64_HE_val.ndpi,64_KI67_val.ndpi,64_33,16763.788576337978,8145.970180733941,0.9109542245502164,0.9109542245502164,KI67,17301.47855328182,15004.594846630476
64,64_HE_val.ndpi,64_KI67_val.ndpi,64_34,23469.636407953407,6331.442069837424,0.9109542245502164,0.9109542245502164,KI67,11559.628294838962,16680.876219215817
64,64_HE_val.ndpi,64_KI67_val.ndpi,64_35,21729.66738007256,5386.8725874498405,0.9109542245502164,0.9109542245502164,KI67,13367.492846620553,17978.116635488794
64,64_HE_val.ndpi,64_KI67_val.ndpi,64_36,15420.699207011185,5522.698012451669,0.9109542245502164,0.9109542245502164,KI67,18609.0856755333,17831.749139254844
64,64_HE_val.ndpi,64_KI67_val.ndpi,64_37,13451.871822919858,6027.780088066545,0.9109542245502164,0.9109542245502164,KI67,19238.508121116545,16864.792249380196
64,64_HE_val.ndpi,64_KI67_val.ndpi,64_38,11755.22179529458,4928.951757876143,0.9109542245502164,0.9109542245502164,KI67,20762.163909331095,17088.43831726322
64,64_HE_val.ndpi,64_KI67_val.ndpi,64_39,15547.225542304785,2838.489737919093,0.9109542245502164,0.9109542245502164,KI67,19030.788439734577,20515.788228421476
64,64_HE_val.ndpi,64_KI67_val.ndpi,64_40,19696.040663454947,2848.043524649155,0.9109542245502164,0.9109542245502164,KI67,15628.449522366851,20910.223939320025
64,64_HE_val.ndpi,64_KI67_val.ndpi,64_41,21242.75072627369,1912.8944074237354,0.9109542245502164,0.9109542245502164,KI67,13922.003786335295,21871.200799957263
64,64_HE_val.ndpi,64_KI67_val.ndpi,64_42,20199.47711769932,1624.1503103895066,0.9109542245502164,0.9109542245502164,KI67,14964.715758238894,22353.38520341504
64,64_HE_val.ndpi,64_KI67_val.ndpi,64_43,23434.25516711784,2822.7133911519954,0.9109542245502164,0.9109542245502164,KI67,12035.384245183312,20670.838031220443
64,64_HE_val.ndpi,64_KI67_val.ndpi,64_44,28747.202080871408,5548.3256700398915,0.9109542245502164,0.9109542245502164,KI67,7404.933487305591,18791.757123682055
64,64_HE_val.ndpi,64_KI67_val.ndpi,64_45,31179.44005025773,5009.147060760611,0.9109542245502164,0.9109542245502164,KI67,4954.749655890689,19821.263939783617
64,64_HE_val.ndpi,64_KI67_val.ndpi,64_46,31384.84965927418,6118.817975682873,0.9109542245502164,0.9109542245502164,KI67,5064.094357558708,18320.629571697053
64,64_HE_val.ndpi,64_KI67_val.ndpi,64_47,30654.36149997273,8304.842912611744,0.9109542245502164,0.9109542245502164,KI67,5743.188270074817,15986.476307581692
64,64_HE_val.ndpi,64_KI67_val.ndpi,64_48,31093.759235768463,16818.176397386986,0.9109542245502164,0.9109542245502164,KI67,5243.778404405627,7231.245449298609
64,64_HE_val.ndpi,64_KI67_val.ndpi,64_49,28132.09089905876,15648.441844232731,0.9109542245502164,0.9109542245502164,KI67,7359.1473218307,9097.148403927547
64,64_HE_val.ndpi,64_KI67_val.ndpi,64_50,28074.46142367404,17289.20057211009,0.9109542245502164,0.9109542245502164,KI67,7818.487675874824,7213.597856461555
53,53_HE_val.ndpi,53_KI67_val.ndpi,53_1,29296.14935939832,15848.527027410577,0.9097732390201744,0.9097732390201744,KI67,37273.353706914306,14813.894935740564
53,53_HE_val.ndpi,53_KI67_val.ndpi,53_2,25405.340407605523,5597.513402000484,0.9097732390201744,0.9097732390201744,KI67,32135.797994153152,6525.484434170634
53,53_HE_val.ndpi,53_KI67_val.ndpi,53_3,17999.62459048877,11473.627996267176,0.9097732390201744,0.9097732390201744,KI67,25956.184802484706,13267.34650929502
53,53_HE_val.ndpi,53_KI67_val.ndpi,53_4,23461.852930374862,14983.315895618118,0.9097732390201744,0.9097732390201744,KI67,33390.209412902324,14047.687486737146
53,53_HE_val.ndpi,53_KI67_val.ndpi,53_5,18399.76655034637,17518.95166363406,0.9097732390201744,0.9097732390201744,KI67,28777.44348174609,17052.964291312404
53,53_HE_val.ndpi,53_KI67_val.ndpi,53_6,34772.432756120455,11158.499018550096,0.9097732390201744,0.9097732390201744,KI67,38424.376057738875,9758.678821357658
53,53_HE_val.ndpi,53_KI67_val.ndpi,53_7,22855.31426698004,10093.427071655877,0.9097732390201744,0.9097732390201744,KI67,32037.61997057633,11767.02513265896
53,53_HE_val.ndpi,53_KI67_val.ndpi,53_8,22624.593338345483,6796.507916968874,0.9097732390201744,0.9097732390201744,KI67,30667.306938005237,8647.135956503915
53,53_HE_val.ndpi,53_KI67_val.ndpi,53_9,25581.816540932534,9344.342557837806,0.9097732390201744,0.9097732390201744,KI67,33885.063847150894,10110.331581435914
53,53_HE_val.ndpi,53_KI67_val.ndpi,53_10,29580.770824857413,10290.868032741015,0.9097732390201744,0.9097732390201744,KI67,35538.94095649269,10044.799768739425
53,53_HE_val.ndpi,53_KI67_val.ndpi,53_11,36684.8060428616,4893.181875937353,0.9097732390201744,0.9097732390201744,KI67,38105.82682404607,3830.8281690757476
53,53_HE_val.ndpi,53_KI67_val.ndpi,53_12,34506.525841649025,4010.580106651308,0.9097732390201744,0.9097732390201744,KI67,36062.18228433634,3177.722972603818
53,53_HE_val.ndpi,53_KI67_val.ndpi,53_13,33039.99525896736,3099.2795454953416,0.9097732390201744,0.9097732390201744,KI67,34945.22486396587,2518.9772978137016
53,53_HE_val.ndpi,53_KI67_val.ndpi,53_14,21325.53357187656,20904.319736098383,0.9097732390201744,0.9097732390201744,KI67,32409.371412223783,18593.010772088142
53,53_HE_val.ndpi,53_KI67_val.ndpi,53_15,29412.56908132322,21454.409324788376,0.9097732390201744,0.9097732390201744,KI67,36631.908105497634,18693.948005430426
53,53_HE_val.ndpi,53_KI67_val.ndpi,53_16,20701.105015784826,16269.716129815057,0.9097732390201744,0.9097732390201744,KI67,31109.252654619064,15159.276956520025
53,53_HE_val.ndpi,53_KI67_val.ndpi,53_17,16360.827612092686,14308.541657431491,0.9097732390201744,0.9097732390201744,KI67,24698.57412110432,14613.290325366283
53,53_HE_val.ndpi,53_KI67_val.ndpi,53_18,20885.929369283436,11672.016416160825,0.9097732390201744,0.9097732390201744,KI67,30066.41733468115,12940.0039173831
53,53_HE_val.ndpi,53_KI67_val.ndpi,53_19,23126.215477291087,19143.404642077152,0.9097732390201744,0.9097732390201744,KI67,34551.425188730114,16607.99696699272
53,53_HE_val.ndpi,53_KI67_val.ndpi,53_20,30049.004536345365,13470.349741234353,0.9097732390201744,0.9097732390201744,KI67,36583.61593114878,12946.64782100864
53,53_HE_val.ndpi,53_KI67_val.ndpi,53_21,16904.2353845125,7141.336289078315,0.9097732390201744,0.9097732390201744,KI67,23700.715366714103,9860.91722608328
53,53_HE_val.ndpi,53_KI67_val.ndpi,53_22,18667.42695943796,4972.90667337341,0.9097732390201744,0.9097732390201744,KI67,25608.44613720916,7222.928127756881
53,53_HE_val.ndpi,53_KI67_val.ndpi,53_23,33650.39800056444,7350.008526051949,0.9097732390201744,0.9097732390201744,KI67,36698.692670017714,6571.553221007381
53,53_HE_val.ndpi,53_KI67_val.ndpi,53_24,26820.792423677653,17394.8920298649,0.9097732390201744,0.9097732390201744,KI67,35862.32947558511,15154.768263178901
53,53_HE_val.ndpi,53_KI67_val.ndpi,53_25,31403.99579318815,17821.032500966026,0.9097732390201744,0.9097732390201744,KI67,37351.25570680024,16049.430541288615
53,53_HE_val.ndpi,53_KI67_val.ndpi,53_26,29114.98616735921,7322.064388721714,0.9097732390201744,0.9097732390201744,KI67,34271.386749597004,7169.540839891983
53,53_HE_val.ndpi,53_KI67_val.ndpi,53_27,32796.442231612215,14342.889920985,0.9097732390201744,0.9097732390201744,KI67,37709.085794214036,13435.42486072511
53,53_HE_val.ndpi,53_KI67_val.ndpi,53_28,25474.960537319745,21045.247353354454,0.9097732390201744,0.9097732390201744,KI67,35754.8535064545,17960.608749300634
53,53_HE_val.ndpi,53_KI67_val.ndpi,53_29,19388.34705226824,14190.118903893655,0.9097732390201744,0.9097732390201744,KI67,28108.74443504959,13734.87942392253
53,53_HE_val.ndpi,53_KI67_val.ndpi,53_30,26641.33569124497,12101.42032721391,0.9097732390201744,0.9097732390201744,KI67,35108.47805252268,12375.801410566191
53,53_HE_val.ndpi,53_KI67_val.ndpi,53_31,16345.8330554771,10494.70640964875,0.9097732390201744,0.9097732390201744,KI67,23763.559711967475,13101.282241215104
53,53_HE_val.ndpi,53_KI67_val.ndpi,53_32,22704.516430451782,13443.286206523107,0.9097732390201744,0.9097732390201744,KI67,32811.53610311107,12867.49177136791
53,53_HE_val.ndpi,53_KI67_val.ndpi,53_33,28181.491493224326,18169.459509182576,0.9097732390201744,0.9097732390201744,KI67,36619.62437487365,15690.737468952068
53,53_HE_val.ndpi,53_KI67_val.ndpi,53_34,30094.073644029784,20129.54371991084,0.9097732390201744,0.9097732390201744,KI67,37038.37389724198,17614.750241108515
53,53_HE_val.ndpi,53_KI67_val.ndpi,53_35,23041.638986853115,3721.156763679704,0.9097732390201744,0.9097732390201744,KI67,29715.07542263689,5237.473294573324
53,53_HE_val.ndpi,53_KI67_val.ndpi,53_36,32956.679288821775,11327.101611258257,0.9097732390201744,0.9097732390201744,KI67,37426.803371529364,10047.37273342436
53,53_HE_val.ndpi,53_KI67_val.ndpi,53_37,32076.55933274811,8991.439471853058,0.9097732390201744,0.9097732390201744,KI67,36096.115526936635,8037.5689333380615
53,53_HE_val.ndpi,53_KI67_val.ndpi,53_38,33492.34068348169,20299.931424464517,0.9097732390201744,0.9097732390201744,KI67,37922.195737146925,18422.82898518107
53,53_HE_val.ndpi,53_KI67_val.ndpi,53_39,19961.599840002982,9556.891095193889,0.9097732390201744,0.9097732390201744,KI67,29304.826595693346,11667.038112904409
53,53_HE_val.ndpi,53_KI67_val.ndpi,53_40,19471.514285048037,20209.071484092565,0.9097732390201744,0.9097732390201744,KI67,29885.305796172004,18559.897366477468
53,53_HE_val.ndpi,53_KI67_val.ndpi,53_41,21650.02077378047,17663.28635344531,0.9097732390201744,0.9097732390201744,KI67,32804.08180108871,16001.302084956138
53,53_HE_val.ndpi,53_KI67_val.ndpi,53_42,27273.44429452071,19421.43095443837,0.9097732390201744,0.9097732390201744,KI67,36109.80055241033,16590.991500061147
53,53_HE_val.ndpi,53_KI67_val.ndpi,53_43,28738.17537278158,4276.331613351866,0.9097732390201744,0.9097732390201744,KI67,33104.588130394804,4761.172159795643
53,53_HE_val.ndpi,53_KI67_val.ndpi,53_44,32074.88530324935,5248.824239201589,0.9097732390201744,0.9097732390201744,KI67,34873.86993392162,5024.591350518709
53,53_HE_val.ndpi,53_KI67_val.ndpi,53_45,37978.13882495321,11353.057920053943,0.9097732390201744,0.9097732390201744,KI67,40342.62247624858,10025.871107348665
53,53_HE_val.ndpi,53_KI67_val.ndpi,53_46,36270.42266520447,6885.115543108419,0.9097732390201744,0.9097732390201744,KI67,38238.89470050056,5748.071936815031
53,53_HE_val.ndpi,53_KI67_val.ndpi,53_47,27525.22076759188,8203.299562126758,0.9097732390201744,0.9097732390201744,KI67,34290.11853738886,8346.237072317143
53,53_HE_val.ndpi,53_KI67_val.ndpi,53_48,28501.336391501485,12174.158798784507,0.9097732390201744,0.9097732390201744,KI67,35561.56058922476,12116.611456435725
53,53_HE_val.ndpi,53_KI67_val.ndpi,53_49,25087.761605818232,17086.591420988138,0.9097732390201744,0.9097732390201744,KI67,35028.36037803984,15071.924224674724
53,53_HE_val.ndpi,53_KI67_val.ndpi,53_50,23207.605333789503,11847.499665994112,0.9097732390201744,0.9097732390201744,KI67,32904.14737046916,12402.931132858384
73,73_HE_val.ndpi,73_PGR_val.ndpi,73_1,12316.849919358518,20893.952444461014,0.9097732390201744,0.9097732390201744,PGR,6837.732675785812,17743.39670447451
73,73_HE_val.ndpi,73_PGR_val.ndpi,73_2,12682.531277398006,20391.22229110829,0.9097732390201744,0.9097732390201744,PGR,7177.514346557962,17361.464404021535
73,73_HE_val.ndpi,73_PGR_val.ndpi,73_3,12075.858457548962,21177.29790908096,0.9097732390201744,0.9097732390201744,PGR,6579.107253163643,17990.96099848407
73,73_HE_val.ndpi,73_PGR_val.ndpi,73_4,11498.542952776728,20254.47629465152,0.9097732390201744,0.9097732390201744,PGR,6002.237018478369,17272.100580036793
73,73_HE_val.ndpi,73_PGR_val.ndpi,73_5,11573.331275404813,19861.904984789373,0.9097732390201744,0.9097732390201744,PGR,6174.329246327235,17018.055666752087
73,73_HE_val.ndpi,73_PGR_val.ndpi,73_6,11079.449231797676,20142.62459608179,0.9097732390201744,0.9097732390201744,PGR,5635.6574196227675,17193.901546784346
73,73_HE_val.ndpi,73_PGR_val.ndpi,73_7,10921.379679546668,14280.692676938177,0.9097732390201744,0.9097732390201744,PGR,7117.397184595287,14395.102753748062
73,73_HE_val.ndpi,73_PGR_val.ndpi,73_8,11833.032642994152,13807.244618032808,0.9097732390201744,0.9097732390201744,PGR,7759.920232446645,14149.484499996499
73,73_HE_val.ndpi,73_PGR_val.ndpi,73_9,12159.593745730665,12931.11698137383,0.9097732390201744,0.9097732390201744,PGR,7851.718717707479,13464.488178964824
73,73_HE_val.ndpi,73_PGR_val.ndpi,73_10,13135.65670958518,12089.167511733896,0.9097732390201744,0.9097732390201744,PGR,9045.09842151374,12957.56893897241
73,73_HE_val.ndpi,73_PGR_val.ndpi,73_11,13187.960980204387,11267.255856781256,0.9097732390201744,0.9097732390201744,PGR,9458.319086317599,12429.304124452497
73,73_HE_val.ndpi,73_PGR_val.ndpi,73_12,13718.480062930985,11012.820897903348,0.9097732390201744,0.9097732390201744,PGR,10007.551056090459,12244.174033464926
73,73_HE_val.ndpi,73_PGR_val.ndpi,73_13,16973.54210169334,10208.507089955841,0.9097732390201744,0.9097732390201744,PGR,12008.906965114033,11222.128695536227
73,73_HE_val.ndpi,73_PGR_val.ndpi,73_14,17626.842690707592,10097.2325514263,0.9097732390201744,0.9097732390201744,PGR,12591.430011802415,11069.971602713866
73,73_HE_val.ndpi,73_PGR_val.ndpi,73_15,18861.767626047764,9841.240858600882,0.9097732390201744,0.9097732390201744,PGR,13729.728630566415,10754.786589844045
73,73_HE_val.ndpi,73_PGR_val.ndpi,73_16,35613.334267866136,16481.384003771505,0.9097732390201744,0.9097732390201744,PGR,29369.031019780876,18488.419712548242
73,73_HE_val.ndpi,73_PGR_val.ndpi,73_17,33738.74004864013,17528.093606501097,0.9097732390201744,0.9097732390201744,PGR,27735.040794196917,18318.070091813814
73,73_HE_val.ndpi,73_PGR_val.ndpi,73_18,33565.470339909014,16913.756163563867,0.9097732390201744,0.9097732390201744,PGR,27615.135929311247,17865.632357317518
73,73_HE_val.ndpi,73_PGR_val.ndpi,73_19,32991.275782855155,15580.258021562311,0.9097732390201744,0.9097732390201744,PGR,26787.282872180607,17042.150167458523
73,73_HE_val.ndpi,73_PGR_val.ndpi,73_20,33673.66304948819,15041.880214590405,0.9097732390201744,0.9097732390201744,PGR,27334.33083892898,16928.349405879646
73,73_HE_val.ndpi,73_PGR_val.ndpi,73_21,32924.16213442681,13657.521319904004,0.9097732390201744,0.9097732390201744,PGR,26149.188575660824,15647.15545818838
73,73_HE_val.ndpi,73_PGR_val.ndpi,73_22,32647.29659579838,13293.265900684904,0.9097732390201744,0.9097732390201744,PGR,25747.427261094057,15299.06323710652
73,73_HE_val.ndpi,73_PGR_val.ndpi,73_23,30194.929011011463,12590.110823703477,0.9097732390201744,0.9097732390201744,PGR,23099.602821004424,14271.564024011182
73,73_HE_val.ndpi,73_PGR_val.ndpi,73_24,30782.614938402134,12408.337622732455,0.9097732390201744,0.9097732390201744,PGR,23751.690084003687,14285.558068153689
73,73_HE_val.ndpi,73_PGR_val.ndpi,73_25,29813.96748161291,12228.752677992801,0.9097732390201744,0.9097732390201744,PGR,22812.78887536784,13926.424329673584
73,73_HE_val.ndpi,73_PGR_val.ndpi,73_26,29199.92837722061,11471.338507636838,0.9097732390201744,0.9097732390201744,PGR,22348.28765190293,13220.25884853887
73,73_HE_val.ndpi,73_PGR_val.ndpi,73_27,28223.389691460186,11105.986345119341,0.9097732390201744,0.9097732390201744,PGR,21397.425433513294,12737.807809630418
73,73_HE_val.ndpi,73_PGR_val.ndpi,73_28,29592.954326698688,9155.260713316276,0.9097732390201744,0.9097732390201744,PGR,23044.48930650501,11672.499645050359
73,73_HE_val.ndpi,73_PGR_val.ndpi,73_29,30073.268714269925,9125.941721088497,0.9097732390201744,0.9097732390201744,PGR,23495.03277682705,11727.151952437149
73,73_HE_val.ndpi,73_PGR_val.ndpi,73_30,30439.148915067733,9682.116837234691,0.9097732390201744,0.9097732390201744,PGR,23656.812859561476,12166.739894210798
73,73_HE_val.ndpi,73_PGR_val.ndpi,73_31,30622.001250724345,9204.79770312848,0.9097732390201744,0.9097732390201744,PGR,23934.370913742172,11908.213024178818
73,73_HE_val.ndpi,73_PGR_val.ndpi,73_32,30830.359930226787,8483.503700157302,0.9097732390201744,0.9097732390201744,PGR,24446.790503837092,11583.704732158403
73,73_HE_val.ndpi,73_PGR_val.ndpi,73_33,32238.826623505323,7539.452123399566,0.9097732390201744,0.9097732390201744,PGR,25985.175497781016,10697.775749778464
73,73_HE_val.ndpi,73_PGR_val.ndpi,73_34,32900.62176429549,7309.560728850226,0.9097732390201744,0.9097732390201744,PGR,26487.27334881416,10448.247406510316
73,73_HE_val.ndpi,73_PGR_val.ndpi,73_35,32990.684867855554,6737.380499535906,0.9097732390201744,0.9097732390201744,PGR,26629.016354912703,9860.387941949864
73,73_HE_val.ndpi,73_PGR_val.ndpi,73_36,31497.8234234009,6722.4940792582665,0.9097732390201744,0.9097732390201744,PGR,25766.104811976846,9872.402698472775
73,73_HE_val.ndpi,73_PGR_val.ndpi,73_37,31239.609539063546,7228.846055168073,0.9097732390201744,0.9097732390201744,PGR,25441.761169867063,10415.985745537828
73,73_HE_val.ndpi,73_PGR_val.ndpi,73_38,30279.81718019439,5724.309353767647,0.9097732390201744,0.9097732390201744,PGR,24994.725292534215,8863.52238936527
73,73_HE_val.ndpi,73_PGR_val.ndpi,73_39,29842.318214114064,6690.52395820684,0.9097732390201744,0.9097732390201744,PGR,24574.29457397403,9948.970449402077
73,73_HE_val.ndpi,73_PGR_val.ndpi,73_40,30828.897059845673,2567.831793306417,0.9097732390201744,0.9097732390201744,PGR,26170.368421087518,5319.742851698984
73,73_HE_val.ndpi,73_PGR_val.ndpi,73_41,30798.203466824987,3329.251812120205,0.9097732390201744,0.9097732390201744,PGR,25879.435330192682,6138.323612138688
73,73_HE_val.ndpi,73_PGR_val.ndpi,73_42,28622.45713792105,4575.80755803812,0.9097732390201744,0.9097732390201744,PGR,24138.459534158526,7493.61752890482
73,73_HE_val.ndpi,73_PGR_val.ndpi,73_43,28187.631291731548,5344.7007470197395,0.9097732390201744,0.9097732390201744,PGR,23659.338442264136,8344.767307015405
73,73_HE_val.ndpi,73_PGR_val.ndpi,73_44,27115.897102656967,4115.248255735857,0.9097732390201744,0.9097732390201744,PGR,23210.614317809897,7076.0223184330725
73,73_HE_val.ndpi,73_PGR_val.ndpi,73_45,24899.894510070244,4633.844995739037,0.9097732390201744,0.9097732390201744,PGR,21396.939851475385,7489.521444204685
73,73_HE_val.ndpi,73_PGR_val.ndpi,73_46,24025.78677355644,12368.483052300748,0.9097732390201744,0.9097732390201744,PGR,17150.193317609082,12778.916989393838
73,73_HE_val.ndpi,73_PGR_val.ndpi,73_47,23557.38761698946,13631.750497086128,0.9097732390201744,0.9097732390201744,PGR,16726.781261552027,13786.782900368044
73,73_HE_val.ndpi,73_PGR_val.ndpi,73_48,21760.34067380895,14628.723904556447,0.9097732390201744,0.9097732390201744,PGR,15097.596789687359,14484.994998284457
73,73_HE_val.ndpi,73_PGR_val.ndpi,73_49,19955.494965918435,14795.449586624181,0.9097732390201744,0.9097732390201744,PGR,13853.602035292219,14819.013383651483
73,73_HE_val.ndpi,73_PGR_val.ndpi,73_50,19097.26205133107,15200.514067151358,0.9097732390201744,0.9097732390201744,PGR,13106.357543302112,14978.25032423591
76,76_HE_val.ndpi,76_PGR_val.ndpi,76_0,32919.493468115514,7096.839606796066,0.907338096858342,0.907338096858342,PGR,35297.77423091387,7697.668795321361
76,76_HE_val.ndpi,76_PGR_val.ndpi,76_1,6016.730794885132,26484.87128639658,0.907338096858342,0.907338096858342,PGR,15500.745776484062,28046.031256388895
76,76_HE_val.ndpi,76_PGR_val.ndpi,76_2,33337.885202975434,8829.536903711609,0.907338096858342,0.907338096858342,PGR,34923.99356052583,9359.567802615928
76,76_HE_val.ndpi,76_PGR_val.ndpi,76_3,32427.861854018847,8832.778363807267,0.907338096858342,0.907338096858342,PGR,34144.78639407607,9330.587251243116
76,76_HE_val.ndpi,76_PGR_val.ndpi,76_4,32827.97727224799,7849.050989180702,0.907338096858342,0.907338096858342,PGR,34978.8871538809,8455.014006155017
76,76_HE_val.ndpi,76_PGR_val.ndpi,76_5,32540.94898232576,7240.138082968765,0.907338096858342,0.907338096858342,PGR,34940.164064427954,7836.371113194382
76,76_HE_val.ndpi,76_PGR_val.ndpi,76_6,34930.567023168136,9392.794104193039,0.907338096858342,0.907338096858342,PGR,36099.74372162261,9993.464678923052
76,76_HE_val.ndpi,76_PGR_val.ndpi,76_7,32108.491977335194,9499.256013770135,0.907338096858342,0.907338096858342,PGR,33647.93836233181,9999.28600215729
76,76_HE_val.ndpi,76_PGR_val.ndpi,76_8,33193.06282892739,10902.640561207785,0.907338096858342,0.907338096858342,PGR,34756.850801403176,11668.192567425778
76,76_HE_val.ndpi,76_PGR_val.ndpi,76_9,33871.54290453498,10343.3036854298,0.907338096858342,0.907338096858342,PGR,35204.725537206905,11149.512816929137
76,76_HE_val.ndpi,76_PGR_val.ndpi,76_10,33865.914414273444,11856.235281113715,0.907338096858342,0.907338096858342,PGR,35617.22735635615,12552.94838821302
76,76_HE_val.ndpi,76_PGR_val.ndpi,76_11,34976.204149718586,13465.11793869874,0.907338096858342,0.907338096858342,PGR,36080.60239965136,14056.261448584846
76,76_HE_val.ndpi,76_PGR_val.ndpi,76_12,35599.13197165003,14575.984130293013,0.907338096858342,0.907338096858342,PGR,36727.21990706635,14920.805134442257
76,76_HE_val.ndpi,76_PGR_val.ndpi,76_13,34871.866280581096,15403.09848812375,0.907338096858342,0.907338096858342,PGR,35922.32130237686,15445.090292231522
76,76_HE_val.ndpi,76_PGR_val.ndpi,76_14,33189.44123535605,18103.437430788,0.907338096858342,0.907338096858342,PGR,35018.98690661758,18273.71275045132
76,76_HE_val.ndpi,76_PGR_val.ndpi,76_15,33218.79325328494,16564.231068588968,0.907338096858342,0.907338096858342,PGR,34454.88872579866,16347.009993760252
76,76_HE_val.ndpi,76_PGR_val.ndpi,76_16,31657.91898398215,16768.66750389264,0.907338096858342,0.907338096858342,PGR,33146.22219779913,16518.747780794845
76,76_HE_val.ndpi,76_PGR_val.ndpi,76_17,30730.665206629757,15947.321399062299,0.907338096858342,0.907338096858342,PGR,32178.141123713493,15566.437588905352
76,76_HE_val.ndpi,76_PGR_val.ndpi,76_18,29063.73918035615,15555.377227315532,0.907338096858342,0.907338096858342,PGR,31359.933271288788,15148.827775082113
76,76_HE_val.ndpi,76_PGR_val.ndpi,76_19,29993.5301166591,18119.50187383814,0.907338096858342,0.907338096858342,PGR,31142.622192489638,17862.620761560243
76,76_HE_val.ndpi,76_PGR_val.ndpi,76_20,36257.414382084455,18380.083962526234,0.907338096858342,0.907338096858342,PGR,37775.46527226814,18772.24482629879
76,76_HE_val.ndpi,76_PGR_val.ndpi,76_21,35963.11371680415,16988.459092748042,0.907338096858342,0.907338096858342,PGR,37006.72904275313,16954.35975182977
76,76_HE_val.ndpi,76_PGR_val.ndpi,76_22,36242.90259430434,15694.153517348039,0.907338096858342,0.907338096858342,PGR,37077.941483519484,15699.502363315152
76,76_HE_val.ndpi,76_PGR_val.ndpi,76_23,35303.986407799435,17243.937393014254,0.907338096858342,0.907338096858342,PGR,36513.0428311698,17230.129163514037
76,76_HE_val.ndpi,76_PGR_val.ndpi,76_24,30369.270620400224,19979.143903285538,0.907338096858342,0.907338096858342,PGR,31759.85512249685,20333.08834353084
76,76_HE_val.ndpi,76_PGR_val.ndpi,76_25,28164.843872174093,20628.31032448213,0.907338096858342,0.907338096858342,PGR,28933.630450899927,21038.182512838317
76,76_HE_val.ndpi,76_PGR_val.ndpi,76_26,27407.201465093793,18951.96822409176,0.907338096858342,0.907338096858342,PGR,27862.409762042316,19054.55992924304
76,76_HE_val.ndpi,76_PGR_val.ndpi,76_27,27048.167834291577,17539.16067658252,0.907338096858342,0.907338096858342,PGR,28706.76857838378,17421.790703076626
76,76_HE_val.ndpi,76_PGR_val.ndpi,76_28,26235.14199334185,15444.072179631015,0.907338096858342,0.907338096858342,PGR,29096.804834587467,15698.722065102957
76,76_HE_val.ndpi,76_PGR_val.ndpi,76_29,25179.318928671302,14828.771079458427,0.907338096858342,0.907338096858342,PGR,28397.853769563237,15243.871426926784
76,76_HE_val.ndpi,76_PGR_val.ndpi,76_30,25202.524702039213,14327.22212282415,0.907338096858342,0.907338096858342,PGR,28257.704757826017,14941.913319523796
76,76_HE_val.ndpi,76_PGR_val.ndpi,76_31,26541.09787633974,14009.60168557404,0.907338096858342,0.907338096858342,PGR,29762.54138800492,14427.44246747026
76,76_HE_val.ndpi,76_PGR_val.ndpi,76_32,26965.798498766828,13510.389129385952,0.907338096858342,0.907338096858342,PGR,30150.992206639185,13781.069125128937
76,76_HE_val.ndpi,76_PGR_val.ndpi,76_33,25915.01369843503,12631.10354969588,0.907338096858342,0.907338096858342,PGR,28969.34183769076,12996.996081845315
76,76_HE_val.ndpi,76_PGR_val.ndpi,76_34,26779.22632590301,12460.275213936655,0.907338096858342,0.907338096858342,PGR,29735.09691080787,12715.619510876702
76,76_HE_val.ndpi,76_PGR_val.ndpi,76_35,27823.643057776982,9631.480685033399,0.907338096858342,0.907338096858342,PGR,31263.700866822142,9592.080496081988
76,76_HE_val.ndpi,76_PGR_val.ndpi,76_36,29340.430579654483,10658.760715935396,0.907338096858342,0.907338096858342,PGR,32160.386734804833,11095.889758085814
76,76_HE_val.ndpi,76_PGR_val.ndpi,76_37,29292.93677781433,11872.953405392294,0.907338096858342,0.907338096858342,PGR,32058.912273239494,12237.170251105395
76,76_HE_val.ndpi,76_PGR_val.ndpi,76_38,30077.12845138795,13000.542118797426,0.907338096858342,0.907338096858342,PGR,32108.950413307768,13567.449729255773
76,76_HE_val.ndpi,76_PGR_val.ndpi,76_39,30645.146827813525,14075.38087026443,0.907338096858342,0.907338096858342,PGR,32294.046309665337,14252.923048083105
76,76_HE_val.ndpi,76_PGR_val.ndpi,76_40,29195.283090678822,13917.899262132436,0.907338096858342,0.907338096858342,PGR,31695.70711456205,14006.212373083396
76,76_HE_val.ndpi,76_PGR_val.ndpi,76_41,27429.00888297866,6876.2441175705735,0.907338096858342,0.907338096858342,PGR,31643.42796418024,6604.274123231804
76,76_HE_val.ndpi,76_PGR_val.ndpi,76_42,26749.161962160444,6702.731537303881,0.907338096858342,0.907338096858342,PGR,30867.66365461979,6433.004698309076
76,76_HE_val.ndpi,76_PGR_val.ndpi,76_43,27095.48672073245,5995.908195970099,0.907338096858342,0.907338096858342,PGR,31021.160727036044,5950.912271992322
76,76_HE_val.ndpi,76_PGR_val.ndpi,76_44,22980.385169878453,7514.6099881123155,0.907338096858342,0.907338096858342,PGR,27740.232451116502,7482.489594524452
76,76_HE_val.ndpi,76_PGR_val.ndpi,76_45,20650.85946266288,7669.375737730957,0.907338096858342,0.907338096858342,PGR,25660.57284085236,7933.181362845037
76,76_HE_val.ndpi,76_PGR_val.ndpi,76_46,19143.91161923992,6974.026544312415,0.907338096858342,0.907338096858342,PGR,24274.375527420703,7430.261192911546
76,76_HE_val.ndpi,76_PGR_val.ndpi,76_47,24997.40920398462,3118.874293163164,0.907338096858342,0.907338096858342,PGR,29351.25910653212,4969.508964631299
76,76_HE_val.ndpi,76_PGR_val.ndpi,76_48,21497.278413960747,1593.4098064604175,0.907338096858342,0.907338096858342,PGR,25609.46945353491,4839.356149260396
76,76_HE_val.ndpi,76_PGR_val.ndpi,76_49,21089.11474837102,4704.062084865046,0.907338096858342,0.907338096858342,PGR,25864.915882752368,5825.448633191682
8,8_HE_val.ndpi,8_ER_val.ndpi,8_0,41134.18839983157,11580.294063902144,0.9097732390201744,0.9097732390201744,ER,45599.57615286836,11377.855120840402
8,8_HE_val.ndpi,8_ER_val.ndpi,8_1,42115.42671503008,10690.666316392757,0.9097732390201744,0.9097732390201744,ER,46134.688658349725,10496.905211759813
8,8_HE_val.ndpi,8_ER_val.ndpi,8_2,40631.13046013652,12545.565148450627,0.9097732390201744,0.9097732390201744,ER,45634.09034127602,12558.65881004314
8,8_HE_val.ndpi,8_ER_val.ndpi,8_3,24203.072293535468,4318.30494295693,0.9097732390201744,0.9097732390201744,ER,33783.45209288317,2311.8501300656167
8,8_HE_val.ndpi,8_ER_val.ndpi,8_4,19124.75341479768,6739.3826638385935,0.9097732390201744,0.9097732390201744,ER,30364.336574629673,3093.6387062151457
8,8_HE_val.ndpi,8_ER_val.ndpi,8_5,17920.138640808942,6594.944938498443,0.9097732390201744,0.9097732390201744,ER,29431.402466895168,2478.6285112674673
8,8_HE_val.ndpi,8_ER_val.ndpi,8_6,18392.91359405587,9313.200839521956,0.9097732390201744,0.9097732390201744,ER,29687.18659873089,6467.624073831572
8,8_HE_val.ndpi,8_ER_val.ndpi,8_7,18951.91181836519,9608.671553921176,0.9097732390201744,0.9097732390201744,ER,30137.03183566243,7000.082350549276
8,8_HE_val.ndpi,8_ER_val.ndpi,8_8,19183.767932245897,9025.146066852529,0.9097732390201744,0.9097732390201744,ER,30308.289000310877,6268.593228423177
8,8_HE_val.ndpi,8_ER_val.ndpi,8_9,27233.952087989444,21787.498101170404,0.9097732390201744,0.9097732390201744,ER,33704.112184062404,22722.61928834985
8,8_HE_val.ndpi,8_ER_val.ndpi,8_10,27342.710828718373,21630.71602037939,0.9097732390201744,0.9097732390201744,ER,33817.123434877016,22545.294724382496
8,8_HE_val.ndpi,8_ER_val.ndpi,8_11,23006.990431830716,21954.133973677006,0.9097732390201744,0.9097732390201744,ER,31161.912760803443,22281.081883369978
8,8_HE_val.ndpi,8_ER_val.ndpi,8_12,24175.43523340706,21147.95856799656,0.9097732390201744,0.9097732390201744,ER,32469.929416258794,21570.45900144146
8,8_HE_val.ndpi,8_ER_val.ndpi,8_13,22012.456072747143,19837.870014752243,0.9097732390201744,0.9097732390201744,ER,31452.25664577243,19849.267820984547
8,8_HE_val.ndpi,8_ER_val.ndpi,8_14,19487.87306325917,19804.093486701844,0.9097732390201744,0.9097732390201744,ER,29436.186649749983,19479.985447805382
8,8_HE_val.ndpi,8_ER_val.ndpi,8_15,18199.042826297948,17835.730787702218,0.9097732390201744,0.9097732390201744,ER,29055.915967716584,16942.25515799043
8,8_HE_val.ndpi,8_ER_val.ndpi,8_16,18501.691565174096,17110.83824378115,0.9097732390201744,0.9097732390201744,ER,29624.657054218096,16153.252985796064
8,8_HE_val.ndpi,8_ER_val.ndpi,8_17,19179.290487179154,15411.419633853233,0.9097732390201744,0.9097732390201744,ER,30394.82479596162,14094.510688303631
8,8_HE_val.ndpi,8_ER_val.ndpi,8_18,19081.75668805756,15612.639914627569,0.9097732390201744,0.9097732390201744,ER,30354.204616065737,14307.35685128273
8,8_HE_val.ndpi,8_ER_val.ndpi,8_19,20566.891962172318,15139.070101597968,0.9097732390201744,0.9097732390201744,ER,31102.595913414087,14196.256985834489
8,8_HE_val.ndpi,8_ER_val.ndpi,8_20,18050.72930526532,11599.747655875944,0.9097732390201744,0.9097732390201744,ER,29725.422977528204,9394.901782415103
8,8_HE_val.ndpi,8_ER_val.ndpi,8_21,27736.65640776305,5306.736390996363,0.9097732390201744,0.9097732390201744,ER,36616.166709994584,3745.3150555739685
8,8_HE_val.ndpi,8_ER_val.ndpi,8_22,28225.190049484463,6041.294168836391,0.9097732390201744,0.9097732390201744,ER,37114.094079982344,4708.05097686322
8,8_HE_val.ndpi,8_ER_val.ndpi,8_23,27427.368922356676,6536.857071589702,0.9097732390201744,0.9097732390201744,ER,36440.71469828259,5103.173365477115
8,8_HE_val.ndpi,8_ER_val.ndpi,8_24,30334.87156564981,6222.2600103928135,0.9097732390201744,0.9097732390201744,ER,38795.28019483455,5198.392677003385
8,8_HE_val.ndpi,8_ER_val.ndpi,8_25,31108.214009888794,7164.449379509835,0.9097732390201744,0.9097732390201744,ER,39523.58007742621,6232.202428357957
8,8_HE_val.ndpi,8_ER_val.ndpi,8_26,31368.882439824083,5896.253534993364,0.9097732390201744,0.9097732390201744,ER,39618.046248736275,5006.458356592974
8,8_HE_val.ndpi,8_ER_val.ndpi,8_27,34508.5023438685,4958.494308703198,0.9097732390201744,0.9097732390201744,ER,41827.17282781638,3958.4381308780817
8,8_HE_val.ndpi,8_ER_val.ndpi,8_28,39351.88490819695,5906.442201429205,0.9097732390201744,0.9097732390201744,ER,42930.709152621996,4887.005353062383
8,8_HE_val.ndpi,8_ER_val.ndpi,8_29,38271.39120691086,3558.9758393117772,0.9097732390201744,0.9097732390201744,ER,43584.66675447917,2354.5043006805327
8,8_HE_val.ndpi,8_ER_val.ndpi,8_30,41386.87624491405,5870.572170662824,0.9097732390201744,0.9097732390201744,ER,44819.650400990016,4804.9237155679875
8,8_HE_val.ndpi,8_ER_val.ndpi,8_31,35920.99736006792,12794.708235483597,0.9097732390201744,0.9097732390201744,ER,42986.48364879279,12796.664052497164
8,8_HE_val.ndpi,8_ER_val.ndpi,8_32,38781.21686072049,18052.52246611006,0.9097732390201744,0.9097732390201744,ER,43314.08919417004,18657.55980607707
8,8_HE_val.ndpi,8_ER_val.ndpi,8_33,37799.385863523035,17841.979197753622,0.9097732390201744,0.9097732390201744,ER,43077.18344157182,18505.81650946633
8,8_HE_val.ndpi,8_ER_val.ndpi,8_34,40451.196007811406,16296.873198153988,0.9097732390201744,0.9097732390201744,ER,44912.0712796455,16973.979065685715
8,8_HE_val.ndpi,8_ER_val.ndpi,8_35,41299.29532019796,14863.9663025612,0.9097732390201744,0.9097732390201744,ER,46478.1230736576,15353.496489319821
8,8_HE_val.ndpi,8_ER_val.ndpi,8_36,40671.47743158894,13146.485747514958,0.9097732390201744,0.9097732390201744,ER,46026.43581453309,13410.283032440973
8,8_HE_val.ndpi,8_ER_val.ndpi,8_37,25156.40710870988,12090.526605062654,0.9097732390201744,0.9097732390201744,ER,34130.713981863126,10820.850306717393
8,8_HE_val.ndpi,8_ER_val.ndpi,8_38,26561.15228707519,13211.160906213956,0.9097732390201744,0.9097732390201744,ER,35086.356429744665,12431.485392714212
8,8_HE_val.ndpi,8_ER_val.ndpi,8_39,28983.559837382203,12199.311592478274,0.9097732390201744,0.9097732390201744,ER,37855.85421883644,11688.110545770338
8,8_HE_val.ndpi,8_ER_val.ndpi,8_40,28301.108164610763,4837.349081961222,0.9097732390201744,0.9097732390201744,ER,37094.20689834945,3313.244880444524
8,8_HE_val.ndpi,8_ER_val.ndpi,8_41,29714.15824402753,5576.941690850677,0.9097732390201744,0.9097732390201744,ER,38310.54895440689,4441.306295727005
8,8_HE_val.ndpi,8_ER_val.ndpi,8_42,25937.522517856694,15468.290712066571,0.9097732390201744,0.9097732390201744,ER,34092.86473289887,15201.201507767948
8,8_HE_val.ndpi,8_ER_val.ndpi,8_43,34270.70466966232,20131.15941898292,0.9097732390201744,0.9097732390201744,ER,39494.35700895518,20466.795178779998
8,8_HE_val.ndpi,8_ER_val.ndpi,8_44,39520.0701511194,18238.61566707261,0.9097732390201744,0.9097732390201744,ER,43878.65128416364,18795.242303837644
8,8_HE_val.ndpi,8_ER_val.ndpi,8_45,18374.54922278708,13841.949597203125,0.9097732390201744,0.9097732390201744,ER,30002.999554482412,12288.749159326835
8,8_HE_val.ndpi,8_ER_val.ndpi,8_46,20568.376949675658,12217.533102277284,0.9097732390201744,0.9097732390201744,ER,31601.650123906125,10824.537211405126
8,8_HE_val.ndpi,8_ER_val.ndpi,8_47,22874.584380185508,10154.76409058502,0.9097732390201744,0.9097732390201744,ER,32538.829123868436,8581.5514428425
8,8_HE_val.ndpi,8_ER_val.ndpi,8_48,21761.14943272273,9709.390111599909,0.9097732390201744,0.9097732390201744,ER,32076.674093951628,7997.984944604564
8,8_HE_val.ndpi,8_ER_val.ndpi,8_49,26175.27349756365,8106.4533716448195,0.9097732390201744,0.9097732390201744,ER,34852.16038753127,6804.337589826727
26,26_HE_val.ndpi,26_KI67_val.ndpi,26_1,14246.975866324141,6492.577759409762,0.9109542245502164,0.9109542245502164,KI67,11147.563177783224,8324.619808970516
26,26_HE_val.ndpi,26_KI67_val.ndpi,26_2,14949.279871432398,6624.329544151852,0.9109542245502164,0.9109542245502164,KI67,11379.311299336938,8310.74754681144
26,26_HE_val.ndpi,26_KI67_val.ndpi,26_3,15579.43164999356,8103.678328506619,0.9109542245502164,0.9109542245502164,KI67,11458.973461833679,9014.238496540915
26,26_HE_val.ndpi,26_KI67_val.ndpi,26_4,14868.823683491,9023.728917794188,0.9109542245502164,0.9109542245502164,KI67,10957.773279769473,9586.590676146916
26,26_HE_val.ndpi,26_KI67_val.ndpi,26_5,14545.224014330244,9051.097325100609,0.9109542245502164,0.9109542245502164,KI67,10811.679766664614,9664.188226937678
26,26_HE_val.ndpi,26_KI67_val.ndpi,26_6,15469.865170519497,9875.942802541129,0.9109542245502164,0.9109542245502164,KI67,11218.847179240349,10089.81191321059
26,26_HE_val.ndpi,26_KI67_val.ndpi,26_7,15857.570088659952,9950.566970285849,0.9109542245502164,0.9109542245502164,KI67,11434.56098244468,10138.722126652388
26,26_HE_val.ndpi,26_KI67_val.ndpi,26_8,15666.101227367903,14300.547590921702,0.9109542245502164,0.9109542245502164,KI67,10232.031405557074,13277.38204958797
26,26_HE_val.ndpi,26_KI67_val.ndpi,26_9,14890.28754156193,14978.982000433412,0.9109542245502164,0.9109542245502164,KI67,9723.34616754984,14069.418856892715
26,26_HE_val.ndpi,26_KI67_val.ndpi,26_10,15248.2680266609,14734.947993945345,0.9109542245502164,0.9109542245502164,KI67,9986.095313998445,13771.873593321638
26,26_HE_val.ndpi,26_KI67_val.ndpi,26_11,16084.072419946442,19591.70819150492,0.9109542245502164,0.9109542245502164,KI67,11521.345000679932,18100.7495568163
26,26_HE_val.ndpi,26_KI67_val.ndpi,26_12,17509.33517921611,18586.67458447041,0.9109542245502164,0.9109542245502164,KI67,12502.539598162035,17296.601883428386
26,26_HE_val.ndpi,26_KI67_val.ndpi,26_13,17035.32321043329,17328.34394071173,0.9109542245502164,0.9109542245502164,KI67,11851.615944741614,16192.977735635444
26,26_HE_val.ndpi,26_KI67_val.ndpi,26_14,18067.312319983663,16632.30781774036,0.9109542245502164,0.9109542245502164,KI67,12522.322836073427,15584.523897064022
26,26_HE_val.ndpi,26_KI67_val.ndpi,26_15,18668.94651290559,16945.78628798128,0.9109542245502164,0.9109542245502164,KI67,13180.677519425908,15903.50006338225
26,26_HE_val.ndpi,26_KI67_val.ndpi,26_16,19433.303407826705,18089.506655003253,0.9109542245502164,0.9109542245502164,KI67,14050.476117024104,16708.499802770908
26,26_HE_val.ndpi,26_KI67_val.ndpi,26_17,18161.072315193123,20204.778717411584,0.9109542245502164,0.9109542245502164,KI67,13458.470260686963,18369.071976775424
26,26_HE_val.ndpi,26_KI67_val.ndpi,26_18,20213.59683479438,20938.377223639432,0.9109542245502164,0.9109542245502164,KI67,15754.134048199407,18658.393063866588
26,26_HE_val.ndpi,26_KI67_val.ndpi,26_19,20200.95305440376,20672.273411729908,0.9109542245502164,0.9109542245502164,KI67,15652.646035849306,18483.486690796693
26,26_HE_val.ndpi,26_KI67_val.ndpi,26_20,22004.162359136102,21130.05612597097,0.9109542245502164,0.9109542245502164,KI67,17682.081961148353,18402.334893672116
26,26_HE_val.ndpi,26_KI67_val.ndpi,26_21,24302.5463160637,19710.21750812165,0.9109542245502164,0.9109542245502164,KI67,19729.087428694555,17223.923331459082
26,26_HE_val.ndpi,26_KI67_val.ndpi,26_22,23408.62566742467,18588.809436879867,0.9109542245502164,0.9109542245502164,KI67,18375.092535378662,16502.44251777682
26,26_HE_val.ndpi,26_KI67_val.ndpi,26_23,23276.418093032535,17189.083169665668,0.9109542245502164,0.9109542245502164,KI67,17632.446877704628,15801.21265856679
26,26_HE_val.ndpi,26_KI67_val.ndpi,26_24,22867.894440938657,16497.0769877622,0.9109542245502164,0.9109542245502164,KI67,17144.02729853503,15453.029939156371
26,26_HE_val.ndpi,26_KI67_val.ndpi,26_25,22515.55597531408,16594.94657404515,0.9109542245502164,0.9109542245502164,KI67,16866.94139061188,15559.975603512763
26,26_HE_val.ndpi,26_KI67_val.ndpi,26_26,23780.032744160824,16211.116882220018,0.9109542245502164,0.9109542245502164,KI67,17897.429972505524,15169.107604897014
26,26_HE_val.ndpi,26_KI67_val.ndpi,26_27,22011.06486542784,14933.830885308047,0.9109542245502164,0.9109542245502164,KI67,16153.29838826231,14295.499870903333
26,26_HE_val.ndpi,26_KI67_val.ndpi,26_28,23291.731141073546,14596.423154097882,0.9109542245502164,0.9109542245502164,KI67,17288.570305318768,13958.491884578681
26,26_HE_val.ndpi,26_KI67_val.ndpi,26_29,24683.563821495565,13987.638750307475,0.9109542245502164,0.9109542245502164,KI67,18520.180767512386,13392.368832830887
26,26_HE_val.ndpi,26_KI67_val.ndpi,26_30,24205.151181617093,13450.186836769799,0.9109542245502164,0.9109542245502164,KI67,18079.020221830255,12964.430752924707
26,26_HE_val.ndpi,26_KI67_val.ndpi,26_31,24315.15165526968,12866.784498058665,0.9109542245502164,0.9109542245502164,KI67,18189.670194677772,12380.876522643352
26,26_HE_val.ndpi,26_KI67_val.ndpi,26_32,25688.553703931422,15141.273392238447,0.9109542245502164,0.9109542245502164,KI67,19557.918356538103,14243.257020455829
26,26_HE_val.ndpi,26_KI67_val.ndpi,26_33,25461.56181743956,14701.997058585923,0.9109542245502164,0.9109542245502164,KI67,19269.712505659696,13903.336594003018
26,26_HE_val.ndpi,26_KI67_val.ndpi,26_34,27928.151081569205,14844.137299544102,0.9109542245502164,0.9109542245502164,KI67,21199.950160180317,13696.695049097783
26,26_HE_val.ndpi,26_KI67_val.ndpi,26_35,33234.947982361824,15750.402714743028,0.9109542245502164,0.9109542245502164,KI67,25867.346757011732,13836.283392665866
26,26_HE_val.ndpi,26_KI67_val.ndpi,26_36,32882.842544111074,17214.05087375699,0.9109542245502164,0.9109542245502164,KI67,25999.4177155101,14874.48974530739
26,26_HE_val.ndpi,26_KI67_val.ndpi,26_37,33858.614426198714,18834.34822281288,0.9109542245502164,0.9109542245502164,KI67,27254.93640450118,16121.544820191977
26,26_HE_val.ndpi,26_KI67_val.ndpi,26_38,34830.866908243624,18870.913138778087,0.9109542245502164,0.9109542245502164,KI67,27640.665457691728,16084.394154243231
26,26_HE_val.ndpi,26_KI67_val.ndpi,26_39,36458.35536096968,18964.316881503248,0.9109542245502164,0.9109542245502164,KI67,28721.548372686164,15972.230073271034
26,26_HE_val.ndpi,26_KI67_val.ndpi,26_40,36191.34587591101,18061.260303468636,0.9109542245502164,0.9109542245502164,KI67,28218.078129659378,15330.315661630237
26,26_HE_val.ndpi,26_KI67_val.ndpi,26_41,36721.494899163656,18365.402506349557,0.9109542245502164,0.9109542245502164,KI67,28646.493879048467,15490.873629252841
26,26_HE_val.ndpi,26_KI67_val.ndpi,26_42,33924.189654712565,8928.176187017167,0.9109542245502164,0.9109542245502164,KI67,25605.096364462537,8748.786741386155
26,26_HE_val.ndpi,26_KI67_val.ndpi,26_43,32735.825799869315,8749.398965291763,0.9109542245502164,0.9109542245502164,KI67,24512.15852345743,8785.986038497873
26,26_HE_val.ndpi,26_KI67_val.ndpi,26_44,32433.479653086142,8477.723081049626,0.9109542245502164,0.9109542245502164,KI67,24208.111798841946,8652.881987184319
26,26_HE_val.ndpi,26_KI67_val.ndpi,26_45,30574.48438036633,8154.624026471563,0.9109542245502164,0.9109542245502164,KI67,22620.559999191675,8406.506688872194
26,26_HE_val.ndpi,26_KI67_val.ndpi,26_46,30868.640094202117,6855.3745681281835,0.9109542245502164,0.9109542245502164,KI67,22417.443427856266,7429.131384608806
26,26_HE_val.ndpi,26_KI67_val.ndpi,26_47,24430.423367130643,6965.505340413842,0.9109542245502164,0.9109542245502164,KI67,18289.936368068655,7448.722713916824
26,26_HE_val.ndpi,26_KI67_val.ndpi,26_48,23871.69392054644,5762.633243180218,0.9109542245502164,0.9109542245502164,KI67,17784.25347655484,6850.8848607125165
26,26_HE_val.ndpi,26_KI67_val.ndpi,26_49,24505.17682217937,4769.803721212563,0.9109542245502164,0.9109542245502164,KI67,18180.776047550058,6416.632149806007
26,26_HE_val.ndpi,26_KI67_val.ndpi,26_50,21632.253919078863,4483.688641025666,0.9109542245502164,0.9109542245502164,KI67,16450.154964774534,6165.202544081645
6,6_HE_val.ndpi,6_KI67_val.ndpi,6_1,36062.06531219767,18136.209254614518,0.9097732390201744,0.9097732390201744,KI67,42551.17835911542,21174.524875770232
6,6_HE_val.ndpi,6_KI67_val.ndpi,6_2,36030.631886026116,17784.829942531615,0.9097732390201744,0.9097732390201744,KI67,42157.179430787015,20856.001377920336
6,6_HE_val.ndpi,6_KI67_val.ndpi,6_3,36901.58935974219,18091.059682042454,0.9097732390201744,0.9097732390201744,KI67,43643.82673300338,21200.583880518425
6,6_HE_val.ndpi,6_KI67_val.ndpi,6_4,37967.512082632704,17830.761031913564,0.9097732390201744,0.9097732390201744,KI67,44565.26903703982,21063.763108975516
6,6_HE_val.ndpi,6_KI67_val.ndpi,6_5,38034.83671214922,17312.228298289116,0.9097732390201744,0.9097732390201744,KI67,43991.63737492651,20489.133327481322
6,6_HE_val.ndpi,6_KI67_val.ndpi,6_6,38018.745415360216,16821.286575510338,0.9097732390201744,0.9097732390201744,KI67,43428.668584974104,19992.63698393018
6,6_HE_val.ndpi,6_KI67_val.ndpi,6_7,36432.479261386434,17009.16047747854,0.9097732390201744,0.9097732390201744,KI67,41883.6900724664,20092.842720988963
6,6_HE_val.ndpi,6_KI67_val.ndpi,6_8,36430.237437581585,16839.217452878835,0.9097732390201744,0.9097732390201744,KI67,41709.55799589464,19892.237513034946
6,6_HE_val.ndpi,6_KI67_val.ndpi,6_9,36627.980602543226,16581.445112839552,0.9097732390201744,0.9097732390201744,KI67,41694.86972205193,19616.02527057736
6,6_HE_val.ndpi,6_KI67_val.ndpi,6_10,36317.98161972978,16188.719445897363,0.9097732390201744,0.9097732390201744,KI67,40915.41954003466,19095.745337869852
6,6_HE_val.ndpi,6_KI67_val.ndpi,6_11,36906.7624811626,15692.447714292062,0.9097732390201744,0.9097732390201744,KI67,41054.1446579003,18588.474367486284
6,6_HE_val.ndpi,6_KI67_val.ndpi,6_12,38143.87635493012,14583.325779174174,0.9097732390201744,0.9097732390201744,KI67,41073.767838934546,17203.771228099904
6,6_HE_val.ndpi,6_KI67_val.ndpi,6_13,39899.87081873925,8613.440060804049,0.9097732390201744,0.9097732390201744,KI67,37850.292864444185,9461.091696339525
6,6_HE_val.ndpi,6_KI67_val.ndpi,6_14,38598.56514317863,9763.88701555068,0.9097732390201744,0.9097732390201744,KI67,36832.8268909519,10780.230407174944
6,6_HE_val.ndpi,6_KI67_val.ndpi,6_15,38217.083549178366,9570.802001578975,0.9097732390201744,0.9097732390201744,KI67,36466.00246732255,10575.823261559259
6,6_HE_val.ndpi,6_KI67_val.ndpi,6_16,37887.9172548062,9319.114420305019,0.9097732390201744,0.9097732390201744,KI67,36098.06261550189,10263.537412779691
6,6_HE_val.ndpi,6_KI67_val.ndpi,6_17,37512.612319298256,8444.67789051052,0.9097732390201744,0.9097732390201744,KI67,35417.01481443201,8989.257639345553
6,6_HE_val.ndpi,6_KI67_val.ndpi,6_18,36999.481735442445,8500.592027815594,0.9097732390201744,0.9097732390201744,KI67,34934.34554193857,9155.481770272443
6,6_HE_val.ndpi,6_KI67_val.ndpi,6_19,36000.813893325736,8218.081114917119,0.9097732390201744,0.9097732390201744,KI67,33928.544538088994,8952.916415240765
6,6_HE_val.ndpi,6_KI67_val.ndpi,6_20,35401.86117252745,8080.173985470871,0.9097732390201744,0.9097732390201744,KI67,33433.92478176894,8834.462379515522
6,6_HE_val.ndpi,6_KI67_val.ndpi,6_21,26289.404269823583,4925.5599834493405,0.9097732390201744,0.9097732390201744,KI67,28027.893586848957,4850.101731913304
6,6_HE_val.ndpi,6_KI67_val.ndpi,6_22,27188.31663433174,5789.814391738136,0.9097732390201744,0.9097732390201744,KI67,27779.030749341095,6025.547162087177
6,6_HE_val.ndpi,6_KI67_val.ndpi,6_23,28276.18862452856,4463.411037809557,0.9097732390201744,0.9097732390201744,KI67,28643.89766128056,4518.72532880711
6,6_HE_val.ndpi,6_KI67_val.ndpi,6_24,27871.534453941542,5887.221433969613,0.9097732390201744,0.9097732390201744,KI67,27847.071540662335,6264.694499257341
6,6_HE_val.ndpi,6_KI67_val.ndpi,6_25,34472.91796622426,3024.7396311769958,0.9097732390201744,0.9097732390201744,KI67,31733.85949774751,3306.202893652013
6,6_HE_val.ndpi,6_KI67_val.ndpi,6_26,35634.56905373086,2467.7534371273805,0.9097732390201744,0.9097732390201744,KI67,31733.278120947067,2428.351067047058
6,6_HE_val.ndpi,6_KI67_val.ndpi,6_27,35219.672052162234,2789.0124374917805,0.9097732390201744,0.9097732390201744,KI67,31782.65114652737,2839.5584620619347
6,6_HE_val.ndpi,6_KI67_val.ndpi,6_28,29592.673432980664,4932.993220072647,0.9097732390201744,0.9097732390201744,KI67,28988.77628916746,5038.360373488133
6,6_HE_val.ndpi,6_KI67_val.ndpi,6_29,30024.953745485298,5418.629166962884,0.9097732390201744,0.9097732390201744,KI67,28762.743712112348,5802.330745933356
6,6_HE_val.ndpi,6_KI67_val.ndpi,6_30,29343.5116617849,6298.920102081346,0.9097732390201744,0.9097732390201744,KI67,27848.385408998853,6962.619384616812
6,6_HE_val.ndpi,6_KI67_val.ndpi,6_31,43191.91056699116,6090.600246580678,0.9097732390201744,0.9097732390201744,KI67,39364.219972557294,6433.315304674289
6,6_HE_val.ndpi,6_KI67_val.ndpi,6_32,38186.82171857485,1951.4499080509866,0.9097732390201744,0.9097732390201744,KI67,32952.26582818104,1747.87154569286
6,6_HE_val.ndpi,6_KI67_val.ndpi,6_33,37238.697443462166,2582.669588774086,0.9097732390201744,0.9097732390201744,KI67,32300.286389522164,2423.9448521217273
6,6_HE_val.ndpi,6_KI67_val.ndpi,6_34,38081.17013017038,3814.3897115665004,0.9097732390201744,0.9097732390201744,KI67,33311.94026940988,3750.6902093368235
6,6_HE_val.ndpi,6_KI67_val.ndpi,6_35,38773.13097328483,4344.447307645359,0.9097732390201744,0.9097732390201744,KI67,34317.64474491361,4289.936747208661
6,6_HE_val.ndpi,6_KI67_val.ndpi,6_36,40407.73566376246,2686.341588326596,0.9097732390201744,0.9097732390201744,KI67,33860.58798672343,2250.517847064698
6,6_HE_val.ndpi,6_KI67_val.ndpi,6_37,40281.69793695239,2221.9747226083546,0.9097732390201744,0.9097732390201744,KI67,33679.57370508964,1809.236959110528
6,6_HE_val.ndpi,6_KI67_val.ndpi,6_38,40502.75539292906,6217.91201373651,0.9097732390201744,0.9097732390201744,KI67,37284.206971034546,6314.983733140116
6,6_HE_val.ndpi,6_KI67_val.ndpi,6_39,40072.316675076094,7429.176310033397,0.9097732390201744,0.9097732390201744,KI67,37462.241494384645,7982.990254429835
6,6_HE_val.ndpi,6_KI67_val.ndpi,6_40,40485.2201906914,7874.046502481993,0.9097732390201744,0.9097732390201744,KI67,38044.359933828666,8485.597681649673
6,6_HE_val.ndpi,6_KI67_val.ndpi,6_41,38309.17728378277,6983.286227485269,0.9097732390201744,0.9097732390201744,KI67,35815.41169793103,7397.325654744634
6,6_HE_val.ndpi,6_KI67_val.ndpi,6_42,34678.80823965973,10495.597529864495,0.9097732390201744,0.9097732390201744,KI67,32972.647281772886,11992.84045535457
6,6_HE_val.ndpi,6_KI67_val.ndpi,6_43,31976.90534437008,8944.17811246347,0.9097732390201744,0.9097732390201744,KI67,30160.01085535099,10001.432423096849
6,6_HE_val.ndpi,6_KI67_val.ndpi,6_44,31173.829323052458,6955.041165944149,0.9097732390201744,0.9097732390201744,KI67,29186.440872449533,7583.692968462268
6,6_HE_val.ndpi,6_KI67_val.ndpi,6_45,41413.56797075194,10214.340982286089,0.9097732390201744,0.9097732390201744,KI67,39868.78491753919,11259.166210198891
6,6_HE_val.ndpi,6_KI67_val.ndpi,6_46,42762.29574193167,8301.583065195418,0.9097732390201744,0.9097732390201744,KI67,40638.30218903269,9116.273847908917
6,6_HE_val.ndpi,6_KI67_val.ndpi,6_47,41529.40064433227,7359.869931135795,0.9097732390201744,0.9097732390201744,KI67,38976.496124905985,7914.0722500490465
6,6_HE_val.ndpi,6_KI67_val.ndpi,6_48,41900.29807985596,6033.999930804184,0.9097732390201744,0.9097732390201744,KI67,38257.17833657882,6178.8854175903425
6,6_HE_val.ndpi,6_KI67_val.ndpi,6_49,41891.07769365545,4729.978448204804,0.9097732390201744,0.9097732390201744,KI67,37048.290659897495,4684.441434332665
6,6_HE_val.ndpi,6_KI67_val.ndpi,6_50,41843.4919498606,3191.835249123045,0.9097732390201744,0.9097732390201744,KI67,35672.435671673935,2927.3704652664014
92,92_HE_val.ndpi,92_KI67_val.ndpi,92_1,33777.103532332985,3171.806167400882,0.919793966151582,0.919793966151582,KI67,35095.51947888075,7677.560513190855
92,92_HE_val.ndpi,92_KI67_val.ndpi,92_2,42359.71700819456,6300.440348778125,0.919793966151582,0.919793966151582,KI67,37752.40863126091,12041.54252653337
92,92_HE_val.ndpi,92_KI67_val.ndpi,92_3,35517.42393020289,3334.465679788766,0.919793966151582,0.919793966151582,KI67,36018.442161315514,8127.305049233207
92,92_HE_val.ndpi,92_KI67_val.ndpi,92_4,40149.658376162515,5230.406984691824,0.919793966151582,0.919793966151582,KI67,37294.94039449345,10717.786030654159
92,92_HE_val.ndpi,92_KI67_val.ndpi,92_5,38891.912131609424,4576.049851345187,0.919793966151582,0.919793966151582,KI67,36983.401855942575,9540.271215457471
92,92_HE_val.ndpi,92_KI67_val.ndpi,92_6,38710.498673203256,5250.831075117469,0.919793966151582,0.919793966151582,KI67,36199.236798157806,10188.874182617123
92,92_HE_val.ndpi,92_KI67_val.ndpi,92_7,39574.448610846106,6252.4909150912,0.919793966151582,0.919793966151582,KI67,35969.73251891025,11415.923241110346
92,92_HE_val.ndpi,92_KI67_val.ndpi,92_8,39826.08606367025,7085.726055694218,0.919793966151582,0.919793966151582,KI67,35331.3176519289,12245.566639890296
92,92_HE_val.ndpi,92_KI67_val.ndpi,92_9,40931.067998027815,6626.393252692987,0.919793966151582,0.919793966151582,KI67,36507.6235748087,12057.668069119172
92,92_HE_val.ndpi,92_KI67_val.ndpi,92_10,40762.48971684995,9538.730532149073,0.919793966151582,0.919793966151582,KI67,34682.22063742988,14356.615773286581
92,92_HE_val.ndpi,92_KI67_val.ndpi,92_11,39926.36413983035,8218.991369193762,0.919793966151582,0.919793966151582,KI67,34630.669129544694,13247.782945341036
92,92_HE_val.ndpi,92_KI67_val.ndpi,92_12,40210.21269919146,8777.740213832476,0.919793966151582,0.919793966151582,KI67,34588.134679758004,13671.64519077584
92,92_HE_val.ndpi,92_KI67_val.ndpi,92_13,38524.79814241372,9268.404070003531,0.919793966151582,0.919793966151582,KI67,32932.48969328606,13573.097854550904
92,92_HE_val.ndpi,92_KI67_val.ndpi,92_14,38459.2074286623,7998.6916346570315,0.919793966151582,0.919793966151582,KI67,33713.603035341046,12658.136613897585
92,92_HE_val.ndpi,92_KI67_val.ndpi,92_15,36485.70978403703,7979.361770139429,0.919793966151582,0.919793966151582,KI67,32260.906976802093,11985.501674071491
92,92_HE_val.ndpi,92_KI67_val.ndpi,92_16,35337.87515852351,7812.872878895008,0.919793966151582,0.919793966151582,KI67,31572.47239186409,11494.935407093055
92,92_HE_val.ndpi,92_KI67_val.ndpi,92_17,35036.63108757662,9124.030653124177,0.919793966151582,0.919793966151582,KI67,30622.320739778435,12405.633315184123
92,92_HE_val.ndpi,92_KI67_val.ndpi,92_18,33537.221636382885,6637.387340110945,0.919793966151582,0.919793966151582,KI67,31294.194442558128,10116.378558958106
92,92_HE_val.ndpi,92_KI67_val.ndpi,92_19,30549.44709059397,6440.446112333097,0.919793966151582,0.919793966151582,KI67,29266.512797437885,9520.04107446813
92,92_HE_val.ndpi,92_KI67_val.ndpi,92_20,31335.198332268898,6422.9188544509,0.919793966151582,0.919793966151582,KI67,29844.86091336739,9559.82982909418
92,92_HE_val.ndpi,92_KI67_val.ndpi,92_21,30385.54560248888,8241.882803457669,0.919793966151582,0.919793966151582,KI67,28391.45258934388,10637.700490140813
92,92_HE_val.ndpi,92_KI67_val.ndpi,92_22,32352.46226280689,9005.966189919103,0.919793966151582,0.919793966151582,KI67,29079.060546751327,11529.308333933499
92,92_HE_val.ndpi,92_KI67_val.ndpi,92_23,30821.74994199861,10949.650422210827,0.919793966151582,0.919793966151582,KI67,27123.19030901454,12536.52149747288
92,92_HE_val.ndpi,92_KI67_val.ndpi,92_24,30715.664827357366,10372.087326738198,0.919793966151582,0.919793966151582,KI67,27364.07950084359,12080.863961571678
92,92_HE_val.ndpi,92_KI67_val.ndpi,92_25,31882.161799197762,11798.161875994021,0.919793966151582,0.919793966151582,KI67,27310.225067226816,13429.378502045907
92,92_HE_val.ndpi,92_KI67_val.ndpi,92_26,32288.527921285353,13047.084257013395,0.919793966151582,0.919793966151582,KI67,26673.364447538162,14342.08360175849
92,92_HE_val.ndpi,92_KI67_val.ndpi,92_27,34152.106511989514,13837.330595114598,0.919793966151582,0.919793966151582,KI67,27031.27878667346,15267.575773688735
92,92_HE_val.ndpi,92_KI67_val.ndpi,92_28,35280.040084090935,14223.670977204776,0.919793966151582,0.919793966151582,KI67,27486.05260280812,15906.802927548588
92,92_HE_val.ndpi,92_KI67_val.ndpi,92_29,36185.660220391714,13641.142766153294,0.919793966151582,0.919793966151582,KI67,28691.310423438306,15694.241656972152
92,92_HE_val.ndpi,92_KI67_val.ndpi,92_30,40208.83888536135,14138.08870407064,0.919793966151582,0.919793966151582,KI67,31672.065044528306,17982.71561539762
92,92_HE_val.ndpi,92_KI67_val.ndpi,92_31,38380.7803636805,13340.798494588891,0.919793966151582,0.919793966151582,KI67,30662.99600788813,16113.400130144495
92,92_HE_val.ndpi,92_KI67_val.ndpi,92_32,23702.310918867242,15752.21716701329,0.919793966151582,0.919793966151582,KI67,21028.732834920673,15078.817592426518
92,92_HE_val.ndpi,92_KI67_val.ndpi,92_33,23801.574694342027,15226.249864241174,0.919793966151582,0.919793966151582,KI67,21389.311502202432,14473.018043717617
92,92_HE_val.ndpi,92_KI67_val.ndpi,92_34,23756.70026190753,15004.56826953892,0.919793966151582,0.919793966151582,KI67,21487.274172889698,14193.213823686321
92,92_HE_val.ndpi,92_KI67_val.ndpi,92_35,22492.456923638598,13917.600506756473,0.919793966151582,0.919793966151582,KI67,21114.52861430276,12525.080414028926
92,92_HE_val.ndpi,92_KI67_val.ndpi,92_36,22355.762672848185,13360.95897003264,0.919793966151582,0.919793966151582,KI67,21192.600061391226,11892.148154092802
92,92_HE_val.ndpi,92_KI67_val.ndpi,92_37,22747.223549340488,13009.794662108368,0.919793966151582,0.919793966151582,KI67,21705.83332589698,11694.272140840923
92,92_HE_val.ndpi,92_KI67_val.ndpi,92_38,23591.429311588727,11908.041945056832,0.919793966151582,0.919793966151582,KI67,22755.622232395,11238.03004109035
92,92_HE_val.ndpi,92_KI67_val.ndpi,92_39,27255.854593991844,11510.686420339656,0.919793966151582,0.919793966151582,KI67,25041.549500273868,11988.10862705477
92,92_HE_val.ndpi,92_KI67_val.ndpi,92_40,22696.198982608654,8422.411802391638,0.919793966151582,0.919793966151582,KI67,22585.08502735473,9703.028130621215
92,92_HE_val.ndpi,92_KI67_val.ndpi,92_41,24215.294088461666,6413.978280126496,0.919793966151582,0.919793966151582,KI67,24567.985244398446,8127.083868361656
92,92_HE_val.ndpi,92_KI67_val.ndpi,92_42,26364.134087279013,2323.9077506857097,0.919793966151582,0.919793966151582,KI67,29333.322723263213,4936.6383309283265
92,92_HE_val.ndpi,92_KI67_val.ndpi,92_43,27299.31604639438,2083.890175991019,0.919793966151582,0.919793966151582,KI67,30440.385002665505,4934.6286425399
92,92_HE_val.ndpi,92_KI67_val.ndpi,92_44,25314.1217777728,2880.321268960069,0.919793966151582,0.919793966151582,KI67,28054.067725350666,5069.593604086718
92,92_HE_val.ndpi,92_KI67_val.ndpi,92_45,25022.724036885542,1412.5220024848438,0.919793966151582,0.919793966151582,KI67,29375.039780154857,4070.1472130564066
92,92_HE_val.ndpi,92_KI67_val.ndpi,92_46,26821.942351734302,9467.88970734706,0.919793966151582,0.919793966151582,KI67,25321.378657944493,10856.504370818624
92,92_HE_val.ndpi,92_KI67_val.ndpi,92_47,26920.847201838067,10414.209884933372,0.919793966151582,0.919793966151582,KI67,25243.004823736195,11328.217106283784
92,92_HE_val.ndpi,92_KI67_val.ndpi,92_48,26433.383156369633,12750.164031379287,0.919793966151582,0.919793966151582,KI67,24120.26916887538,12639.237612141147
92,92_HE_val.ndpi,92_KI67_val.ndpi,92_49,27180.2528624042,5177.915709784249,0.919793966151582,0.919793966151582,KI67,27775.144544385792,7677.324784596197
92,92_HE_val.ndpi,92_KI67_val.ndpi,92_50,29355.04346085758,3959.8179880081148,0.919793966151582,0.919793966151582,KI67,30771.771735256483,7146.9577401189745
61,61_HE_val.ndpi,61_ER_val.ndpi,61_1,20603.81343407941,13696.596737841886,0.907338096858342,0.907338096858342,ER,11696.96201654815,10300.515918247109
61,61_HE_val.ndpi,61_ER_val.ndpi,61_2,22297.889123440717,14579.336746146519,0.907338096858342,0.907338096858342,ER,13099.821692183888,11028.788957305715
61,61_HE_val.ndpi,61_ER_val.ndpi,61_3,20785.301895096014,14503.451731837298,0.907338096858342,0.907338096858342,ER,11593.765395367433,11097.695928193776
61,61_HE_val.ndpi,61_ER_val.ndpi,61_4,21326.03769072144,11869.12070589612,0.907338096858342,0.907338096858342,ER,13991.242129370989,8358.58107538691
61,61_HE_val.ndpi,61_ER_val.ndpi,61_5,23088.833787237203,7656.824759568008,0.907338096858342,0.907338096858342,ER,18520.42042473728,5573.551159873285
61,61_HE_val.ndpi,61_ER_val.ndpi,61_6,20350.314631902147,8375.375727823208,0.907338096858342,0.907338096858342,ER,15307.920264877637,4719.598062378412
61,61_HE_val.ndpi,61_ER_val.ndpi,61_7,20896.29006790023,7538.525933019068,0.907338096858342,0.907338096858342,ER,16454.438922962127,3989.4884450618842
61,61_HE_val.ndpi,61_ER_val.ndpi,61_8,26076.600632203408,12850.837753030513,0.907338096858342,0.907338096858342,ER,17315.529951808137,9010.680245000362
61,61_HE_val.ndpi,61_ER_val.ndpi,61_9,27626.11410003877,12742.629462356734,0.907338096858342,0.907338096858342,ER,18777.757267666904,9010.567074780183
61,61_HE_val.ndpi,61_ER_val.ndpi,61_10,30833.326399695718,11319.126755883834,0.907338096858342,0.907338096858342,ER,22794.70802590126,8888.492080802296
61,61_HE_val.ndpi,61_ER_val.ndpi,61_11,31312.336422289918,12307.314397027661,0.907338096858342,0.907338096858342,ER,23038.07580621978,9540.531924956884
61,61_HE_val.ndpi,61_ER_val.ndpi,61_12,17591.038476595368,17412.080845049826,0.907338096858342,0.907338096858342,ER,7691.539169442335,13184.943766573282
61,61_HE_val.ndpi,61_ER_val.ndpi,61_13,18963.457252269323,20178.20434500245,0.907338096858342,0.907338096858342,ER,7720.323753879031,15616.314807880946
61,61_HE_val.ndpi,61_ER_val.ndpi,61_14,24722.07193726458,10867.219655607614,0.907338096858342,0.907338096858342,ER,16914.997020171268,7909.64201095719
61,61_HE_val.ndpi,61_ER_val.ndpi,61_15,33305.98323821885,5896.4963626272465,0.907338096858342,0.907338096858342,ER,26500.7377918401,6675.03441278348
61,61_HE_val.ndpi,61_ER_val.ndpi,61_16,32113.1390376366,7909.298244895784,0.907338096858342,0.907338096858342,ER,24167.077927380647,8044.53843466735
61,61_HE_val.ndpi,61_ER_val.ndpi,61_17,23873.528362159366,10017.99370103705,0.907338096858342,0.907338096858342,ER,16726.042278287325,7454.709684970169
61,61_HE_val.ndpi,61_ER_val.ndpi,61_18,23328.531215522205,9242.004386288783,0.907338096858342,0.907338096858342,ER,17313.88987754012,6739.200662004031
61,61_HE_val.ndpi,61_ER_val.ndpi,61_19,19155.406656306674,11332.35147257106,0.907338096858342,0.907338096858342,ER,12286.13636784742,7770.845084576392
61,61_HE_val.ndpi,61_ER_val.ndpi,61_20,18414.422203887174,14347.9789955384,0.907338096858342,0.907338096858342,ER,9243.563174123867,10626.50862120597
61,61_HE_val.ndpi,61_ER_val.ndpi,61_21,35878.65848520205,17428.519694532806,0.907338096858342,0.907338096858342,ER,26714.41590816257,15118.162156344953
61,61_HE_val.ndpi,61_ER_val.ndpi,61_22,24098.4783569366,12627.086732800472,0.907338096858342,0.907338096858342,ER,15767.969153093063,9097.698510416914
61,61_HE_val.ndpi,61_ER_val.ndpi,61_23,17760.784135255082,9643.558824529588,0.907338096858342,0.907338096858342,ER,12196.318304133993,5726.562614016722
61,61_HE_val.ndpi,61_ER_val.ndpi,61_24,17088.770576221406,11538.048889529337,0.907338096858342,0.907338096858342,ER,9415.66026035217,7885.051798662425
61,61_HE_val.ndpi,61_ER_val.ndpi,61_25,22409.812020174126,11796.346424515437,0.907338096858342,0.907338096858342,ER,15078.83234189818,8488.819857364215
61,61_HE_val.ndpi,61_ER_val.ndpi,61_26,14741.393489909065,14678.815210493542,0.907338096858342,0.907338096858342,ER,4932.689888797299,10474.30294791257
61,61_HE_val.ndpi,61_ER_val.ndpi,61_27,13898.244182798036,17090.629117314485,0.907338096858342,0.907338096858342,ER,3662.027751427648,12297.870733722932
61,61_HE_val.ndpi,61_ER_val.ndpi,61_28,17761.527502044042,7185.952114366274,0.907338096858342,0.907338096858342,ER,13263.045945588608,2602.645365743511
61,61_HE_val.ndpi,61_ER_val.ndpi,61_29,29411.59764660265,5618.029564293645,0.907338096858342,0.907338096858342,ER,24331.415433357306,6387.400156611387
61,61_HE_val.ndpi,61_ER_val.ndpi,61_30,19352.059924237732,13585.366673524188,0.907338096858342,0.907338096858342,ER,10401.24889290153,10065.709279426876
61,61_HE_val.ndpi,61_ER_val.ndpi,61_31,19741.85920792523,12821.360077496685,0.907338096858342,0.907338096858342,ER,11294.578210734928,9141.484906671916
61,61_HE_val.ndpi,61_ER_val.ndpi,61_32,16457.584657867534,13450.45080070493,0.907338096858342,0.907338096858342,ER,7553.39781529538,9565.316740347667
61,61_HE_val.ndpi,61_ER_val.ndpi,61_33,22066.004277986216,10336.726239308493,0.907338096858342,0.907338096858342,ER,15467.086961762,7129.881512665721
61,61_HE_val.ndpi,61_ER_val.ndpi,61_34,19665.04193084807,10271.228317643716,0.907338096858342,0.907338096858342,ER,13672.985900422595,6691.46590192473
61,61_HE_val.ndpi,61_ER_val.ndpi,61_35,19481.47580331263,8879.98215485971,0.907338096858342,0.907338096858342,ER,14122.887868651498,4986.014354284594
61,61_HE_val.ndpi,61_ER_val.ndpi,61_36,21786.973443781742,8374.467720786433,0.907338096858342,0.907338096858342,ER,16724.185839364935,5572.728809988954
61,61_HE_val.ndpi,61_ER_val.ndpi,61_37,29572.921159986203,10099.17653557152,0.907338096858342,0.907338096858342,ER,21440.435210641004,8739.731083546158
61,61_HE_val.ndpi,61_ER_val.ndpi,61_38,29766.91023070325,8728.320435837655,0.907338096858342,0.907338096858342,ER,21792.577684113716,8627.633336308048
61,61_HE_val.ndpi,61_ER_val.ndpi,61_39,31086.035911579238,8482.600946262719,0.907338096858342,0.907338096858342,ER,23030.958420550713,8548.033557627045
61,61_HE_val.ndpi,61_ER_val.ndpi,61_40,31474.01405301335,10086.243930857052,0.907338096858342,0.907338096858342,ER,23506.205544794568,8892.81466576203
61,61_HE_val.ndpi,61_ER_val.ndpi,61_41,24108.03716274416,19853.511985181896,0.907338096858342,0.907338096858342,ER,12605.98040900213,15327.135768977869
61,61_HE_val.ndpi,61_ER_val.ndpi,61_42,22484.169021332484,18697.28725175259,0.907338096858342,0.907338096858342,ER,11708.228084754479,14523.360258248566
61,61_HE_val.ndpi,61_ER_val.ndpi,61_43,18442.734952104165,13124.468295547073,0.907338096858342,0.907338096858342,ER,10121.179126711033,9523.140788107301
61,61_HE_val.ndpi,61_ER_val.ndpi,61_44,22890.05667520808,13539.368652142704,0.907338096858342,0.907338096858342,ER,14247.587361774442,10050.44950490268
61,61_HE_val.ndpi,61_ER_val.ndpi,61_45,34187.52075009754,20910.248355556625,0.907338096858342,0.907338096858342,ER,24755.93645829431,18283.577825550925
61,61_HE_val.ndpi,61_ER_val.ndpi,61_46,34155.4099823547,19041.935994351334,0.907338096858342,0.907338096858342,ER,24965.557094578337,16270.486403700348
61,61_HE_val.ndpi,61_ER_val.ndpi,61_47,35681.457338662214,14567.254763144569,0.907338096858342,0.907338096858342,ER,25835.906788436183,13029.068822597184
61,61_HE_val.ndpi,61_ER_val.ndpi,61_48,19647.19541111239,16155.187914788588,0.907338096858342,0.907338096858342,ER,10165.71231180467,12372.899434253899
61,61_HE_val.ndpi,61_ER_val.ndpi,61_49,16132.716994263992,10452.200236556626,0.907338096858342,0.907338096858342,ER,9920.07319813441,6553.571091612306
61,61_HE_val.ndpi,61_ER_val.ndpi,61_50,15335.20637020498,7865.679293662542,0.907338096858342,0.907338096858342,ER,10407.32312494694,3062.4809221203636
68,68_HE_val.ndpi,68_PGR_val.ndpi,68_1,20878.072419452088,13054.224811682563,0.907338096858342,0.907338096858342,PGR,21334.856134366823,11606.152592670793
68,68_HE_val.ndpi,68_PGR_val.ndpi,68_2,20153.13998055552,13504.784377050944,0.907338096858342,0.907338096858342,PGR,21809.3724489989,11167.752966524295
68,68_HE_val.ndpi,68_PGR_val.ndpi,68_3,22768.686408917216,13876.43784312324,0.907338096858342,0.907338096858342,PGR,19840.9628567357,10991.442646927097
68,68_HE_val.ndpi,68_PGR_val.ndpi,68_4,23501.91470296656,21793.423914912804,0.907338096858342,0.907338096858342,PGR,20689.271129588175,2691.2528719999214
68,68_HE_val.ndpi,68_PGR_val.ndpi,68_5,19830.347099950966,22194.918096060213,0.907338096858342,0.907338096858342,PGR,23971.509186934785,2765.5398018511496
68,68_HE_val.ndpi,68_PGR_val.ndpi,68_6,30028.766679292035,22874.6096814808,0.907338096858342,0.907338096858342,PGR,15151.12658806672,438.8301366138342
68,68_HE_val.ndpi,68_PGR_val.ndpi,68_7,30492.232626249657,22792.82157319416,0.907338096858342,0.907338096858342,PGR,14561.468882182147,350.53852190031427
68,68_HE_val.ndpi,68_PGR_val.ndpi,68_8,25193.13123058265,21586.594929921346,0.907338096858342,0.907338096858342,PGR,19394.685751225938,2911.3184461517562
68,68_HE_val.ndpi,68_PGR_val.ndpi,68_9,25209.14110600545,19965.214646710072,0.907338096858342,0.907338096858342,PGR,18541.01337098778,4496.349260396348
68,68_HE_val.ndpi,68_PGR_val.ndpi,68_10,35462.68669694783,22489.021516783283,0.907338096858342,0.907338096858342,PGR,9151.304267506886,-708.1624808271089
68,68_HE_val.ndpi,68_PGR_val.ndpi,68_11,35798.99717681705,22184.579823794433,0.907338096858342,0.907338096858342,PGR,8807.261582735444,-456.221905571775
68,68_HE_val.ndpi,68_PGR_val.ndpi,68_12,37238.84641813123,21498.54928160465,0.907338096858342,0.907338096858342,PGR,7431.107454331621,52.03658885872546
68,68_HE_val.ndpi,68_PGR_val.ndpi,68_13,39786.18385067385,20354.11763184878,0.907338096858342,0.907338096858342,PGR,4932.79180794273,1087.3897678977748
68,68_HE_val.ndpi,68_PGR_val.ndpi,68_14,35393.37529288238,20684.46981354375,0.907338096858342,0.907338096858342,PGR,9504.572342261867,1264.727727281057
68,68_HE_val.ndpi,68_PGR_val.ndpi,68_15,32644.30558365001,19473.72744344814,0.907338096858342,0.907338096858342,PGR,11498.134417305895,3339.345238387106
68,68_HE_val.ndpi,68_PGR_val.ndpi,68_16,33546.17093697002,19571.267335552955,0.907338096858342,0.907338096858342,PGR,10773.973295582238,3175.874734011013
68,68_HE_val.ndpi,68_PGR_val.ndpi,68_17,34032.384295771764,17026.755469749914,0.907338096858342,0.907338096858342,PGR,8786.441845902507,6488.70764675109
68,68_HE_val.ndpi,68_PGR_val.ndpi,68_18,35952.71764757117,16471.63292615078,0.907338096858342,0.907338096858342,PGR,7000.272989741549,6750.729184961372
68,68_HE_val.ndpi,68_PGR_val.ndpi,68_19,29336.60169306314,16195.727674168671,0.907338096858342,0.907338096858342,PGR,14342.45978690945,7963.8407767492445
68,68_HE_val.ndpi,68_PGR_val.ndpi,68_20,29474.00771088667,13696.212252386651,0.907338096858342,0.907338096858342,PGR,13909.342621355607,10637.545455622223
68,68_HE_val.ndpi,68_PGR_val.ndpi,68_21,28865.46884469344,13090.41543349671,0.907338096858342,0.907338096858342,PGR,14615.96614570332,11344.344430528126
68,68_HE_val.ndpi,68_PGR_val.ndpi,68_22,29422.266424737667,12991.370763610816,0.907338096858342,0.907338096858342,PGR,14006.712023398883,11437.804071298138
68,68_HE_val.ndpi,68_PGR_val.ndpi,68_23,36007.690637456566,12814.134719736941,0.907338096858342,0.907338096858342,PGR,7119.411797196823,11280.411848452419
68,68_HE_val.ndpi,68_PGR_val.ndpi,68_24,34867.513470226186,13926.154438456131,0.907338096858342,0.907338096858342,PGR,7967.227009903567,10137.47496378959
68,68_HE_val.ndpi,68_PGR_val.ndpi,68_25,18926.84863958172,6728.768040108885,0.907338096858342,0.907338096858342,PGR,23115.701433660342,17561.749518048346
68,68_HE_val.ndpi,68_PGR_val.ndpi,68_26,21953.007502120512,8183.280046973402,0.907338096858342,0.907338096858342,PGR,21054.798810354958,16047.915962351533
68,68_HE_val.ndpi,68_PGR_val.ndpi,68_27,22514.75128532869,8055.7405235718725,0.907338096858342,0.907338096858342,PGR,20671.225919201486,16150.591350924367
68,68_HE_val.ndpi,68_PGR_val.ndpi,68_28,24326.26625370937,8077.665875188508,0.907338096858342,0.907338096858342,PGR,19443.059336897466,15900.604618721045
68,68_HE_val.ndpi,68_PGR_val.ndpi,68_29,24205.02861120368,4523.820721119946,0.907338096858342,0.907338096858342,PGR,19468.96657919508,19183.56813434199
68,68_HE_val.ndpi,68_PGR_val.ndpi,68_30,28089.122465221226,3502.175099316214,0.907338096858342,0.907338096858342,PGR,15990.124045000439,20372.550354272305
68,68_HE_val.ndpi,68_PGR_val.ndpi,68_31,29516.96285994886,3929.3263522242682,0.907338096858342,0.907338096858342,PGR,14364.961709951438,20313.50839625309
68,68_HE_val.ndpi,68_PGR_val.ndpi,68_32,30951.730538390377,3489.798344001929,0.907338096858342,0.907338096858342,PGR,12783.781495666633,20706.58084684504
68,68_HE_val.ndpi,68_PGR_val.ndpi,68_33,32296.078220901865,3414.106848236945,0.907338096858342,0.907338096858342,PGR,11247.627136924511,20898.15641602448
68,68_HE_val.ndpi,68_PGR_val.ndpi,68_34,35445.327038135714,2198.5048640051677,0.907338096858342,0.907338096858342,PGR,8454.69377310902,22414.459592349514
68,68_HE_val.ndpi,68_PGR_val.ndpi,68_35,39025.35858587695,2367.1982002229142,0.907338096858342,0.907338096858342,PGR,5189.379484848901,22843.026646374645
68,68_HE_val.ndpi,68_PGR_val.ndpi,68_36,41644.682772091866,3758.7599767523852,0.907338096858342,0.907338096858342,PGR,2694.680347254294,20579.463744271383
68,68_HE_val.ndpi,68_PGR_val.ndpi,68_37,38728.67110988136,5191.7396654025815,0.907338096858342,0.907338096858342,PGR,4670.98814316122,19342.96712197799
68,68_HE_val.ndpi,68_PGR_val.ndpi,68_38,35912.48158879689,1895.7353402052663,0.907338096858342,0.907338096858342,PGR,8134.22575834361,22786.535897578367
68,68_HE_val.ndpi,68_PGR_val.ndpi,68_39,31106.612809707687,19267.661595657806,0.907338096858342,0.907338096858342,PGR,12843.7854774249,3813.2521796083424
68,68_HE_val.ndpi,68_PGR_val.ndpi,68_40,31932.581266765897,19329.003307953866,0.907338096858342,0.907338096858342,PGR,12094.505325023472,3595.101688850009
68,68_HE_val.ndpi,68_PGR_val.ndpi,68_41,29302.58622420638,19868.184737210468,0.907338096858342,0.907338096858342,PGR,14546.231617003337,3850.827674079945
68,68_HE_val.ndpi,68_PGR_val.ndpi,68_42,39981.68729623629,21078.569477979418,0.907338096858342,0.907338096858342,PGR,4535.227003691303,0.7327708672957425
68,68_HE_val.ndpi,68_PGR_val.ndpi,68_43,37641.45558251818,21914.660446879097,0.907338096858342,0.907338096858342,PGR,6736.465802697177,-559.5731379839204
68,68_HE_val.ndpi,68_PGR_val.ndpi,68_44,19866.770262354374,16271.193184339734,0.907338096858342,0.907338096858342,PGR,21747.549450776987,8367.143145122353
68,68_HE_val.ndpi,68_PGR_val.ndpi,68_45,21853.827334201742,16795.203896698567,0.907338096858342,0.907338096858342,PGR,20158.48364633874,7991.523633007067
68,68_HE_val.ndpi,68_PGR_val.ndpi,68_46,32052.137792304933,22329.555935042456,0.907338096858342,0.907338096858342,PGR,12505.906720051105,152.6093532215719
68,68_HE_val.ndpi,68_PGR_val.ndpi,68_47,33942.9876506404,22169.11138150044,0.907338096858342,0.907338096858342,PGR,10679.020994892098,-43.866260870561696
68,68_HE_val.ndpi,68_PGR_val.ndpi,68_48,30260.181284247014,22096.893640679198,0.907338096858342,0.907338096858342,PGR,14584.521652995001,1351.7799412197046
68,68_HE_val.ndpi,68_PGR_val.ndpi,68_49,37477.35899531127,7920.453968882217,0.907338096858342,0.907338096858342,PGR,6155.061957250295,16474.740510457937
68,68_HE_val.ndpi,68_PGR_val.ndpi,68_50,32110.7083007104,9425.519298960726,0.907338096858342,0.907338096858342,PGR,11329.799589497268,15300.537433668851
21,21_HE_val.ndpi,21_PGR_val.ndpi,21_1,34662.512339053654,8210.897938061198,0.9109542245502164,0.9109542245502164,PGR,30380.97161578557,9453.045533148003
21,21_HE_val.ndpi,21_PGR_val.ndpi,21_2,35771.25650752636,6324.286332369375,0.9109542245502164,0.9109542245502164,PGR,32401.727855850233,8080.505444764377
21,21_HE_val.ndpi,21_PGR_val.ndpi,21_3,36528.837720173564,7031.670654405186,0.9109542245502164,0.9109542245502164,PGR,32570.22712774131,8457.815611894568
21,21_HE_val.ndpi,21_PGR_val.ndpi,21_4,35776.671494964336,5270.127383939016,0.9109542245502164,0.9109542245502164,PGR,32343.04359849365,7392.449334361312
21,21_HE_val.ndpi,21_PGR_val.ndpi,21_5,35002.235420584504,5145.7199824322115,0.9109542245502164,0.9109542245502164,PGR,31961.3780764424,7327.9715507726005
21,21_HE_val.ndpi,21_PGR_val.ndpi,21_6,34629.013216064035,5332.33108469242,0.9109542245502164,0.9109542245502164,PGR,31671.453405137636,7509.389749467606
21,21_HE_val.ndpi,21_PGR_val.ndpi,21_7,34916.717772788725,6007.19147490625,0.9109542245502164,0.9109542245502164,PGR,31895.906058204815,7992.292839696764
21,21_HE_val.ndpi,21_PGR_val.ndpi,21_8,34040.69061433842,5426.756302436089,0.9109542245502164,0.9109542245502164,PGR,31173.186376099813,7633.751327591732
21,21_HE_val.ndpi,21_PGR_val.ndpi,21_9,33834.247147636095,5172.846336236971,0.9109542245502164,0.9109542245502164,PGR,30980.96183111351,7386.325520911783
21,21_HE_val.ndpi,21_PGR_val.ndpi,21_10,33903.11309003027,4479.0426193986905,0.9109542245502164,0.9109542245502164,PGR,30996.434049401654,6661.576236070649
21,21_HE_val.ndpi,21_PGR_val.ndpi,21_11,34312.42500818816,4205.195946477986,0.9109542245502164,0.9109542245502164,PGR,31254.613645568043,6356.478425059531
21,21_HE_val.ndpi,21_PGR_val.ndpi,21_12,33889.35226025437,3980.725183791221,0.9109542245502164,0.9109542245502164,PGR,30924.170881350867,6078.954373619871
21,21_HE_val.ndpi,21_PGR_val.ndpi,21_13,33151.37833649083,4460.344744993656,0.9109542245502164,0.9109542245502164,PGR,30440.90115507216,6641.85856775545
21,21_HE_val.ndpi,21_PGR_val.ndpi,21_14,32349.021094299394,4807.8436457958505,0.9109542245502164,0.9109542245502164,PGR,29797.297575489472,7037.36936025891
21,21_HE_val.ndpi,21_PGR_val.ndpi,21_15,33061.12906052437,5470.686281024116,0.9109542245502164,0.9109542245502164,PGR,30306.054714911268,7717.019615804285
21,21_HE_val.ndpi,21_PGR_val.ndpi,21_16,33250.20077991755,5189.704216470343,0.9109542245502164,0.9109542245502164,PGR,30486.076383970965,7419.346025142882
21,21_HE_val.ndpi,21_PGR_val.ndpi,21_17,32857.86959852567,3786.985883000793,0.9109542245502164,0.9109542245502164,PGR,30270.22784924399,5842.863544295398
21,21_HE_val.ndpi,21_PGR_val.ndpi,21_18,33325.442376348874,3459.1474985500563,0.9109542245502164,0.9109542245502164,PGR,30553.36932314044,5463.207180857306
21,21_HE_val.ndpi,21_PGR_val.ndpi,21_19,32250.562427330045,3131.3091140993147,0.9109542245502164,0.9109542245502164,PGR,29998.34554674213,5211.757981062563
21,21_HE_val.ndpi,21_PGR_val.ndpi,21_20,33013.18809239355,2887.632336767931,0.9109542245502164,0.9109542245502164,PGR,30566.67065986845,5089.322849074809
21,21_HE_val.ndpi,21_PGR_val.ndpi,21_21,31724.758691774925,3820.5551468407093,0.9109542245502164,0.9109542245502164,PGR,29487.562889543653,5885.376668942622
21,21_HE_val.ndpi,21_PGR_val.ndpi,21_22,30585.536600988646,3519.6640887022695,0.9109542245502164,0.9109542245502164,PGR,28414.33288325176,5531.3048675865375
21,21_HE_val.ndpi,21_PGR_val.ndpi,21_23,31187.318717265523,4830.942298918397,0.9109542245502164,0.9109542245502164,PGR,28841.89465123311,6975.421703220764
21,21_HE_val.ndpi,21_PGR_val.ndpi,21_24,30428.197691640733,5390.8621932504775,0.9109542245502164,0.9109542245502164,PGR,28065.986777313985,7422.277414749948
21,21_HE_val.ndpi,21_PGR_val.ndpi,21_25,23817.812857815123,18664.1660059972,0.9109542245502164,0.9109542245502164,PGR,17634.572542713253,17058.4649835614
21,21_HE_val.ndpi,21_PGR_val.ndpi,21_26,27084.914762377597,16160.40084602993,0.9109542245502164,0.9109542245502164,PGR,21774.81227384325,14600.463898279553
21,21_HE_val.ndpi,21_PGR_val.ndpi,21_27,28505.24916861331,18104.426293456567,0.9109542245502164,0.9109542245502164,PGR,22419.699199050887,15276.498731647984
21,21_HE_val.ndpi,21_PGR_val.ndpi,21_28,24020.62501935455,10094.39679629467,0.9109542245502164,0.9109542245502164,PGR,19880.40440779511,11425.746181432958
21,21_HE_val.ndpi,21_PGR_val.ndpi,21_29,26135.961685041893,7831.976136654958,0.9109542245502164,0.9109542245502164,PGR,22227.166614454873,9490.882103282416
21,21_HE_val.ndpi,21_PGR_val.ndpi,21_30,20850.98065460679,6032.176955619931,0.9109542245502164,0.9109542245502164,PGR,16219.49484941511,8382.130211465226
21,21_HE_val.ndpi,21_PGR_val.ndpi,21_31,20098.940400646155,4199.018965528947,0.9109542245502164,0.9109542245502164,PGR,15249.558885652234,6393.408560681647
21,21_HE_val.ndpi,21_PGR_val.ndpi,21_32,18230.7711819935,3988.543537882095,0.9109542245502164,0.9109542245502164,PGR,12875.970502533519,6592.056440831118
21,21_HE_val.ndpi,21_PGR_val.ndpi,21_33,17356.52450117301,4632.866602383033,0.9109542245502164,0.9109542245502164,PGR,11834.290093603448,7388.322380676335
21,21_HE_val.ndpi,21_PGR_val.ndpi,21_34,24953.23469146916,9754.766972918762,0.9109542245502164,0.9109542245502164,PGR,20829.63978343196,11113.417445110852
21,21_HE_val.ndpi,21_PGR_val.ndpi,21_35,25939.059619068066,12836.140198171704,0.9109542245502164,0.9109542245502164,PGR,21211.351022224226,12962.89217559471
21,21_HE_val.ndpi,21_PGR_val.ndpi,21_36,12442.62182987795,12834.512063689563,0.9109542245502164,0.9109542245502164,PGR,8817.091525785629,14328.408318529751
21,21_HE_val.ndpi,21_PGR_val.ndpi,21_37,12755.776746559628,11436.95925356072,0.9109542245502164,0.9109542245502164,PGR,9151.551490037315,13442.080757611913
21,21_HE_val.ndpi,21_PGR_val.ndpi,21_38,16077.155789027776,12185.075698077815,0.9109542245502164,0.9109542245502164,PGR,12240.461318979773,13613.174651399486
21,21_HE_val.ndpi,21_PGR_val.ndpi,21_39,18785.853260555163,8708.913942950974,0.9109542245502164,0.9109542245502164,PGR,14477.942093093641,11027.514446878911
21,21_HE_val.ndpi,21_PGR_val.ndpi,21_40,28863.876068318084,3420.272419709419,0.9109542245502164,0.9109542245502164,PGR,26927.36416118553,5399.201430825131
21,21_HE_val.ndpi,21_PGR_val.ndpi,21_41,34378.51386527294,17421.58972567729,0.9109542245502164,0.9109542245502164,PGR,28112.32023991699,13304.353261582533
21,21_HE_val.ndpi,21_PGR_val.ndpi,21_42,33095.419067894254,14047.525831924584,0.9109542245502164,0.9109542245502164,PGR,27123.807590964716,11441.810964966473
21,21_HE_val.ndpi,21_PGR_val.ndpi,21_43,23599.606460045332,20019.66935446819,0.9109542245502164,0.9109542245502164,PGR,17252.93816806784,17906.03820488293
21,21_HE_val.ndpi,21_PGR_val.ndpi,21_44,20635.54569484973,17527.73518251904,0.9109542245502164,0.9109542245502164,PGR,15061.668324858332,16733.76671065083
21,21_HE_val.ndpi,21_PGR_val.ndpi,21_45,20712.99749302644,16710.34661625667,0.9109542245502164,0.9109542245502164,PGR,15400.905496349427,16338.946103603485
21,21_HE_val.ndpi,21_PGR_val.ndpi,21_46,9767.868030695236,20214.92373723329,0.9109542245502164,0.9109542245502164,PGR,3930.0887542014684,20975.6472050938
21,21_HE_val.ndpi,21_PGR_val.ndpi,21_47,35419.93972720978,14353.073828288154,0.9109542245502164,0.9109542245502164,PGR,29852.505287191783,12057.756908218851
21,21_HE_val.ndpi,21_PGR_val.ndpi,21_48,27136.050219098892,12550.128119889918,0.9109542245502164,0.9109542245502164,PGR,22350.7975486865,12392.130580746149
21,21_HE_val.ndpi,21_PGR_val.ndpi,21_49,28184.002703760616,10370.151335876828,0.9109542245502164,0.9109542245502164,PGR,23131.403970095023,10676.792678153255
21,21_HE_val.ndpi,21_PGR_val.ndpi,21_50,29814.689997816786,10216.801934713922,0.9109542245502164,0.9109542245502164,PGR,24079.92836227842,9781.061285452903
30,30_HE_val.ndpi,30_KI67_val.ndpi,30_1,34044.94631025802,3864.774872186255,0.907338096858342,0.907338096858342,KI67,41603.73829609597,3725.362685614671
30,30_HE_val.ndpi,30_KI67_val.ndpi,30_2,32985.809053205965,4484.724057055121,0.907338096858342,0.907338096858342,KI67,40671.87105515983,4324.747612584509
30,30_HE_val.ndpi,30_KI67_val.ndpi,30_3,33560.02174171106,5040.186943486581,0.907338096858342,0.907338096858342,KI67,41070.67654022539,5030.934797510445
30,30_HE_val.ndpi,30_KI67_val.ndpi,30_4,31805.50901267062,5092.217644240914,0.907338096858342,0.907338096858342,KI67,39643.274806628004,4896.211987591147
30,30_HE_val.ndpi,30_KI67_val.ndpi,30_5,31468.012575345165,5024.718356775833,0.907338096858342,0.907338096858342,KI67,39377.971253391195,4780.669501981343
30,30_HE_val.ndpi,30_KI67_val.ndpi,30_6,31212.87224782013,4400.475029736714,0.907338096858342,0.907338096858342,KI67,39245.76165436505,4030.3290827074857
30,30_HE_val.ndpi,30_KI67_val.ndpi,30_7,30506.720097925663,4053.13598797828,0.907338096858342,0.907338096858342,KI67,38715.07454377306,3550.0558709271204
30,30_HE_val.ndpi,30_KI67_val.ndpi,30_8,29341.80052003125,3479.4726686739527,0.907338096858342,0.907338096858342,KI67,37839.513042144165,2756.839320132797
30,30_HE_val.ndpi,30_KI67_val.ndpi,30_9,31702.997525300703,2848.964057938991,0.907338096858342,0.907338096858342,KI67,39826.99863682495,2289.6048909035976
30,30_HE_val.ndpi,30_KI67_val.ndpi,30_10,30846.88684323404,3472.186356404422,0.907338096858342,0.907338096858342,KI67,39059.672446783115,2915.713901174122
30,30_HE_val.ndpi,30_KI67_val.ndpi,30_11,33084.02164776585,3316.718451834666,0.907338096858342,0.907338096858342,KI67,40890.42655556278,2984.474739232012
30,30_HE_val.ndpi,30_KI67_val.ndpi,30_12,34865.59197951461,2970.374454572368,0.907338096858342,0.907338096858342,KI67,42374.78689931716,2781.7432979342507
30,30_HE_val.ndpi,30_KI67_val.ndpi,30_13,35090.19898352167,3331.698765366385,0.907338096858342,0.907338096858342,KI67,42513.83056776372,3224.77248508549
30,30_HE_val.ndpi,30_KI67_val.ndpi,30_14,35619.959016277186,2543.2196755024593,0.907338096858342,0.907338096858342,KI67,43036.458271986485,2371.2236643992405
30,30_HE_val.ndpi,30_KI67_val.ndpi,30_15,36933.568760681854,3339.3583199273853,0.907338096858342,0.907338096858342,KI67,44006.215715695645,3438.5058769678653
30,30_HE_val.ndpi,30_KI67_val.ndpi,30_16,35611.0887106082,5156.102596901259,0.907338096858342,0.907338096858342,KI67,42718.19890436468,5392.801714775911
30,30_HE_val.ndpi,30_KI67_val.ndpi,30_17,34933.78264455147,5898.308149549155,0.907338096858342,0.907338096858342,KI67,42080.78501506106,6175.805663373511
30,30_HE_val.ndpi,30_KI67_val.ndpi,30_18,32597.82053256448,7700.852449105789,0.907338096858342,0.907338096858342,KI67,39975.02028361412,8001.11162282726
30,30_HE_val.ndpi,30_KI67_val.ndpi,30_19,34837.75457943123,8758.250504322701,0.907338096858342,0.907338096858342,KI67,41670.70792239033,9473.932867628591
30,30_HE_val.ndpi,30_KI67_val.ndpi,30_20,34151.74499107482,11076.202635593025,0.907338096858342,0.907338096858342,KI67,40854.04274627927,12079.633948430976
30,30_HE_val.ndpi,30_KI67_val.ndpi,30_21,32053.267185592118,11881.208837275239,0.907338096858342,0.907338096858342,KI67,39060.04776551622,12777.389167277965
30,30_HE_val.ndpi,30_KI67_val.ndpi,30_22,29961.635302650313,12932.39606909924,0.907338096858342,0.907338096858342,KI67,37231.01522385192,13761.402900280676
30,30_HE_val.ndpi,30_KI67_val.ndpi,30_23,28850.20753100352,13127.472776953571,0.907338096858342,0.907338096858342,KI67,35874.592170008626,13904.569888462784
30,30_HE_val.ndpi,30_KI67_val.ndpi,30_24,33856.855042169576,16521.910763795157,0.907338096858342,0.907338096858342,KI67,39960.44622243912,18346.919427413344
30,30_HE_val.ndpi,30_KI67_val.ndpi,30_25,34893.230444592504,17312.772554201307,0.907338096858342,0.907338096858342,KI67,40705.60945070398,19378.152174480594
30,30_HE_val.ndpi,30_KI67_val.ndpi,30_26,32173.298486845742,18352.031245455346,0.907338096858342,0.907338096858342,KI67,38382.26272992282,20278.014630037673
30,30_HE_val.ndpi,30_KI67_val.ndpi,30_27,31431.992765153664,18588.84909157913,0.907338096858342,0.907338096858342,KI67,37754.608354843695,20469.416492995635
30,30_HE_val.ndpi,30_KI67_val.ndpi,30_28,31152.16543605144,19340.6328945794,0.907338096858342,0.907338096858342,KI67,37444.34967412784,21306.393830886125
30,30_HE_val.ndpi,30_KI67_val.ndpi,30_29,30015.12240809873,17327.096958345897,0.907338096858342,0.907338096858342,KI67,36602.49841262853,18866.38160278651
30,30_HE_val.ndpi,30_KI67_val.ndpi,30_30,26277.046093020534,18485.724868795656,0.907338096858342,0.907338096858342,KI67,30833.732251314534,20304.733330282732
30,30_HE_val.ndpi,30_KI67_val.ndpi,30_31,25759.293787675902,17935.68900582077,0.907338096858342,0.907338096858342,KI67,29862.37285004526,19481.688557749723
30,30_HE_val.ndpi,30_KI67_val.ndpi,30_32,23458.179904795372,13848.719770913758,0.907338096858342,0.907338096858342,KI67,26020.12991553968,14414.364344652395
30,30_HE_val.ndpi,30_KI67_val.ndpi,30_33,21244.39896638216,12647.958799784248,0.907338096858342,0.907338096858342,KI67,23820.521517068224,12763.18037386866
30,30_HE_val.ndpi,30_KI67_val.ndpi,30_34,21371.26397173357,12301.11959454365,0.907338096858342,0.907338096858342,KI67,24208.973583293908,12409.33271355958
30,30_HE_val.ndpi,30_KI67_val.ndpi,30_35,21515.298921663765,11440.376814383542,0.907338096858342,0.907338096858342,KI67,24918.087102169982,11354.585211500207
30,30_HE_val.ndpi,30_KI67_val.ndpi,30_36,21815.15469730319,11353.572175153753,0.907338096858342,0.907338096858342,KI67,25180.492823805344,11223.825158869335
30,30_HE_val.ndpi,30_KI67_val.ndpi,30_37,24292.535045619854,7990.699299259294,0.907338096858342,0.907338096858342,KI67,30568.464897130623,7209.9692401771135
30,30_HE_val.ndpi,30_KI67_val.ndpi,30_38,23851.133455136343,8248.509077771785,0.907338096858342,0.907338096858342,KI67,30064.78437878271,7513.009499162753
30,30_HE_val.ndpi,30_KI67_val.ndpi,30_39,22729.953424385592,8099.661920251165,0.907338096858342,0.907338096858342,KI67,29170.507132386363,7341.900302516676
30,30_HE_val.ndpi,30_KI67_val.ndpi,30_40,21778.827954526867,7784.991704389243,0.907338096858342,0.907338096858342,KI67,28970.12653252806,7066.181326592819
30,30_HE_val.ndpi,30_KI67_val.ndpi,30_41,21055.27021872025,6931.485441917775,0.907338096858342,0.907338096858342,KI67,28244.59800318971,5730.9343214064
30,30_HE_val.ndpi,30_KI67_val.ndpi,30_42,24466.357578117182,4027.222241264562,0.907338096858342,0.907338096858342,KI67,32357.33023593471,3162.7833124389226
30,30_HE_val.ndpi,30_KI67_val.ndpi,30_43,25282.40339484432,3312.7658379272557,0.907338096858342,0.907338096858342,KI67,33298.29984130824,2273.2009086348153
30,30_HE_val.ndpi,30_KI67_val.ndpi,30_44,25620.32852046852,6256.3839885101615,0.907338096858342,0.907338096858342,KI67,32848.08682829089,5604.013245003662
30,30_HE_val.ndpi,30_KI67_val.ndpi,30_45,25659.466562181242,5819.774737484143,0.907338096858342,0.907338096858342,KI67,33112.62621599993,5206.396948949172
30,30_HE_val.ndpi,30_KI67_val.ndpi,30_46,28024.89020233356,8135.798229113542,0.907338096858342,0.907338096858342,KI67,35643.751223707564,8033.621824354161
30,30_HE_val.ndpi,30_KI67_val.ndpi,30_47,28877.951587490566,6090.189830817561,0.907338096858342,0.907338096858342,KI67,36982.27594519397,5739.273480590017
30,30_HE_val.ndpi,30_KI67_val.ndpi,30_48,36095.683786330876,8528.236163036563,0.907338096858342,0.907338096858342,KI67,42716.30562833746,9347.553554574353
30,30_HE_val.ndpi,30_KI67_val.ndpi,30_49,37171.99979520055,7474.686352982365,0.907338096858342,0.907338096858342,KI67,43708.10873760895,8247.848458421415
30,30_HE_val.ndpi,30_KI67_val.ndpi,30_50,38327.55831393523,7460.773857292178,0.907338096858342,0.907338096858342,KI67,44646.19486080659,8360.195895169687
54,54_HE_val.ndpi,54_PGR_val.ndpi,54_1,18746.485002675985,7216.178673102199,0.919793966151582,0.919793966151582,PGR,14835.891032193233,9449.99732675479
54,54_HE_val.ndpi,54_PGR_val.ndpi,54_2,19110.5497264281,6902.292190095619,0.919793966151582,0.919793966151582,PGR,14934.26664043533,9330.937500895288
54,54_HE_val.ndpi,54_PGR_val.ndpi,54_3,19196.53257810511,6137.6093079019565,0.919793966151582,0.919793966151582,PGR,14816.862985296524,9022.895047520557
54,54_HE_val.ndpi,54_PGR_val.ndpi,54_4,19728.944388916454,6900.991053789909,0.919793966151582,0.919793966151582,PGR,15114.53630130075,9391.160598169125
54,54_HE_val.ndpi,54_PGR_val.ndpi,54_5,20147.005907968145,6981.225459652664,0.919793966151582,0.919793966151582,PGR,15238.314088051944,9458.35956101444
54,54_HE_val.ndpi,54_PGR_val.ndpi,54_6,22076.63236522395,7414.96405115688,0.919793966151582,0.919793966151582,PGR,16325.287816121625,9782.383494051892
54,54_HE_val.ndpi,54_PGR_val.ndpi,54_7,22446.05315185621,7950.768045587757,0.919793966151582,0.919793966151582,PGR,16684.26944439935,10235.604530406352
54,54_HE_val.ndpi,54_PGR_val.ndpi,54_8,23092.52122451375,8254.874804528316,0.919793966151582,0.919793966151582,PGR,17023.0140724952,10515.60288797033
54,54_HE_val.ndpi,54_PGR_val.ndpi,54_9,25003.437884272767,8289.5800590523,0.919793966151582,0.919793966151582,PGR,17922.890666242554,10782.589441167116
54,54_HE_val.ndpi,54_PGR_val.ndpi,54_10,29185.568386584346,8697.698962797065,0.919793966151582,0.919793966151582,PGR,20302.096416751905,11894.730878533219
54,54_HE_val.ndpi,54_PGR_val.ndpi,54_11,28760.672034631552,8111.6627159806,0.919793966151582,0.919793966151582,PGR,20018.71327974943,11290.30484289225
54,54_HE_val.ndpi,54_PGR_val.ndpi,54_12,28378.17151422437,11403.979458209182,0.919793966151582,0.919793966151582,PGR,19967.263826243394,13801.036367342815
54,54_HE_val.ndpi,54_PGR_val.ndpi,54_13,23866.667805762838,10864.154197191623,0.919793966151582,0.919793966151582,PGR,17470.54337578836,12590.809378178792
54,54_HE_val.ndpi,54_PGR_val.ndpi,54_14,23619.1350783481,11296.365548035012,0.919793966151582,0.919793966151582,PGR,17309.21063463002,12905.594973612147
54,54_HE_val.ndpi,54_PGR_val.ndpi,54_15,32766.187217922343,7158.717946053461,0.919793966151582,0.919793966151582,PGR,21523.319234817664,10849.152836223313
54,54_HE_val.ndpi,54_PGR_val.ndpi,54_16,31712.23555095267,8873.611337951808,0.919793966151582,0.919793966151582,PGR,21175.03742726338,12188.1983492215
54,54_HE_val.ndpi,54_PGR_val.ndpi,54_17,30399.812106713278,9797.000692872043,0.919793966151582,0.919793966151582,PGR,20711.30283580985,12894.585095625192
54,54_HE_val.ndpi,54_PGR_val.ndpi,54_18,28746.25196612055,12555.147548891891,0.919793966151582,0.919793966151582,PGR,20369.86828196515,14527.317933202783
54,54_HE_val.ndpi,54_PGR_val.ndpi,54_19,29683.593415596624,14014.909186527675,0.919793966151582,0.919793966151582,PGR,21116.082948537805,15430.207907846398
54,54_HE_val.ndpi,54_PGR_val.ndpi,54_20,31107.183009665918,13998.902208229409,0.919793966151582,0.919793966151582,PGR,21527.48761109265,15369.11083687234
54,54_HE_val.ndpi,54_PGR_val.ndpi,54_21,33052.94422765768,15487.98215531111,0.919793966151582,0.919793966151582,PGR,22538.889361554477,16187.577718458651
54,54_HE_val.ndpi,54_PGR_val.ndpi,54_22,33316.46612096417,14410.953611879931,0.919793966151582,0.919793966151582,PGR,22510.29667160703,15762.981767989239
54,54_HE_val.ndpi,54_PGR_val.ndpi,54_23,35214.85953568957,12247.919925250788,0.919793966151582,0.919793966151582,PGR,23405.962751955623,14490.854943726965
54,54_HE_val.ndpi,54_PGR_val.ndpi,54_24,36445.617283577005,10826.573618208738,0.919793966151582,0.919793966151582,PGR,23974.028855223543,13666.31405898935
54,54_HE_val.ndpi,54_PGR_val.ndpi,54_25,37739.5812938501,11237.35916564113,0.919793966151582,0.919793966151582,PGR,24964.94085743199,13901.487779832454
54,54_HE_val.ndpi,54_PGR_val.ndpi,54_26,36463.94659418169,14264.323370247144,0.919793966151582,0.919793966151582,PGR,24392.866508061,15800.691479542893
54,54_HE_val.ndpi,54_PGR_val.ndpi,54_27,36653.00392217365,16157.722245410569,0.919793966151582,0.919793966151582,PGR,25178.893089587244,16854.120614999996
54,54_HE_val.ndpi,54_PGR_val.ndpi,54_28,37613.50082850722,15475.475299363814,0.919793966151582,0.919793966151582,PGR,25541.639260208256,16375.813809530258
54,54_HE_val.ndpi,54_PGR_val.ndpi,54_29,39705.547579537444,15518.899310712744,0.919793966151582,0.919793966151582,PGR,27058.866530710275,16481.241143763207
54,54_HE_val.ndpi,54_PGR_val.ndpi,54_30,41710.10615960563,13171.414143159993,0.919793966151582,0.919793966151582,PGR,28030.04521099794,15299.17492663361
54,54_HE_val.ndpi,54_PGR_val.ndpi,54_31,42103.97781574717,12067.684817439309,0.919793966151582,0.919793966151582,PGR,28213.51085309957,14598.423152808293
54,54_HE_val.ndpi,54_PGR_val.ndpi,54_32,41385.84561372447,11573.470101826377,0.919793966151582,0.919793966151582,PGR,27597.131183550122,14191.92488105168
54,54_HE_val.ndpi,54_PGR_val.ndpi,54_33,39125.046695324236,5368.027017029286,0.919793966151582,0.919793966151582,PGR,25417.226670543387,9593.131119873873
54,54_HE_val.ndpi,54_PGR_val.ndpi,54_34,39310.109914203866,3926.878024576825,0.919793966151582,0.919793966151582,PGR,25486.278677430353,8220.681523189422
54,54_HE_val.ndpi,54_PGR_val.ndpi,54_35,39652.00763984966,3561.162699844645,0.919793966151582,0.919793966151582,PGR,25706.331573039006,7965.231425227271
54,54_HE_val.ndpi,54_PGR_val.ndpi,54_36,40507.74660185331,1871.5437817993115,0.919793966151582,0.919793966151582,PGR,26649.58902952868,6366.796608280156
54,54_HE_val.ndpi,54_PGR_val.ndpi,54_37,40000.38831752348,1890.588310557816,0.919793966151582,0.919793966151582,PGR,26299.347331500416,6361.648914319684
54,54_HE_val.ndpi,54_PGR_val.ndpi,54_38,41014.750450645915,1363.2321312001613,0.919793966151582,0.919793966151582,PGR,27144.334431110572,5822.42569324043
54,54_HE_val.ndpi,54_PGR_val.ndpi,54_39,42266.39624243751,562.6078685939881,0.919793966151582,0.919793966151582,PGR,28093.73657580873,5054.068334377295
54,54_HE_val.ndpi,54_PGR_val.ndpi,54_40,34533.34873895265,1815.481523288601,0.919793966151582,0.919793966151582,PGR,22618.98881381268,5986.246328036971
54,54_HE_val.ndpi,54_PGR_val.ndpi,54_41,33401.2184425469,2470.986413080983,0.919793966151582,0.919793966151582,PGR,21627.106330381775,6678.275619730718
54,54_HE_val.ndpi,54_PGR_val.ndpi,54_42,33590.74034522268,1910.9705653247595,0.919793966151582,0.919793966151582,PGR,21948.198387599903,6045.282979807918
54,54_HE_val.ndpi,54_PGR_val.ndpi,54_43,25646.749628903242,14514.905628813447,0.919793966151582,0.919793966151582,PGR,18934.537485189972,15521.192043282124
54,54_HE_val.ndpi,54_PGR_val.ndpi,54_44,25624.063678536913,16267.086832997406,0.919793966151582,0.919793966151582,PGR,19023.187958472918,17013.192598596484
54,54_HE_val.ndpi,54_PGR_val.ndpi,54_45,26401.459604787648,10238.756050360107,0.919793966151582,0.919793966151582,PGR,18897.509663508677,12705.606488971076
54,54_HE_val.ndpi,54_PGR_val.ndpi,54_46,28720.210761332597,6008.310702326572,0.919793966151582,0.919793966151582,PGR,19555.58044664778,9414.379070855844
54,54_HE_val.ndpi,54_PGR_val.ndpi,54_47,28839.941484593735,5389.01681134133,0.919793966151582,0.919793966151582,PGR,19520.67145289452,8960.26592129321
54,54_HE_val.ndpi,54_PGR_val.ndpi,54_48,31292.10048654081,6024.370662444304,0.919793966151582,0.919793966151582,PGR,20980.441930719517,9892.087861004775
54,54_HE_val.ndpi,54_PGR_val.ndpi,54_49,33597.34597745133,5433.790832922833,0.919793966151582,0.919793966151582,PGR,21552.742883526324,9429.647318010664
54,54_HE_val.ndpi,54_PGR_val.ndpi,54_50,34471.863852797556,7583.3879159720345,0.919793966151582,0.919793966151582,PGR,22098.924522001307,11206.135958884652
89,89_HE_val.ndpi,89_PGR_val.ndpi,89_1,19078.01462235485,14368.713323086784,0.9109542245502164,0.9109542245502164,PGR,19360.948124990395,12905.605725055852
89,89_HE_val.ndpi,89_PGR_val.ndpi,89_2,18529.278366776598,14064.682699984505,0.9109542245502164,0.9109542245502164,PGR,19081.56480467233,12873.05293667172
89,89_HE_val.ndpi,89_PGR_val.ndpi,89_3,18938.448135850158,13293.514519014918,0.9109542245502164,0.9109542245502164,PGR,19313.40101531914,12594.750099774594
89,89_HE_val.ndpi,89_PGR_val.ndpi,89_4,19084.671565701803,11996.627437425474,0.9109542245502164,0.9109542245502164,PGR,18966.836504832754,11990.228946206194
89,89_HE_val.ndpi,89_PGR_val.ndpi,89_5,21398.07420353396,13300.263379501364,0.9109542245502164,0.9109542245502164,PGR,20750.558761279335,12126.06599236303
89,89_HE_val.ndpi,89_PGR_val.ndpi,89_6,21917.50342321676,12845.030719279424,0.9109542245502164,0.9109542245502164,PGR,21090.46152447981,11806.22018852146
89,89_HE_val.ndpi,89_PGR_val.ndpi,89_7,22823.44737733282,11438.932097014438,0.9109542245502164,0.9109542245502164,PGR,21677.2858299834,10982.174260379354
89,89_HE_val.ndpi,89_PGR_val.ndpi,89_8,21141.88474203352,10624.131820005055,0.9109542245502164,0.9109542245502164,PGR,20168.26845132111,10897.560440635876
89,89_HE_val.ndpi,89_PGR_val.ndpi,89_9,21386.361207512167,9810.339681743459,0.9109542245502164,0.9109542245502164,PGR,20247.48539851708,10234.9075973294
89,89_HE_val.ndpi,89_PGR_val.ndpi,89_10,20262.002656895893,8919.363592535368,0.9109542245502164,0.9109542245502164,PGR,18873.112151247158,9440.443245888882
89,89_HE_val.ndpi,89_PGR_val.ndpi,89_11,14408.486621875956,6000.8694766074095,0.9109542245502164,0.9109542245502164,PGR,13932.468185945738,4125.894218606095
89,89_HE_val.ndpi,89_PGR_val.ndpi,89_12,10961.223063361213,13392.022576035784,0.9109542245502164,0.9109542245502164,PGR,13115.634336584386,10759.25264204255
89,89_HE_val.ndpi,89_PGR_val.ndpi,89_13,14430.878212417892,13485.252004019887,0.9109542245502164,0.9109542245502164,PGR,16335.463215476797,12211.341633087037
89,89_HE_val.ndpi,89_PGR_val.ndpi,89_14,15807.994172865576,12274.03757558696,0.9109542245502164,0.9109542245502164,PGR,16308.7884501742,11684.420361381011
89,89_HE_val.ndpi,89_PGR_val.ndpi,89_15,16937.849154952062,12220.30960361888,0.9109542245502164,0.9109542245502164,PGR,17397.176293416578,11964.30495583786
89,89_HE_val.ndpi,89_PGR_val.ndpi,89_16,19591.657028116282,11168.543826142288,0.9109542245502164,0.9109542245502164,PGR,18707.98566217344,11426.2433471172
89,89_HE_val.ndpi,89_PGR_val.ndpi,89_17,17103.25377342788,4266.687793276543,0.9109542245502164,0.9109542245502164,PGR,16228.910038538961,1856.2416655928919
89,89_HE_val.ndpi,89_PGR_val.ndpi,89_18,17907.871799581993,3473.853520535697,0.9109542245502164,0.9109542245502164,PGR,17013.348544253426,831.9600719374939
89,89_HE_val.ndpi,89_PGR_val.ndpi,89_19,20481.81667760924,3115.336626322194,0.9109542245502164,0.9109542245502164,PGR,19463.3799353669,822.3591689531091
89,89_HE_val.ndpi,89_PGR_val.ndpi,89_20,21510.72302694873,4388.143300445853,0.9109542245502164,0.9109542245502164,PGR,19996.38448800373,3164.9852275994695
89,89_HE_val.ndpi,89_PGR_val.ndpi,89_21,21145.13430284161,5157.98275864785,0.9109542245502164,0.9109542245502164,PGR,19294.09031028649,4246.998035891125
89,89_HE_val.ndpi,89_PGR_val.ndpi,89_22,24893.112116201333,5484.502323745757,0.9109542245502164,0.9109542245502164,PGR,23635.963560331405,5348.092331804968
89,89_HE_val.ndpi,89_PGR_val.ndpi,89_23,26242.135838188413,5010.761137928568,0.9109542245502164,0.9109542245502164,PGR,25175.91634913129,4900.359468180703
89,89_HE_val.ndpi,89_PGR_val.ndpi,89_24,25705.316920507044,6018.530971203703,0.9109542245502164,0.9109542245502164,PGR,24465.164578581476,5899.212147616971
89,89_HE_val.ndpi,89_PGR_val.ndpi,89_25,26637.59333988096,6809.165266251884,0.9109542245502164,0.9109542245502164,PGR,25310.858681484442,6571.094763289461
89,89_HE_val.ndpi,89_PGR_val.ndpi,89_26,27562.145432489287,7527.321721125721,0.9109542245502164,0.9109542245502164,PGR,26147.511569780538,7170.412988698439
89,89_HE_val.ndpi,89_PGR_val.ndpi,89_27,25861.64749673253,7481.204530012515,0.9109542245502164,0.9109542245502164,PGR,24502.314842007258,7286.755225428591
89,89_HE_val.ndpi,89_PGR_val.ndpi,89_28,26255.126233137675,7896.104391579604,0.9109542245502164,0.9109542245502164,PGR,24909.969013118618,7625.778777567779
89,89_HE_val.ndpi,89_PGR_val.ndpi,89_29,26293.592448761792,8980.365111062578,0.9109542245502164,0.9109542245502164,PGR,25060.47738301263,8545.672239185225
89,89_HE_val.ndpi,89_PGR_val.ndpi,89_30,26735.92365597148,8944.698640026949,0.9109542245502164,0.9109542245502164,PGR,25517.03507751117,8499.858594197858
89,89_HE_val.ndpi,89_PGR_val.ndpi,89_31,26439.297293485033,10301.806325097812,0.9109542245502164,0.9109542245502164,PGR,25239.115206882965,9667.762877594347
89,89_HE_val.ndpi,89_PGR_val.ndpi,89_32,25735.957380838667,12839.163266650703,0.9109542245502164,0.9109542245502164,PGR,23623.367462304526,11090.241370558962
89,89_HE_val.ndpi,89_PGR_val.ndpi,89_33,25853.46959636505,13784.489871645847,0.9109542245502164,0.9109542245502164,PGR,22980.573371479717,11460.801322684512
89,89_HE_val.ndpi,89_PGR_val.ndpi,89_34,27430.95065892474,14698.811557921166,0.9109542245502164,0.9109542245502164,PGR,23633.32446789363,11978.669688939111
89,89_HE_val.ndpi,89_PGR_val.ndpi,89_35,26981.69717928665,16073.21925937486,0.9109542245502164,0.9109542245502164,PGR,22172.807421914913,12794.788556709604
89,89_HE_val.ndpi,89_PGR_val.ndpi,89_36,26697.67678206692,17673.31589616872,0.9109542245502164,0.9109542245502164,PGR,21060.127679488905,14152.93687596777
89,89_HE_val.ndpi,89_PGR_val.ndpi,89_37,21060.519118074437,18761.65625152631,0.9109542245502164,0.9109542245502164,PGR,19242.485230802053,15877.049028776253
89,89_HE_val.ndpi,89_PGR_val.ndpi,89_38,22410.41890692982,17443.886559070692,0.9109542245502164,0.9109542245502164,PGR,20074.6674681779,14333.175332400966
89,89_HE_val.ndpi,89_PGR_val.ndpi,89_39,22567.043574452156,16052.903193598508,0.9109542245502164,0.9109542245502164,PGR,20493.227190728503,13004.780708844344
89,89_HE_val.ndpi,89_PGR_val.ndpi,89_40,20691.091371961105,15563.34869808405,0.9109542245502164,0.9109542245502164,PGR,19719.924737560337,13025.994535231877
89,89_HE_val.ndpi,89_PGR_val.ndpi,89_41,20334.809006949017,17788.103743026506,0.9109542245502164,0.9109542245502164,PGR,19511.11231043298,14967.478148432238
89,89_HE_val.ndpi,89_PGR_val.ndpi,89_42,19160.126103153558,16791.519072036488,0.9109542245502164,0.9109542245502164,PGR,19411.04375890493,14220.189185524663
89,89_HE_val.ndpi,89_PGR_val.ndpi,89_43,18698.314588796435,15613.293658893392,0.9109542245502164,0.9109542245502164,PGR,19149.58337815399,13685.923788101441
89,89_HE_val.ndpi,89_PGR_val.ndpi,89_44,24404.336058951103,14225.075711026124,0.9109542245502164,0.9109542245502164,PGR,21633.683667758385,11671.398899868724
89,89_HE_val.ndpi,89_PGR_val.ndpi,89_45,24973.90795198888,13801.270336701302,0.9109542245502164,0.9109542245502164,PGR,22185.144949703863,11470.787517640672
89,89_HE_val.ndpi,89_PGR_val.ndpi,89_46,25154.45570139416,12604.012586116842,0.9109542245502164,0.9109542245502164,PGR,23270.451873525413,11062.49330227301
89,89_HE_val.ndpi,89_PGR_val.ndpi,89_47,24767.15128466864,12413.021079981088,0.9109542245502164,0.9109542245502164,PGR,23051.83197182679,11037.304395471856
89,89_HE_val.ndpi,89_PGR_val.ndpi,89_48,22446.66528364765,6940.386652601687,0.9109542245502164,0.9109542245502164,PGR,20727.740578567882,7008.389220733818
89,89_HE_val.ndpi,89_PGR_val.ndpi,89_49,22604.907728443053,8209.766264112619,0.9109542245502164,0.9109542245502164,PGR,21220.705320392783,8514.7048472427
89,89_HE_val.ndpi,89_PGR_val.ndpi,89_50,20174.593921951964,5459.119301596337,0.9109542245502164,0.9109542245502164,PGR,18406.681484843073,4466.653647346779
86,86_HE_val.ndpi,86_KI67_val.ndpi,86_1,42328.22801468653,8407.678523390337,0.907338096858342,0.907338096858342,KI67,50791.04065881667,2446.009144052775
86,86_HE_val.ndpi,86_KI67_val.ndpi,86_2,41984.24741147389,8000.976223733629,0.907338096858342,0.907338096858342,KI67,50513.79057745185,2127.5560489315662
86,86_HE_val.ndpi,86_KI67_val.ndpi,86_3,43165.00679050039,7758.581346196011,0.907338096858342,0.907338096858342,KI67,51468.89471003877,1762.1980765522328
86,86_HE_val.ndpi,86_KI67_val.ndpi,86_4,42708.705296544686,6728.601599383222,0.907338096858342,0.907338096858342,KI67,51069.18963250765,665.5358052426644
86,86_HE_val.ndpi,86_KI67_val.ndpi,86_5,40821.85891231169,7518.699511492211,0.907338096858342,0.907338096858342,KI67,49546.24190897571,1718.258814946538
86,86_HE_val.ndpi,86_KI67_val.ndpi,86_6,39951.47417868892,8585.506567468547,0.907338096858342,0.907338096858342,KI67,48838.78134753631,2771.225262620178
86,86_HE_val.ndpi,86_KI67_val.ndpi,86_7,39999.236274682604,9594.188729737843,0.907338096858342,0.907338096858342,KI67,48394.476385926355,3545.5262754004825
86,86_HE_val.ndpi,86_KI67_val.ndpi,86_8,40126.50926106941,10674.834139793007,0.907338096858342,0.907338096858342,KI67,47924.35070394982,4552.01751395166
86,86_HE_val.ndpi,86_KI67_val.ndpi,86_9,37218.5932278916,12317.206434999622,0.907338096858342,0.907338096858342,KI67,44424.62119404384,6578.485030290052
86,86_HE_val.ndpi,86_KI67_val.ndpi,86_10,36507.0915307313,11883.664813023548,0.907338096858342,0.907338096858342,KI67,44019.8374877443,6234.165288485295
86,86_HE_val.ndpi,86_KI67_val.ndpi,86_11,37774.45120309895,10518.68265496445,0.907338096858342,0.907338096858342,KI67,45963.7463566138,4607.389467471659
86,86_HE_val.ndpi,86_KI67_val.ndpi,86_12,37505.880388836384,9860.9814574408,0.907338096858342,0.907338096858342,KI67,46099.58029933282,3989.951116734481
86,86_HE_val.ndpi,86_KI67_val.ndpi,86_13,37258.00232460433,8972.526871983788,0.907338096858342,0.907338096858342,KI67,46341.36152099392,3251.6949847985884
86,86_HE_val.ndpi,86_KI67_val.ndpi,86_14,38686.23574100511,8116.604027039211,0.907338096858342,0.907338096858342,KI67,47806.41802418471,2467.9928874555144
86,86_HE_val.ndpi,86_KI67_val.ndpi,86_15,37899.33931697901,6683.485241343641,0.907338096858342,0.907338096858342,KI67,47108.72707945165,1007.0417589610325
86,86_HE_val.ndpi,86_KI67_val.ndpi,86_16,37148.78598844772,6285.812103365465,0.907338096858342,0.907338096858342,KI67,46507.69447198705,694.7726163905621
86,86_HE_val.ndpi,86_KI67_val.ndpi,86_17,34945.31781795666,5492.128657327135,0.907338096858342,0.907338096858342,KI67,44783.97415354502,268.45199010997646
86,86_HE_val.ndpi,86_KI67_val.ndpi,86_18,34279.475785101706,6794.458951860274,0.907338096858342,0.907338096858342,KI67,44173.928097920405,1528.8843827536473
86,86_HE_val.ndpi,86_KI67_val.ndpi,86_19,34403.62492010034,8068.666919846827,0.907338096858342,0.907338096858342,KI67,44293.20294933157,2742.6328614450326
86,86_HE_val.ndpi,86_KI67_val.ndpi,86_20,33161.45746155389,10493.02110428539,0.907338096858342,0.907338096858342,KI67,41926.3855847021,5035.507909113396
86,86_HE_val.ndpi,86_KI67_val.ndpi,86_21,31365.66763769446,12097.173596041228,0.907338096858342,0.907338096858342,KI67,39565.313309827994,6320.559875882745
86,86_HE_val.ndpi,86_KI67_val.ndpi,86_22,30632.534121200533,11806.39812970599,0.907338096858342,0.907338096858342,KI67,39117.0426365594,5829.708321334882
86,86_HE_val.ndpi,86_KI67_val.ndpi,86_23,29755.953150654503,11406.86350663415,0.907338096858342,0.907338096858342,KI67,39030.67342894268,5072.087581351998
86,86_HE_val.ndpi,86_KI67_val.ndpi,86_24,24739.529526500228,13687.669458459737,0.907338096858342,0.907338096858342,KI67,36572.68291913095,6076.673765228619
86,86_HE_val.ndpi,86_KI67_val.ndpi,86_25,19424.41439604494,12126.70260699628,0.907338096858342,0.907338096858342,KI67,31091.885529426687,5260.034130715476
86,86_HE_val.ndpi,86_KI67_val.ndpi,86_26,21184.05524129685,2830.7580394102692,0.907338096858342,0.907338096858342,KI67,31053.167992371942,-2586.2071334316865
86,86_HE_val.ndpi,86_KI67_val.ndpi,86_27,32853.09806043285,2658.126068458518,0.907338096858342,0.907338096858342,KI67,40757.01002830423,-3061.9475428035034
86,86_HE_val.ndpi,86_KI67_val.ndpi,86_28,28624.188987870923,14359.37806680308,0.907338096858342,0.907338096858342,KI67,38100.388850359515,7382.692699966684
86,86_HE_val.ndpi,86_KI67_val.ndpi,86_29,35734.45016859783,13618.904326613865,0.907338096858342,0.907338096858342,KI67,43211.21305819628,7433.345967175774
86,86_HE_val.ndpi,86_KI67_val.ndpi,86_30,42837.77208512411,10373.332226571585,0.907338096858342,0.907338096858342,KI67,50443.559540319526,4034.1926911003543
86,86_HE_val.ndpi,86_KI67_val.ndpi,86_31,27137.6769964281,9040.649837545683,0.907338096858342,0.907338096858342,KI67,36686.1544558341,1798.5344062850147
86,86_HE_val.ndpi,86_KI67_val.ndpi,86_32,35476.945509918834,9953.213723355428,0.907338096858342,0.907338096858342,KI67,44297.10319202561,4237.05447650527
86,86_HE_val.ndpi,86_KI67_val.ndpi,86_33,35965.582352461264,10789.438480575753,0.907338096858342,0.907338096858342,KI67,44188.33342664639,5095.042925549589
86,86_HE_val.ndpi,86_KI67_val.ndpi,86_34,36254.80240259879,5072.496499066419,0.907338096858342,0.907338096858342,KI67,45593.69707061562,-284.00069012229216
86,86_HE_val.ndpi,86_KI67_val.ndpi,86_35,40396.10801443025,5793.247865144854,0.907338096858342,0.907338096858342,KI67,49274.01887497425,145.59198355488522
86,86_HE_val.ndpi,86_KI67_val.ndpi,86_36,31008.460895780318,9181.012537012202,0.907338096858342,0.907338096858342,KI67,40956.734245936954,3355.4705131021888
86,86_HE_val.ndpi,86_KI67_val.ndpi,86_37,29702.251783443764,9957.828400754346,0.907338096858342,0.907338096858342,KI67,39468.32487379487,3713.217053438586
86,86_HE_val.ndpi,86_KI67_val.ndpi,86_38,28933.73774680265,16757.870117227732,0.907338096858342,0.907338096858342,KI67,38949.46896691399,9683.082300782246
86,86_HE_val.ndpi,86_KI67_val.ndpi,86_39,36415.7137627652,8116.651021138559,0.907338096858342,0.907338096858342,KI67,45943.49667138784,2635.1212110268875
86,86_HE_val.ndpi,86_KI67_val.ndpi,86_40,36885.9491380568,8502.429976611396,0.907338096858342,0.907338096858342,KI67,46257.168761477384,2915.8965366518255
86,86_HE_val.ndpi,86_KI67_val.ndpi,86_41,36253.23838678987,6759.880433791129,0.907338096858342,0.907338096858342,KI67,45776.062280739665,1276.1002603693682
86,86_HE_val.ndpi,86_KI67_val.ndpi,86_42,39151.166116392655,12347.777171682368,0.907338096858342,0.907338096858342,KI67,46062.67610016224,6482.02314388483
86,86_HE_val.ndpi,86_KI67_val.ndpi,86_43,38770.13850531125,12059.770385841497,0.907338096858342,0.907338096858342,KI67,45885.28221305241,6211.995636491803
86,86_HE_val.ndpi,86_KI67_val.ndpi,86_44,40291.84622048659,12377.589916220437,0.907338096858342,0.907338096858342,KI67,47034.13666658204,6408.381045249004
86,86_HE_val.ndpi,86_KI67_val.ndpi,86_45,39158.491211798864,6868.175105086393,0.907338096858342,0.907338096858342,KI67,48146.021795281355,1098.9661186245937
86,86_HE_val.ndpi,86_KI67_val.ndpi,86_46,41454.09511411476,9303.869688442905,0.907338096858342,0.907338096858342,KI67,49796.83642588308,3225.624819004257
86,86_HE_val.ndpi,86_KI67_val.ndpi,86_47,38860.39945052605,9724.732042224829,0.907338096858342,0.907338096858342,KI67,47341.78041452015,3756.3569089365355
86,86_HE_val.ndpi,86_KI67_val.ndpi,86_48,33978.42663265083,9323.242601659826,0.907338096858342,0.907338096858342,KI67,43329.16064334438,3777.9997756338594
86,86_HE_val.ndpi,86_KI67_val.ndpi,86_49,34757.17180592018,9249.18263574375,0.907338096858342,0.907338096858342,KI67,44041.10708155593,3647.6279373855673
86,86_HE_val.ndpi,86_KI67_val.ndpi,86_50,38424.00122813636,6505.987588869049,0.907338096858342,0.907338096858342,KI67,47537.783559577285,772.0909418411553
95,95_HE_val.ndpi,95_KI67_val.ndpi,95_1,34345.196405236835,3208.7682004152034,0.9109542245502164,0.9109542245502164,KI67,15281.199074646105,14358.310513395047
95,95_HE_val.ndpi,95_KI67_val.ndpi,95_2,34752.04428716875,2953.6675768846167,0.9109542245502164,0.9109542245502164,KI67,14904.485265281037,14441.74798699759
95,95_HE_val.ndpi,95_KI67_val.ndpi,95_3,34107.87510445795,3511.360228266385,0.9109542245502164,0.9109542245502164,KI67,15463.799080395533,14160.606022586517
95,95_HE_val.ndpi,95_KI67_val.ndpi,95_4,34379.31382788754,3965.078659475538,0.9109542245502164,0.9109542245502164,KI67,15098.528133203617,13641.169000271619
95,95_HE_val.ndpi,95_KI67_val.ndpi,95_5,34429.869566143665,2821.8776786886488,0.9109542245502164,0.9109542245502164,KI67,15256.849011267843,14662.222697964578
95,95_HE_val.ndpi,95_KI67_val.ndpi,95_6,33860.68041329533,2755.295990181634,0.9109542245502164,0.9109542245502164,KI67,15851.326564710438,14909.741615779189
95,95_HE_val.ndpi,95_KI67_val.ndpi,95_7,33601.79016680835,2417.1536212532965,0.9109542245502164,0.9109542245502164,KI67,16054.06187605047,15275.634415674038
95,95_HE_val.ndpi,95_KI67_val.ndpi,95_8,31585.78527535562,312.4191827785036,0.9109542245502164,0.9109542245502164,KI67,17350.86901845964,17744.287797995807
95,95_HE_val.ndpi,95_KI67_val.ndpi,95_9,30571.273373884083,46.9622822944332,0.9109542245502164,0.9109542245502164,KI67,18224.155988211343,17979.401353355446
95,95_HE_val.ndpi,95_KI67_val.ndpi,95_10,30292.230790119334,162.79709715426162,0.9109542245502164,0.9109542245502164,KI67,18521.725427107693,17837.59295924889
95,95_HE_val.ndpi,95_KI67_val.ndpi,95_11,29673.173497396256,606.774109679712,0.9109542245502164,0.9109542245502164,KI67,19214.272098353948,17578.447220645536
95,95_HE_val.ndpi,95_KI67_val.ndpi,95_12,29312.660919466,1894.0254554405883,0.9109542245502164,0.9109542245502164,KI67,19444.849996484263,16191.751051125988
95,95_HE_val.ndpi,95_KI67_val.ndpi,95_13,29169.337423059605,2627.268419209434,0.9109542245502164,0.9109542245502164,KI67,19397.041290799076,15517.34586925057
95,95_HE_val.ndpi,95_KI67_val.ndpi,95_14,29459.6687083082,2383.341445909556,0.9109542245502164,0.9109542245502164,KI67,19229.159225905827,15694.396400367184
95,95_HE_val.ndpi,95_KI67_val.ndpi,95_15,30102.56234638605,2444.207072316659,0.9109542245502164,0.9109542245502164,KI67,18733.30133002101,15511.172852914293
95,95_HE_val.ndpi,95_KI67_val.ndpi,95_16,27021.729265929418,6654.304548515734,0.9109542245502164,0.9109542245502164,KI67,18275.49556640418,12413.603428003773
95,95_HE_val.ndpi,95_KI67_val.ndpi,95_17,27578.63024546784,6373.632102924952,0.9109542245502164,0.9109542245502164,KI67,18159.469179683245,12452.22510193126
95,95_HE_val.ndpi,95_KI67_val.ndpi,95_18,26703.686886272557,7012.721370662912,0.9109542245502164,0.9109542245502164,KI67,18177.286659485442,12252.489736168822
95,95_HE_val.ndpi,95_KI67_val.ndpi,95_19,28286.066857506547,6899.326938720241,0.9109542245502164,0.9109542245502164,KI67,17418.852302464347,11933.754003189819
95,95_HE_val.ndpi,95_KI67_val.ndpi,95_20,29594.853862949352,7206.47249795747,0.9109542245502164,0.9109542245502164,KI67,16957.650566935128,11386.595350356312
95,95_HE_val.ndpi,95_KI67_val.ndpi,95_21,31104.98829316142,7039.466496957691,0.9109542245502164,0.9109542245502164,KI67,16498.451682213068,11313.470527703998
95,95_HE_val.ndpi,95_KI67_val.ndpi,95_22,30874.916274318875,7625.60219029788,0.9109542245502164,0.9109542245502164,KI67,16560.75324576783,10865.218868775186
95,95_HE_val.ndpi,95_KI67_val.ndpi,95_23,31729.47015883761,7055.900123032637,0.9109542245502164,0.9109542245502164,KI67,16243.76663916057,11229.19342538692
95,95_HE_val.ndpi,95_KI67_val.ndpi,95_24,32257.73951256373,6333.990298229635,0.9109542245502164,0.9109542245502164,KI67,16352.603061347472,11767.918029108405
95,95_HE_val.ndpi,95_KI67_val.ndpi,95_25,32250.981796863714,5420.595860165577,0.9109542245502164,0.9109542245502164,KI67,16683.594563482086,12548.88871375881
95,95_HE_val.ndpi,95_KI67_val.ndpi,95_26,31081.61850886538,5291.439571768671,0.9109542245502164,0.9109542245502164,KI67,17289.857719280793,12753.357903453483
95,95_HE_val.ndpi,95_KI67_val.ndpi,95_27,32267.758648380986,4852.911163445761,0.9109542245502164,0.9109542245502164,KI67,16776.376345031545,13039.555350842222
95,95_HE_val.ndpi,95_KI67_val.ndpi,95_28,36452.8537532469,10290.20078021718,0.9109542245502164,0.9109542245502164,KI67,13786.467292837497,7412.802104163906
95,95_HE_val.ndpi,95_KI67_val.ndpi,95_29,36973.27624564867,10958.560374797105,0.9109542245502164,0.9109542245502164,KI67,13568.291230087963,6780.5690897263685
95,95_HE_val.ndpi,95_KI67_val.ndpi,95_30,36823.468460031945,6545.019718504559,0.9109542245502164,0.9109542245502164,KI67,12789.600684697578,10754.240789744512
95,95_HE_val.ndpi,95_KI67_val.ndpi,95_31,36737.87620407401,5733.4779423796945,0.9109542245502164,0.9109542245502164,KI67,12702.555239211862,11473.267716507082
95,95_HE_val.ndpi,95_KI67_val.ndpi,95_32,36408.187326346255,6002.935128448074,0.9109542245502164,0.9109542245502164,KI67,12991.02525302257,11348.27300479255
95,95_HE_val.ndpi,95_KI67_val.ndpi,95_33,36069.58063220203,5385.513137491229,0.9109542245502164,0.9109542245502164,KI67,13286.930575595823,11872.945026406083
95,95_HE_val.ndpi,95_KI67_val.ndpi,95_34,35872.483838472115,5066.958323708931,0.9109542245502164,0.9109542245502164,KI67,13486.783738491295,12198.169599804647
95,95_HE_val.ndpi,95_KI67_val.ndpi,95_35,36297.96861036467,4270.441403936675,0.9109542245502164,0.9109542245502164,KI67,13232.31144377827,12838.286292569086
95,95_HE_val.ndpi,95_KI67_val.ndpi,95_36,35388.154341480964,4723.763520115499,0.9109542245502164,0.9109542245502164,KI67,13941.169645184693,12655.745442626585
95,95_HE_val.ndpi,95_KI67_val.ndpi,95_37,34114.654843388904,15430.438741053435,0.9109542245502164,0.9109542245502164,KI67,13324.772909219277,4131.501379325474
95,95_HE_val.ndpi,95_KI67_val.ndpi,95_38,34721.123959822886,7745.807888455363,0.9109542245502164,0.9109542245502164,KI67,14794.70645968685,10013.855034637672
95,95_HE_val.ndpi,95_KI67_val.ndpi,95_39,34440.43933851503,7821.024030178039,0.9109542245502164,0.9109542245502164,KI67,14989.818217708504,10007.759050344162
95,95_HE_val.ndpi,95_KI67_val.ndpi,95_40,34145.078307259784,7868.722073830772,0.9109542245502164,0.9109542245502164,KI67,15189.824017875915,10034.395778503116
95,95_HE_val.ndpi,95_KI67_val.ndpi,95_41,38124.523690357695,1450.5231801580844,0.9109542245502164,0.9109542245502164,KI67,10957.511074428208,15094.371807203122
95,95_HE_val.ndpi,95_KI67_val.ndpi,95_42,38913.34213023164,1034.202197580911,0.9109542245502164,0.9109542245502164,KI67,10223.881837701769,15308.170247702721
95,95_HE_val.ndpi,95_KI67_val.ndpi,95_43,36738.61312728887,1499.824528555415,0.9109542245502164,0.9109542245502164,KI67,12455.745150329885,15328.133337804473
95,95_HE_val.ndpi,95_KI67_val.ndpi,95_44,35637.55391130101,1647.7277901265688,0.9109542245502164,0.9109542245502164,KI67,13766.648079002787,15422.04428681419
95,95_HE_val.ndpi,95_KI67_val.ndpi,95_45,35215.75502724484,3181.541771490713,0.9109542245502164,0.9109542245502164,KI67,14406.6166934031,14111.088312907172
95,95_HE_val.ndpi,95_KI67_val.ndpi,95_46,32717.827347482147,10874.281151453228,0.9109542245502164,0.9109542245502164,KI67,15501.724713208794,7633.269326787543
95,95_HE_val.ndpi,95_KI67_val.ndpi,95_47,32928.17838813808,12576.81490585368,0.9109542245502164,0.9109542245502164,KI67,14726.116912083826,5925.512706307481
95,95_HE_val.ndpi,95_KI67_val.ndpi,95_48,34321.757652811924,10453.578035761848,0.9109542245502164,0.9109542245502164,KI67,15235.44698583987,7672.803240246479
95,95_HE_val.ndpi,95_KI67_val.ndpi,95_49,37641.12694806649,12359.58462151295,0.9109542245502164,0.9109542245502164,KI67,13103.145215645722,5529.083477849869
95,95_HE_val.ndpi,95_KI67_val.ndpi,95_50,37994.3429425708,7579.883062015474,0.9109542245502164,0.9109542245502164,KI67,12144.450886743996,9701.24242051047
57,57_HE_val.ndpi,57_PGR_val.ndpi,57_1,7335.947096808129,4962.510159079287,0.919793966151582,0.919793966151582,PGR,27609.768252938822,24879.917630054933
57,57_HE_val.ndpi,57_PGR_val.ndpi,57_2,7702.382410422178,5064.557262162048,0.919793966151582,0.919793966151582,PGR,27267.27522563291,24751.268931416882
57,57_HE_val.ndpi,57_PGR_val.ndpi,57_3,7870.7151929457095,4775.106096705968,0.919793966151582,0.919793966151582,PGR,27200.254176346847,25361.944295645877
57,57_HE_val.ndpi,57_PGR_val.ndpi,57_4,7554.48789732114,4604.509792487467,0.919793966151582,0.919793966151582,PGR,27545.556501671846,25665.263706475558
57,57_HE_val.ndpi,57_PGR_val.ndpi,57_5,6998.201550821649,4348.966699821515,0.919793966151582,0.919793966151582,PGR,28190.880279553185,25931.263449478007
57,57_HE_val.ndpi,57_PGR_val.ndpi,57_6,6615.823881587533,4335.482348765395,0.919793966151582,0.919793966151582,PGR,28568.77275608834,25912.225707194768
57,57_HE_val.ndpi,57_PGR_val.ndpi,57_7,6114.096863267686,3795.006442405919,0.919793966151582,0.919793966151582,PGR,28998.408351931972,26882.073737726874
57,57_HE_val.ndpi,57_PGR_val.ndpi,57_8,5751.762148515121,3295.7813182863733,0.919793966151582,0.919793966151582,PGR,29494.953297234184,27783.288712856043
57,57_HE_val.ndpi,57_PGR_val.ndpi,57_9,4851.679403916405,3051.7869943992214,0.919793966151582,0.919793966151582,PGR,30619.987768596977,27970.35384266067
57,57_HE_val.ndpi,57_PGR_val.ndpi,57_10,4433.815900970892,2754.5638718636405,0.919793966151582,0.919793966151582,PGR,31728.07936660944,28208.202777849496
57,57_HE_val.ndpi,57_PGR_val.ndpi,57_11,4616.898696267678,1543.8879910087119,0.919793966151582,0.919793966151582,PGR,31723.01604246772,29420.618731584753
57,57_HE_val.ndpi,57_PGR_val.ndpi,57_12,5035.761166787907,1571.6272274670098,0.919793966151582,0.919793966151582,PGR,30828.68560736777,29542.83495362589
57,57_HE_val.ndpi,57_PGR_val.ndpi,57_13,2695.5396610149132,644.8689738759605,0.919793966151582,0.919793966151582,PGR,36441.390408533516,30009.789613883484
57,57_HE_val.ndpi,57_PGR_val.ndpi,57_14,1063.3660839515394,962.0564347389039,0.919793966151582,0.919793966151582,PGR,38952.33917043275,29370.59940351153
57,57_HE_val.ndpi,57_PGR_val.ndpi,57_15,1454.4893180134757,1271.6263136134585,0.919793966151582,0.919793966151582,PGR,38299.664082052805,28980.038689077166
57,57_HE_val.ndpi,57_PGR_val.ndpi,57_16,2649.0326320646664,3478.463152355321,0.919793966151582,0.919793966151582,PGR,36074.18208288042,26021.348024532486
57,57_HE_val.ndpi,57_PGR_val.ndpi,57_17,2967.789746054209,3523.9998829252513,0.919793966151582,0.919793966151582,PGR,35353.816640588615,26114.265873567296
57,57_HE_val.ndpi,57_PGR_val.ndpi,57_18,4152.22605436463,2492.821015560553,0.919793966151582,0.919793966151582,PGR,32384.47809526687,28435.051659777935
57,57_HE_val.ndpi,57_PGR_val.ndpi,57_19,7872.573301548576,3724.476478700664,0.919793966151582,0.919793966151582,PGR,27596.947668275046,26851.881406827302
57,57_HE_val.ndpi,57_PGR_val.ndpi,57_20,8237.066868610544,3842.645626013,0.919793966151582,0.919793966151582,PGR,27227.13934264752,26614.542081021395
57,57_HE_val.ndpi,57_PGR_val.ndpi,57_21,9898.739274802803,4002.2831980616243,0.919793966151582,0.919793966151582,PGR,25678.14134960845,26003.86729767516
57,57_HE_val.ndpi,57_PGR_val.ndpi,57_22,8958.04628802915,3900.42472178677,0.919793966151582,0.919793966151582,PGR,26460.47752550811,26388.54366758959
57,57_HE_val.ndpi,57_PGR_val.ndpi,57_23,11891.14561312582,3005.181466674004,0.919793966151582,0.919793966151582,PGR,23237.441838630737,26490.453039560176
57,57_HE_val.ndpi,57_PGR_val.ndpi,57_24,13349.451216547388,2667.102079454163,0.919793966151582,0.919793966151582,PGR,21338.875398504795,26358.291291702197
57,57_HE_val.ndpi,57_PGR_val.ndpi,57_25,14050.882148790894,1965.9412312110726,0.919793966151582,0.919793966151582,PGR,19520.39581716016,26749.052243743972
57,57_HE_val.ndpi,57_PGR_val.ndpi,57_26,15589.286044661585,1275.8376026139056,0.919793966151582,0.919793966151582,PGR,17256.33950894038,27978.962063380823
57,57_HE_val.ndpi,57_PGR_val.ndpi,57_27,15940.77545767191,1567.634397904903,0.919793966151582,0.919793966151582,PGR,16790.14194756529,27247.565581549134
57,57_HE_val.ndpi,57_PGR_val.ndpi,57_28,15797.62393538412,3929.8817658547173,0.919793966151582,0.919793966151582,PGR,18440.060641820604,24183.044174281786
57,57_HE_val.ndpi,57_PGR_val.ndpi,57_29,16116.27841419877,3705.2902673357953,0.919793966151582,0.919793966151582,PGR,17974.14701995582,24223.32747139543
57,57_HE_val.ndpi,57_PGR_val.ndpi,57_30,14131.866253478649,4425.634077293252,0.919793966151582,0.919793966151582,PGR,20697.227035116448,24523.71518040368
57,57_HE_val.ndpi,57_PGR_val.ndpi,57_31,14312.633611065216,4699.0196632766665,0.919793966151582,0.919793966151582,PGR,20592.19316101088,23995.04449841915
57,57_HE_val.ndpi,57_PGR_val.ndpi,57_32,14521.528862634199,5085.668250284151,0.919793966151582,0.919793966151582,PGR,20486.56828801935,23181.783437183145
57,57_HE_val.ndpi,57_PGR_val.ndpi,57_33,16871.084982120672,7553.051499980931,0.919793966151582,0.919793966151582,PGR,17001.91741079597,19968.141638294404
57,57_HE_val.ndpi,57_PGR_val.ndpi,57_34,17456.271914444846,7449.195798681087,0.919793966151582,0.919793966151582,PGR,15916.500692119283,20090.84534806961
57,57_HE_val.ndpi,57_PGR_val.ndpi,57_35,17779.822368494362,6714.216989482135,0.919793966151582,0.919793966151582,PGR,15399.531158239846,20795.24974944371
57,57_HE_val.ndpi,57_PGR_val.ndpi,57_36,18028.277161603997,6988.566544753836,0.919793966151582,0.919793966151582,PGR,14919.484861723513,20585.36873508657
57,57_HE_val.ndpi,57_PGR_val.ndpi,57_37,14508.731485251341,6571.938075304398,0.919793966151582,0.919793966151582,PGR,20958.703440681988,21342.72339789759
57,57_HE_val.ndpi,57_PGR_val.ndpi,57_38,14156.212021927178,6601.796281214364,0.919793966151582,0.919793966151582,PGR,21348.39856824807,21471.3940783859
57,57_HE_val.ndpi,57_PGR_val.ndpi,57_39,16937.510238100167,11874.146093928744,0.919793966151582,0.919793966151582,PGR,16600.698317541992,13769.244150950171
57,57_HE_val.ndpi,57_PGR_val.ndpi,57_40,16340.180177624019,11669.310695365037,0.919793966151582,0.919793966151582,PGR,17545.556322266955,13859.56362789431
57,57_HE_val.ndpi,57_PGR_val.ndpi,57_41,15352.315842554397,12140.088678122836,0.919793966151582,0.919793966151582,PGR,18376.51004113399,12873.761817507222
57,57_HE_val.ndpi,57_PGR_val.ndpi,57_42,15914.080207440968,11957.23163138978,0.919793966151582,0.919793966151582,PGR,18043.160479481343,13303.655804696036
57,57_HE_val.ndpi,57_PGR_val.ndpi,57_43,12985.510870478389,11110.849719366133,0.919793966151582,0.919793966151582,PGR,21495.486345018966,13624.261241978675
57,57_HE_val.ndpi,57_PGR_val.ndpi,57_44,13627.486845903994,10383.522998238946,0.919793966151582,0.919793966151582,PGR,21432.759841203788,14884.473006803686
57,57_HE_val.ndpi,57_PGR_val.ndpi,57_45,2227.5836122073274,10021.205846848465,0.919793966151582,0.919793966151582,PGR,35379.04253718417,15469.206266966343
57,57_HE_val.ndpi,57_PGR_val.ndpi,57_46,2830.814721675728,9019.581557358928,0.919793966151582,0.919793966151582,PGR,34077.79380231546,17144.43043479368
57,57_HE_val.ndpi,57_PGR_val.ndpi,57_47,6058.066976268138,12368.680214690638,0.919793966151582,0.919793966151582,PGR,30373.20626202286,11163.465275422988
57,57_HE_val.ndpi,57_PGR_val.ndpi,57_48,8174.990770259885,12400.904833420529,0.919793966151582,0.919793966151582,PGR,26956.76737963588,11028.573530711301
57,57_HE_val.ndpi,57_PGR_val.ndpi,57_49,11107.094205178459,13254.553736109361,0.919793966151582,0.919793966151582,PGR,22760.83279513335,10793.610999749502
57,57_HE_val.ndpi,57_PGR_val.ndpi,57_50,11239.821520211555,13623.900744910301,0.919793966151582,0.919793966151582,PGR,22401.044837064495,10427.490166464486
91,91_HE_val.ndpi,91_HER2_val.ndpi,91_1,34545.047082934274,14406.1997328117,0.9109542245502164,0.9109542245502164,HER2,38637.3462684151,14297.688247801969
91,91_HE_val.ndpi,91_HER2_val.ndpi,91_2,34207.37022651813,14661.921424812224,0.9109542245502164,0.9109542245502164,HER2,38412.53446245892,14440.281579355302
91,91_HE_val.ndpi,91_HER2_val.ndpi,91_3,33903.806456968196,14642.586080047777,0.9109542245502164,0.9109542245502164,HER2,38289.09212513974,14390.18680065888
91,91_HE_val.ndpi,91_HER2_val.ndpi,91_4,33582.841052305994,14180.47325789038,0.9109542245502164,0.9109542245502164,HER2,38335.003175011305,14073.399824712656
91,91_HE_val.ndpi,91_HER2_val.ndpi,91_5,33186.467849161265,14364.158295570754,0.9109542245502164,0.9109542245502164,HER2,38090.79578993062,14199.278971126365
91,91_HE_val.ndpi,91_HER2_val.ndpi,91_6,33317.9476772522,13786.033699859392,0.9109542245502164,0.9109542245502164,HER2,38367.22724483337,13868.584459124266
91,91_HE_val.ndpi,91_HER2_val.ndpi,91_7,33989.96448734033,13319.286727100496,0.9109542245502164,0.9109542245502164,HER2,38968.07864106174,13497.446959763844
91,91_HE_val.ndpi,91_HER2_val.ndpi,91_8,34177.94839466877,13500.886709314742,0.9109542245502164,0.9109542245502164,HER2,38991.657969914166,13649.286532240803
91,91_HE_val.ndpi,91_HER2_val.ndpi,91_9,32957.142999616335,12136.36883383769,0.9109542245502164,0.9109542245502164,HER2,39006.46406263254,12491.754970295806
91,91_HE_val.ndpi,91_HER2_val.ndpi,91_10,33266.955515158814,12350.998802143535,0.9109542245502164,0.9109542245502164,HER2,39042.76811188867,12694.061423387679
91,91_HE_val.ndpi,91_HER2_val.ndpi,91_11,33598.73442455881,11525.284278269963,0.9109542245502164,0.9109542245502164,HER2,39609.33187607746,11955.15518199344
91,91_HE_val.ndpi,91_HER2_val.ndpi,91_12,33772.833032785566,9199.521290672355,0.9109542245502164,0.9109542245502164,HER2,38809.089371688715,9148.016392796579
91,91_HE_val.ndpi,91_HER2_val.ndpi,91_13,33617.624919309696,10051.264941865997,0.9109542245502164,0.9109542245502164,HER2,39121.63670043599,10165.199802287163
91,91_HE_val.ndpi,91_HER2_val.ndpi,91_14,32566.52091376953,8937.862827236091,0.9109542245502164,0.9109542245502164,HER2,38346.03762703237,8878.685462205214
91,91_HE_val.ndpi,91_HER2_val.ndpi,91_15,33146.84466945089,8424.244849150171,0.9109542245502164,0.9109542245502164,HER2,38575.20193081368,8264.55214402773
91,91_HE_val.ndpi,91_HER2_val.ndpi,91_16,33342.190621644266,7741.401525598625,0.9109542245502164,0.9109542245502164,HER2,38588.60889648053,7614.804676136484
91,91_HE_val.ndpi,91_HER2_val.ndpi,91_17,32239.882603099744,7825.953010181491,0.9109542245502164,0.9109542245502164,HER2,38204.76404992412,7529.27638596888
91,91_HE_val.ndpi,91_HER2_val.ndpi,91_18,30583.99950005965,6549.636119494033,0.9109542245502164,0.9109542245502164,HER2,36856.49067396793,5925.813840986812
91,91_HE_val.ndpi,91_HER2_val.ndpi,91_19,29450.050197283683,6454.828620983482,0.9109542245502164,0.9109542245502164,HER2,36120.81581550132,5814.796850188707
91,91_HE_val.ndpi,91_HER2_val.ndpi,91_20,30024.363147291275,6980.569929613467,0.9109542245502164,0.9109542245502164,HER2,36822.45854476871,6398.766392912305
91,91_HE_val.ndpi,91_HER2_val.ndpi,91_21,29753.20487241119,8145.76569820788,0.9109542245502164,0.9109542245502164,HER2,36979.2679340348,7773.358646740004
91,91_HE_val.ndpi,91_HER2_val.ndpi,91_22,29281.682829901543,7572.069774801263,0.9109542245502164,0.9109542245502164,HER2,36605.00433768203,7078.883916106056
91,91_HE_val.ndpi,91_HER2_val.ndpi,91_23,27870.053223545845,6823.0986746180515,0.9109542245502164,0.9109542245502164,HER2,35030.18249746331,6207.141268084167
91,91_HE_val.ndpi,91_HER2_val.ndpi,91_24,26282.568710002543,8455.521751565431,0.9109542245502164,0.9109542245502164,HER2,34308.746864655826,7950.841082520247
91,91_HE_val.ndpi,91_HER2_val.ndpi,91_25,27488.65447040184,8439.245125028845,0.9109542245502164,0.9109542245502164,HER2,35028.62704340045,8022.862444649495
91,91_HE_val.ndpi,91_HER2_val.ndpi,91_26,27223.818599157246,7781.514704784881,0.9109542245502164,0.9109542245502164,HER2,34795.321988826756,7060.759738905599
91,91_HE_val.ndpi,91_HER2_val.ndpi,91_27,26488.83274887429,7169.709484420143,0.9109542245502164,0.9109542245502164,HER2,33956.243579513,6473.218567217753
91,91_HE_val.ndpi,91_HER2_val.ndpi,91_28,25893.411486107598,6880.982741407084,0.9109542245502164,0.9109542245502164,HER2,33326.041038795396,6111.462107638831
91,91_HE_val.ndpi,91_HER2_val.ndpi,91_29,24948.531260258656,7995.295055983497,0.9109542245502164,0.9109542245502164,HER2,33236.86984686378,7419.057515469536
91,91_HE_val.ndpi,91_HER2_val.ndpi,91_30,25155.031951286397,6900.145244232039,0.9109542245502164,0.9109542245502164,HER2,32774.77135589801,6254.664635008607
91,91_HE_val.ndpi,91_HER2_val.ndpi,91_31,26138.962216039938,10848.24740637306,0.9109542245502164,0.9109542245502164,HER2,34587.502932469775,10489.477084359722
91,91_HE_val.ndpi,91_HER2_val.ndpi,91_32,26969.358233994833,11113.462797458791,0.9109542245502164,0.9109542245502164,HER2,35135.16424114132,10891.372208968653
91,91_HE_val.ndpi,91_HER2_val.ndpi,91_33,28100.38130933081,12012.131659047727,0.9109542245502164,0.9109542245502164,HER2,36047.60710789038,11891.983650163265
91,91_HE_val.ndpi,91_HER2_val.ndpi,91_34,29976.18176620625,13688.752700535892,0.9109542245502164,0.9109542245502164,HER2,36866.74170950324,13792.340329870043
91,91_HE_val.ndpi,91_HER2_val.ndpi,91_35,25677.660256594667,18549.32291294294,0.9109542245502164,0.9109542245502164,HER2,32645.856710983284,18098.096126636887
91,91_HE_val.ndpi,91_HER2_val.ndpi,91_36,24744.464833890997,18533.21017686019,0.9109542245502164,0.9109542245502164,HER2,31875.532142979388,17957.137115520167
91,91_HE_val.ndpi,91_HER2_val.ndpi,91_37,23760.094853384628,18143.137901582948,0.9109542245502164,0.9109542245502164,HER2,31299.737931562096,17443.80264420964
91,91_HE_val.ndpi,91_HER2_val.ndpi,91_38,22373.770015487735,17499.823287359293,0.9109542245502164,0.9109542245502164,HER2,30979.981305620015,16389.7105912058
91,91_HE_val.ndpi,91_HER2_val.ndpi,91_39,21819.456906672367,16494.250392194062,0.9109542245502164,0.9109542245502164,HER2,31061.30797471778,15238.454724512938
91,91_HE_val.ndpi,91_HER2_val.ndpi,91_40,24193.320143323,15442.592517381056,0.9109542245502164,0.9109542245502164,HER2,32448.558161089113,14979.491079668927
91,91_HE_val.ndpi,91_HER2_val.ndpi,91_41,21696.545834401768,13990.420725706423,0.9109542245502164,0.9109542245502164,HER2,31558.482424530754,12782.43183687694
91,91_HE_val.ndpi,91_HER2_val.ndpi,91_42,21008.236728233664,13365.83823370261,0.9109542245502164,0.9109542245502164,HER2,30930.624180071416,12202.792415415353
91,91_HE_val.ndpi,91_HER2_val.ndpi,91_43,20773.211630335536,11639.715857121098,0.9109542245502164,0.9109542245502164,HER2,31115.77913618391,10564.727547971379
91,91_HE_val.ndpi,91_HER2_val.ndpi,91_44,35449.92979421871,1977.9633954507322,0.9109542245502164,0.9109542245502164,HER2,38184.46850559003,3153.383981559403
91,91_HE_val.ndpi,91_HER2_val.ndpi,91_45,36808.309270544814,1654.706579831998,0.9109542245502164,0.9109542245502164,HER2,39142.85909897773,3183.348515080305
91,91_HE_val.ndpi,91_HER2_val.ndpi,91_46,42728.74751009522,7971.988396460843,0.9109542245502164,0.9109542245502164,HER2,43716.255982199415,7947.0499149388515
91,91_HE_val.ndpi,91_HER2_val.ndpi,91_47,42955.04580100587,8755.307511006142,0.9109542245502164,0.9109542245502164,HER2,43395.66299225648,8399.199234345971
91,91_HE_val.ndpi,91_HER2_val.ndpi,91_48,20134.81818720848,3503.642404288727,0.9109542245502164,0.9109542245502164,HER2,28323.84750809039,2979.5932583583935
91,91_HE_val.ndpi,91_HER2_val.ndpi,91_49,20527.58294751137,4856.299769005886,0.9109542245502164,0.9109542245502164,HER2,28958.258273879084,4131.153444762461
91,91_HE_val.ndpi,91_HER2_val.ndpi,91_50,20540.947426290168,6099.202078666905,0.9109542245502164,0.9109542245502164,HER2,29455.45821020732,5246.764834661127
98,98_HE_val.ndpi,98_PGR_val.ndpi,98_1,30989.675705142658,12921.345196441704,0.919793966151582,0.919793966151582,PGR,19117.53601356744,16230.248696886685
98,98_HE_val.ndpi,98_PGR_val.ndpi,98_2,30099.39114783772,13512.69433560848,0.919793966151582,0.919793966151582,PGR,17557.57565104131,16500.99932603543
98,98_HE_val.ndpi,98_PGR_val.ndpi,98_3,29275.19184121797,13174.220519686276,0.919793966151582,0.919793966151582,PGR,17171.810965028184,15960.676045745424
98,98_HE_val.ndpi,98_PGR_val.ndpi,98_4,30161.254946039247,12288.191082314706,0.919793966151582,0.919793966151582,PGR,18717.267241128244,15117.72475706651
98,98_HE_val.ndpi,98_PGR_val.ndpi,98_5,28898.683337091188,10329.204519467348,0.919793966151582,0.919793966151582,PGR,18886.78847870526,13821.385972551323
98,98_HE_val.ndpi,98_PGR_val.ndpi,98_6,28901.133135012446,9960.640163599195,0.919793966151582,0.919793966151582,PGR,19036.24960549327,13621.724741938951
98,98_HE_val.ndpi,98_PGR_val.ndpi,98_7,30241.68196332857,7554.5526178052205,0.919793966151582,0.919793966151582,PGR,20670.21209873056,12342.618862738716
98,98_HE_val.ndpi,98_PGR_val.ndpi,98_8,29502.96067601065,7119.396414497063,0.919793966151582,0.919793966151582,PGR,20307.807309585125,11865.591626337266
98,98_HE_val.ndpi,98_PGR_val.ndpi,98_9,28379.090279732438,8195.823987147014,0.919793966151582,0.919793966151582,PGR,19463.59471173117,12417.864965913626
98,98_HE_val.ndpi,98_PGR_val.ndpi,98_10,27878.696821003577,7796.99931303381,0.919793966151582,0.919793966151582,PGR,19451.34815335028,12062.987668500346
98,98_HE_val.ndpi,98_PGR_val.ndpi,98_11,27333.39332069145,8102.401660911023,0.919793966151582,0.919793966151582,PGR,19067.90476305207,12230.36838525629
98,98_HE_val.ndpi,98_PGR_val.ndpi,98_12,28364.72431913521,7332.853573493895,0.919793966151582,0.919793966151582,PGR,19689.13695876554,11672.328395969073
98,98_HE_val.ndpi,98_PGR_val.ndpi,98_13,29322.965636376626,6278.612721729166,0.919793966151582,0.919793966151582,PGR,20260.075126727897,11056.950833336847
98,98_HE_val.ndpi,98_PGR_val.ndpi,98_14,30832.095936785885,6256.048520707132,0.919793966151582,0.919793966151582,PGR,20786.015795382693,11344.871291436006
98,98_HE_val.ndpi,98_PGR_val.ndpi,98_15,31155.299347079468,7176.088516713913,0.919793966151582,0.919793966151582,PGR,20915.46586345253,12144.528290257984
98,98_HE_val.ndpi,98_PGR_val.ndpi,98_16,26275.68189795449,4972.339422654221,0.919793966151582,0.919793966151582,PGR,20218.112769521664,9068.8561126431
98,98_HE_val.ndpi,98_PGR_val.ndpi,98_17,27594.24497947584,6081.540407966905,0.919793966151582,0.919793966151582,PGR,19972.207004859258,10619.537782440266
98,98_HE_val.ndpi,98_PGR_val.ndpi,98_18,24763.50007172362,4680.35620655178,0.919793966151582,0.919793966151582,PGR,19555.129068896647,8364.489702895711
98,98_HE_val.ndpi,98_PGR_val.ndpi,98_19,23667.406073651826,5220.164528029637,0.919793966151582,0.919793966151582,PGR,19040.86451572993,8612.136793646476
98,98_HE_val.ndpi,98_PGR_val.ndpi,98_20,24102.487245612734,6723.22430424226,0.919793966151582,0.919793966151582,PGR,18676.36721326284,10228.796588727668
98,98_HE_val.ndpi,98_PGR_val.ndpi,98_21,23145.547103358458,5896.961073781788,0.919793966151582,0.919793966151582,PGR,18597.626827733326,9245.69301678602
98,98_HE_val.ndpi,98_PGR_val.ndpi,98_22,22577.205135674583,6106.110220626167,0.919793966151582,0.919793966151582,PGR,18169.3862731986,9429.96780361199
98,98_HE_val.ndpi,98_PGR_val.ndpi,98_23,19179.453099227623,8842.408320822573,0.919793966151582,0.919793966151582,PGR,13597.294816715068,11548.37107663892
98,98_HE_val.ndpi,98_PGR_val.ndpi,98_24,19522.71847844121,9966.31374381883,0.919793966151582,0.919793966151582,PGR,13115.119086424273,12347.283992385665
98,98_HE_val.ndpi,98_PGR_val.ndpi,98_25,19384.696764010296,11439.034139073785,0.919793966151582,0.919793966151582,PGR,12410.44761042382,13533.574511729043
98,98_HE_val.ndpi,98_PGR_val.ndpi,98_26,19862.656795097442,12060.671642180005,0.919793966151582,0.919793966151582,PGR,12328.710473041325,13898.626125923689
98,98_HE_val.ndpi,98_PGR_val.ndpi,98_27,20111.44753248608,11634.36493377136,0.919793966151582,0.919793966151582,PGR,12684.285816023365,13741.070551319433
98,98_HE_val.ndpi,98_PGR_val.ndpi,98_28,25693.555494012806,12093.810948789851,0.919793966151582,0.919793966151582,PGR,15593.140100029723,14399.723732440543
98,98_HE_val.ndpi,98_PGR_val.ndpi,98_29,27604.82311408041,10135.509124874534,0.919793966151582,0.919793966151582,PGR,18190.635738097342,13568.90915426997
98,98_HE_val.ndpi,98_PGR_val.ndpi,98_30,29928.740901401103,15807.066128387449,0.919793966151582,0.919793966151582,PGR,16723.202460948436,18249.83417232484
98,98_HE_val.ndpi,98_PGR_val.ndpi,98_31,29995.133843384527,16698.772007060626,0.919793966151582,0.919793966151582,PGR,16837.147560247813,19006.155963851445
98,98_HE_val.ndpi,98_PGR_val.ndpi,98_32,30142.888561454198,15564.89473622407,0.919793966151582,0.919793966151582,PGR,16840.76598048504,18187.12415560347
98,98_HE_val.ndpi,98_PGR_val.ndpi,98_33,34290.80628070096,11879.941257983,0.919793966151582,0.919793966151582,PGR,22045.18343681229,15469.396552470858
98,98_HE_val.ndpi,98_PGR_val.ndpi,98_34,34898.05085667885,13209.037073009024,0.919793966151582,0.919793966151582,PGR,22175.769564756072,16405.407928977682
98,98_HE_val.ndpi,98_PGR_val.ndpi,98_35,32991.97945790199,13812.676088157228,0.919793966151582,0.919793966151582,PGR,20313.850358613858,16680.447328524006
98,98_HE_val.ndpi,98_PGR_val.ndpi,98_36,33048.142110717956,14796.920213846319,0.919793966151582,0.919793966151582,PGR,19806.0099868731,17259.34108215874
98,98_HE_val.ndpi,98_PGR_val.ndpi,98_37,35668.675142711625,14193.165351053918,0.919793966151582,0.919793966151582,PGR,22310.24400959134,17004.17195139051
98,98_HE_val.ndpi,98_PGR_val.ndpi,98_38,36152.02670925808,13370.564001951245,0.919793966151582,0.919793966151582,PGR,23027.03456364393,16538.75162563602
98,98_HE_val.ndpi,98_PGR_val.ndpi,98_39,35094.511868243,11738.069168042131,0.919793966151582,0.919793966151582,PGR,22675.120678676365,15391.599863857706
98,98_HE_val.ndpi,98_PGR_val.ndpi,98_40,32673.08996274618,8975.692502678348,0.919793966151582,0.919793966151582,PGR,21754.44187253504,13050.57002006718
98,98_HE_val.ndpi,98_PGR_val.ndpi,98_41,33995.440676315666,20486.241803943776,0.919793966151582,0.919793966151582,PGR,20123.399972407533,21934.072491247352
98,98_HE_val.ndpi,98_PGR_val.ndpi,98_42,35321.02860703709,21940.355500156715,0.919793966151582,0.919793966151582,PGR,20196.70192053551,23284.71884196204
98,98_HE_val.ndpi,98_PGR_val.ndpi,98_43,34878.63939214599,19973.356168639548,0.919793966151582,0.919793966151582,PGR,20527.83543729334,21635.251491731404
98,98_HE_val.ndpi,98_PGR_val.ndpi,98_44,33674.10057327344,18316.714013560697,0.919793966151582,0.919793966151582,PGR,19842.821409357974,20078.27019897699
98,98_HE_val.ndpi,98_PGR_val.ndpi,98_45,34004.534926458124,17181.083588867205,0.919793966151582,0.919793966151582,PGR,20151.652836932535,19335.649923719207
98,98_HE_val.ndpi,98_PGR_val.ndpi,98_46,22233.543216504877,14824.175979202431,0.919793966151582,0.919793966151582,PGR,11828.247980917036,15793.756927279532
98,98_HE_val.ndpi,98_PGR_val.ndpi,98_47,21924.760714397253,14787.908187322186,0.919793966151582,0.919793966151582,PGR,11655.858410168014,15740.877560922174
98,98_HE_val.ndpi,98_PGR_val.ndpi,98_48,23266.51687351075,14712.063903943146,0.919793966151582,0.919793966151582,PGR,12553.43768076037,15872.336403537687
98,98_HE_val.ndpi,98_PGR_val.ndpi,98_49,24612.012353639457,15259.931269392302,0.919793966151582,0.919793966151582,PGR,13316.77133203345,16382.075070559518
98,98_HE_val.ndpi,98_PGR_val.ndpi,98_50,25071.82863441456,16520.825043532368,0.919793966151582,0.919793966151582,PGR,13243.638043765977,17519.590815280346
46,46_HE_val.ndpi,46_KI67_val.ndpi,46_1,29605.874271621797,10353.177909018625,0.9097732390201744,0.9097732390201744,KI67,20559.758898813237,12785.188472979116
46,46_HE_val.ndpi,46_KI67_val.ndpi,46_2,30044.189611332127,10484.83873156047,0.9097732390201744,0.9097732390201744,KI67,20945.176151560026,12640.617660925995
46,46_HE_val.ndpi,46_KI67_val.ndpi,46_3,32200.72953869393,10817.783390650664,0.9097732390201744,0.9097732390201744,KI67,23084.85242632862,11923.965688136228
46,46_HE_val.ndpi,46_KI67_val.ndpi,46_4,32284.44913758941,10484.606931986451,0.9097732390201744,0.9097732390201744,KI67,23066.538007941188,11662.016357147893
46,46_HE_val.ndpi,46_KI67_val.ndpi,46_5,31674.977928127428,12576.841566406842,0.9097732390201744,0.9097732390201744,KI67,22444.099578589405,13787.96498075709
46,46_HE_val.ndpi,46_KI67_val.ndpi,46_6,32291.860089076246,12123.412474190112,0.9097732390201744,0.9097732390201744,KI67,23278.097236669466,13119.276275091155
46,46_HE_val.ndpi,46_KI67_val.ndpi,46_7,34096.685697136,11320.497938278342,0.9097732390201744,0.9097732390201744,KI67,24991.617244405257,12062.121792039463
46,46_HE_val.ndpi,46_KI67_val.ndpi,46_8,34371.88892547823,11131.271303000924,0.9097732390201744,0.9097732390201744,KI67,25178.08069954413,11855.034521196147
46,46_HE_val.ndpi,46_KI67_val.ndpi,46_9,34668.45163999295,10719.753329236142,0.9097732390201744,0.9097732390201744,KI67,25308.796506154158,11517.273553142593
46,46_HE_val.ndpi,46_KI67_val.ndpi,46_10,34992.629849255514,10456.10403723486,0.9097732390201744,0.9097732390201744,KI67,25509.78824293259,11302.878028520588
46,46_HE_val.ndpi,46_KI67_val.ndpi,46_11,36423.72042538857,10636.228460164728,0.9097732390201744,0.9097732390201744,KI67,26595.457276691952,11279.027405388626
46,46_HE_val.ndpi,46_KI67_val.ndpi,46_12,36382.411062210114,11798.063287052375,0.9097732390201744,0.9097732390201744,KI67,26334.043627772902,12446.277988932483
46,46_HE_val.ndpi,46_KI67_val.ndpi,46_13,35318.897204709036,12474.280378322017,0.9097732390201744,0.9097732390201744,KI67,25486.59349664842,13126.534231428783
46,46_HE_val.ndpi,46_KI67_val.ndpi,46_14,38856.371031282586,11136.982779733748,0.9097732390201744,0.9097732390201744,KI67,28405.19028347401,11750.519783150661
46,46_HE_val.ndpi,46_KI67_val.ndpi,46_15,38593.97095506431,11101.773777059749,0.9097732390201744,0.9097732390201744,KI67,28209.29066717104,11689.496692382081
46,46_HE_val.ndpi,46_KI67_val.ndpi,46_16,36676.212391336965,9694.549839193754,0.9097732390201744,0.9097732390201744,KI67,27001.199519624446,10439.974558059817
46,46_HE_val.ndpi,46_KI67_val.ndpi,46_17,38511.71066676495,10509.67464304948,0.9097732390201744,0.9097732390201744,KI67,28317.562799498803,11165.204537031932
46,46_HE_val.ndpi,46_KI67_val.ndpi,46_18,39380.70551514028,10424.586688950018,0.9097732390201744,0.9097732390201744,KI67,28991.9469103473,11106.776501940021
46,46_HE_val.ndpi,46_KI67_val.ndpi,46_19,36643.6980163036,8920.452732671913,0.9097732390201744,0.9097732390201744,KI67,27053.445511484588,9830.92916111513
46,46_HE_val.ndpi,46_KI67_val.ndpi,46_20,28967.13549533718,6432.787031846646,0.9097732390201744,0.9097732390201744,KI67,19604.20488831813,11417.53666857073
46,46_HE_val.ndpi,46_KI67_val.ndpi,46_21,27757.297051094047,6643.008798498899,0.9097732390201744,0.9097732390201744,KI67,18267.5976120231,11957.623630506117
46,46_HE_val.ndpi,46_KI67_val.ndpi,46_22,27020.264501974765,9408.449109821995,0.9097732390201744,0.9097732390201744,KI67,17772.595790621544,13397.934668715545
46,46_HE_val.ndpi,46_KI67_val.ndpi,46_23,26492.191509084594,9235.614678861895,0.9097732390201744,0.9097732390201744,KI67,17199.009984699613,13526.444178156184
46,46_HE_val.ndpi,46_KI67_val.ndpi,46_24,27759.01377602052,8937.08074300609,0.9097732390201744,0.9097732390201744,KI67,18622.000301481465,12781.658921920704
46,46_HE_val.ndpi,46_KI67_val.ndpi,46_25,31780.419032119415,8408.66898938116,0.9097732390201744,0.9097732390201744,KI67,22547.429510787868,10759.012383920477
46,46_HE_val.ndpi,46_KI67_val.ndpi,46_26,33449.298213424336,8548.739992500683,0.9097732390201744,0.9097732390201744,KI67,24235.43652622058,10176.040520064553
46,46_HE_val.ndpi,46_KI67_val.ndpi,46_27,35330.76043722923,6541.516326355211,0.9097732390201744,0.9097732390201744,KI67,25882.41926439756,8429.877928849517
46,46_HE_val.ndpi,46_KI67_val.ndpi,46_28,33517.436929640375,7106.155751967908,0.9097732390201744,0.9097732390201744,KI67,24574.9235514137,9493.399420183907
46,46_HE_val.ndpi,46_KI67_val.ndpi,46_29,31390.219367967453,6708.616957915672,0.9097732390201744,0.9097732390201744,KI67,22308.370474620224,10289.385618006008
46,46_HE_val.ndpi,46_KI67_val.ndpi,46_30,29625.131917882118,9033.962654101057,0.9097732390201744,0.9097732390201744,KI67,20825.423886602097,11950.404661090075
46,46_HE_val.ndpi,46_KI67_val.ndpi,46_31,30040.03145580696,12095.816791688754,0.9097732390201744,0.9097732390201744,KI67,20237.42346771492,14013.697357586867
46,46_HE_val.ndpi,46_KI67_val.ndpi,46_32,37940.280854720506,11915.71787145863,0.9097732390201744,0.9097732390201744,KI67,27436.687149733603,12289.536422599027
46,46_HE_val.ndpi,46_KI67_val.ndpi,46_33,37378.15155152536,12286.88040274459,0.9097732390201744,0.9097732390201744,KI67,26881.66267422642,12720.477700075773
46,46_HE_val.ndpi,46_KI67_val.ndpi,46_34,33344.206744782605,12688.87611588676,0.9097732390201744,0.9097732390201744,KI67,24141.741794112,13523.651579591608
46,46_HE_val.ndpi,46_KI67_val.ndpi,46_35,34529.40359977462,12105.377228525598,0.9097732390201744,0.9097732390201744,KI67,25213.824298483396,12850.115802311697
46,46_HE_val.ndpi,46_KI67_val.ndpi,46_36,33366.66610854018,12415.295950721316,0.9097732390201744,0.9097732390201744,KI67,24321.415932981352,13176.540522920735
46,46_HE_val.ndpi,46_KI67_val.ndpi,46_37,33416.509056980794,11684.124757370002,0.9097732390201744,0.9097732390201744,KI67,24533.589967745094,12431.212530228446
46,46_HE_val.ndpi,46_KI67_val.ndpi,46_38,32593.342189432646,12813.468341897827,0.9097732390201744,0.9097732390201744,KI67,23356.69759974774,13829.722924611766
46,46_HE_val.ndpi,46_KI67_val.ndpi,46_39,25978.30354800745,10869.91984488376,0.9097732390201744,0.9097732390201744,KI67,16915.08998526668,14921.203761359346
46,46_HE_val.ndpi,46_KI67_val.ndpi,46_40,26183.902571657673,11137.821602973501,0.9097732390201744,0.9097732390201744,KI67,17039.412542032474,15063.487680266313
46,46_HE_val.ndpi,46_KI67_val.ndpi,46_41,26417.537825805717,11804.460861475845,0.9097732390201744,0.9097732390201744,KI67,17258.110141453686,15523.057125396648
46,46_HE_val.ndpi,46_KI67_val.ndpi,46_42,27436.18753389109,11399.49308761928,0.9097732390201744,0.9097732390201744,KI67,18155.351425915585,14782.956679218167
46,46_HE_val.ndpi,46_KI67_val.ndpi,46_43,25368.688736282867,7485.5099071877585,0.9097732390201744,0.9097732390201744,KI67,16385.63539804571,13032.092792189176
46,46_HE_val.ndpi,46_KI67_val.ndpi,46_44,26390.453581090205,7036.930219223562,0.9097732390201744,0.9097732390201744,KI67,17056.198488288574,12840.592722868549
46,46_HE_val.ndpi,46_KI67_val.ndpi,46_45,25839.0743813009,6884.288519846856,0.9097732390201744,0.9097732390201744,KI67,16715.423599200905,12855.831811908636
46,46_HE_val.ndpi,46_KI67_val.ndpi,46_46,27296.95836718456,6937.24584412041,0.9097732390201744,0.9097732390201744,KI67,17877.664889506774,12327.281085719555
46,46_HE_val.ndpi,46_KI67_val.ndpi,46_47,28690.61328395493,8395.393267002295,0.9097732390201744,0.9097732390201744,KI67,19626.55773266538,12142.788144829694
46,46_HE_val.ndpi,46_KI67_val.ndpi,46_48,29090.511132329655,9461.606126752496,0.9097732390201744,0.9097732390201744,KI67,20103.00844764437,12460.364684513477
46,46_HE_val.ndpi,46_KI67_val.ndpi,46_49,29688.448952167666,8593.406613929055,0.9097732390201744,0.9097732390201744,KI67,20835.41900654492,11733.832261213694
46,46_HE_val.ndpi,46_KI67_val.ndpi,46_50,29018.84502813328,10267.449045132,0.9097732390201744,0.9097732390201744,KI67,19889.550428345494,13013.506056768374
77,77_HE_val.ndpi,77_HER2_val.ndpi,77_1,14840.511316433667,21890.16897211908,0.907338096858342,0.907338096858342,HER2,24619.973659777756,19176.37665498417
77,77_HE_val.ndpi,77_HER2_val.ndpi,77_2,15944.539385355492,21080.28916605181,0.907338096858342,0.907338096858342,HER2,24906.497875761997,18188.033053697633
77,77_HE_val.ndpi,77_HER2_val.ndpi,77_3,16536.735374130734,16985.749052612522,0.907338096858342,0.907338096858342,HER2,24028.652086693863,13517.009037501988
77,77_HE_val.ndpi,77_HER2_val.ndpi,77_4,17799.896089880545,18501.20714529596,0.907338096858342,0.907338096858342,HER2,25126.32759327989,15190.819248685088
77,77_HE_val.ndpi,77_HER2_val.ndpi,77_5,20450.987692236882,19142.380266589418,0.907338096858342,0.907338096858342,HER2,27443.15776274834,16431.743079249514
77,77_HE_val.ndpi,77_HER2_val.ndpi,77_6,21678.948844756258,18747.110417230982,0.907338096858342,0.907338096858342,HER2,28132.76312267849,16168.072637724601
77,77_HE_val.ndpi,77_HER2_val.ndpi,77_7,20939.110611755143,16473.739498200797,0.907338096858342,0.907338096858342,HER2,27283.12943498547,13379.602014849102
77,77_HE_val.ndpi,77_HER2_val.ndpi,77_8,14675.502093358517,15478.246359297067,0.907338096858342,0.907338096858342,HER2,21960.69102331037,11609.188284628694
77,77_HE_val.ndpi,77_HER2_val.ndpi,77_9,27814.11953577059,15278.443860950745,0.907338096858342,0.907338096858342,HER2,32698.410592855984,12819.80653914859
77,77_HE_val.ndpi,77_HER2_val.ndpi,77_10,29567.56663576521,14861.271019050359,0.907338096858342,0.907338096858342,HER2,34823.04774980857,12861.353546279342
77,77_HE_val.ndpi,77_HER2_val.ndpi,77_11,25556.10698145764,17320.318837505154,0.907338096858342,0.907338096858342,HER2,31070.131587604046,14710.440312050727
77,77_HE_val.ndpi,77_HER2_val.ndpi,77_12,26063.383457712334,17516.33089421666,0.907338096858342,0.907338096858342,HER2,31779.191722357624,14951.21973590934
77,77_HE_val.ndpi,77_HER2_val.ndpi,77_13,30619.971093779302,16218.430164257006,0.907338096858342,0.907338096858342,HER2,36261.56890239897,14365.471010435409
77,77_HE_val.ndpi,77_HER2_val.ndpi,77_14,32356.41463537346,17286.08371216879,0.907338096858342,0.907338096858342,HER2,38664.57845799024,15450.132656181377
77,77_HE_val.ndpi,77_HER2_val.ndpi,77_15,34160.04347176332,18519.727021158258,0.907338096858342,0.907338096858342,HER2,40196.45394812122,16600.997099203018
77,77_HE_val.ndpi,77_HER2_val.ndpi,77_16,37110.63128309489,18708.437362675417,0.907338096858342,0.907338096858342,HER2,41455.46472012268,16766.022967329263
77,77_HE_val.ndpi,77_HER2_val.ndpi,77_17,37915.265924166546,19084.45470074384,0.907338096858342,0.907338096858342,HER2,42040.623614099924,17150.91826521179
77,77_HE_val.ndpi,77_HER2_val.ndpi,77_18,37899.22693500419,17955.592627290484,0.907338096858342,0.907338096858342,HER2,42106.087593739394,16437.428996939292
77,77_HE_val.ndpi,77_HER2_val.ndpi,77_19,34861.39547845878,16332.168942805163,0.907338096858342,0.907338096858342,HER2,40036.405584610126,15010.337941116382
77,77_HE_val.ndpi,77_HER2_val.ndpi,77_20,39731.45692129253,17290.587849484968,0.907338096858342,0.907338096858342,HER2,43452.178515785374,16046.123887839152
77,77_HE_val.ndpi,77_HER2_val.ndpi,77_21,41545.84773743813,19997.60435086773,0.907338096858342,0.907338096858342,HER2,45109.7983905641,18391.147224102944
77,77_HE_val.ndpi,77_HER2_val.ndpi,77_22,38626.3865781653,16298.103141581092,0.907338096858342,0.907338096858342,HER2,42370.4503990397,15246.117566203891
77,77_HE_val.ndpi,77_HER2_val.ndpi,77_23,40954.6973882254,13776.14223472434,0.907338096858342,0.907338096858342,HER2,42905.05139655636,13262.556590226981
77,77_HE_val.ndpi,77_HER2_val.ndpi,77_24,40320.07295639808,11501.537569478454,0.907338096858342,0.907338096858342,HER2,40821.467228954156,11376.127625729569
77,77_HE_val.ndpi,77_HER2_val.ndpi,77_25,39236.603099403736,12814.856154424875,0.907338096858342,0.907338096858342,HER2,40825.227998048715,12459.684233014188
77,77_HE_val.ndpi,77_HER2_val.ndpi,77_26,39992.48325047801,7541.816182138551,0.907338096858342,0.907338096858342,HER2,39809.15161491699,7679.796634574176
77,77_HE_val.ndpi,77_HER2_val.ndpi,77_27,38488.21779667205,7999.055944816742,0.907338096858342,0.907338096858342,HER2,38362.17976842005,8078.489029006678
77,77_HE_val.ndpi,77_HER2_val.ndpi,77_28,38920.18816469056,7261.754712211115,0.907338096858342,0.907338096858342,HER2,38936.5345697954,7362.425780334206
77,77_HE_val.ndpi,77_HER2_val.ndpi,77_29,36860.45736011518,8636.939439223768,0.907338096858342,0.907338096858342,HER2,36294.41551689471,8539.43579827635
77,77_HE_val.ndpi,77_HER2_val.ndpi,77_30,36717.42621073023,9861.041706281358,0.907338096858342,0.907338096858342,HER2,36704.684956298835,9865.278230275922
77,77_HE_val.ndpi,77_HER2_val.ndpi,77_31,36129.102963914185,9769.24449589866,0.907338096858342,0.907338096858342,HER2,36384.71205371746,9661.33415037718
77,77_HE_val.ndpi,77_HER2_val.ndpi,77_32,35326.99624178291,12472.171697392325,0.907338096858342,0.907338096858342,HER2,37276.219662024574,12069.884215250791
77,77_HE_val.ndpi,77_HER2_val.ndpi,77_33,36327.128389922895,15604.173575141867,0.907338096858342,0.907338096858342,HER2,40225.97565126012,14528.142975787443
77,77_HE_val.ndpi,77_HER2_val.ndpi,77_34,30740.002312395143,11408.5958898534,0.907338096858342,0.907338096858342,HER2,34401.28714381881,10072.053648906465
77,77_HE_val.ndpi,77_HER2_val.ndpi,77_35,29689.030487729833,12481.01589777604,0.907338096858342,0.907338096858342,HER2,33926.37150593058,10632.552681611
77,77_HE_val.ndpi,77_HER2_val.ndpi,77_36,29392.98751864365,11913.912234906473,0.907338096858342,0.907338096858342,HER2,33549.622742670814,10122.900419804626
77,77_HE_val.ndpi,77_HER2_val.ndpi,77_37,28191.20482738209,13808.939778566091,0.907338096858342,0.907338096858342,HER2,32901.816777712804,11488.26050201545
77,77_HE_val.ndpi,77_HER2_val.ndpi,77_38,33525.504875910425,13863.170969114954,0.907338096858342,0.907338096858342,HER2,37319.96875892529,12836.863280630949
77,77_HE_val.ndpi,77_HER2_val.ndpi,77_39,28798.28631785109,6623.2464162339475,0.907338096858342,0.907338096858342,HER2,31231.321784158463,5933.681081920998
77,77_HE_val.ndpi,77_HER2_val.ndpi,77_40,29285.05264710399,5152.313455325073,0.907338096858342,0.907338096858342,HER2,31459.401512895845,4735.675378309154
77,77_HE_val.ndpi,77_HER2_val.ndpi,77_41,31860.1638980173,9251.721926750335,0.907338096858342,0.907338096858342,HER2,34540.36594382955,8385.818786830569
77,77_HE_val.ndpi,77_HER2_val.ndpi,77_42,34176.72138921477,9666.537604763527,0.907338096858342,0.907338096858342,HER2,35376.217874278,9233.411362050634
77,77_HE_val.ndpi,77_HER2_val.ndpi,77_43,25083.32917563465,8606.219567917546,0.907338096858342,0.907338096858342,HER2,29431.068896088433,6620.182647877336
77,77_HE_val.ndpi,77_HER2_val.ndpi,77_44,24832.385137633304,7993.358808863964,0.907338096858342,0.907338096858342,HER2,29140.358794886433,5894.499049228244
77,77_HE_val.ndpi,77_HER2_val.ndpi,77_45,21904.86189552202,8414.95207813655,0.907338096858342,0.907338096858342,HER2,27043.059070664473,5545.232791496459
77,77_HE_val.ndpi,77_HER2_val.ndpi,77_46,17988.147810605376,8032.493359669852,0.907338096858342,0.907338096858342,HER2,23941.416399520924,5423.433364986932
77,77_HE_val.ndpi,77_HER2_val.ndpi,77_47,17414.857173508855,8876.00758915736,0.907338096858342,0.907338096858342,HER2,23040.933395520602,6379.891691968415
77,77_HE_val.ndpi,77_HER2_val.ndpi,77_48,26018.38432350278,2738.425110747969,0.907338096858342,0.907338096858342,HER2,29399.44701470478,1800.7035617028746
77,77_HE_val.ndpi,77_HER2_val.ndpi,77_49,27640.89337667875,3805.3083029425893,0.907338096858342,0.907338096858342,HER2,30410.708420889805,3030.489790051605
77,77_HE_val.ndpi,77_HER2_val.ndpi,77_50,35394.09214686038,5175.675347429634,0.907338096858342,0.907338096858342,HER2,34977.70598661251,5207.531119835407
19,19_HE_val.ndpi,19_ER_val.ndpi,19_1,28003.18942383467,3895.562407707987,0.907338096858342,0.907338096858342,ER,3540.4131739567565,22378.75493173841
19,19_HE_val.ndpi,19_ER_val.ndpi,19_2,27340.1266558055,4666.372875541865,0.907338096858342,0.907338096858342,ER,4818.566881460332,21882.129991091126
19,19_HE_val.ndpi,19_ER_val.ndpi,19_3,28367.873946250667,4724.390867744414,0.907338096858342,0.907338096858342,ER,3361.7523762595233,21843.613229609324
19,19_HE_val.ndpi,19_ER_val.ndpi,19_4,27394.00050570788,3891.4182654078054,0.907338096858342,0.907338096858342,ER,4318.5578007299055,22306.40102707484
19,19_HE_val.ndpi,19_ER_val.ndpi,19_5,28715.98189946598,5615.381462283575,0.907338096858342,0.907338096858342,ER,3404.100824543874,21007.162857416963
19,19_HE_val.ndpi,19_ER_val.ndpi,19_6,28041.177394919694,5600.876964232951,0.907338096858342,0.907338096858342,ER,4567.008011452216,21073.584054131723
19,19_HE_val.ndpi,19_ER_val.ndpi,19_7,27412.64914605873,5386.762945390208,0.907338096858342,0.907338096858342,ER,5261.206045116649,21291.71354271074
19,19_HE_val.ndpi,19_ER_val.ndpi,19_8,27813.24956840968,6319.194962931184,0.907338096858342,0.907338096858342,ER,5352.711970730494,20334.656070334444
19,19_HE_val.ndpi,19_ER_val.ndpi,19_9,25717.00425490089,6650.726346945752,0.907338096858342,0.907338096858342,ER,8442.919365577327,20294.083578383186
19,19_HE_val.ndpi,19_ER_val.ndpi,19_10,26970.60730070596,6374.450193600291,0.907338096858342,0.907338096858342,ER,6577.205933915365,20394.12784851329
19,19_HE_val.ndpi,19_ER_val.ndpi,19_11,26570.00687835499,7427.7530282299085,0.907338096858342,0.907338096858342,ER,7633.020084416189,19373.433449861008
19,19_HE_val.ndpi,19_ER_val.ndpi,19_12,25962.19934099499,7451.927191647638,0.907338096858342,0.907338096858342,ER,8378.34793750825,19492.572574990954
19,19_HE_val.ndpi,19_ER_val.ndpi,19_13,27749.42609330479,7674.2067977813085,0.907338096858342,0.907338096858342,ER,5613.4370303753385,18820.497415975573
19,19_HE_val.ndpi,19_ER_val.ndpi,19_14,28396.948327708218,7957.197996520606,0.907338096858342,0.907338096858342,ER,4478.57444830249,18299.0674411592
19,19_HE_val.ndpi,19_ER_val.ndpi,19_15,28173.912891413693,7300.082840125977,0.907338096858342,0.907338096858342,ER,5006.248516739983,19184.019779815135
19,19_HE_val.ndpi,19_ER_val.ndpi,19_16,29809.98573700645,7317.350099710096,0.907338096858342,0.907338096858342,ER,2004.9336596171747,18805.579481934117
19,19_HE_val.ndpi,19_ER_val.ndpi,19_17,29438.739655948462,7936.093568140074,0.907338096858342,0.907338096858342,ER,2785.087591916281,18060.94495761364
19,19_HE_val.ndpi,19_ER_val.ndpi,19_18,28963.890017385937,7081.364218727492,0.907338096858342,0.907338096858342,ER,3511.5923656885607,19177.48664660275
19,19_HE_val.ndpi,19_ER_val.ndpi,19_19,29691.99279651515,6618.026086554354,0.907338096858342,0.907338096858342,ER,2100.9724058594743,19714.86372368524
19,19_HE_val.ndpi,19_ER_val.ndpi,19_20,31210.215188484544,6375.148522507689,0.907338096858342,0.907338096858342,ER,-394.4968875392417,19905.34429612955
19,19_HE_val.ndpi,19_ER_val.ndpi,19_21,30482.75193748809,4626.358843518795,0.907338096858342,0.907338096858342,ER,107.13928454723718,21904.82701631734
19,19_HE_val.ndpi,19_ER_val.ndpi,19_22,31072.71663994457,4904.553581262501,0.907338096858342,0.907338096858342,ER,-740.3215842999082,21567.343859452707
19,19_HE_val.ndpi,19_ER_val.ndpi,19_23,29818.44208960005,4957.314652213891,0.907338096858342,0.907338096858342,ER,1225.3734637171926,21591.795071077664
19,19_HE_val.ndpi,19_ER_val.ndpi,19_24,32506.618654573565,4337.6918326014065,0.907338096858342,0.907338096858342,ER,-3036.2005020518536,22157.188925223323
19,19_HE_val.ndpi,19_ER_val.ndpi,19_25,33795.27191312332,4266.415978090315,0.907338096858342,0.907338096858342,ER,-4333.048660764233,21959.30366577536
19,19_HE_val.ndpi,19_ER_val.ndpi,19_26,35470.68849433948,2980.959393640399,0.907338096858342,0.907338096858342,ER,-6186.183755143522,23056.54003712232
19,19_HE_val.ndpi,19_ER_val.ndpi,19_27,35719.076335812984,2845.2084445464757,0.907338096858342,0.907338096858342,ER,-6392.862196146848,23126.399246674115
19,19_HE_val.ndpi,19_ER_val.ndpi,19_28,36058.66577430011,3541.654581104872,0.907338096858342,0.907338096858342,ER,-6509.4083089975775,22149.82038736781
19,19_HE_val.ndpi,19_ER_val.ndpi,19_29,37454.408906911405,3763.2105534464704,0.907338096858342,0.907338096858342,ER,-7226.210288858105,21388.301853873723
19,19_HE_val.ndpi,19_ER_val.ndpi,19_30,24972.638885337958,15587.407920205293,0.907338096858342,0.907338096858342,ER,10289.985963331224,9444.367279319147
19,19_HE_val.ndpi,19_ER_val.ndpi,19_31,23325.710049691887,15576.924988229392,0.907338096858342,0.907338096858342,ER,12387.090670463887,9873.713013291162
19,19_HE_val.ndpi,19_ER_val.ndpi,19_32,23344.242231969747,16723.43968773462,0.907338096858342,0.907338096858342,ER,11604.160618710286,8646.2629175884
19,19_HE_val.ndpi,19_ER_val.ndpi,19_33,20383.371003525182,17879.640504428662,0.907338096858342,0.907338096858342,ER,13895.308861927973,8224.052052317935
19,19_HE_val.ndpi,19_ER_val.ndpi,19_34,21317.93179704404,15888.933853966091,0.907338096858342,0.907338096858342,ER,14038.455422374882,10228.311977678915
19,19_HE_val.ndpi,19_ER_val.ndpi,19_35,18771.030833762557,14798.240101057396,0.907338096858342,0.907338096858342,ER,15544.72956152697,12152.419493525047
19,19_HE_val.ndpi,19_ER_val.ndpi,19_36,23494.58432538997,12729.339607095792,0.907338096858342,0.907338096858342,ER,12538.67778783658,13251.315992754524
19,19_HE_val.ndpi,19_ER_val.ndpi,19_37,21109.255579326,11857.886191385325,0.907338096858342,0.907338096858342,ER,15048.957621234107,14704.155725039715
19,19_HE_val.ndpi,19_ER_val.ndpi,19_38,31632.045042029014,13447.958515399487,0.907338096858342,0.907338096858342,ER,-365.4820727422096,11394.768086219356
19,19_HE_val.ndpi,19_ER_val.ndpi,19_39,30715.920991873012,12697.312369591034,0.907338096858342,0.907338096858342,ER,922.7500141125901,12230.875657989438
19,19_HE_val.ndpi,19_ER_val.ndpi,19_40,29958.080154571187,12908.35665339661,0.907338096858342,0.907338096858342,ER,2263.1986455743427,12070.45236841948
19,19_HE_val.ndpi,19_ER_val.ndpi,19_41,28981.718416651915,13277.610604321071,0.907338096858342,0.907338096858342,ER,3798.4062936702085,11701.477512644155
19,19_HE_val.ndpi,19_ER_val.ndpi,19_42,29588.04105922167,14142.606098463113,0.907338096858342,0.907338096858342,ER,3005.8742575201986,10814.534056007711
19,19_HE_val.ndpi,19_ER_val.ndpi,19_43,28891.37758542265,11743.42950833407,0.907338096858342,0.907338096858342,ER,3809.8283435294284,13293.876889777655
19,19_HE_val.ndpi,19_ER_val.ndpi,19_44,29731.717551848476,11176.487818656376,0.907338096858342,0.907338096858342,ER,2429.593883015435,13964.109515981003
19,19_HE_val.ndpi,19_ER_val.ndpi,19_45,30707.317718349703,11792.353410488999,0.907338096858342,0.907338096858342,ER,900.0510585466749,13073.31237248826
19,19_HE_val.ndpi,19_ER_val.ndpi,19_46,31541.901931580825,10949.13556746583,0.907338096858342,0.907338096858342,ER,-547.8470381212969,14155.201888830052
19,19_HE_val.ndpi,19_ER_val.ndpi,19_47,31323.183310182318,9970.657524367269,0.907338096858342,0.907338096858342,ER,-378.2393528496783,15514.250091458814
19,19_HE_val.ndpi,19_ER_val.ndpi,19_48,30491.476973548546,10330.392099035857,0.907338096858342,0.907338096858342,ER,1050.3292607618628,15126.434496550724
19,19_HE_val.ndpi,19_ER_val.ndpi,19_49,29780.641454003413,9700.137124216491,0.907338096858342,0.907338096858342,ER,2065.2583688312675,15953.924273344055
19,19_HE_val.ndpi,19_ER_val.ndpi,19_50,30275.636228747382,9251.188375030097,0.907338096858342,0.907338096858342,ER,1072.5709678762182,16478.475239924257
58,58_HE_val.ndpi,58_ER_val.ndpi,58_1,23643.962144782465,3402.0616187743803,0.919793966151582,0.919793966151582,ER,26248.92847214829,1889.8836225686287
58,58_HE_val.ndpi,58_ER_val.ndpi,58_2,23490.0327602073,2713.447341227066,0.919793966151582,0.919793966151582,ER,25792.84986467017,1015.1938105921929
58,58_HE_val.ndpi,58_ER_val.ndpi,58_3,23444.856856426948,2234.75902552018,0.919793966151582,0.919793966151582,ER,25469.727085767194,406.7701401798126
58,58_HE_val.ndpi,58_ER_val.ndpi,58_4,22036.641459539882,2393.5656032787892,0.919793966151582,0.919793966151582,ER,24419.797499302917,249.7537869663364
58,58_HE_val.ndpi,58_ER_val.ndpi,58_5,21176.45819765013,3344.6439817369737,0.919793966151582,0.919793966151582,ER,24424.970609276384,890.1337802660353
58,58_HE_val.ndpi,58_ER_val.ndpi,58_6,19232.683370463776,3753.644395780731,0.919793966151582,0.919793966151582,ER,23560.166503891385,600.9271529508106
58,58_HE_val.ndpi,58_ER_val.ndpi,58_7,20921.940662401652,5727.231705227725,0.919793966151582,0.919793966151582,ER,25856.7664642731,3459.4037442993645
58,58_HE_val.ndpi,58_ER_val.ndpi,58_8,22773.68189945249,7118.2666499203515,0.919793966151582,0.919793966151582,ER,27424.857006212627,4707.410467434654
58,58_HE_val.ndpi,58_ER_val.ndpi,58_9,16866.060429849018,11758.416516485608,0.919793966151582,0.919793966151582,ER,23664.3566578727,8082.72446963883
58,58_HE_val.ndpi,58_ER_val.ndpi,58_10,17729.755815706772,12466.999261617872,0.919793966151582,0.919793966151582,ER,24291.11602902005,8855.092253191382
58,58_HE_val.ndpi,58_ER_val.ndpi,58_11,16614.00238867011,12727.870521019819,0.919793966151582,0.919793966151582,ER,23731.50428911516,9046.62856257086
58,58_HE_val.ndpi,58_ER_val.ndpi,58_12,17006.71892265039,15127.962723761386,0.919793966151582,0.919793966151582,ER,24458.92341803217,11884.290190496693
58,58_HE_val.ndpi,58_ER_val.ndpi,58_13,17116.21907887804,14730.864407831734,0.919793966151582,0.919793966151582,ER,24429.54910891173,11455.245443743655
58,58_HE_val.ndpi,58_ER_val.ndpi,58_14,16182.64742253431,16368.640797326694,0.919793966151582,0.919793966151582,ER,24672.253276277104,13193.00678900045
58,58_HE_val.ndpi,58_ER_val.ndpi,58_15,17841.993229400854,19039.800308276637,0.919793966151582,0.919793966151582,ER,26037.44152861615,17019.73323800516
58,58_HE_val.ndpi,58_ER_val.ndpi,58_16,17072.23240786655,21666.830410868217,0.919793966151582,0.919793966151582,ER,24472.262250821623,20021.235609500778
58,58_HE_val.ndpi,58_ER_val.ndpi,58_17,18823.91868923881,20860.51082522945,0.919793966151582,0.919793966151582,ER,26014.546355235067,19538.141093182647
58,58_HE_val.ndpi,58_ER_val.ndpi,58_18,19937.92225767276,21098.125329860148,0.919793966151582,0.919793966151582,ER,26697.604153413366,19901.535131068813
58,58_HE_val.ndpi,58_ER_val.ndpi,58_19,23147.63757971521,21156.11630576774,0.919793966151582,0.919793966151582,ER,29637.176395178118,20751.959537514875
58,58_HE_val.ndpi,58_ER_val.ndpi,58_20,25815.977470492282,21216.43342726037,0.919793966151582,0.919793966151582,ER,30879.407483971445,20813.789657358415
58,58_HE_val.ndpi,58_ER_val.ndpi,58_21,27088.095722475675,20718.647030871896,0.919793966151582,0.919793966151582,ER,31100.114596247106,20150.75997202029
58,58_HE_val.ndpi,58_ER_val.ndpi,58_22,34839.491290007485,20548.325701073027,0.919793966151582,0.919793966151582,ER,33370.04125211466,19271.08799663724
58,58_HE_val.ndpi,58_ER_val.ndpi,58_23,34217.66978204866,20172.53986850736,0.919793966151582,0.919793966151582,ER,32884.430822652044,18595.55691815675
58,58_HE_val.ndpi,58_ER_val.ndpi,58_24,35793.913861239125,20236.38673830093,0.919793966151582,0.919793966151582,ER,34199.01445941928,18869.40037362691
58,58_HE_val.ndpi,58_ER_val.ndpi,58_25,37435.287623097815,20816.084980139523,0.919793966151582,0.919793966151582,ER,36748.15783751319,20180.987541596554
58,58_HE_val.ndpi,58_ER_val.ndpi,58_26,37366.756038195475,19810.95506823842,0.919793966151582,0.919793966151582,ER,35748.59564237494,18375.196527759766
58,58_HE_val.ndpi,58_ER_val.ndpi,58_27,38252.30820524643,19304.15976754079,0.919793966151582,0.919793966151582,ER,36666.73254173451,18067.80123364261
58,58_HE_val.ndpi,58_ER_val.ndpi,58_28,37228.28555803701,18252.933763091918,0.919793966151582,0.919793966151582,ER,35608.91076747535,16495.501118537544
58,58_HE_val.ndpi,58_ER_val.ndpi,58_29,37351.91080273351,17491.538375721015,0.919793966151582,0.919793966151582,ER,35947.67819035889,15569.330073400144
58,58_HE_val.ndpi,58_ER_val.ndpi,58_30,39271.50869814659,16365.956447722005,0.919793966151582,0.919793966151582,ER,38181.40602064698,14827.217452709976
58,58_HE_val.ndpi,58_ER_val.ndpi,58_31,39224.93767889517,14726.005209790268,0.919793966151582,0.919793966151582,ER,39380.22643537782,12921.985640638848
58,58_HE_val.ndpi,58_ER_val.ndpi,58_32,40579.40946000833,14187.036727176372,0.919793966151582,0.919793966151582,ER,40851.416047701816,12636.057848350127
58,58_HE_val.ndpi,58_ER_val.ndpi,58_33,41547.7988277813,10224.949656467315,0.919793966151582,0.919793966151582,ER,42336.71436298118,8401.438519364368
58,58_HE_val.ndpi,58_ER_val.ndpi,58_34,39856.243193608905,9301.988071379108,0.919793966151582,0.919793966151582,ER,40184.17037391611,7400.390469037682
58,58_HE_val.ndpi,58_ER_val.ndpi,58_35,39813.93974613831,8170.370851540974,0.919793966151582,0.919793966151582,ER,39505.241346040275,6879.187083417676
58,58_HE_val.ndpi,58_ER_val.ndpi,58_36,33278.86296427232,8830.086199440242,0.919793966151582,0.919793966151582,ER,33418.034781494614,6860.074099136806
58,58_HE_val.ndpi,58_ER_val.ndpi,58_37,32326.084484392843,9367.057814259975,0.919793966151582,0.919793966151582,ER,32919.28009384179,7371.229017097776
58,58_HE_val.ndpi,58_ER_val.ndpi,58_38,32224.875232486378,8183.86955019433,0.919793966151582,0.919793966151582,ER,32265.56142996008,6688.672059880964
58,58_HE_val.ndpi,58_ER_val.ndpi,58_39,31495.098474315968,6897.445266755594,0.919793966151582,0.919793966151582,ER,31158.00177140717,5601.229332772426
58,58_HE_val.ndpi,58_ER_val.ndpi,58_40,26798.117178809214,3969.591260777332,0.919793966151582,0.919793966151582,ER,28604.4954510794,2699.2364416911328
58,58_HE_val.ndpi,58_ER_val.ndpi,58_41,27490.248583258497,3244.380910597574,0.919793966151582,0.919793966151582,ER,28780.15689037545,2050.22449536203
58,58_HE_val.ndpi,58_ER_val.ndpi,58_42,29497.270313175926,2720.714316104487,0.919793966151582,0.919793966151582,ER,30281.566092411274,1300.3091341513846
58,58_HE_val.ndpi,58_ER_val.ndpi,58_43,31716.18565288373,2334.4314185880066,0.919793966151582,0.919793966151582,ER,31946.25902685445,842.4691334451411
58,58_HE_val.ndpi,58_ER_val.ndpi,58_44,31771.50265732664,5028.671077601567,0.919793966151582,0.919793966151582,ER,31573.513202050068,3910.467888626759
58,58_HE_val.ndpi,58_ER_val.ndpi,58_45,33346.96211410852,5675.6294757955575,0.919793966151582,0.919793966151582,ER,32865.3984681211,4879.792792384391
58,58_HE_val.ndpi,58_ER_val.ndpi,58_46,34797.37862329317,6500.072524218312,0.919793966151582,0.919793966151582,ER,33825.30412744868,5473.5376444689555
58,58_HE_val.ndpi,58_ER_val.ndpi,58_47,35527.31868273732,7493.551077516503,0.919793966151582,0.919793966151582,ER,35134.396593138095,6073.420398839348
58,58_HE_val.ndpi,58_ER_val.ndpi,58_48,28988.033245384297,15237.472429555977,0.919793966151582,0.919793966151582,ER,32209.009789863856,13189.700427584228
58,58_HE_val.ndpi,58_ER_val.ndpi,58_49,24294.815497152144,11438.160452403008,0.919793966151582,0.919793966151582,ER,29188.007675413253,8303.245159893799
58,58_HE_val.ndpi,58_ER_val.ndpi,58_50,24944.19615815897,10400.975492372803,0.919793966151582,0.919793966151582,ER,29095.83779123565,7398.944122209344
12,12_HE_val.ndpi,12_ER_val.ndpi,12_1,16171.17465754836,1592.5103801131622,0.919793966151582,0.919793966151582,ER,11287.079704288135,1289.9169226595448
12,12_HE_val.ndpi,12_ER_val.ndpi,12_2,18698.418687577352,5326.0886907874,0.919793966151582,0.919793966151582,ER,14246.382081954956,7279.2719961066
12,12_HE_val.ndpi,12_ER_val.ndpi,12_3,17744.668781956367,5928.54463658477,0.919793966151582,0.919793966151582,ER,13982.936443291926,8317.968957978088
12,12_HE_val.ndpi,12_ER_val.ndpi,12_4,17624.063269550374,7355.550072330227,0.919793966151582,0.919793966151582,ER,14212.177123619276,10010.118147558629
12,12_HE_val.ndpi,12_ER_val.ndpi,12_5,16142.561587962231,8951.672516164235,0.919793966151582,0.919793966151582,ER,13909.905824399122,11666.29461471368
12,12_HE_val.ndpi,12_ER_val.ndpi,12_6,13718.551748744205,11256.467832661372,0.919793966151582,0.919793966151582,ER,13488.213200573213,14097.41899408528
12,12_HE_val.ndpi,12_ER_val.ndpi,12_7,13513.23816522586,12419.46327498565,0.919793966151582,0.919793966151582,ER,14390.299152441838,15312.318006347095
12,12_HE_val.ndpi,12_ER_val.ndpi,12_8,14048.561485924021,14757.388329280171,0.919793966151582,0.919793966151582,ER,15942.700681308894,17833.697150565302
12,12_HE_val.ndpi,12_ER_val.ndpi,12_9,16968.50459103889,11391.561435444974,0.919793966151582,0.919793966151582,ER,15303.328452987447,13460.239763144362
12,12_HE_val.ndpi,12_ER_val.ndpi,12_10,16096.665172552463,11651.849725601787,0.919793966151582,0.919793966151582,ER,14840.751617530253,13750.950292860156
12,12_HE_val.ndpi,12_ER_val.ndpi,12_11,19314.446224994397,14048.441180953354,0.919793966151582,0.919793966151582,ER,18826.861596012164,16369.77711270079
12,12_HE_val.ndpi,12_ER_val.ndpi,12_12,19703.24696750289,12775.910018043762,0.919793966151582,0.919793966151582,ER,18446.726016939712,15135.768799661095
12,12_HE_val.ndpi,12_ER_val.ndpi,12_13,19581.602531200104,11855.953222962331,0.919793966151582,0.919793966151582,ER,17989.25655477101,13957.073177552107
12,12_HE_val.ndpi,12_ER_val.ndpi,12_14,20032.178073217223,11118.799615369548,0.919793966151582,0.919793966151582,ER,18241.88514022003,12882.037118431983
12,12_HE_val.ndpi,12_ER_val.ndpi,12_15,20534.984074729506,10730.272178555551,0.919793966151582,0.919793966151582,ER,18157.605107372572,12314.699294328922
12,12_HE_val.ndpi,12_ER_val.ndpi,12_16,18747.537406364958,9588.341096087885,0.919793966151582,0.919793966151582,ER,16236.336662635162,11396.622880718489
12,12_HE_val.ndpi,12_ER_val.ndpi,12_17,23868.45043233148,9078.77709826297,0.919793966151582,0.919793966151582,ER,18357.345661741798,10164.229057714912
12,12_HE_val.ndpi,12_ER_val.ndpi,12_18,23964.33012196435,10164.679078490371,0.919793966151582,0.919793966151582,ER,19183.43296333159,11550.294518642258
12,12_HE_val.ndpi,12_ER_val.ndpi,12_19,24641.49232543665,9390.08636863778,0.919793966151582,0.919793966151582,ER,19576.359231413076,10396.170933731562
12,12_HE_val.ndpi,12_ER_val.ndpi,12_20,20916.595521016592,5695.393114385334,0.919793966151582,0.919793966151582,ER,15328.374844878499,7081.809288737152
12,12_HE_val.ndpi,12_ER_val.ndpi,12_21,25240.35870538701,4839.436483764024,0.919793966151582,0.919793966151582,ER,18237.764516224237,4599.218785532736
12,12_HE_val.ndpi,12_ER_val.ndpi,12_22,23168.10485303777,2550.578332318953,0.919793966151582,0.919793966151582,ER,15982.996780226084,1948.4714657484462
12,12_HE_val.ndpi,12_ER_val.ndpi,12_23,20378.25315530217,1556.8426805254676,0.919793966151582,0.919793966151582,ER,14669.405827081382,828.7466782438777
12,12_HE_val.ndpi,12_ER_val.ndpi,12_24,25826.11189167872,2105.728145194624,0.919793966151582,0.919793966151582,ER,18028.05267584582,1054.9630332652064
12,12_HE_val.ndpi,12_ER_val.ndpi,12_25,26918.441630175508,4576.0307801980125,0.919793966151582,0.919793966151582,ER,20242.86537569427,4002.181810138064
12,12_HE_val.ndpi,12_ER_val.ndpi,12_26,29040.28495290605,5041.733087807374,0.919793966151582,0.919793966151582,ER,22385.388785887604,4501.346104287788
12,12_HE_val.ndpi,12_ER_val.ndpi,12_27,32462.61193923293,1868.0907876042852,0.919793966151582,0.919793966151582,ER,24166.742080911576,432.4471798177141
12,12_HE_val.ndpi,12_ER_val.ndpi,12_28,33295.43444524707,3525.72833736145,0.919793966151582,0.919793966151582,ER,25712.493306540535,2439.540264486078
12,12_HE_val.ndpi,12_ER_val.ndpi,12_29,29917.153101436383,10147.320902808753,0.919793966151582,0.919793966151582,ER,25660.15367896575,10769.298254812247
12,12_HE_val.ndpi,12_ER_val.ndpi,12_30,27127.551395694765,12223.17709412933,0.919793966151582,0.919793966151582,ER,24050.630505295587,13514.482783528434
12,12_HE_val.ndpi,12_ER_val.ndpi,12_31,24980.691445408775,5410.710322365335,0.919793966151582,0.919793966151582,ER,17957.960133722525,5488.645750771663
12,12_HE_val.ndpi,12_ER_val.ndpi,12_32,28052.72015126558,5833.033096876336,0.919793966151582,0.919793966151582,ER,21822.169483449703,5547.199672154475
12,12_HE_val.ndpi,12_ER_val.ndpi,12_33,27918.247232647987,6175.847621727176,0.919793966151582,0.919793966151582,ER,21869.119619251913,5978.345824344516
12,12_HE_val.ndpi,12_ER_val.ndpi,12_34,28627.14012792836,7998.530076224654,0.919793966151582,0.919793966151582,ER,23394.303013635497,8181.344132456211
12,12_HE_val.ndpi,12_ER_val.ndpi,12_35,22571.230418873078,14415.53142250615,0.919793966151582,0.919793966151582,ER,19523.150562748116,16795.202591516303
12,12_HE_val.ndpi,12_ER_val.ndpi,12_36,23439.2344545586,13053.166180354641,0.919793966151582,0.919793966151582,ER,19613.90064088905,15394.85520092987
12,12_HE_val.ndpi,12_ER_val.ndpi,12_37,22471.132844194395,11994.35930725084,0.919793966151582,0.919793966151582,ER,18949.301321069684,14273.934515896935
12,12_HE_val.ndpi,12_ER_val.ndpi,12_38,21695.905800911467,11722.215558280093,0.919793966151582,0.919793966151582,ER,18894.408941917445,13869.330836074096
12,12_HE_val.ndpi,12_ER_val.ndpi,12_39,23975.447274660284,6400.843213364045,0.919793966151582,0.919793966151582,ER,16838.39350993953,7221.40378015103
12,12_HE_val.ndpi,12_ER_val.ndpi,12_40,22977.951411766142,7555.9239466090785,0.919793966151582,0.919793966151582,ER,16699.27442787108,8636.533848586427
12,12_HE_val.ndpi,12_ER_val.ndpi,12_41,23442.885697044214,7142.470625069481,0.919793966151582,0.919793966151582,ER,16672.500551796653,8148.670137828688
12,12_HE_val.ndpi,12_ER_val.ndpi,12_42,24884.001389515674,7816.528710401752,0.919793966151582,0.919793966151582,ER,19032.2441235327,8418.819920303618
12,12_HE_val.ndpi,12_ER_val.ndpi,12_43,25964.911554796894,7974.944852067975,0.919793966151582,0.919793966151582,ER,20721.750410922134,8337.129895374754
12,12_HE_val.ndpi,12_ER_val.ndpi,12_44,25912.433394894404,7210.731648487938,0.919793966151582,0.919793966151582,ER,20273.910628407866,7437.961146358249
12,12_HE_val.ndpi,12_ER_val.ndpi,12_45,30160.139961952947,6229.079774677407,0.919793966151582,0.919793966151582,ER,23967.036579974418,5951.783497371153
12,12_HE_val.ndpi,12_ER_val.ndpi,12_46,30448.64836419466,5932.979046060923,0.919793966151582,0.919793966151582,ER,24085.730881698968,5572.26482708557
12,12_HE_val.ndpi,12_ER_val.ndpi,12_47,13541.82910287733,9056.02939495967,0.919793966151582,0.919793966151582,ER,11705.447897491023,12059.38562147185
12,12_HE_val.ndpi,12_ER_val.ndpi,12_48,13535.645567778256,4273.8255272772985,0.919793966151582,0.919793966151582,ER,9675.72861156622,6573.011762223581
12,12_HE_val.ndpi,12_ER_val.ndpi,12_49,25927.9514528414,11337.411989189759,0.919793966151582,0.919793966151582,ER,22406.225836282203,12540.095202726347
12,12_HE_val.ndpi,12_ER_val.ndpi,12_50,27836.26045551658,10793.925226945345,0.919793966151582,0.919793966151582,ER,24043.65154698267,11664.97256049286
83,83_HE_val.ndpi,83_KI67_val.ndpi,83_1,25256.535436024707,11762.276966092993,0.9097732390201744,0.9097732390201744,KI67,11810.766436334283,5643.061769654864
83,83_HE_val.ndpi,83_KI67_val.ndpi,83_2,22080.995323377352,9269.134321996686,0.9097732390201744,0.9097732390201744,KI67,9612.946728048491,3997.6678467743513
83,83_HE_val.ndpi,83_KI67_val.ndpi,83_3,20990.712248976517,9630.25617908251,0.9097732390201744,0.9097732390201744,KI67,9610.027631151339,4484.901236648108
83,83_HE_val.ndpi,83_KI67_val.ndpi,83_4,33288.79104981832,13647.187620925224,0.9097732390201744,0.9097732390201744,KI67,18885.020936158497,6068.077145317432
83,83_HE_val.ndpi,83_KI67_val.ndpi,83_5,30763.30276607041,6405.291052554844,0.9097732390201744,0.9097732390201744,KI67,13913.089701552222,1426.0733431443145
83,83_HE_val.ndpi,83_KI67_val.ndpi,83_6,28999.10659249662,8278.633301613969,0.9097732390201744,0.9097732390201744,KI67,12334.975754581525,2709.412351508663
83,83_HE_val.ndpi,83_KI67_val.ndpi,83_7,30318.265977425483,10311.844200597061,0.9097732390201744,0.9097732390201744,KI67,13771.498642940975,4324.62871588493
83,83_HE_val.ndpi,83_KI67_val.ndpi,83_8,29136.965458675153,14287.200162145447,0.9097732390201744,0.9097732390201744,KI67,16089.944750788896,7127.416449168242
83,83_HE_val.ndpi,83_KI67_val.ndpi,83_9,31932.61004511672,16081.991100500603,0.9097732390201744,0.9097732390201744,KI67,20113.107673050366,7477.551014148146
83,83_HE_val.ndpi,83_KI67_val.ndpi,83_10,32934.292422365266,15636.981042808791,0.9097732390201744,0.9097732390201744,KI67,20757.365407861675,6890.6041119608535
83,83_HE_val.ndpi,83_KI67_val.ndpi,83_11,30232.032533770038,13162.544675274625,0.9097732390201744,0.9097732390201744,KI67,15586.603144006855,6296.378236780683
83,83_HE_val.ndpi,83_KI67_val.ndpi,83_12,28589.976112138716,11012.769241286102,0.9097732390201744,0.9097732390201744,KI67,12485.654191712862,4713.032674220626
83,83_HE_val.ndpi,83_KI67_val.ndpi,83_13,36649.08508815686,13009.504934267195,0.9097732390201744,0.9097732390201744,KI67,22446.86966952014,5603.702701614857
83,83_HE_val.ndpi,83_KI67_val.ndpi,83_14,38312.718223770265,11811.697920258333,0.9097732390201744,0.9097732390201744,KI67,23671.467724892234,5384.52359056891
83,83_HE_val.ndpi,83_KI67_val.ndpi,83_15,20704.716606387152,11580.926893117889,0.9097732390201744,0.9097732390201744,KI67,10112.266856179598,5656.926235462665
83,83_HE_val.ndpi,83_KI67_val.ndpi,83_16,21790.88303581468,11220.89741619401,0.9097732390201744,0.9097732390201744,KI67,9978.99558731083,5475.256560912133
83,83_HE_val.ndpi,83_KI67_val.ndpi,83_17,24898.99865861629,11005.705152725515,0.9097732390201744,0.9097732390201744,KI67,11068.828426271206,4996.302855409064
83,83_HE_val.ndpi,83_KI67_val.ndpi,83_18,23807.47466317721,10055.178116237194,0.9097732390201744,0.9097732390201744,KI67,10179.308014607877,4408.370482392774
83,83_HE_val.ndpi,83_KI67_val.ndpi,83_19,34214.34851503737,11107.751640658727,0.9097732390201744,0.9097732390201744,KI67,18932.254178036506,4919.992745462936
83,83_HE_val.ndpi,83_KI67_val.ndpi,83_20,32771.2883037452,10851.09880350522,0.9097732390201744,0.9097732390201744,KI67,17176.38808535748,4745.0288004043105
83,83_HE_val.ndpi,83_KI67_val.ndpi,83_21,35005.21509503581,12258.012572173044,0.9097732390201744,0.9097732390201744,KI67,20297.7994398458,5406.3287539945495
83,83_HE_val.ndpi,83_KI67_val.ndpi,83_22,24016.669755609317,12645.553139647316,0.9097732390201744,0.9097732390201744,KI67,11652.229767620547,6192.106230041733
83,83_HE_val.ndpi,83_KI67_val.ndpi,83_23,20662.53866121478,8095.0020092438635,0.9097732390201744,0.9097732390201744,KI67,9505.802702761343,3507.3928009275833
83,83_HE_val.ndpi,83_KI67_val.ndpi,83_24,35278.956133878906,14004.322332432926,0.9097732390201744,0.9097732390201744,KI67,21380.959399264324,6116.6244764123185
83,83_HE_val.ndpi,83_KI67_val.ndpi,83_25,31111.509859120702,12441.987030783526,0.9097732390201744,0.9097732390201744,KI67,16197.708747621007,5947.230804014995
83,83_HE_val.ndpi,83_KI67_val.ndpi,83_26,33517.31963122897,4424.072417271776,0.9097732390201744,0.9097732390201744,KI67,16149.0585419555,386.17686564507875
83,83_HE_val.ndpi,83_KI67_val.ndpi,83_27,26613.07725722364,13520.753303117595,0.9097732390201744,0.9097732390201744,KI67,13819.189611490086,6745.292025185075
83,83_HE_val.ndpi,83_KI67_val.ndpi,83_28,31702.48057355978,14623.279164245803,0.9097732390201744,0.9097732390201744,KI67,18433.562181515208,6531.726056929681
83,83_HE_val.ndpi,83_KI67_val.ndpi,83_29,35427.147319209915,7769.519163909056,0.9097732390201744,0.9097732390201744,KI67,19193.717601458033,2734.7503535790574
83,83_HE_val.ndpi,83_KI67_val.ndpi,83_30,33613.039500669016,9531.154244637995,0.9097732390201744,0.9097732390201744,KI67,17811.684880003206,3735.659982811237
83,83_HE_val.ndpi,83_KI67_val.ndpi,83_31,18919.8761124882,12302.541227908228,0.9097732390201744,0.9097732390201744,KI67,10312.050912956267,6263.0053043831185
83,83_HE_val.ndpi,83_KI67_val.ndpi,83_32,20235.948569225107,13942.922854113776,0.9097732390201744,0.9097732390201744,KI67,11786.790542753417,7460.301882322575
83,83_HE_val.ndpi,83_KI67_val.ndpi,83_33,29962.8599634558,12403.16154631094,0.9097732390201744,0.9097732390201744,KI67,14408.190220414037,5902.530528709754
83,83_HE_val.ndpi,83_KI67_val.ndpi,83_34,28475.7403765729,13002.749283637375,0.9097732390201744,0.9097732390201744,KI67,14200.767431539647,6307.990005903687
83,83_HE_val.ndpi,83_KI67_val.ndpi,83_35,33585.23108646369,12152.882572864202,0.9097732390201744,0.9097732390201744,KI67,18780.772083118267,5457.996951088606
83,83_HE_val.ndpi,83_KI67_val.ndpi,83_36,22456.644227035653,8372.668683771182,0.9097732390201744,0.9097732390201744,KI67,9378.880320474218,3267.6004687311142
83,83_HE_val.ndpi,83_KI67_val.ndpi,83_37,22968.095888813936,11385.496818262076,0.9097732390201744,0.9097732390201744,KI67,10399.088487343777,5593.429135111944
83,83_HE_val.ndpi,83_KI67_val.ndpi,83_38,24416.09827561291,15533.854465645149,0.9097732390201744,0.9097732390201744,KI67,14542.287519917867,8946.233783139645
83,83_HE_val.ndpi,83_KI67_val.ndpi,83_39,26835.92760268288,11755.788588221209,0.9097732390201744,0.9097732390201744,KI67,12250.716699618055,5487.349227717422
83,83_HE_val.ndpi,83_KI67_val.ndpi,83_40,30595.012974966943,15641.954721672446,0.9097732390201744,0.9097732390201744,KI67,18283.45995583245,7656.744818745096
83,83_HE_val.ndpi,83_KI67_val.ndpi,83_41,31276.856817150518,8537.338745150966,0.9097732390201744,0.9097732390201744,KI67,14860.616397790947,3041.9215286901717
83,83_HE_val.ndpi,83_KI67_val.ndpi,83_42,28227.040111486676,16341.702885366682,0.9097732390201744,0.9097732390201744,KI67,17633.134775927614,8579.881486485545
83,83_HE_val.ndpi,83_KI67_val.ndpi,83_43,30473.972733087045,11553.913698706649,0.9097732390201744,0.9097732390201744,KI67,14706.877372755918,5250.972034950418
83,83_HE_val.ndpi,83_KI67_val.ndpi,83_44,36040.580363200985,12228.334360955225,0.9097732390201744,0.9097732390201744,KI67,21302.483314247584,5537.246082440292
83,83_HE_val.ndpi,83_KI67_val.ndpi,83_45,23294.884810974803,9001.269035854211,0.9097732390201744,0.9097732390201744,KI67,9814.622398918344,3660.015835081596
83,83_HE_val.ndpi,83_KI67_val.ndpi,83_46,27708.164622489785,10004.963121700895,0.9097732390201744,0.9097732390201744,KI67,11237.042877384083,3815.1322606423187
83,83_HE_val.ndpi,83_KI67_val.ndpi,83_47,31204.578213882316,10321.866963316455,0.9097732390201744,0.9097732390201744,KI67,14966.96980830144,4387.16428765966
83,83_HE_val.ndpi,83_KI67_val.ndpi,83_48,35818.14642467462,11346.193854926916,0.9097732390201744,0.9097732390201744,KI67,20729.92530219731,5154.082708551603
83,83_HE_val.ndpi,83_KI67_val.ndpi,83_49,35544.28846164024,10601.478674742104,0.9097732390201744,0.9097732390201744,KI67,20281.289561298905,4686.962839987439
83,83_HE_val.ndpi,83_KI67_val.ndpi,83_50,30528.907082384547,5492.117403934386,0.9097732390201744,0.9097732390201744,KI67,13517.847719732123,829.6663963734164
93,93_HE_val.ndpi,93_ER_val.ndpi,93_1,17771.893670562364,853.7221579383424,0.9109542245502164,0.9109542245502164,ER,34216.484389121855,-4168.220204694037
93,93_HE_val.ndpi,93_ER_val.ndpi,93_2,18031.522052901324,670.0169542768651,0.9109542245502164,0.9109542245502164,ER,34623.39525181356,-4425.042940855615
93,93_HE_val.ndpi,93_ER_val.ndpi,93_3,16715.483328175033,1279.2852097979314,0.9109542245502164,0.9109542245502164,ER,32209.235477436505,-3527.7330547479546
93,93_HE_val.ndpi,93_ER_val.ndpi,93_4,16241.825729166165,1189.411151475143,0.9109542245502164,0.9109542245502164,ER,31479.33750313207,-3762.1967448208206
93,93_HE_val.ndpi,93_ER_val.ndpi,93_5,16195.032628196497,1427.1469755744015,0.9109542245502164,0.9109542245502164,ER,31101.008093669785,-3357.97619152788
93,93_HE_val.ndpi,93_ER_val.ndpi,93_6,17115.849694531888,3326.8121427981846,0.9109542245502164,0.9109542245502164,ER,32969.994377328054,266.2072346317959
93,93_HE_val.ndpi,93_ER_val.ndpi,93_7,10916.44254805886,15323.644761234724,0.9109542245502164,0.9109542245502164,ER,25776.43155706575,24377.437287957255
93,93_HE_val.ndpi,93_ER_val.ndpi,93_8,9651.966618030887,16591.48125739333,0.9109542245502164,0.9109542245502164,ER,23099.6227611658,27412.632093362317
93,93_HE_val.ndpi,93_ER_val.ndpi,93_9,1392.9763032992328,12514.982077142029,0.9109542245502164,0.9109542245502164,ER,12260.86386941473,18617.54089902869
93,93_HE_val.ndpi,93_ER_val.ndpi,93_10,1366.9609957962414,12148.11468936767,0.9109542245502164,0.9109542245502164,ER,12907.687471399488,17951.72425280256
93,93_HE_val.ndpi,93_ER_val.ndpi,93_11,808.7503865596594,12381.306317555403,0.9109542245502164,0.9109542245502164,ER,11795.60741918432,18465.87597889798
93,93_HE_val.ndpi,93_ER_val.ndpi,93_12,1954.138244147168,11199.315944294218,0.9109542245502164,0.9109542245502164,ER,14779.586950634683,16292.71681895945
93,93_HE_val.ndpi,93_ER_val.ndpi,93_13,1437.7484719562306,10156.818577412685,0.9109542245502164,0.9109542245502164,ER,14106.43455297864,14005.667328641339
93,93_HE_val.ndpi,93_ER_val.ndpi,93_14,1925.4089154881851,9603.17844962672,0.9109542245502164,0.9109542245502164,ER,14833.117224909836,12912.823485905354
93,93_HE_val.ndpi,93_ER_val.ndpi,93_15,3090.561685246107,10136.799308096652,0.9109542245502164,0.9109542245502164,ER,17083.04572005246,13757.368195869101
93,93_HE_val.ndpi,93_ER_val.ndpi,93_16,3483.5063771265563,11059.239839187578,0.9109542245502164,0.9109542245502164,ER,17248.252904052224,15287.903150972317
93,93_HE_val.ndpi,93_ER_val.ndpi,93_17,3834.095094986653,12653.098704567692,0.9109542245502164,0.9109542245502164,ER,15325.50422822253,18051.776255192082
93,93_HE_val.ndpi,93_ER_val.ndpi,93_18,3773.480808726784,12156.60160213944,0.9109542245502164,0.9109542245502164,ER,16432.750219221227,16931.85327038763
93,93_HE_val.ndpi,93_ER_val.ndpi,93_19,998.7533931677488,17345.740759777258,0.9109542245502164,0.9109542245502164,ER,6622.712480859912,28951.772579454697
93,93_HE_val.ndpi,93_ER_val.ndpi,93_20,1736.2397299314498,17039.98244173944,0.9109542245502164,0.9109542245502164,ER,7618.651836738022,28296.840122199083
93,93_HE_val.ndpi,93_ER_val.ndpi,93_21,3572.699845936508,15147.914703219,0.9109542245502164,0.9109542245502164,ER,11507.811681728725,23547.666640601958
93,93_HE_val.ndpi,93_ER_val.ndpi,93_22,6595.530821182173,13499.333234652586,0.9109542245502164,0.9109542245502164,ER,18365.61107613193,20077.48360107173
93,93_HE_val.ndpi,93_ER_val.ndpi,93_23,8279.153240480353,12912.258617352272,0.9109542245502164,0.9109542245502164,ER,21740.711427044112,18312.7596782936
93,93_HE_val.ndpi,93_ER_val.ndpi,93_24,8724.370422944105,12394.781054488647,0.9109542245502164,0.9109542245502164,ER,22780.12243432989,17273.39527357136
93,93_HE_val.ndpi,93_ER_val.ndpi,93_25,8576.719757917052,12153.425672079475,0.9109542245502164,0.9109542245502164,ER,22614.881989671427,16683.464907596943
93,93_HE_val.ndpi,93_ER_val.ndpi,93_26,8933.254848490047,10302.082242797138,0.9109542245502164,0.9109542245502164,ER,22451.20123598217,13101.571962111817
93,93_HE_val.ndpi,93_ER_val.ndpi,93_27,10521.44048052165,9445.955365829239,0.9109542245502164,0.9109542245502164,ER,24448.772636316615,11846.307235422355
93,93_HE_val.ndpi,93_ER_val.ndpi,93_28,11160.841247948867,10998.32330497532,0.9109542245502164,0.9109542245502164,ER,26102.2066103784,14695.692186353217
93,93_HE_val.ndpi,93_ER_val.ndpi,93_29,12867.16897807035,10837.618780166276,0.9109542245502164,0.9109542245502164,ER,29307.151072991386,14480.146129784194
93,93_HE_val.ndpi,93_ER_val.ndpi,93_30,14925.107776619072,11446.770765296491,0.9109542245502164,0.9109542245502164,ER,32295.098400357427,15596.349192510355
93,93_HE_val.ndpi,93_ER_val.ndpi,93_31,16562.918003969433,10135.114282991724,0.9109542245502164,0.9109542245502164,ER,34127.99733084867,12726.827715527932
93,93_HE_val.ndpi,93_ER_val.ndpi,93_32,15597.237589798391,9196.844467120503,0.9109542245502164,0.9109542245502164,ER,32296.98734470504,10951.370850255651
93,93_HE_val.ndpi,93_ER_val.ndpi,93_33,12027.436206091936,7118.868269028341,0.9109542245502164,0.9109542245502164,ER,25113.244149754013,7015.467551574208
93,93_HE_val.ndpi,93_ER_val.ndpi,93_34,11236.244754090176,6089.193820243893,0.9109542245502164,0.9109542245502164,ER,22972.257565132277,5476.5296924827435
93,93_HE_val.ndpi,93_ER_val.ndpi,93_35,11432.966157570774,5985.774568128382,0.9109542245502164,0.9109542245502164,ER,23177.040524471195,5105.41576059592
93,93_HE_val.ndpi,93_ER_val.ndpi,93_36,11792.333490047087,5065.425312207557,0.9109542245502164,0.9109542245502164,ER,23160.054806901513,3688.657879499463
93,93_HE_val.ndpi,93_ER_val.ndpi,93_37,11482.075733700547,5012.591563844197,0.9109542245502164,0.9109542245502164,ER,22564.64330976181,3552.138332549901
93,93_HE_val.ndpi,93_ER_val.ndpi,93_38,13068.909090313726,3753.965923029676,0.9109542245502164,0.9109542245502164,ER,25171.67777261952,826.9779261626092
93,93_HE_val.ndpi,93_ER_val.ndpi,93_39,12687.644274996572,3543.1929907290387,0.9109542245502164,0.9109542245502164,ER,24035.624972039834,307.1577035493615
93,93_HE_val.ndpi,93_ER_val.ndpi,93_40,12899.574903388997,2796.191535975419,0.9109542245502164,0.9109542245502164,ER,23849.439493900554,-788.2691703933255
93,93_HE_val.ndpi,93_ER_val.ndpi,93_41,10608.83060672408,1837.1420329144012,0.9109542245502164,0.9109542245502164,ER,20193.255638344996,-2100.144276938773
93,93_HE_val.ndpi,93_ER_val.ndpi,93_42,9568.788624944389,1537.6559356953758,0.9109542245502164,0.9109542245502164,ER,18541.172786111358,-2437.300110152732
93,93_HE_val.ndpi,93_ER_val.ndpi,93_43,9778.819526331585,734.0246773031354,0.9109542245502164,0.9109542245502164,ER,19738.845915876485,-4052.4364757594076
93,93_HE_val.ndpi,93_ER_val.ndpi,93_44,10658.339687871996,831.7177752963825,0.9109542245502164,0.9109542245502164,ER,21321.428111200068,-4058.5538109019712
93,93_HE_val.ndpi,93_ER_val.ndpi,93_45,18862.32703527804,14325.929414161428,0.9109542245502164,0.9109542245502164,ER,35482.15235214233,20988.493692969587
93,93_HE_val.ndpi,93_ER_val.ndpi,93_46,16300.487094916565,14494.217179971158,0.9109542245502164,0.9109542245502164,ER,32592.615134982945,21895.366476662486
93,93_HE_val.ndpi,93_ER_val.ndpi,93_47,3901.083787610948,7659.951595323967,0.9109542245502164,0.9109542245502164,ER,16348.07519131943,9372.920704496832
93,93_HE_val.ndpi,93_ER_val.ndpi,93_48,5819.306751049281,4207.510075011338,0.9109542245502164,0.9109542245502164,ER,13764.845974355041,2141.2867899709145
93,93_HE_val.ndpi,93_ER_val.ndpi,93_49,4893.941355639592,4731.5625842755435,0.9109542245502164,0.9109542245502164,ER,13394.149467490704,3644.179840581565
93,93_HE_val.ndpi,93_ER_val.ndpi,93_50,1763.0168227276365,4919.197235345825,0.9109542245502164,0.9109542245502164,ER,12377.520640640307,4792.706733833062
0,0_HE_val.ndpi,0_KI67_val.ndpi,0_1,30728.765760556817,11942.600556608753,0.907338096858342,0.907338096858342,KI67,24568.409128703744,11870.19204699218
0,0_HE_val.ndpi,0_KI67_val.ndpi,0_2,30154.793352581117,12676.00957563241,0.907338096858342,0.907338096858342,KI67,24234.02499371523,12597.60664470903
0,0_HE_val.ndpi,0_KI67_val.ndpi,0_3,29592.84559229396,13739.018348805224,0.907338096858342,0.907338096858342,KI67,24162.47688178407,13486.881863343107
0,0_HE_val.ndpi,0_KI67_val.ndpi,0_4,27513.79017715849,12807.907627980569,0.907338096858342,0.907338096858342,KI67,22694.394624823653,12339.97998938331
0,0_HE_val.ndpi,0_KI67_val.ndpi,0_5,26225.54108266457,12992.85418802667,0.907338096858342,0.907338096858342,KI67,21901.113759921023,12507.957878881823
0,0_HE_val.ndpi,0_KI67_val.ndpi,0_6,23581.55173674005,14228.725580453545,0.907338096858342,0.907338096858342,KI67,21445.892735312842,14009.639337888098
0,0_HE_val.ndpi,0_KI67_val.ndpi,0_7,22299.712625649707,13141.597224235564,0.907338096858342,0.907338096858342,KI67,19369.802466489808,12874.127292520327
0,0_HE_val.ndpi,0_KI67_val.ndpi,0_8,22388.288647385318,13766.057854363777,0.907338096858342,0.907338096858342,KI67,19968.501712856574,13632.485242512847
0,0_HE_val.ndpi,0_KI67_val.ndpi,0_9,23026.035725122,12494.992556996216,0.907338096858342,0.907338096858342,KI67,19158.07205185436,12112.312531601126
0,0_HE_val.ndpi,0_KI67_val.ndpi,0_10,22592.01345936453,12224.835792069778,0.907338096858342,0.907338096858342,KI67,18829.880361918767,11810.400479642065
0,0_HE_val.ndpi,0_KI67_val.ndpi,0_11,22510.715435596285,11355.932879385511,0.907338096858342,0.907338096858342,KI67,18129.362696552,10880.606656427006
0,0_HE_val.ndpi,0_KI67_val.ndpi,0_12,24018.086509674264,10900.624799300042,0.907338096858342,0.907338096858342,KI67,18492.69139576295,10454.51141235368
0,0_HE_val.ndpi,0_KI67_val.ndpi,0_13,23376.33436218793,11453.866539727294,0.907338096858342,0.907338096858342,KI67,18653.960227873045,10967.508032266293
0,0_HE_val.ndpi,0_KI67_val.ndpi,0_14,23272.42625792521,11170.81623377806,0.907338096858342,0.907338096858342,KI67,18437.87035778995,10706.826064538014
0,0_HE_val.ndpi,0_KI67_val.ndpi,0_15,34036.58737878393,2396.5023912089664,0.907338096858342,0.907338096858342,KI67,24673.34274705712,3583.283572281151
0,0_HE_val.ndpi,0_KI67_val.ndpi,0_16,35284.23757575623,2905.9232207398372,0.907338096858342,0.907338096858342,KI67,25811.564127334328,4039.517489659032
0,0_HE_val.ndpi,0_KI67_val.ndpi,0_17,41919.37802444772,6336.400291545301,0.907338096858342,0.907338096858342,KI67,31037.713930318343,6654.360002741956
0,0_HE_val.ndpi,0_KI67_val.ndpi,0_18,41125.74080675348,6097.572253352466,0.907338096858342,0.907338096858342,KI67,30430.29973836704,6557.2564142400215
0,0_HE_val.ndpi,0_KI67_val.ndpi,0_19,40811.297833165285,5321.234590280314,0.907338096858342,0.907338096858342,KI67,30047.971022143465,5950.178194964708
0,0_HE_val.ndpi,0_KI67_val.ndpi,0_20,40750.508641566936,5898.303282985535,0.907338096858342,0.907338096858342,KI67,30131.900778977004,6441.331440234421
0,0_HE_val.ndpi,0_KI67_val.ndpi,0_21,39851.63760141295,5851.417726147599,0.907338096858342,0.907338096858342,KI67,29466.44801595338,6510.707424175785
0,0_HE_val.ndpi,0_KI67_val.ndpi,0_22,39449.40343268876,6131.269835923671,0.907338096858342,0.907338096858342,KI67,29191.569532285786,6780.846704995172
0,0_HE_val.ndpi,0_KI67_val.ndpi,0_23,38834.29248533068,6090.689469061727,0.907338096858342,0.907338096858342,KI67,28732.678323173575,6820.714141824158
0,0_HE_val.ndpi,0_KI67_val.ndpi,0_24,38392.18137877592,5496.93653635961,0.907338096858342,0.907338096858342,KI67,28344.807321559372,6396.155090309215
0,0_HE_val.ndpi,0_KI67_val.ndpi,0_25,38909.04551371181,5377.331617622857,0.907338096858342,0.907338096858342,KI67,28690.54136209887,6232.089198827194
0,0_HE_val.ndpi,0_KI67_val.ndpi,0_26,38513.53873597114,7228.563385140399,0.907338096858342,0.907338096858342,KI67,28776.919671229658,7682.592571597496
0,0_HE_val.ndpi,0_KI67_val.ndpi,0_27,38245.080231066764,6690.163276408086,0.907338096858342,0.907338096858342,KI67,28400.364348660583,7343.495967682241
0,0_HE_val.ndpi,0_KI67_val.ndpi,0_28,37823.068997552014,7625.973507113252,0.907338096858342,0.907338096858342,KI67,28469.66761183638,8011.66834912575
0,0_HE_val.ndpi,0_KI67_val.ndpi,0_29,37575.42724923703,7891.621394166014,0.907338096858342,0.907338096858342,KI67,28430.440372482804,8205.854689989324
0,0_HE_val.ndpi,0_KI67_val.ndpi,0_30,37709.237686782864,8689.90057515523,0.907338096858342,0.907338096858342,KI67,28666.733689791647,8811.21470955071
0,0_HE_val.ndpi,0_KI67_val.ndpi,0_31,36930.38682155725,8324.08245104892,0.907338096858342,0.907338096858342,KI67,28100.516992516667,8588.539039059817
0,0_HE_val.ndpi,0_KI67_val.ndpi,0_32,36486.0716432506,9180.995415468558,0.907338096858342,0.907338096858342,KI67,27779.90014354329,9316.494715593095
0,0_HE_val.ndpi,0_KI67_val.ndpi,0_33,37950.69140982149,9239.292327843148,0.907338096858342,0.907338096858342,KI67,28818.19102294197,9267.823242408047
0,0_HE_val.ndpi,0_KI67_val.ndpi,0_34,37574.57347872936,9991.680334468929,0.907338096858342,0.907338096858342,KI67,28984.053655617445,10027.061717419221
0,0_HE_val.ndpi,0_KI67_val.ndpi,0_35,36731.6531159849,10995.523660325869,0.907338096858342,0.907338096858342,KI67,28644.92686532994,11248.537580129027
0,0_HE_val.ndpi,0_KI67_val.ndpi,0_36,37276.282619561316,10899.41247980078,0.907338096858342,0.907338096858342,KI67,28993.542275873893,11065.243107568627
0,0_HE_val.ndpi,0_KI67_val.ndpi,0_37,37137.45554721232,10348.375576410554,0.907338096858342,0.907338096858342,KI67,28778.33118818825,10476.806473997109
0,0_HE_val.ndpi,0_KI67_val.ndpi,0_38,38254.72782242162,11689.745675084008,0.907338096858342,0.907338096858342,KI67,30005.661298907373,11711.372846517
0,0_HE_val.ndpi,0_KI67_val.ndpi,0_39,39417.2877645314,11265.319141846843,0.907338096858342,0.907338096858342,KI67,30615.65344029536,11121.20710327894
0,0_HE_val.ndpi,0_KI67_val.ndpi,0_40,38572.888738787864,11173.470834227994,0.907338096858342,0.907338096858342,KI67,29988.297504646285,11156.593872300095
0,0_HE_val.ndpi,0_KI67_val.ndpi,0_41,40773.60888262421,10381.68813150641,0.907338096858342,0.907338096858342,KI67,31346.839451845288,9950.628784288421
0,0_HE_val.ndpi,0_KI67_val.ndpi,0_42,40906.028662094446,9898.996795577697,0.907338096858342,0.907338096858342,KI67,31167.3925730715,9478.619557723858
0,0_HE_val.ndpi,0_KI67_val.ndpi,0_43,40677.497793757844,10099.762173062332,0.907338096858342,0.907338096858342,KI67,31125.671227039962,9698.96131476711
0,0_HE_val.ndpi,0_KI67_val.ndpi,0_44,41059.12850918348,9332.030084004251,0.907338096858342,0.907338096858342,KI67,31176.41026136047,8942.987519097012
0,0_HE_val.ndpi,0_KI67_val.ndpi,0_45,40622.62418922565,8315.14419063923,0.907338096858342,0.907338096858342,KI67,30711.742016180302,8189.506661631428
0,0_HE_val.ndpi,0_KI67_val.ndpi,0_46,40585.89661469491,7300.585277823237,0.907338096858342,0.907338096858342,KI67,30255.22503010633,7523.998280331556
0,0_HE_val.ndpi,0_KI67_val.ndpi,0_47,40745.76474318722,6941.653539161156,0.907338096858342,0.907338096858342,KI67,30241.779913629718,7263.999267626686
0,0_HE_val.ndpi,0_KI67_val.ndpi,0_48,41439.503042766126,6933.471050645094,0.907338096858342,0.907338096858342,KI67,30731.4254074928,7186.308188032054
0,0_HE_val.ndpi,0_KI67_val.ndpi,0_49,38452.34818209901,4391.561928353928,0.907338096858342,0.907338096858342,KI67,28269.166692477873,5430.876841520131
0,0_HE_val.ndpi,0_KI67_val.ndpi,0_50,39285.411991419416,3801.1897134365745,0.907338096858342,0.907338096858342,KI67,29065.52707801178,4759.808132633168
84,84_HE_val.ndpi,84_PGR_val.ndpi,84_1,30912.14365265108,15615.707804478265,0.9109542245502164,0.9109542245502164,PGR,13005.075341086304,15460.843758460485
84,84_HE_val.ndpi,84_PGR_val.ndpi,84_2,31474.133045042192,14559.181394217105,0.9109542245502164,0.9109542245502164,PGR,13710.630519605338,15025.169626815616
84,84_HE_val.ndpi,84_PGR_val.ndpi,84_3,30603.778568460584,14948.45171129337,0.9109542245502164,0.9109542245502164,PGR,13148.89935125712,15139.755948000195
84,84_HE_val.ndpi,84_PGR_val.ndpi,84_4,29462.145576230338,14802.895820035903,0.9109542245502164,0.9109542245502164,PGR,12417.83061348491,15184.736560809451
84,84_HE_val.ndpi,84_PGR_val.ndpi,84_5,28736.429356957462,14636.052895312048,0.9109542245502164,0.9109542245502164,PGR,11941.669775988536,15195.719902154908
84,84_HE_val.ndpi,84_PGR_val.ndpi,84_6,27646.079885124127,14545.413847884907,0.9109542245502164,0.9109542245502164,PGR,11087.885358921149,15112.837318858492
84,84_HE_val.ndpi,84_PGR_val.ndpi,84_7,28060.312298399003,13605.510400283127,0.9109542245502164,0.9109542245502164,PGR,11450.888440651463,14603.06511700282
84,84_HE_val.ndpi,84_PGR_val.ndpi,84_8,28177.13084841391,12515.16246434364,0.9109542245502164,0.9109542245502164,PGR,11265.791151098672,13766.75287574126
84,84_HE_val.ndpi,84_PGR_val.ndpi,84_9,29305.754794883658,12403.195802987517,0.9109542245502164,0.9109542245502164,PGR,12021.993221641802,13754.292400163798
84,84_HE_val.ndpi,84_PGR_val.ndpi,84_10,29458.029454328,13384.02375646718,0.9109542245502164,0.9109542245502164,PGR,12510.011045448202,14411.325640312863
84,84_HE_val.ndpi,84_PGR_val.ndpi,84_11,28602.604161567182,13155.611767300696,0.9109542245502164,0.9109542245502164,PGR,11850.285802660572,14305.049286675503
84,84_HE_val.ndpi,84_PGR_val.ndpi,84_12,27186.151585378415,12215.558548669303,0.9109542245502164,0.9109542245502164,PGR,10518.921317414684,13447.526409400203
84,84_HE_val.ndpi,84_PGR_val.ndpi,84_13,27201.337250435907,10467.630576461808,0.9109542245502164,0.9109542245502164,PGR,11373.309407106004,12226.884844181419
84,84_HE_val.ndpi,84_PGR_val.ndpi,84_14,27472.206997588677,11326.674631717651,0.9109542245502164,0.9109542245502164,PGR,11110.606928957148,12793.495570301524
84,84_HE_val.ndpi,84_PGR_val.ndpi,84_15,21364.940021795363,12272.207343628037,0.9109542245502164,0.9109542245502164,PGR,6286.246223382736,12431.81675221893
84,84_HE_val.ndpi,84_PGR_val.ndpi,84_16,20343.76260109365,11613.88484398785,0.9109542245502164,0.9109542245502164,PGR,5692.456758033772,11659.799535480939
84,84_HE_val.ndpi,84_PGR_val.ndpi,84_17,16852.444742018786,10042.832786448476,0.9109542245502164,0.9109542245502164,PGR,4537.979766591792,10419.908799615849
84,84_HE_val.ndpi,84_PGR_val.ndpi,84_18,16793.326344822748,11117.712735467288,0.9109542245502164,0.9109542245502164,PGR,4023.8087560663953,11537.933413055465
84,84_HE_val.ndpi,84_PGR_val.ndpi,84_19,17852.083094606292,10515.779964016758,0.9109542245502164,0.9109542245502164,PGR,4647.525586506993,10653.963049584832
84,84_HE_val.ndpi,84_PGR_val.ndpi,84_20,15724.082550314217,9013.896130124189,0.9109542245502164,0.9109542245502164,PGR,4397.418763490111,9627.621141709675
84,84_HE_val.ndpi,84_PGR_val.ndpi,84_21,14441.195416494473,8987.382424715057,0.9109542245502164,0.9109542245502164,PGR,3716.9460862344686,9577.083086837196
84,84_HE_val.ndpi,84_PGR_val.ndpi,84_22,18458.97054841193,8353.931627396794,0.9109542245502164,0.9109542245502164,PGR,6376.718612757689,8996.4540770278
84,84_HE_val.ndpi,84_PGR_val.ndpi,84_23,19664.200080240076,6988.092140223351,0.9109542245502164,0.9109542245502164,PGR,8590.939813145436,7840.14052903944
84,84_HE_val.ndpi,84_PGR_val.ndpi,84_24,19755.085658596065,5645.823694899033,0.9109542245502164,0.9109542245502164,PGR,9446.335923541028,6498.350592620071
84,84_HE_val.ndpi,84_PGR_val.ndpi,84_25,32316.18788357884,4252.830615379226,0.9109542245502164,0.9109542245502164,PGR,19272.033437396924,6818.282464513934
84,84_HE_val.ndpi,84_PGR_val.ndpi,84_26,32555.050094471913,3734.0517510958416,0.9109542245502164,0.9109542245502164,PGR,19749.497813732443,6328.355070928129
84,84_HE_val.ndpi,84_PGR_val.ndpi,84_27,32649.340952221948,3110.472091783122,0.9109542245502164,0.9109542245502164,PGR,19980.064700202653,5740.539961387384
84,84_HE_val.ndpi,84_PGR_val.ndpi,84_28,34653.130480594424,3396.57162254411,0.9109542245502164,0.9109542245502164,PGR,21537.372756637447,5837.370517315674
84,84_HE_val.ndpi,84_PGR_val.ndpi,84_29,33601.628275808616,3701.7954868111574,0.9109542245502164,0.9109542245502164,PGR,20681.252746121365,6282.733091754808
84,84_HE_val.ndpi,84_PGR_val.ndpi,84_30,29498.54394602301,4099.53110818867,0.9109542245502164,0.9109542245502164,PGR,17403.863727290256,6548.646371405964
84,84_HE_val.ndpi,84_PGR_val.ndpi,84_31,28962.90096731314,4032.575735849941,0.9109542245502164,0.9109542245502164,PGR,17085.26091270463,6357.96843185379
84,84_HE_val.ndpi,84_PGR_val.ndpi,84_32,30223.160247086827,5421.50765577584,0.9109542245502164,0.9109542245502164,PGR,17300.61685584005,7827.949031727547
84,84_HE_val.ndpi,84_PGR_val.ndpi,84_33,26841.41965700813,3448.453943448165,0.9109542245502164,0.9109542245502164,PGR,15499.462183579997,5314.15403714437
84,84_HE_val.ndpi,84_PGR_val.ndpi,84_34,25211.18506766292,3712.695264248617,0.9109542245502164,0.9109542245502164,PGR,14144.622967418634,5200.9029499196195
84,84_HE_val.ndpi,84_PGR_val.ndpi,84_35,26405.05422703814,4194.5639453937565,0.9109542245502164,0.9109542245502164,PGR,14972.970174119368,6069.418290713441
84,84_HE_val.ndpi,84_PGR_val.ndpi,84_36,27067.896862266392,4696.174588269204,0.9109542245502164,0.9109542245502164,PGR,15445.527948698866,6781.650694443242
84,84_HE_val.ndpi,84_PGR_val.ndpi,84_37,23428.769871880762,1789.371764873443,0.9109542245502164,0.9109542245502164,PGR,13709.364414211952,2717.320127479692
84,84_HE_val.ndpi,84_PGR_val.ndpi,84_38,18218.095169591856,2579.8795644464153,0.9109542245502164,0.9109542245502164,PGR,9190.279807785313,3678.7735421363927
84,84_HE_val.ndpi,84_PGR_val.ndpi,84_39,16309.212883457536,3844.541977135185,0.9109542245502164,0.9109542245502164,PGR,7450.373743467846,4712.433931867472
84,84_HE_val.ndpi,84_PGR_val.ndpi,84_40,15939.204536809375,4703.63728824044,0.9109542245502164,0.9109542245502164,PGR,7015.3466202261025,5555.007296848541
84,84_HE_val.ndpi,84_PGR_val.ndpi,84_41,22161.726121430936,20238.31992136305,0.9109542245502164,0.9109542245502164,PGR,7512.124276582028,18206.119624867333
84,84_HE_val.ndpi,84_PGR_val.ndpi,84_42,22788.41447289252,17728.515050772614,0.9109542245502164,0.9109542245502164,PGR,7824.982360846361,16572.73741364652
84,84_HE_val.ndpi,84_PGR_val.ndpi,84_43,21899.287424329035,18664.273330683514,0.9109542245502164,0.9109542245502164,PGR,7236.736080715398,17201.9685791318
84,84_HE_val.ndpi,84_PGR_val.ndpi,84_44,28125.40735724078,19342.250719059204,0.9109542245502164,0.9109542245502164,PGR,10102.842663337256,17245.944439864998
84,84_HE_val.ndpi,84_PGR_val.ndpi,84_45,29125.642865355516,19693.079591308404,0.9109542245502164,0.9109542245502164,PGR,10659.991537039745,17532.092872628138
84,84_HE_val.ndpi,84_PGR_val.ndpi,84_46,30477.97623801224,20717.15913142832,0.9109542245502164,0.9109542245502164,PGR,11819.843070657922,17977.74943776461
84,84_HE_val.ndpi,84_PGR_val.ndpi,84_47,33293.85965832241,18283.585636565607,0.9109542245502164,0.9109542245502164,PGR,13719.226906460293,16494.589394963474
84,84_HE_val.ndpi,84_PGR_val.ndpi,84_48,33591.042466627136,20057.395523634408,0.9109542245502164,0.9109542245502164,PGR,13765.06784224632,17477.355881275533
84,84_HE_val.ndpi,84_PGR_val.ndpi,84_49,33867.515394158065,11147.319347972294,0.9109542245502164,0.9109542245502164,PGR,16105.69159432463,13207.00912064451
84,84_HE_val.ndpi,84_PGR_val.ndpi,84_50,30236.5138383041,13847.101964254349,0.9109542245502164,0.9109542245502164,PGR,12986.243680648991,14592.910221723261
85,85_HE_val.ndpi,85_ER_val.ndpi,85_1,28038.035723633173,12339.098497160227,0.9097732390201744,0.9097732390201744,ER,18993.582885111424,10681.556872137138
85,85_HE_val.ndpi,85_ER_val.ndpi,85_2,27543.95668516439,12449.978672994299,0.9097732390201744,0.9097732390201744,ER,18486.5293391423,10761.552530336388
85,85_HE_val.ndpi,85_ER_val.ndpi,85_3,28184.42881421541,12821.303198412983,0.9097732390201744,0.9097732390201744,ER,18919.50400956832,11288.127845199208
85,85_HE_val.ndpi,85_ER_val.ndpi,85_4,22846.270378848883,12418.093462481922,0.9097732390201744,0.9097732390201744,ER,14220.55825370212,10345.059359512143
85,85_HE_val.ndpi,85_ER_val.ndpi,85_5,22683.590990294,12804.02435902347,0.9097732390201744,0.9097732390201744,ER,13896.330593479497,10563.965729808904
85,85_HE_val.ndpi,85_ER_val.ndpi,85_6,23092.157543015557,10871.190501678622,0.9097732390201744,0.9097732390201744,ER,14943.564901191,9139.420569710757
85,85_HE_val.ndpi,85_ER_val.ndpi,85_7,23250.227897155954,10574.54178111055,0.9097732390201744,0.9097732390201744,ER,15172.816869355032,8991.914103339435
85,85_HE_val.ndpi,85_ER_val.ndpi,85_8,24015.305590152388,11117.82170147589,0.9097732390201744,0.9097732390201744,ER,15430.680708364054,9230.042366702948
85,85_HE_val.ndpi,85_ER_val.ndpi,85_9,24608.42769806931,10893.531714894154,0.9097732390201744,0.9097732390201744,ER,16010.464167048942,9100.592342085522
85,85_HE_val.ndpi,85_ER_val.ndpi,85_10,25361.044654044985,9176.468458315372,0.9097732390201744,0.9097732390201744,ER,17593.488782102853,8135.703937355048
85,85_HE_val.ndpi,85_ER_val.ndpi,85_11,24658.269885620877,9418.20303942059,0.9097732390201744,0.9097732390201744,ER,16912.268065761193,8298.140010799472
85,85_HE_val.ndpi,85_ER_val.ndpi,85_12,25375.997272283912,8747.825721424948,0.9097732390201744,0.9097732390201744,ER,17604.72377669205,7989.208828887311
85,85_HE_val.ndpi,85_ER_val.ndpi,85_13,23634.012803096288,9400.758302297472,0.9097732390201744,0.9097732390201744,ER,15933.613999566112,8188.100441114422
85,85_HE_val.ndpi,85_ER_val.ndpi,85_14,25969.68630918435,9746.629279621806,0.9097732390201744,0.9097732390201744,ER,17840.31925427408,8443.554298335303
85,85_HE_val.ndpi,85_ER_val.ndpi,85_15,25278.12597275064,10031.145096267626,0.9097732390201744,0.9097732390201744,ER,17143.266317588554,8654.412112575974
85,85_HE_val.ndpi,85_ER_val.ndpi,85_16,26711.709127003545,10836.72555369042,0.9097732390201744,0.9097732390201744,ER,17952.482953930543,9246.969676105718
85,85_HE_val.ndpi,85_ER_val.ndpi,85_17,28383.841628675014,11163.285553619022,0.9097732390201744,0.9097732390201744,ER,19386.730831500252,9624.207313761746
85,85_HE_val.ndpi,85_ER_val.ndpi,85_18,25434.215538037402,16359.206931885194,0.9097732390201744,0.9097732390201744,ER,15587.871878464615,14226.123031528075
85,85_HE_val.ndpi,85_ER_val.ndpi,85_19,24774.590867590283,16893.703930261876,0.9097732390201744,0.9097732390201744,ER,15018.432834342326,14632.987630746986
85,85_HE_val.ndpi,85_ER_val.ndpi,85_20,24777.08298647449,17711.115787094466,0.9097732390201744,0.9097732390201744,ER,14954.179088128907,15308.073686609143
85,85_HE_val.ndpi,85_ER_val.ndpi,85_21,30917.469239162525,18862.346789982406,0.9097732390201744,0.9097732390201744,ER,20666.856433630182,16342.1594189126
85,85_HE_val.ndpi,85_ER_val.ndpi,85_22,31508.410721269698,19982.930768605493,0.9097732390201744,0.9097732390201744,ER,21397.581472725862,17204.97672446872
85,85_HE_val.ndpi,85_ER_val.ndpi,85_23,31238.997661784735,7884.362270301274,0.9097732390201744,0.9097732390201744,ER,22875.058801881525,8018.216823505456
85,85_HE_val.ndpi,85_ER_val.ndpi,85_24,32167.830457114847,11747.169801850694,0.9097732390201744,0.9097732390201744,ER,22968.175294827117,10013.853852156617
85,85_HE_val.ndpi,85_ER_val.ndpi,85_25,32459.108243756044,12946.372796315074,0.9097732390201744,0.9097732390201744,ER,23157.85292291204,11003.347054590178
85,85_HE_val.ndpi,85_ER_val.ndpi,85_26,38646.73702558543,20454.874581554457,0.9097732390201744,0.9097732390201744,ER,29041.723771703695,18114.74676345167
85,85_HE_val.ndpi,85_ER_val.ndpi,85_27,35959.33499926522,19360.962054300417,0.9097732390201744,0.9097732390201744,ER,26004.280387256713,16870.35683861527
85,85_HE_val.ndpi,85_ER_val.ndpi,85_28,35049.83078917594,18890.706877535937,0.9097732390201744,0.9097732390201744,ER,24967.36578412098,16533.39382764745
85,85_HE_val.ndpi,85_ER_val.ndpi,85_29,38591.69132339728,18268.292279511003,0.9097732390201744,0.9097732390201744,ER,28459.11133485465,15764.539511907951
85,85_HE_val.ndpi,85_ER_val.ndpi,85_30,39098.766409288786,16774.75729767954,0.9097732390201744,0.9097732390201744,ER,29175.74819447448,14235.758474797854
85,85_HE_val.ndpi,85_ER_val.ndpi,85_31,36120.56197661435,12588.538291780733,0.9097732390201744,0.9097732390201744,ER,27439.366951938704,11235.320747470068
85,85_HE_val.ndpi,85_ER_val.ndpi,85_32,34305.0947460002,4898.857149993164,0.9097732390201744,0.9097732390201744,ER,25384.32526814981,6471.755695715632
85,85_HE_val.ndpi,85_ER_val.ndpi,85_33,31113.234491443756,4386.0860015753215,0.9097732390201744,0.9097732390201744,ER,22418.17938913704,5440.996411676382
85,85_HE_val.ndpi,85_ER_val.ndpi,85_34,31847.457891361973,5156.532562767824,0.9097732390201744,0.9097732390201744,ER,23161.272106942895,5880.522262463259
85,85_HE_val.ndpi,85_ER_val.ndpi,85_35,26630.077074171444,16455.935084818753,0.9097732390201744,0.9097732390201744,ER,16637.58646499735,14207.301914142554
85,85_HE_val.ndpi,85_ER_val.ndpi,85_36,26818.480459695602,15684.37784469681,0.9097732390201744,0.9097732390201744,ER,16976.921571766645,13546.125170356623
85,85_HE_val.ndpi,85_ER_val.ndpi,85_37,27963.853910379927,15902.686688916543,0.9097732390201744,0.9097732390201744,ER,17963.738903577007,13604.832535223186
85,85_HE_val.ndpi,85_ER_val.ndpi,85_38,25975.71355315875,14933.364489138003,0.9097732390201744,0.9097732390201744,ER,16201.054589200361,12820.451564747213
85,85_HE_val.ndpi,85_ER_val.ndpi,85_39,26475.895445483788,13879.993613590546,0.9097732390201744,0.9097732390201744,ER,16659.45983682455,12047.271357376434
85,85_HE_val.ndpi,85_ER_val.ndpi,85_40,23598.028883761068,16373.171284892302,0.9097732390201744,0.9097732390201744,ER,14044.113814166942,14084.075893393812
85,85_HE_val.ndpi,85_ER_val.ndpi,85_41,23054.932977267887,16454.055711191682,0.9097732390201744,0.9097732390201744,ER,13671.282135980902,14039.638518241856
85,85_HE_val.ndpi,85_ER_val.ndpi,85_42,25241.246095726885,12903.594522540105,0.9097732390201744,0.9097732390201744,ER,15979.110054087405,10987.942555633828
85,85_HE_val.ndpi,85_ER_val.ndpi,85_43,25075.365122114912,13208.818434506538,0.9097732390201744,0.9097732390201744,ER,15780.251451821672,11273.573558793232
85,85_HE_val.ndpi,85_ER_val.ndpi,85_44,26033.80164416027,15611.615555915969,0.9097732390201744,0.9097732390201744,ER,16227.065168881323,13559.861147460042
85,85_HE_val.ndpi,85_ER_val.ndpi,85_45,27736.537847813954,15406.6324732825,0.9097732390201744,0.9097732390201744,ER,17863.510762951777,13273.54075665056
85,85_HE_val.ndpi,85_ER_val.ndpi,85_46,35505.57370682828,6503.89076546947,0.9097732390201744,0.9097732390201744,ER,26406.68795435436,7704.216401098707
85,85_HE_val.ndpi,85_ER_val.ndpi,85_47,36763.764940907415,6990.873864265874,0.9097732390201744,0.9097732390201744,ER,27389.803249159228,8134.528812727258
85,85_HE_val.ndpi,85_ER_val.ndpi,85_48,37201.578880635236,11193.168497475779,0.9097732390201744,0.9097732390201744,ER,27717.447535164796,10493.354246254174
85,85_HE_val.ndpi,85_ER_val.ndpi,85_49,36852.53409061565,11407.481682785368,0.9097732390201744,0.9097732390201744,ER,27635.40218479857,10667.18179413714
85,85_HE_val.ndpi,85_ER_val.ndpi,85_50,38302.55877783864,12299.836253520205,0.9097732390201744,0.9097732390201744,ER,28603.03193451199,11056.61482129479
38,38_HE_val.ndpi,38_HER2_val.ndpi,38_1,23011.22084376104,12569.548755368765,0.907338096858342,0.907338096858342,HER2,32615.327028929198,15423.511492530952
38,38_HE_val.ndpi,38_HER2_val.ndpi,38_2,24134.840993500708,13876.665083691289,0.907338096858342,0.907338096858342,HER2,32961.05391060865,16998.99856609886
38,38_HE_val.ndpi,38_HER2_val.ndpi,38_3,25996.56384551088,14769.942027907286,0.907338096858342,0.907338096858342,HER2,33380.87163091385,18108.36265987706
38,38_HE_val.ndpi,38_HER2_val.ndpi,38_4,25749.036841612466,16469.910685007766,0.907338096858342,0.907338096858342,HER2,31751.32746970685,19720.349243793622
38,38_HE_val.ndpi,38_HER2_val.ndpi,38_5,18364.12334884791,13275.266931138896,0.907338096858342,0.907338096858342,HER2,26409.800357404194,16632.476706734204
38,38_HE_val.ndpi,38_HER2_val.ndpi,38_6,23012.39060127638,17217.598033185295,0.907338096858342,0.907338096858342,HER2,28931.066907660792,20262.423914329862
38,38_HE_val.ndpi,38_HER2_val.ndpi,38_7,27947.357192802505,4534.27653176932,0.907338096858342,0.907338096858342,HER2,38034.948710977944,10462.323425516472
38,38_HE_val.ndpi,38_HER2_val.ndpi,38_8,39949.7064997728,17591.509465740197,0.907338096858342,0.907338096858342,HER2,43764.71170213006,24547.93582020019
38,38_HE_val.ndpi,38_HER2_val.ndpi,38_9,35255.081818329265,15368.774369142815,0.907338096858342,0.907338096858342,HER2,39451.98830566609,20613.61347638209
38,38_HE_val.ndpi,38_HER2_val.ndpi,38_10,32958.1363402453,15707.062050141849,0.907338096858342,0.907338096858342,HER2,36746.66399207813,20245.4175637563
38,38_HE_val.ndpi,38_HER2_val.ndpi,38_11,39340.961565296864,11703.189616692536,0.907338096858342,0.907338096858342,HER2,45722.70460145526,18692.04790243045
38,38_HE_val.ndpi,38_HER2_val.ndpi,38_12,40263.76457647501,5483.627753061322,0.907338096858342,0.907338096858342,HER2,48490.78621922481,13312.669264893095
38,38_HE_val.ndpi,38_HER2_val.ndpi,38_13,35435.22227642928,4475.2163359002025,0.907338096858342,0.907338096858342,HER2,44093.32737970369,11929.530439569457
38,38_HE_val.ndpi,38_HER2_val.ndpi,38_14,31323.108897672555,9040.147998179542,0.907338096858342,0.907338096858342,HER2,40485.33725659258,14451.679298822393
38,38_HE_val.ndpi,38_HER2_val.ndpi,38_15,19353.151679490602,6483.143662568418,0.907338096858342,0.907338096858342,HER2,28899.98642735965,9793.36168926398
38,38_HE_val.ndpi,38_HER2_val.ndpi,38_16,37884.23497054276,20082.544664997036,0.907338096858342,0.907338096858342,HER2,39371.83722297299,25792.09517266536
38,38_HE_val.ndpi,38_HER2_val.ndpi,38_17,18081.285724042933,15766.484263591494,0.907338096858342,0.907338096858342,HER2,24982.81330360358,19147.404670644948
38,38_HE_val.ndpi,38_HER2_val.ndpi,38_18,35415.93430738476,12558.443445980174,0.907338096858342,0.907338096858342,HER2,41129.524607703235,17872.904528382536
38,38_HE_val.ndpi,38_HER2_val.ndpi,38_19,22717.436865824257,6837.182441977226,0.907338096858342,0.907338096858342,HER2,32679.989888252174,10309.107168479517
38,38_HE_val.ndpi,38_HER2_val.ndpi,38_20,22426.33131570517,5140.778609278366,0.907338096858342,0.907338096858342,HER2,33052.68899385113,8906.930395144902
38,38_HE_val.ndpi,38_HER2_val.ndpi,38_21,43129.501460170715,8570.998457548714,0.907338096858342,0.907338096858342,HER2,50138.15679123443,16551.52039756699
38,38_HE_val.ndpi,38_HER2_val.ndpi,38_22,37594.556575618495,9448.93609029562,0.907338096858342,0.907338096858342,HER2,44447.90701457536,16456.521709956334
38,38_HE_val.ndpi,38_HER2_val.ndpi,38_23,20671.469338534524,9617.422773927156,0.907338096858342,0.907338096858342,HER2,29700.37951343005,13211.21341882586
38,38_HE_val.ndpi,38_HER2_val.ndpi,38_24,21585.748541580182,17066.238489796207,0.907338096858342,0.907338096858342,HER2,27669.608960791647,20238.8298660538
38,38_HE_val.ndpi,38_HER2_val.ndpi,38_25,31756.474932758127,4205.907843561049,0.907338096858342,0.907338096858342,HER2,40985.09048816019,11255.34329527414
38,38_HE_val.ndpi,38_HER2_val.ndpi,38_26,38723.688836164576,14347.399172287815,0.907338096858342,0.907338096858342,HER2,44593.172067042266,20652.43260782073
38,38_HE_val.ndpi,38_HER2_val.ndpi,38_27,22873.67444908196,10741.387879892789,0.907338096858342,0.907338096858342,HER2,32386.93091042298,13840.164459628424
38,38_HE_val.ndpi,38_HER2_val.ndpi,38_28,19486.92090500276,15292.462512650545,0.907338096858342,0.907338096858342,HER2,26948.95298989043,18613.489992638562
38,38_HE_val.ndpi,38_HER2_val.ndpi,38_29,31326.815116928847,17257.986210401283,0.907338096858342,0.907338096858342,HER2,34896.04511651284,21412.814664773472
38,38_HE_val.ndpi,38_HER2_val.ndpi,38_30,28310.827902299447,15377.191833711484,0.907338096858342,0.907338096858342,HER2,34386.67381819664,19052.809495605266
38,38_HE_val.ndpi,38_HER2_val.ndpi,38_31,26116.716791342795,2444.579317783621,0.907338096858342,0.907338096858342,HER2,36984.28542257867,7398.539036708736
38,38_HE_val.ndpi,38_HER2_val.ndpi,38_32,27231.34079992024,3218.7317817389485,0.907338096858342,0.907338096858342,HER2,38213.707136199395,8697.496101811312
38,38_HE_val.ndpi,38_HER2_val.ndpi,38_33,42780.26359174734,6352.41786851785,0.907338096858342,0.907338096858342,HER2,50021.033200096565,14664.578607232177
38,38_HE_val.ndpi,38_HER2_val.ndpi,38_34,31826.16759656229,12794.930354416842,0.907338096858342,0.907338096858342,HER2,38279.079239348,17017.840006464077
38,38_HE_val.ndpi,38_HER2_val.ndpi,38_35,37524.73362175678,5230.380056958182,0.907338096858342,0.907338096858342,HER2,46097.542065827074,12725.87948980122
38,38_HE_val.ndpi,38_HER2_val.ndpi,38_36,20267.956043584192,11033.02803905672,0.907338096858342,0.907338096858342,HER2,29146.949409202705,14455.200722688889
38,38_HE_val.ndpi,38_HER2_val.ndpi,38_37,17778.93496967265,10526.203034794013,0.907338096858342,0.907338096858342,HER2,25521.281817166902,14067.70763398166
38,38_HE_val.ndpi,38_HER2_val.ndpi,38_38,23872.964289223004,9546.041135512916,0.907338096858342,0.907338096858342,HER2,33303.99831940965,13016.313139375321
38,38_HE_val.ndpi,38_HER2_val.ndpi,38_39,26936.162891659435,7165.440321240379,0.907338096858342,0.907338096858342,HER2,36513.91706278003,11516.617311765633
38,38_HE_val.ndpi,38_HER2_val.ndpi,38_40,25942.657643188515,4794.785903069384,0.907338096858342,0.907338096858342,HER2,36479.67710478071,9743.737034921658
38,38_HE_val.ndpi,38_HER2_val.ndpi,38_41,41729.20555337976,12731.384133750822,0.907338096858342,0.907338096858342,HER2,47912.380976531385,20274.474752089558
38,38_HE_val.ndpi,38_HER2_val.ndpi,38_42,37135.305080538994,17931.716368562433,0.907338096858342,0.907338096858342,HER2,40487.84570049684,23779.615527907077
38,38_HE_val.ndpi,38_HER2_val.ndpi,38_43,26511.40281553726,12044.547511162556,0.907338096858342,0.907338096858342,HER2,35813.87271822166,15080.476197837264
38,38_HE_val.ndpi,38_HER2_val.ndpi,38_44,41175.74306613321,16322.021979834717,0.907338096858342,0.907338096858342,HER2,46080.36313057095,23898.61517558865
38,38_HE_val.ndpi,38_HER2_val.ndpi,38_45,37643.04817508702,12246.244541656133,0.907338096858342,0.907338096858342,HER2,43683.53419398359,18454.991383319004
38,38_HE_val.ndpi,38_HER2_val.ndpi,38_46,30068.680721655597,4665.593420928383,0.907338096858342,0.907338096858342,HER2,39630.9917197268,11405.412360247225
38,38_HE_val.ndpi,38_HER2_val.ndpi,38_47,20976.465537597694,3930.6786257302947,0.907338096858342,0.907338096858342,HER2,31474.28272086643,7612.165738600366
38,38_HE_val.ndpi,38_HER2_val.ndpi,38_48,40520.57058500863,8869.796715166063,0.907338096858342,0.907338096858342,HER2,47977.75999261265,16602.461268287367
38,38_HE_val.ndpi,38_HER2_val.ndpi,38_49,28673.716456145103,8280.833666604145,0.907338096858342,0.907338096858342,HER2,38340.584941010595,12853.048562955793
38,38_HE_val.ndpi,38_HER2_val.ndpi,38_50,29848.13709978583,13172.550655699462,0.907338096858342,0.907338096858342,HER2,36717.97740737103,16813.676039655813
22,22_HE_val.ndpi,22_PGR_val.ndpi,22_0,25659.39818398933,7015.037981592731,0.9109542245502164,0.9109542245502164,PGR,27045.42737981833,15910.209113100975
22,22_HE_val.ndpi,22_PGR_val.ndpi,22_1,27682.488983438932,11708.999283704321,0.9109542245502164,0.9109542245502164,PGR,24440.418972482465,10734.48117043242
22,22_HE_val.ndpi,22_PGR_val.ndpi,22_2,28712.26303893581,11408.86666525152,0.9109542245502164,0.9109542245502164,PGR,23536.272570197943,11493.85913661032
22,22_HE_val.ndpi,22_PGR_val.ndpi,22_3,29709.33820496885,18512.169657455765,0.9109542245502164,0.9109542245502164,PGR,22209.94848477587,5052.882007526578
22,22_HE_val.ndpi,22_PGR_val.ndpi,22_4,23723.97981885584,4177.147887573336,0.9109542245502164,0.9109542245502164,PGR,29786.460780799127,18832.328101954925
22,22_HE_val.ndpi,22_PGR_val.ndpi,22_5,24049.816040040438,4916.972566583364,0.9109542245502164,0.9109542245502164,PGR,29212.48990135726,18266.677913514213
22,22_HE_val.ndpi,22_PGR_val.ndpi,22_6,23280.918560982256,5317.586797024184,0.9109542245502164,0.9109542245502164,PGR,29280.989585843294,17680.820972310525
22,22_HE_val.ndpi,22_PGR_val.ndpi,22_7,24419.04575657519,9115.594524272816,0.9109542245502164,0.9109542245502164,PGR,27505.94442343347,12687.348654698637
22,22_HE_val.ndpi,22_PGR_val.ndpi,22_8,26679.517367800498,13650.173669299424,0.9109542245502164,0.9109542245502164,PGR,24681.645179150688,8574.914131327192
22,22_HE_val.ndpi,22_PGR_val.ndpi,22_9,28027.101177648918,18561.874448304046,0.9109542245502164,0.9109542245502164,PGR,23449.525430914404,4846.372522051603
22,22_HE_val.ndpi,22_PGR_val.ndpi,22_10,29474.948172449087,13067.70417481124,0.9109542245502164,0.9109542245502164,PGR,22896.35318328422,10177.71243468909
22,22_HE_val.ndpi,22_PGR_val.ndpi,22_11,28647.36665827264,12892.029744700469,0.9109542245502164,0.9109542245502164,PGR,23625.43672738954,10039.23033950069
22,22_HE_val.ndpi,22_PGR_val.ndpi,22_12,27958.485749993062,14448.758226074555,0.9109542245502164,0.9109542245502164,PGR,23887.871402462584,8104.320289968742
22,22_HE_val.ndpi,22_PGR_val.ndpi,22_13,36069.40762136102,12882.06803595041,0.9109542245502164,0.9109542245502164,PGR,16419.410055082935,12336.872396346707
22,22_HE_val.ndpi,22_PGR_val.ndpi,22_14,38560.442184729305,10074.539126444874,0.9109542245502164,0.9109542245502164,PGR,13572.92209222465,16106.183688275622
22,22_HE_val.ndpi,22_PGR_val.ndpi,22_15,28261.075163849884,9342.551260710536,0.9109542245502164,0.9109542245502164,PGR,24280.77587787076,13638.763871036472
22,22_HE_val.ndpi,22_PGR_val.ndpi,22_16,28266.30213908095,8770.497934802883,0.9109542245502164,0.9109542245502164,PGR,24622.412233530995,14329.336933259776
22,22_HE_val.ndpi,22_PGR_val.ndpi,22_17,28257.310021175566,8219.249860892129,0.9109542245502164,0.9109542245502164,PGR,24859.370386353294,15014.532395078517
22,22_HE_val.ndpi,22_PGR_val.ndpi,22_18,28136.43749644964,7672.6477423409415,0.9109542245502164,0.9109542245502164,PGR,25030.634413546086,15684.47411403885
22,22_HE_val.ndpi,22_PGR_val.ndpi,22_19,27806.665285249102,8152.588948300278,0.9109542245502164,0.9109542245502164,PGR,25197.318373980732,14974.609316310032
22,22_HE_val.ndpi,22_PGR_val.ndpi,22_20,28522.933318657084,5873.116404516215,0.9109542245502164,0.9109542245502164,PGR,25438.02743800322,18041.48834201076
22,22_HE_val.ndpi,22_PGR_val.ndpi,22_21,27183.629474072382,7255.70506470788,0.9109542245502164,0.9109542245502164,PGR,25672.416941181677,15984.616376363836
22,22_HE_val.ndpi,22_PGR_val.ndpi,22_22,26987.57465607152,5293.613844477071,0.9109542245502164,0.9109542245502164,PGR,26485.92449368744,18244.852483469942
22,22_HE_val.ndpi,22_PGR_val.ndpi,22_23,22178.93447683297,11864.377578436364,0.9109542245502164,0.9109542245502164,PGR,27696.83506057835,8749.47292463621
22,22_HE_val.ndpi,22_PGR_val.ndpi,22_24,27144.49607518105,12372.70426406113,0.9109542245502164,0.9109542245502164,PGR,24726.383228919396,9966.46949874876
22,22_HE_val.ndpi,22_PGR_val.ndpi,22_25,26907.934601831603,14945.06532538229,0.9109542245502164,0.9109542245502164,PGR,24341.8928087288,7472.056233915433
22,22_HE_val.ndpi,22_PGR_val.ndpi,22_26,26142.86467340381,14757.045911334002,0.9109542245502164,0.9109542245502164,PGR,24622.60692554218,7435.342250874743
22,22_HE_val.ndpi,22_PGR_val.ndpi,22_27,26410.118690879877,14561.404621356267,0.9109542245502164,0.9109542245502164,PGR,24581.036753906792,7668.946907057459
22,22_HE_val.ndpi,22_PGR_val.ndpi,22_28,30592.28833933234,15063.417226194888,0.9109542245502164,0.9109542245502164,PGR,21546.111573418468,8131.74615490459
22,22_HE_val.ndpi,22_PGR_val.ndpi,22_29,30429.973616121162,14510.790695066291,0.9109542245502164,0.9109542245502164,PGR,21876.44106905232,8678.771895042077
22,22_HE_val.ndpi,22_PGR_val.ndpi,22_30,29214.80718973319,14179.168729443269,0.9109542245502164,0.9109542245502164,PGR,22930.148761347886,8645.392138099267
22,22_HE_val.ndpi,22_PGR_val.ndpi,22_31,29340.51306828087,14034.791536314106,0.9109542245502164,0.9109542245502164,PGR,22854.577970006554,8873.999598834564
22,22_HE_val.ndpi,22_PGR_val.ndpi,22_32,30125.630716366148,12526.163011006136,0.9109542245502164,0.9109542245502164,PGR,22610.628275966057,10946.171453038822
22,22_HE_val.ndpi,22_PGR_val.ndpi,22_33,29548.20736342857,11976.575881621744,0.9109542245502164,0.9109542245502164,PGR,22751.7365097055,11243.683215042007
22,22_HE_val.ndpi,22_PGR_val.ndpi,22_34,31345.40687694813,12970.164403487972,0.9109542245502164,0.9109542245502164,PGR,21952.386712428677,10928.797659320866
22,22_HE_val.ndpi,22_PGR_val.ndpi,22_35,30886.83404814916,13434.00939802181,0.9109542245502164,0.9109542245502164,PGR,22138.15842192987,10163.93565443893
22,22_HE_val.ndpi,22_PGR_val.ndpi,22_36,33370.310842064435,15002.0627947111,0.9109542245502164,0.9109542245502164,PGR,18574.461831667995,8901.98513861017
22,22_HE_val.ndpi,22_PGR_val.ndpi,22_37,27758.13822526803,12508.777684032304,0.9109542245502164,0.9109542245502164,PGR,24436.99894090924,10038.621768325731
22,22_HE_val.ndpi,22_PGR_val.ndpi,22_38,28117.941237365132,15458.355530662217,0.9109542245502164,0.9109542245502164,PGR,23534.302613839798,7144.270712034508
22,22_HE_val.ndpi,22_PGR_val.ndpi,22_39,29977.612894687485,11396.534507675156,0.9109542245502164,0.9109542245502164,PGR,22728.500485809647,11956.408416884364
22,22_HE_val.ndpi,22_PGR_val.ndpi,22_40,27355.405783559654,10911.124644196236,0.9109542245502164,0.9109542245502164,PGR,24898.009850809223,11530.654261230911
22,22_HE_val.ndpi,22_PGR_val.ndpi,22_41,28957.40664987554,10347.629062549648,0.9109542245502164,0.9109542245502164,PGR,23550.068278556813,12748.531125012823
22,22_HE_val.ndpi,22_PGR_val.ndpi,22_42,26383.332119503906,11044.158415537964,0.9109542245502164,0.9109542245502164,PGR,25848.437453859624,10977.017986099014
22,22_HE_val.ndpi,22_PGR_val.ndpi,22_43,22192.90165332544,9144.130519608625,0.9109542245502164,0.9109542245502164,PGR,29407.536429072057,12348.572382451372
22,22_HE_val.ndpi,22_PGR_val.ndpi,22_44,21691.37400633836,9616.003482138847,0.9109542245502164,0.9109542245502164,PGR,29497.532053950737,11383.372013299222
22,22_HE_val.ndpi,22_PGR_val.ndpi,22_45,31773.45891812445,9490.974126417701,0.9109542245502164,0.9109542245502164,PGR,21894.71636750644,14647.842171868884
22,22_HE_val.ndpi,22_PGR_val.ndpi,22_46,27514.918236686295,13496.441522033669,0.9109542245502164,0.9109542245502164,PGR,24358.735920864354,8926.001021625394
22,22_HE_val.ndpi,22_PGR_val.ndpi,22_47,32605.473572985396,14393.517120416223,0.9109542245502164,0.9109542245502164,PGR,20129.71312453764,9539.520089957008
22,22_HE_val.ndpi,22_PGR_val.ndpi,22_48,31906.39087256564,14089.27653482119,0.9109542245502164,0.9109542245502164,PGR,21059.960254756865,9736.270889715375
22,22_HE_val.ndpi,22_PGR_val.ndpi,22_49,36549.95337523564,13528.399443292217,0.9109542245502164,0.9109542245502164,PGR,15498.477679588073,11705.781136297528
75,75_HE_val.ndpi,75_ER_val.ndpi,75_1,26957.932949058286,5661.912070532177,0.919793966151582,0.919793966151582,ER,18807.96839580267,6248.768437212707
75,75_HE_val.ndpi,75_ER_val.ndpi,75_2,25885.832741887833,6906.0332861999905,0.919793966151582,0.919793966151582,ER,18077.868301358576,7171.778158952135
75,75_HE_val.ndpi,75_ER_val.ndpi,75_3,23028.202880413573,8380.63940221904,0.919793966151582,0.919793966151582,ER,15891.814884927,8555.841371045428
75,75_HE_val.ndpi,75_ER_val.ndpi,75_4,21842.244640272085,7514.029791912782,0.919793966151582,0.919793966151582,ER,15021.777047676203,7923.948504282467
75,75_HE_val.ndpi,75_ER_val.ndpi,75_5,21708.796391221284,7262.9850143547,0.919793966151582,0.919793966151582,ER,14939.91612132509,7702.291984293268
75,75_HE_val.ndpi,75_ER_val.ndpi,75_6,21806.19096511871,9607.32973901273,0.919793966151582,0.919793966151582,ER,15398.302395016968,9504.386112458054
75,75_HE_val.ndpi,75_ER_val.ndpi,75_7,24574.092184102814,10547.698423150568,0.919793966151582,0.919793966151582,ER,17834.643678888082,10270.71013104323
75,75_HE_val.ndpi,75_ER_val.ndpi,75_8,24904.56153005188,9978.44840450114,0.919793966151582,0.919793966151582,ER,18015.86301477674,9675.053896790936
75,75_HE_val.ndpi,75_ER_val.ndpi,75_9,24537.687175014195,10247.278637497591,0.919793966151582,0.919793966151582,ER,17724.276033432423,9976.404739957079
75,75_HE_val.ndpi,75_ER_val.ndpi,75_10,24150.585041666367,12174.983701491312,0.919793966151582,0.919793966151582,ER,17362.056370977123,11855.218282168335
75,75_HE_val.ndpi,75_ER_val.ndpi,75_11,24591.386131070856,12074.055336438154,0.919793966151582,0.919793966151582,ER,17624.226341346708,11873.127697368896
75,75_HE_val.ndpi,75_ER_val.ndpi,75_12,27366.75876693855,9737.07537876059,0.919793966151582,0.919793966151582,ER,19699.317158861362,9676.833139466933
75,75_HE_val.ndpi,75_ER_val.ndpi,75_13,27792.296938339266,9782.832168881838,0.919793966151582,0.919793966151582,ER,20077.472892709928,9703.997538899846
75,75_HE_val.ndpi,75_ER_val.ndpi,75_14,30004.49058173939,8850.712456687448,0.919793966151582,0.919793966151582,ER,21918.140182854033,8845.526667042313
75,75_HE_val.ndpi,75_ER_val.ndpi,75_15,29597.95526816186,8704.066937703496,0.919793966151582,0.919793966151582,ER,21633.227814559927,8629.227026152568
75,75_HE_val.ndpi,75_ER_val.ndpi,75_16,33191.8515948697,8038.950812064211,0.919793966151582,0.919793966151582,ER,24674.587541406996,8508.330505021204
75,75_HE_val.ndpi,75_ER_val.ndpi,75_17,35606.08142787365,5732.053044938018,0.919793966151582,0.919793966151582,ER,26866.67073675662,6445.731148227421
75,75_HE_val.ndpi,75_ER_val.ndpi,75_18,38071.15305286782,5348.210680338654,0.919793966151582,0.919793966151582,ER,29613.84239767888,5923.50449174204
75,75_HE_val.ndpi,75_ER_val.ndpi,75_19,37410.14699526953,5212.21414281756,0.919793966151582,0.919793966151582,ER,28756.61954209673,5838.27816324043
75,75_HE_val.ndpi,75_ER_val.ndpi,75_20,40202.84850570341,5039.8789130493315,0.919793966151582,0.919793966151582,ER,32473.18444685117,5382.139031432015
75,75_HE_val.ndpi,75_ER_val.ndpi,75_21,40902.012202900565,5080.145007048874,0.919793966151582,0.919793966151582,ER,33323.576094777796,5424.5578526762865
75,75_HE_val.ndpi,75_ER_val.ndpi,75_22,40764.741972175485,4844.03978500205,0.919793966151582,0.919793966151582,ER,33197.58093525039,5092.101846674908
75,75_HE_val.ndpi,75_ER_val.ndpi,75_23,41433.56205417957,5058.67092661567,0.919793966151582,0.919793966151582,ER,33715.08205827424,5425.037540103384
75,75_HE_val.ndpi,75_ER_val.ndpi,75_24,42454.402840893454,4555.136311243102,0.919793966151582,0.919793966151582,ER,34419.35141113069,4790.185840168745
75,75_HE_val.ndpi,75_ER_val.ndpi,75_25,43306.57740902966,4133.441758620662,0.919793966151582,0.919793966151582,ER,35007.11977307723,4258.36217641636
75,75_HE_val.ndpi,75_ER_val.ndpi,75_26,44215.8563129949,4970.242007573697,0.919793966151582,0.919793966151582,ER,35764.80006821318,5445.369285894589
75,75_HE_val.ndpi,75_ER_val.ndpi,75_27,38826.52834451457,2664.805934131401,0.919793966151582,0.919793966151582,ER,31015.657961285702,2759.8579417912933
75,75_HE_val.ndpi,75_ER_val.ndpi,75_28,38286.344040937154,2538.97476614654,0.919793966151582,0.919793966151582,ER,30415.014574900037,2711.314476677198
75,75_HE_val.ndpi,75_ER_val.ndpi,75_29,36344.14478016348,2557.4225831076333,0.919793966151582,0.919793966151582,ER,27998.172605456,3158.5087143946066
75,75_HE_val.ndpi,75_ER_val.ndpi,75_30,37189.25234130618,3048.9758112344734,0.919793966151582,0.919793966151582,ER,28879.444214638672,3514.130054272611
75,75_HE_val.ndpi,75_ER_val.ndpi,75_31,29343.712304723795,4213.9734843509395,0.919793966151582,0.919793966151582,ER,20991.908145686986,5028.78047010854
75,75_HE_val.ndpi,75_ER_val.ndpi,75_32,29244.87761013418,4777.69712468081,0.919793966151582,0.919793966151582,ER,20779.19298808769,5592.865301116977
75,75_HE_val.ndpi,75_ER_val.ndpi,75_33,40028.86085181118,15022.353359626208,0.919793966151582,0.919793966151582,ER,31172.97256470254,12350.966047179398
75,75_HE_val.ndpi,75_ER_val.ndpi,75_34,39273.17284989698,18345.94493639152,0.919793966151582,0.919793966151582,ER,29791.339759264392,14634.45467527674
75,75_HE_val.ndpi,75_ER_val.ndpi,75_35,38387.99991401061,18293.695381316757,0.919793966151582,0.919793966151582,ER,29105.34882101525,14433.800545407305
75,75_HE_val.ndpi,75_ER_val.ndpi,75_36,43052.6886596704,16878.15282473518,0.919793966151582,0.919793966151582,ER,32222.791210296204,13780.779926313062
75,75_HE_val.ndpi,75_ER_val.ndpi,75_37,45119.530072771515,15267.70495478958,0.919793966151582,0.919793966151582,ER,33820.201177815004,12674.529469476896
75,75_HE_val.ndpi,75_ER_val.ndpi,75_38,45108.79238254026,14303.517893369592,0.919793966151582,0.919793966151582,ER,34155.96318912793,12086.838909348227
75,75_HE_val.ndpi,75_ER_val.ndpi,75_39,42438.06009025672,14575.86256161537,0.919793966151582,0.919793966151582,ER,32158.456113833436,12188.990134147303
75,75_HE_val.ndpi,75_ER_val.ndpi,75_40,41452.38633459957,10570.5089140109,0.919793966151582,0.919793966151582,ER,32451.732050475202,9706.193546976163
75,75_HE_val.ndpi,75_ER_val.ndpi,75_41,31644.659996344697,13620.524544265762,0.919793966151582,0.919793966151582,ER,23378.95451123273,12439.663438293772
75,75_HE_val.ndpi,75_ER_val.ndpi,75_42,30695.847196390536,14005.32115814281,0.919793966151582,0.919793966151582,ER,22563.585499329525,13018.19646883841
75,75_HE_val.ndpi,75_ER_val.ndpi,75_43,29631.06844787708,16277.20056510897,0.919793966151582,0.919793966151582,ER,21897.423559906045,15117.389571424816
75,75_HE_val.ndpi,75_ER_val.ndpi,75_44,26775.306238360918,13969.785879856687,0.919793966151582,0.919793966151582,ER,19617.235764373945,13650.947371850074
75,75_HE_val.ndpi,75_ER_val.ndpi,75_45,26659.340236865995,13073.370119182093,0.919793966151582,0.919793966151582,ER,19415.94944037571,12819.752122758484
75,75_HE_val.ndpi,75_ER_val.ndpi,75_46,26364.59335459354,13194.168229425193,0.919793966151582,0.919793966151582,ER,19196.85622629008,12928.357352136778
75,75_HE_val.ndpi,75_ER_val.ndpi,75_47,28902.297335128154,16679.436943844663,0.919793966151582,0.919793966151582,ER,21266.73759383478,15547.042207020018
75,75_HE_val.ndpi,75_ER_val.ndpi,75_48,30738.431638045447,16784.711272188797,0.919793966151582,0.919793966151582,ER,22456.341342832886,15267.795289941836
75,75_HE_val.ndpi,75_ER_val.ndpi,75_49,40740.91507687258,13378.839448519353,0.919793966151582,0.919793966151582,ER,31239.63937701275,11350.050034376209
75,75_HE_val.ndpi,75_ER_val.ndpi,75_50,39386.221155341125,12335.145459055651,0.919793966151582,0.919793966151582,ER,30873.715063374682,10719.720782733568
13,13_HE_val.ndpi,13_KI67_val.ndpi,13_1,15969.043763457263,3514.1942681328273,0.9109542245502164,0.9109542245502164,KI67,24557.805689503628,14573.343266580861
13,13_HE_val.ndpi,13_KI67_val.ndpi,13_2,16294.845463656497,3774.4119921175347,0.9109542245502164,0.9109542245502164,KI67,24318.15762350911,14418.369630546455
13,13_HE_val.ndpi,13_KI67_val.ndpi,13_3,17119.455018920293,3904.018160417503,0.9109542245502164,0.9109542245502164,KI67,23548.451727777436,14410.125677950682
13,13_HE_val.ndpi,13_KI67_val.ndpi,13_4,18256.55120345069,4833.479009110222,0.9109542245502164,0.9109542245502164,KI67,23024.89137786682,13602.551062360128
13,13_HE_val.ndpi,13_KI67_val.ndpi,13_5,18622.069753545187,4220.700801884264,0.9109542245502164,0.9109542245502164,KI67,22464.42711429933,14239.543153929904
13,13_HE_val.ndpi,13_KI67_val.ndpi,13_6,18895.99519372219,4731.217049649697,0.9109542245502164,0.9109542245502164,KI67,22488.44085276762,13754.546045255887
13,13_HE_val.ndpi,13_KI67_val.ndpi,13_7,19780.832970713316,4312.6351637075095,0.9109542245502164,0.9109542245502164,KI67,21698.051340582228,14260.75330178339
13,13_HE_val.ndpi,13_KI67_val.ndpi,13_8,20318.807634487337,4846.305530862243,0.9109542245502164,0.9109542245502164,KI67,21598.87562338162,13760.47933169507
13,13_HE_val.ndpi,13_KI67_val.ndpi,13_9,21582.67052511037,5157.760816901266,0.9109542245502164,0.9109542245502164,KI67,21233.397550693284,13477.418924888405
13,13_HE_val.ndpi,13_KI67_val.ndpi,13_10,22405.27488655093,4674.2150065249125,0.9109542245502164,0.9109542245502164,KI67,20621.94374374919,13983.444449738612
13,13_HE_val.ndpi,13_KI67_val.ndpi,13_11,22970.45832523661,5029.895968977213,0.9109542245502164,0.9109542245502164,KI67,20516.54606420314,13654.742400181463
13,13_HE_val.ndpi,13_KI67_val.ndpi,13_12,22861.99750110696,5994.891699319094,0.9109542245502164,0.9109542245502164,KI67,21030.867701657768,12582.126890631302
13,13_HE_val.ndpi,13_KI67_val.ndpi,13_13,19571.73587493657,5655.794193703902,0.9109542245502164,0.9109542245502164,KI67,22639.890132741315,12782.652472888254
13,13_HE_val.ndpi,13_KI67_val.ndpi,13_14,18411.76473513441,7503.843728559131,0.9109542245502164,0.9109542245502164,KI67,24701.49556625112,10765.699968007473
13,13_HE_val.ndpi,13_KI67_val.ndpi,13_15,17210.695607393747,7132.140871876551,0.9109542245502164,0.9109542245502164,KI67,25325.809083311065,11173.176530736098
13,13_HE_val.ndpi,13_KI67_val.ndpi,13_16,17395.476044908744,7980.39469811581,0.9109542245502164,0.9109542245502164,KI67,25844.99058115774,10369.960023623154
13,13_HE_val.ndpi,13_KI67_val.ndpi,13_17,17903.248280109638,8322.069374332648,0.9109542245502164,0.9109542245502164,KI67,25753.81682041562,10060.947478535778
13,13_HE_val.ndpi,13_KI67_val.ndpi,13_18,18057.459647851818,9236.84098096585,0.9109542245502164,0.9109542245502164,KI67,26268.744728234054,9334.828447545096
13,13_HE_val.ndpi,13_KI67_val.ndpi,13_19,19089.89196600993,9787.805753936977,0.9109542245502164,0.9109542245502164,KI67,25726.700404837175,8669.928456409309
13,13_HE_val.ndpi,13_KI67_val.ndpi,13_20,18405.214344943503,12230.378536849112,0.9109542245502164,0.9109542245502164,KI67,26543.730379344335,7175.269232493039
13,13_HE_val.ndpi,13_KI67_val.ndpi,13_21,17699.047166839322,12318.932638239405,0.9109542245502164,0.9109542245502164,KI67,27048.719770762655,7119.977833633708
13,13_HE_val.ndpi,13_KI67_val.ndpi,13_22,31391.169669460123,13332.120402706016,0.9109542245502164,0.9109542245502164,KI67,16475.385596967273,6777.253967345281
13,13_HE_val.ndpi,13_KI67_val.ndpi,13_23,32438.6406072458,15493.685176635952,0.9109542245502164,0.9109542245502164,KI67,15650.529095366219,5367.7465089045345
13,13_HE_val.ndpi,13_KI67_val.ndpi,13_24,34701.37231750134,15815.162920463037,0.9109542245502164,0.9109542245502164,KI67,13642.579735325326,5153.428085605152
13,13_HE_val.ndpi,13_KI67_val.ndpi,13_25,33937.12883186174,14261.70178339036,0.9109542245502164,0.9109542245502164,KI67,14028.253672697094,6196.731183117472
13,13_HE_val.ndpi,13_KI67_val.ndpi,13_26,36002.31911250394,15214.835187192866,0.9109542245502164,0.9109542245502164,KI67,12228.530674169499,5586.212503338191
13,13_HE_val.ndpi,13_KI67_val.ndpi,13_27,37381.31265820666,14373.598686203084,0.9109542245502164,0.9109542245502164,KI67,10757.48161384404,6203.058542643912
13,13_HE_val.ndpi,13_KI67_val.ndpi,13_28,38802.219759435706,14997.552077826504,0.9109542245502164,0.9109542245502164,KI67,9881.101114768027,5661.349606694781
13,13_HE_val.ndpi,13_KI67_val.ndpi,13_29,37923.94861043975,13533.143791360195,0.9109542245502164,0.9109542245502164,KI67,10192.669729043411,6857.606098163427
13,13_HE_val.ndpi,13_KI67_val.ndpi,13_30,35800.219665127814,12348.761106810725,0.9109542245502164,0.9109542245502164,KI67,11810.481406368146,7615.255902531324
13,13_HE_val.ndpi,13_KI67_val.ndpi,13_31,35716.77481971749,11462.389863685965,0.9109542245502164,0.9109542245502164,KI67,11929.768500651406,8165.405080825553
13,13_HE_val.ndpi,13_KI67_val.ndpi,13_32,35593.83370804093,10750.243595326923,0.9109542245502164,0.9109542245502164,KI67,12012.388874187716,8586.61282939629
13,13_HE_val.ndpi,13_KI67_val.ndpi,13_33,35494.717062710115,10389.8559413089,0.9109542245502164,0.9109542245502164,KI67,12100.318213203283,8812.440499685004
13,13_HE_val.ndpi,13_KI67_val.ndpi,13_34,35912.297406045385,8650.197918467147,0.9109542245502164,0.9109542245502164,KI67,11629.356161765752,10105.149877699263
13,13_HE_val.ndpi,13_KI67_val.ndpi,13_35,35900.75278941314,7850.180733353411,0.9109542245502164,0.9109542245502164,KI67,11616.74935790484,10820.688376463671
13,13_HE_val.ndpi,13_KI67_val.ndpi,13_36,33455.10657865116,10093.470753307447,0.9109542245502164,0.9109542245502164,KI67,14110.926873294284,9097.342455905395
13,13_HE_val.ndpi,13_KI67_val.ndpi,13_37,33784.081595271564,6635.618710253895,0.9109542245502164,0.9109542245502164,KI67,13316.255825722359,12081.794820321547
13,13_HE_val.ndpi,13_KI67_val.ndpi,13_38,30924.83038643944,7556.064343468169,0.9109542245502164,0.9109542245502164,KI67,16127.71632038407,11390.484837238793
13,13_HE_val.ndpi,13_KI67_val.ndpi,13_39,29283.067865464447,9252.5585636009,0.9109542245502164,0.9109542245502164,KI67,17721.28724672732,9818.359682400598
13,13_HE_val.ndpi,13_KI67_val.ndpi,13_40,29646.40386666688,11551.877110268691,0.9109542245502164,0.9109542245502164,KI67,17815.903563483993,8022.445815995472
13,13_HE_val.ndpi,13_KI67_val.ndpi,13_41,25189.031411437274,9657.933206615151,0.9109542245502164,0.9109542245502164,KI67,21266.097544966036,9121.470143679671
13,13_HE_val.ndpi,13_KI67_val.ndpi,13_42,23909.29656408514,12374.279106506123,0.9109542245502164,0.9109542245502164,KI67,22642.05311100183,7040.402243042179
13,13_HE_val.ndpi,13_KI67_val.ndpi,13_43,26393.03470650967,13012.635683480694,0.9109542245502164,0.9109542245502164,KI67,20460.422648930682,6843.506622263944
13,13_HE_val.ndpi,13_KI67_val.ndpi,13_44,27770.39195226413,14045.55935505562,0.9109542245502164,0.9109542245502164,KI67,19404.9414373063,6165.503142774207
13,13_HE_val.ndpi,13_KI67_val.ndpi,13_45,28725.923333984072,15309.26192928847,0.9109542245502164,0.9109542245502164,KI67,18819.09139752278,5398.43361969169
13,13_HE_val.ndpi,13_KI67_val.ndpi,13_46,28722.07741833325,6256.508025131612,0.9109542245502164,0.9109542245502164,KI67,17380.752185573867,12740.852314684844
13,13_HE_val.ndpi,13_KI67_val.ndpi,13_47,27761.983256606123,6242.4442115310085,0.9109542245502164,0.9109542245502164,KI67,18077.235634395016,12720.243909026749
13,13_HE_val.ndpi,13_KI67_val.ndpi,13_48,27794.799047922694,7607.066379091324,0.9109542245502164,0.9109542245502164,KI67,18512.448591233897,11316.172242500566
13,13_HE_val.ndpi,13_KI67_val.ndpi,13_49,26607.513893263444,7352.63614283802,0.9109542245502164,0.9109542245502164,KI67,19300.061947214883,11490.862442228294
13,13_HE_val.ndpi,13_KI67_val.ndpi,13_50,22238.360687297587,8742.449343025422,0.9109542245502164,0.9109542245502164,KI67,22977.62695944815,9604.154694465444
28,28_HE_val.ndpi,28_ER_val.ndpi,28_1,31522.11421315444,11587.758138809893,0.907338096858342,0.907338096858342,ER,29213.08760357357,15163.758737492457
28,28_HE_val.ndpi,28_ER_val.ndpi,28_2,31199.758477998326,11767.630641470183,0.907338096858342,0.907338096858342,ER,28910.026050371627,15230.228952617932
28,28_HE_val.ndpi,28_ER_val.ndpi,28_3,31432.753507889047,12751.387434342098,0.907338096858342,0.907338096858342,ER,28980.148075162848,16027.46997826759
28,28_HE_val.ndpi,28_ER_val.ndpi,28_4,32019.21051613181,10669.785336801377,0.907338096858342,0.907338096858342,ER,29623.772053410667,14695.235338284123
28,28_HE_val.ndpi,28_ER_val.ndpi,28_5,32795.234887166924,10538.676619379808,0.907338096858342,0.907338096858342,ER,30451.792935734873,14930.07522149521
28,28_HE_val.ndpi,28_ER_val.ndpi,28_6,32777.270964609335,11161.284361941773,0.907338096858342,0.907338096858342,ER,30648.430999103763,15316.233899439108
28,28_HE_val.ndpi,28_ER_val.ndpi,28_7,32748.92789747135,12668.037971765818,0.907338096858342,0.907338096858342,ER,30234.306744266494,16372.146599435637
28,28_HE_val.ndpi,28_ER_val.ndpi,28_8,29921.03305949694,13136.699600411855,0.907338096858342,0.907338096858342,ER,27716.000785406894,15888.808876443756
28,28_HE_val.ndpi,28_ER_val.ndpi,28_9,30389.758653518165,12741.0222629841,0.907338096858342,0.907338096858342,ER,28016.583835352103,15662.551552578296
28,28_HE_val.ndpi,28_ER_val.ndpi,28_10,28780.32881245924,13063.556765095083,0.907338096858342,0.907338096858342,ER,26900.90383332049,15668.959241898643
28,28_HE_val.ndpi,28_ER_val.ndpi,28_11,27932.371878342343,12956.753569282275,0.907338096858342,0.907338096858342,ER,26223.554810423277,15441.80951798453
28,28_HE_val.ndpi,28_ER_val.ndpi,28_12,27741.544280676928,14918.696100957824,0.907338096858342,0.907338096858342,ER,25839.15741771481,16806.972627234358
28,28_HE_val.ndpi,28_ER_val.ndpi,28_13,28727.889907214303,15392.452661735633,0.907338096858342,0.907338096858342,ER,26615.641406354138,17287.791334943333
28,28_HE_val.ndpi,28_ER_val.ndpi,28_14,28325.674211481117,16277.688800635064,0.907338096858342,0.907338096858342,ER,26058.694905679884,17920.031507452684
28,28_HE_val.ndpi,28_ER_val.ndpi,28_15,26732.635415444947,15407.32292231,0.907338096858342,0.907338096858342,ER,24969.41292428871,17133.24730503775
28,28_HE_val.ndpi,28_ER_val.ndpi,28_16,25982.478912186427,15518.71884887426,0.907338096858342,0.907338096858342,ER,24240.191573178057,17147.57610581738
28,28_HE_val.ndpi,28_ER_val.ndpi,28_17,27022.13482085928,16335.16787126755,0.907338096858342,0.907338096858342,ER,24920.790684939773,17791.08124161769
28,28_HE_val.ndpi,28_ER_val.ndpi,28_18,27297.128966352997,15934.42260844639,0.907338096858342,0.907338096858342,ER,25267.873378554803,17518.954109909006
28,28_HE_val.ndpi,28_ER_val.ndpi,28_19,19616.62469629963,17195.36461513119,0.907338096858342,0.907338096858342,ER,17630.800058393277,17374.155131950996
28,28_HE_val.ndpi,28_ER_val.ndpi,28_20,20340.850914209925,17115.369654868722,0.907338096858342,0.907338096858342,ER,18479.03556217874,17469.62133161847
28,28_HE_val.ndpi,28_ER_val.ndpi,28_21,21411.785645232518,18404.97067017492,0.907338096858342,0.907338096858342,ER,19130.191825377773,18977.781074303766
28,28_HE_val.ndpi,28_ER_val.ndpi,28_22,20801.374111710564,11645.602690512093,0.907338096858342,0.907338096858342,ER,18857.52514884542,12822.76907875565
28,28_HE_val.ndpi,28_ER_val.ndpi,28_23,23169.172813628862,13670.551535896497,0.907338096858342,0.907338096858342,ER,21687.4977378411,15426.952062576966
28,28_HE_val.ndpi,28_ER_val.ndpi,28_24,27656.838648301167,5036.1939933107315,0.907338096858342,0.907338096858342,ER,25238.045347947012,8823.177415297007
28,28_HE_val.ndpi,28_ER_val.ndpi,28_25,29275.87796378397,6908.261596532134,0.907338096858342,0.907338096858342,ER,27248.999187925925,10915.22124786669
28,28_HE_val.ndpi,28_ER_val.ndpi,28_26,31031.293036943818,6890.0147046491675,0.907338096858342,0.907338096858342,ER,28508.060531852814,11058.755267921559
28,28_HE_val.ndpi,28_ER_val.ndpi,28_27,36154.16114727845,4239.22027772414,0.907338096858342,0.907338096858342,ER,33708.40642851307,9449.282661925765
28,28_HE_val.ndpi,28_ER_val.ndpi,28_28,38887.87888349114,5623.261015136834,0.907338096858342,0.907338096858342,ER,35544.89439221628,11267.336037925272
28,28_HE_val.ndpi,28_ER_val.ndpi,28_29,39038.44473035341,5803.0411307932545,0.907338096858342,0.907338096858342,ER,35632.725130994455,11491.453706417087
28,28_HE_val.ndpi,28_ER_val.ndpi,28_30,37864.27244513256,7956.866905685316,0.907338096858342,0.907338096858342,ER,34383.154398449406,13367.404602790835
28,28_HE_val.ndpi,28_ER_val.ndpi,28_31,36842.97756411159,8100.547174117931,0.907338096858342,0.907338096858342,ER,33567.83520117217,13331.799718082144
28,28_HE_val.ndpi,28_ER_val.ndpi,28_32,37033.25683852233,7436.511338929382,0.907338096858342,0.907338096858342,ER,33865.90784834059,12729.942803388249
28,28_HE_val.ndpi,28_ER_val.ndpi,28_33,42264.89897708088,7998.344792744076,0.907338096858342,0.907338096858342,ER,37698.29072682104,14152.642072355908
28,28_HE_val.ndpi,28_ER_val.ndpi,28_34,43488.205582860384,8510.933858503662,0.907338096858342,0.907338096858342,ER,38580.652648067,14783.127379510672
28,28_HE_val.ndpi,28_ER_val.ndpi,28_35,43510.96890803445,6059.489723520406,0.907338096858342,0.907338096858342,ER,38940.23365930997,12707.008611391295
28,28_HE_val.ndpi,28_ER_val.ndpi,28_36,44542.60667311705,9596.009126754609,0.907338096858342,0.907338096858342,ER,39200.105860839794,15818.326882859034
28,28_HE_val.ndpi,28_ER_val.ndpi,28_37,44259.63021859941,11146.18654499545,0.907338096858342,0.907338096858342,ER,38636.68888097107,16777.64968457779
28,28_HE_val.ndpi,28_ER_val.ndpi,28_38,44726.10747092872,14651.19575314225,0.907338096858342,0.907338096858342,ER,37967.11475835131,19388.458089715194
28,28_HE_val.ndpi,28_ER_val.ndpi,28_39,43550.71369554498,17699.095015371866,0.907338096858342,0.907338096858342,ER,37206.80146615752,21380.305429673135
28,28_HE_val.ndpi,28_ER_val.ndpi,28_40,35533.00363338457,17784.907753849155,0.907338096858342,0.907338096858342,ER,31839.28589425274,19072.61772015886
28,28_HE_val.ndpi,28_ER_val.ndpi,28_41,34758.982331075524,15416.931414314773,0.907338096858342,0.907338096858342,ER,31242.325257365585,18283.66099752961
28,28_HE_val.ndpi,28_ER_val.ndpi,28_42,33981.542599995046,15532.667763000396,0.907338096858342,0.907338096858342,ER,30878.225862340707,18387.570822763657
28,28_HE_val.ndpi,28_ER_val.ndpi,28_43,33824.050903957184,14959.456842241449,0.907338096858342,0.907338096858342,ER,30718.826620107564,17965.492865462107
28,28_HE_val.ndpi,28_ER_val.ndpi,28_44,32266.769078508278,13941.025211254391,0.907338096858342,0.907338096858342,ER,29854.327380186365,17038.274143174884
28,28_HE_val.ndpi,28_ER_val.ndpi,28_45,32088.86852800503,14423.071576989174,0.907338096858342,0.907338096858342,ER,29599.82001668678,17334.153815440055
28,28_HE_val.ndpi,28_ER_val.ndpi,28_46,31687.526204073725,14454.315711907373,0.907338096858342,0.907338096858342,ER,29271.16607499929,17290.58388627431
28,28_HE_val.ndpi,28_ER_val.ndpi,28_47,31010.038789159433,13861.04823379758,0.907338096858342,0.907338096858342,ER,28689.490573844658,16690.693123951747
28,28_HE_val.ndpi,28_ER_val.ndpi,28_48,30614.592694526265,11221.029721147748,0.907338096858342,0.907338096858342,ER,28429.45139367839,14644.418891854302
28,28_HE_val.ndpi,28_ER_val.ndpi,28_49,30057.993456454038,10994.506775420668,0.907338096858342,0.907338096858342,ER,27853.719784688074,14371.209278833712
28,28_HE_val.ndpi,28_ER_val.ndpi,28_50,30762.340072583775,10036.261723807198,0.907338096858342,0.907338096858342,ER,28384.87705619292,13964.998711759736
62,62_HE_val.ndpi,62_PGR_val.ndpi,62_1,6632.949039657194,1147.6306037242039,0.9109542245502164,0.9109542245502164,PGR,23106.315292751555,1525.9381323155656
62,62_HE_val.ndpi,62_PGR_val.ndpi,62_2,7269.098859009406,1153.3405286301095,0.9109542245502164,0.9109542245502164,PGR,24186.798193877432,1492.3943472093868
62,62_HE_val.ndpi,62_PGR_val.ndpi,62_3,9732.08191547378,447.39806867223746,0.9109542245502164,0.9109542245502164,PGR,29397.404418677954,301.1477276823998
62,62_HE_val.ndpi,62_PGR_val.ndpi,62_4,7731.167869865826,6970.256954978473,0.9109542245502164,0.9109542245502164,PGR,24937.22973869157,13717.708920267893
62,62_HE_val.ndpi,62_PGR_val.ndpi,62_5,6066.106238534514,4854.800392168781,0.9109542245502164,0.9109542245502164,PGR,21479.656845144043,10061.519934510432
62,62_HE_val.ndpi,62_PGR_val.ndpi,62_6,6503.424728725981,4934.312844930868,0.9109542245502164,0.9109542245502164,PGR,22536.048588248403,10089.774718479244
62,62_HE_val.ndpi,62_PGR_val.ndpi,62_7,3914.3919324350677,3903.974036235921,0.9109542245502164,0.9109542245502164,PGR,17955.949281913116,8404.559653121873
62,62_HE_val.ndpi,62_PGR_val.ndpi,62_8,1481.2329771204904,4805.113038160729,0.9109542245502164,0.9109542245502164,PGR,14559.294967331714,11058.081857066105
62,62_HE_val.ndpi,62_PGR_val.ndpi,62_9,2863.025480040525,8889.982368024961,0.9109542245502164,0.9109542245502164,PGR,13865.533026879919,17467.67895602885
62,62_HE_val.ndpi,62_PGR_val.ndpi,62_10,3395.037426871881,12293.92082292169,0.9109542245502164,0.9109542245502164,PGR,13828.2388449211,23223.275735451538
62,62_HE_val.ndpi,62_PGR_val.ndpi,62_11,5319.456662684943,11245.336052833502,0.9109542245502164,0.9109542245502164,PGR,19723.297894215586,20054.255610893902
62,62_HE_val.ndpi,62_PGR_val.ndpi,62_12,6441.953229601447,3556.251565119895,0.9109542245502164,0.9109542245502164,PGR,22795.8955978906,7703.734452263316
62,62_HE_val.ndpi,62_PGR_val.ndpi,62_13,7566.1147435613975,3639.5227883761877,0.9109542245502164,0.9109542245502164,PGR,25249.239591696954,7746.997080563698
62,62_HE_val.ndpi,62_PGR_val.ndpi,62_14,6972.807277860314,3769.634074714145,0.9109542245502164,0.9109542245502164,PGR,23868.194609511713,8061.876022018819
62,62_HE_val.ndpi,62_PGR_val.ndpi,62_15,4691.584751581026,8036.630349007796,0.9109542245502164,0.9109542245502164,PGR,18299.841727366515,16176.93782418665
62,62_HE_val.ndpi,62_PGR_val.ndpi,62_16,3042.8145311064313,6934.952065327047,0.9109542245502164,0.9109542245502164,PGR,16069.685184425076,15013.809633858606
62,62_HE_val.ndpi,62_PGR_val.ndpi,62_17,3079.5274997533074,9513.180224649346,0.9109542245502164,0.9109542245502164,PGR,13645.653493747906,17870.961464687214
62,62_HE_val.ndpi,62_PGR_val.ndpi,62_18,9357.98895674848,5117.187765622603,0.9109542245502164,0.9109542245502164,PGR,29356.582285909033,10451.02010231552
62,62_HE_val.ndpi,62_PGR_val.ndpi,62_19,13673.383004263882,3471.3328132433617,0.9109542245502164,0.9109542245502164,PGR,37073.62002301835,7014.952389982051
62,62_HE_val.ndpi,62_PGR_val.ndpi,62_20,14312.957627030632,240.127561079706,0.9109542245502164,0.9109542245502164,PGR,38574.013114568486,1108.8017062013444
62,62_HE_val.ndpi,62_PGR_val.ndpi,62_21,17009.601891855433,4425.937195940936,0.9109542245502164,0.9109542245502164,PGR,45424.60894710108,11161.959486445701
62,62_HE_val.ndpi,62_PGR_val.ndpi,62_22,5215.414343219416,10017.879445188522,0.9109542245502164,0.9109542245502164,PGR,18881.803825009407,19397.164056264573
62,62_HE_val.ndpi,62_PGR_val.ndpi,62_23,8949.182674331892,4629.7780919515535,0.9109542245502164,0.9109542245502164,PGR,28450.124792656152,9470.069642284132
62,62_HE_val.ndpi,62_PGR_val.ndpi,62_24,10291.1920594985,408.3409479432472,0.9109542245502164,0.9109542245502164,PGR,30452.930024811005,42.16886884878831
62,62_HE_val.ndpi,62_PGR_val.ndpi,62_25,6046.570930768591,5633.9698271838,0.9109542245502164,0.9109542245502164,PGR,21245.338681217316,11781.095075312192
62,62_HE_val.ndpi,62_PGR_val.ndpi,62_26,5976.127074033045,6979.059341558294,0.9109542245502164,0.9109542245502164,PGR,20612.351347519245,14135.663438580932
62,62_HE_val.ndpi,62_PGR_val.ndpi,62_27,3632.310393501967,6197.437474097408,0.9109542245502164,0.9109542245502164,PGR,17445.95327587342,13287.299580793324
62,62_HE_val.ndpi,62_PGR_val.ndpi,62_28,2917.5942815216176,4733.700158787693,0.9109542245502164,0.9109542245502164,PGR,17596.451157343745,10234.67494411511
62,62_HE_val.ndpi,62_PGR_val.ndpi,62_29,1151.5242700471842,2618.3588134633824,0.9109542245502164,0.9109542245502164,PGR,13620.889807758647,5805.133963090201
62,62_HE_val.ndpi,62_PGR_val.ndpi,62_30,6144.500548001615,1352.2513237195951,0.9109542245502164,0.9109542245502164,PGR,22199.705310605823,2293.158074687579
62,62_HE_val.ndpi,62_PGR_val.ndpi,62_31,5906.541693408029,4499.203407629587,0.9109542245502164,0.9109542245502164,PGR,21182.185404992673,9335.876198515778
62,62_HE_val.ndpi,62_PGR_val.ndpi,62_32,8239.785478599024,5268.350094477809,0.9109542245502164,0.9109542245502164,PGR,27099.245626532054,10824.893650242724
62,62_HE_val.ndpi,62_PGR_val.ndpi,62_33,9785.72716994042,4285.501743289726,0.9109542245502164,0.9109542245502164,PGR,29904.623217760633,9235.304355600478
62,62_HE_val.ndpi,62_PGR_val.ndpi,62_34,12061.587616585,3981.8761731114496,0.9109542245502164,0.9109542245502164,PGR,33409.131534036234,9201.300964780212
62,62_HE_val.ndpi,62_PGR_val.ndpi,62_35,12368.655541821496,2665.22620915211,0.9109542245502164,0.9109542245502164,PGR,34786.649040713964,5922.378259625891
62,62_HE_val.ndpi,62_PGR_val.ndpi,62_36,2666.7262284397502,7301.5925134559375,0.9109542245502164,0.9109542245502164,PGR,15423.835982813356,15520.378402404078
62,62_HE_val.ndpi,62_PGR_val.ndpi,62_37,2233.3342077337693,5365.779447148298,0.9109542245502164,0.9109542245502164,PGR,16712.63302730861,11822.463342742503
62,62_HE_val.ndpi,62_PGR_val.ndpi,62_38,3490.6466389894845,8392.315773790464,0.9109542245502164,0.9109542245502164,PGR,15644.048526746743,16539.630289743553
62,62_HE_val.ndpi,62_PGR_val.ndpi,62_39,3640.419186374072,7783.394953728822,0.9109542245502164,0.9109542245502164,PGR,16402.58191500072,15994.951081499183
62,62_HE_val.ndpi,62_PGR_val.ndpi,62_40,8490.10958498473,3374.3246179282564,0.9109542245502164,0.9109542245502164,PGR,27112.385543534856,7184.425975704343
62,62_HE_val.ndpi,62_PGR_val.ndpi,62_41,2663.0044466528184,2125.9279195967842,0.9109542245502164,0.9109542245502164,PGR,16176.989288910754,4492.718442799379
62,62_HE_val.ndpi,62_PGR_val.ndpi,62_42,4788.932366249605,1723.1205243047614,0.9109542245502164,0.9109542245502164,PGR,19998.92967154717,3271.6632590443696
62,62_HE_val.ndpi,62_PGR_val.ndpi,62_43,8646.297806696028,1120.9699744553548,0.9109542245502164,0.9109542245502164,PGR,27298.059441548445,1703.6131054317027
62,62_HE_val.ndpi,62_PGR_val.ndpi,62_44,12044.968816695726,206.8457185686303,0.9109542245502164,0.9109542245502164,PGR,33746.71717739449,288.3912748272353
62,62_HE_val.ndpi,62_PGR_val.ndpi,62_45,13338.814327292132,430.4175215382513,0.9109542245502164,0.9109542245502164,PGR,36239.7326924079,1116.9339282371143
62,62_HE_val.ndpi,62_PGR_val.ndpi,62_46,14330.021408884251,2084.8623894247507,0.9109542245502164,0.9109542245502164,PGR,38858.11764089114,3931.1200444124324
62,62_HE_val.ndpi,62_PGR_val.ndpi,62_47,5110.342854194205,4829.214970341188,0.9109542245502164,0.9109542245502164,PGR,19806.692173080657,10254.691814739812
62,62_HE_val.ndpi,62_PGR_val.ndpi,62_48,1083.3840569208373,3769.3434140375293,0.9109542245502164,0.9109542245502164,PGR,12612.011274211265,8712.855475947621
62,62_HE_val.ndpi,62_PGR_val.ndpi,62_49,1944.8821574381425,6003.864256687793,0.9109542245502164,0.9109542245502164,PGR,15441.275824584827,12811.755013793936
62,62_HE_val.ndpi,62_PGR_val.ndpi,62_50,4194.65480456509,3746.709311023752,0.9109542245502164,0.9109542245502164,PGR,18424.376986621373,8025.477502842869
39,39_HE_val.ndpi,39_HER2_val.ndpi,39_1,25091.25409243496,2596.589320693421,0.907338096858342,0.907338096858342,HER2,19088.66964589148,-925.1911787773317
39,39_HE_val.ndpi,39_HER2_val.ndpi,39_2,26166.00710945914,2243.8634748935237,0.907338096858342,0.907338096858342,HER2,19938.259572628613,-1093.9107565217405
39,39_HE_val.ndpi,39_HER2_val.ndpi,39_3,26537.411931610663,2802.5714279694316,0.907338096858342,0.907338096858342,HER2,20147.91479889963,-609.8877210506416
39,39_HE_val.ndpi,39_HER2_val.ndpi,39_4,27261.153377726783,2608.982507382461,0.907338096858342,0.907338096858342,HER2,20714.6119521272,-688.4928101480419
39,39_HE_val.ndpi,39_HER2_val.ndpi,39_5,25308.139653949933,3545.176746888826,0.907338096858342,0.907338096858342,HER2,19110.487247579345,-130.3100342217809
39,39_HE_val.ndpi,39_HER2_val.ndpi,39_6,25850.70159008976,3277.55994433302,0.907338096858342,0.907338096858342,HER2,19559.296801866178,-292.9171151884614
39,39_HE_val.ndpi,39_HER2_val.ndpi,39_7,26409.47024539294,4047.0548658676335,0.907338096858342,0.907338096858342,HER2,19814.311670568455,411.8886470942538
39,39_HE_val.ndpi,39_HER2_val.ndpi,39_8,24769.282209625733,4045.506438767026,0.907338096858342,0.907338096858342,HER2,18608.567962116438,229.1696422967351
39,39_HE_val.ndpi,39_HER2_val.ndpi,39_9,23905.559704882297,4126.120912001797,0.907338096858342,0.907338096858342,HER2,17916.849455372427,236.46603359616228
39,39_HE_val.ndpi,39_HER2_val.ndpi,39_10,24408.336583435364,4390.066886603924,0.907338096858342,0.907338096858342,HER2,18260.13443941611,480.873884926847
39,39_HE_val.ndpi,39_HER2_val.ndpi,39_11,23993.478251071065,4983.537822839964,0.907338096858342,0.907338096858342,HER2,17660.476507558233,993.1529557576915
39,39_HE_val.ndpi,39_HER2_val.ndpi,39_12,23812.987792451826,5720.943709278729,0.907338096858342,0.907338096858342,HER2,17132.570072705756,1659.0963370419897
39,39_HE_val.ndpi,39_HER2_val.ndpi,39_13,23750.708287024994,6417.095960544771,0.907338096858342,0.907338096858342,HER2,16759.914608639592,2307.7891763153452
39,39_HE_val.ndpi,39_HER2_val.ndpi,39_14,25103.802750854968,5801.500645019432,0.907338096858342,0.907338096858342,HER2,18450.898090528968,1739.6599189219335
39,39_HE_val.ndpi,39_HER2_val.ndpi,39_15,25100.45807928208,5347.549473965455,0.907338096858342,0.907338096858342,HER2,18544.402316814405,1360.229979791778
39,39_HE_val.ndpi,39_HER2_val.ndpi,39_16,25683.53920419436,5765.221775717532,0.907338096858342,0.907338096858342,HER2,18886.683633409044,1772.8714007719439
39,39_HE_val.ndpi,39_HER2_val.ndpi,39_17,26255.61892308485,4835.305345757083,0.907338096858342,0.907338096858342,HER2,19511.544598774315,1058.0468444862026
39,39_HE_val.ndpi,39_HER2_val.ndpi,39_18,28023.736435006776,5374.470514304834,0.907338096858342,0.907338096858342,HER2,20697.451454127928,1702.9316171603782
39,39_HE_val.ndpi,39_HER2_val.ndpi,39_19,27534.916415597134,5324.616430703213,0.907338096858342,0.907338096858342,HER2,20347.014768458488,1607.7555675811675
39,39_HE_val.ndpi,39_HER2_val.ndpi,39_20,28181.50234436735,6060.084159651568,0.907338096858342,0.907338096858342,HER2,20702.535566600392,2300.382048103103
39,39_HE_val.ndpi,39_HER2_val.ndpi,39_21,26723.819163302218,7904.560713178043,0.907338096858342,0.907338096858342,HER2,19320.862282714163,3699.7511147191867
39,39_HE_val.ndpi,39_HER2_val.ndpi,39_22,26467.981483422216,7712.682453268039,0.907338096858342,0.907338096858342,HER2,19155.49102732942,3513.2784910275914
39,39_HE_val.ndpi,39_HER2_val.ndpi,39_23,29462.572526983116,7872.781733729063,0.907338096858342,0.907338096858342,HER2,21387.35347325806,3967.44254297789
39,39_HE_val.ndpi,39_HER2_val.ndpi,39_24,27598.497566992948,6774.589152738352,0.907338096858342,0.907338096858342,HER2,20156.880675543267,2847.598870450995
39,39_HE_val.ndpi,39_HER2_val.ndpi,39_25,29999.74607093581,9318.6228384121,0.907338096858342,0.907338096858342,HER2,21777.37246136269,5190.692603427646
39,39_HE_val.ndpi,39_HER2_val.ndpi,39_26,29894.889001220163,7999.9496494694595,0.907338096858342,0.907338096858342,HER2,21700.65973242816,4117.742942358627
39,39_HE_val.ndpi,39_HER2_val.ndpi,39_27,31233.953167293563,7285.425449510771,0.907338096858342,0.907338096858342,HER2,22779.209013169966,3677.287745779969
39,39_HE_val.ndpi,39_HER2_val.ndpi,39_28,31517.983922609586,6557.7802791138965,0.907338096858342,0.907338096858342,HER2,23111.59759194144,3100.923033320294
39,39_HE_val.ndpi,39_HER2_val.ndpi,39_29,24015.570883097324,10250.386768996965,0.907338096858342,0.907338096858342,HER2,16999.40813306366,5597.573083317896
39,39_HE_val.ndpi,39_HER2_val.ndpi,39_30,24351.98343781771,9195.454350081243,0.907338096858342,0.907338096858342,HER2,17086.275232359254,4703.492438651971
39,39_HE_val.ndpi,39_HER2_val.ndpi,39_31,25369.576499274437,8828.917791719545,0.907338096858342,0.907338096858342,HER2,18225.32379124792,4309.92783444863
39,39_HE_val.ndpi,39_HER2_val.ndpi,39_32,26388.100504203263,8268.965571401353,0.907338096858342,0.907338096858342,HER2,19032.387816813927,3961.610713908078
39,39_HE_val.ndpi,39_HER2_val.ndpi,39_33,25722.03830301643,9787.793002903538,0.907338096858342,0.907338096858342,HER2,18498.989780973123,5118.109749110059
39,39_HE_val.ndpi,39_HER2_val.ndpi,39_34,26787.890896432888,11709.469534643835,0.907338096858342,0.907338096858342,HER2,19179.997154095745,6782.281875728699
39,39_HE_val.ndpi,39_HER2_val.ndpi,39_35,25903.95440985817,12341.710743815916,0.907338096858342,0.907338096858342,HER2,18489.411484366217,7203.638899270941
39,39_HE_val.ndpi,39_HER2_val.ndpi,39_36,20810.545474280007,7601.322660631246,0.907338096858342,0.907338096858342,HER2,13594.041444579549,3625.7156047765216
39,39_HE_val.ndpi,39_HER2_val.ndpi,39_37,20603.005193706053,7147.906633644835,0.907338096858342,0.907338096858342,HER2,13730.71830046143,3146.671588723924
39,39_HE_val.ndpi,39_HER2_val.ndpi,39_38,20302.04491612724,10017.702756218328,0.907338096858342,0.907338096858342,HER2,13978.305066849094,6042.482490783512
39,39_HE_val.ndpi,39_HER2_val.ndpi,39_39,22499.695900458584,10804.451954335187,0.907338096858342,0.907338096858342,HER2,15853.346860083993,6362.2579432673965
39,39_HE_val.ndpi,39_HER2_val.ndpi,39_40,23208.99060869147,11155.916216423879,0.907338096858342,0.907338096858342,HER2,16573.077882342226,6453.602410253061
39,39_HE_val.ndpi,39_HER2_val.ndpi,39_41,26368.04766290148,289.8512717669771,0.907338096858342,0.907338096858342,HER2,20366.591577348292,-2701.4950066747056
39,39_HE_val.ndpi,39_HER2_val.ndpi,39_42,19589.78676666116,2175.513669721249,0.907338096858342,0.907338096858342,HER2,14877.833007012969,-1567.555620827503
39,39_HE_val.ndpi,39_HER2_val.ndpi,39_43,20433.24377878772,4105.448636391267,0.907338096858342,0.907338096858342,HER2,15140.222661818683,159.21121616168753
39,39_HE_val.ndpi,39_HER2_val.ndpi,39_44,20739.542251199924,3450.545891543803,0.907338096858342,0.907338096858342,HER2,15689.014241099136,-450.3488618577125
39,39_HE_val.ndpi,39_HER2_val.ndpi,39_45,25162.147812593168,7138.218106269084,0.907338096858342,0.907338096858342,HER2,18283.3127773385,2885.4537705235343
39,39_HE_val.ndpi,39_HER2_val.ndpi,39_46,22408.976807562784,7724.268538491418,0.907338096858342,0.907338096858342,HER2,14082.161354553467,3859.2614368015534
39,39_HE_val.ndpi,39_HER2_val.ndpi,39_47,31947.065854907407,2410.384009296575,0.907338096858342,0.907338096858342,HER2,24241.69555897737,-348.7382952847569
39,39_HE_val.ndpi,39_HER2_val.ndpi,39_48,31042.294927530853,1420.3095278359067,0.907338096858342,0.907338096858342,HER2,23699.071842739977,-1240.9605676896897
39,39_HE_val.ndpi,39_HER2_val.ndpi,39_49,31072.77243785656,728.2781848276641,0.907338096858342,0.907338096858342,HER2,23818.578437218788,-1797.1813072237094
39,39_HE_val.ndpi,39_HER2_val.ndpi,39_50,29812.2992923348,1920.9208107825666,0.907338096858342,0.907338096858342,HER2,22712.88555338592,-970.090910559524
9,9_HE_val.ndpi,9_HER2_val.ndpi,9_0,33104.89888181401,12266.463799763911,0.919793966151582,0.919793966151582,HER2,5697.942009598922,6479.5756010703335
9,9_HE_val.ndpi,9_HER2_val.ndpi,9_1,22769.421224705704,3826.2456251531135,0.919793966151582,0.919793966151582,HER2,16567.839620256713,10858.145338315506
9,9_HE_val.ndpi,9_HER2_val.ndpi,9_2,20525.590941770966,2642.6444265572713,0.919793966151582,0.919793966151582,HER2,18978.384743913994,11385.124414949269
9,9_HE_val.ndpi,9_HER2_val.ndpi,9_3,20191.593590028893,1680.7367024103312,0.919793966151582,0.919793966151582,HER2,19807.957078169282,12567.962489071173
9,9_HE_val.ndpi,9_HER2_val.ndpi,9_4,26475.29569349771,1845.0580000989253,0.919793966151582,0.919793966151582,HER2,14077.777577500377,14433.106162148008
9,9_HE_val.ndpi,9_HER2_val.ndpi,9_5,17432.659142906497,7591.428524248968,0.919793966151582,0.919793966151582,HER2,21015.293775924445,7240.202096862544
9,9_HE_val.ndpi,9_HER2_val.ndpi,9_6,15383.465541023139,8805.760748100625,0.919793966151582,0.919793966151582,HER2,23094.790745957274,5988.892891346711
9,9_HE_val.ndpi,9_HER2_val.ndpi,9_7,26823.09693160724,13009.3730308989,0.919793966151582,0.919793966151582,HER2,10205.657569880177,3865.0799280844712
9,9_HE_val.ndpi,9_HER2_val.ndpi,9_8,32779.290555397754,10263.05580396865,0.919793966151582,0.919793966151582,HER2,6011.447866673423,8167.981274554369
9,9_HE_val.ndpi,9_HER2_val.ndpi,9_9,34383.965846775915,10566.084218909686,0.919793966151582,0.919793966151582,HER2,4981.908378981043,8663.131149249672
9,9_HE_val.ndpi,9_HER2_val.ndpi,9_10,33486.84845152229,4552.1964923668675,0.919793966151582,0.919793966151582,HER2,6924.4737274130075,14456.155004081926
9,9_HE_val.ndpi,9_HER2_val.ndpi,9_11,24975.123867284525,4509.447674535113,0.919793966151582,0.919793966151582,HER2,14564.835490637162,11276.987083588825
9,9_HE_val.ndpi,9_HER2_val.ndpi,9_12,27393.05180105374,7089.555377038939,0.919793966151582,0.919793966151582,HER2,11312.716137968016,9315.094946676587
9,9_HE_val.ndpi,9_HER2_val.ndpi,9_13,22944.335959271426,5392.9490384504215,0.919793966151582,0.919793966151582,HER2,16051.46696283954,9423.076068257833
9,9_HE_val.ndpi,9_HER2_val.ndpi,9_14,24426.427365904765,6447.228359168765,0.919793966151582,0.919793966151582,HER2,14281.311829540642,9061.09890347418
9,9_HE_val.ndpi,9_HER2_val.ndpi,9_15,28320.390946125928,5535.348986665063,0.919793966151582,0.919793966151582,HER2,11032.93555869342,11402.61271560952
9,9_HE_val.ndpi,9_HER2_val.ndpi,9_16,29317.628583731163,6131.5555540940895,0.919793966151582,0.919793966151582,HER2,9904.837368937302,11012.57363791828
9,9_HE_val.ndpi,9_HER2_val.ndpi,9_17,30053.770872770816,6157.9960334566285,0.919793966151582,0.919793966151582,HER2,9398.249042907308,11323.183740543473
9,9_HE_val.ndpi,9_HER2_val.ndpi,9_18,29856.83512841817,5433.672314171932,0.919793966151582,0.919793966151582,HER2,9825.517106421099,12092.830761703757
9,9_HE_val.ndpi,9_HER2_val.ndpi,9_19,31147.42576508468,4786.3530533738785,0.919793966151582,0.919793966151582,HER2,9207.693892641644,13452.440108101751
9,9_HE_val.ndpi,9_HER2_val.ndpi,9_20,32996.196795652984,2357.3570435695096,0.919793966151582,0.919793966151582,HER2,7427.541307256744,16150.249824243643
9,9_HE_val.ndpi,9_HER2_val.ndpi,9_21,20999.727028662062,11384.476381674514,0.919793966151582,0.919793966151582,HER2,16617.8699220355,4761.5660680266055
9,9_HE_val.ndpi,9_HER2_val.ndpi,9_22,22225.559345189362,4839.446025285457,0.919793966151582,0.919793966151582,HER2,16927.756897539246,9655.251981581567
9,9_HE_val.ndpi,9_HER2_val.ndpi,9_23,23282.014261916112,7889.461684669468,0.919793966151582,0.919793966151582,HER2,14963.021175873186,7694.478001253326
9,9_HE_val.ndpi,9_HER2_val.ndpi,9_24,22931.584898989964,7635.422922094158,0.919793966151582,0.919793966151582,HER2,15397.900064610187,7846.124309568617
9,9_HE_val.ndpi,9_HER2_val.ndpi,9_25,22273.85765415464,9271.389429863986,0.919793966151582,0.919793966151582,HER2,15418.327072607253,6591.940215353239
9,9_HE_val.ndpi,9_HER2_val.ndpi,9_26,22404.66300478094,7896.091177159761,0.919793966151582,0.919793966151582,HER2,15788.37350744538,7627.718156218966
9,9_HE_val.ndpi,9_HER2_val.ndpi,9_27,25162.660693084723,8069.441278536929,0.919793966151582,0.919793966151582,HER2,13047.630234151147,7943.581860549079
9,9_HE_val.ndpi,9_HER2_val.ndpi,9_28,25575.733173738696,8459.011655365499,0.919793966151582,0.919793966151582,HER2,12459.342832579365,7709.560440907728
9,9_HE_val.ndpi,9_HER2_val.ndpi,9_29,25649.361253505944,9612.539410824123,0.919793966151582,0.919793966151582,HER2,11720.978723192993,6787.110936114807
9,9_HE_val.ndpi,9_HER2_val.ndpi,9_30,30618.597550161416,10310.972049538534,0.919793966151582,0.919793966151582,HER2,7145.5170856014865,6957.23399164573
9,9_HE_val.ndpi,9_HER2_val.ndpi,9_31,28465.852136736103,4407.107444896922,0.919793966151582,0.919793966151582,HER2,11454.868572565028,12748.920296237431
9,9_HE_val.ndpi,9_HER2_val.ndpi,9_32,19993.808679351518,6892.630545492843,0.919793966151582,0.919793966151582,HER2,18171.650873898,7934.456583723808
9,9_HE_val.ndpi,9_HER2_val.ndpi,9_33,26965.81794010271,9715.96572331946,0.919793966151582,0.919793966151582,HER2,10407.638560217601,6931.648596634207
9,9_HE_val.ndpi,9_HER2_val.ndpi,9_34,25397.548460802896,12162.305909147448,0.919793966151582,0.919793966151582,HER2,11802.728398137913,4336.651527869609
9,9_HE_val.ndpi,9_HER2_val.ndpi,9_35,24440.76375621777,11912.497286683696,0.919793966151582,0.919793966151582,HER2,13012.830401264637,4412.611074420912
9,9_HE_val.ndpi,9_HER2_val.ndpi,9_36,26556.437104665118,1317.9004976593899,0.919793966151582,0.919793966151582,HER2,14115.153425036486,15025.425360039184
9,9_HE_val.ndpi,9_HER2_val.ndpi,9_37,28715.69229191313,809.6867906783306,0.919793966151582,0.919793966151582,HER2,11925.893368165769,16052.63131183782
9,9_HE_val.ndpi,9_HER2_val.ndpi,9_38,14989.307573712713,8795.722691165132,0.919793966151582,0.919793966151582,HER2,23538.93559140443,5907.633851627828
9,9_HE_val.ndpi,9_HER2_val.ndpi,9_39,14582.930090081734,9777.422156649463,0.919793966151582,0.919793966151582,HER2,23534.505191842185,4713.480061430802
9,9_HE_val.ndpi,9_HER2_val.ndpi,9_40,15420.65426360193,9679.638257822831,0.919793966151582,0.919793966151582,HER2,22721.425836417377,5086.868740638098
9,9_HE_val.ndpi,9_HER2_val.ndpi,9_41,14278.218192489468,8852.409662156188,0.919793966151582,0.919793966151582,HER2,24244.426234199156,5643.803333472821
9,9_HE_val.ndpi,9_HER2_val.ndpi,9_42,12809.785537543528,8992.784018600352,0.919793966151582,0.919793966151582,HER2,25293.04860576554,4942.010064687987
9,9_HE_val.ndpi,9_HER2_val.ndpi,9_43,24391.738967490568,3425.5051309842997,0.919793966151582,0.919793966151582,HER2,15383.17497625776,12080.732497014707
9,9_HE_val.ndpi,9_HER2_val.ndpi,9_44,29639.1557551869,9213.595867334925,0.919793966151582,0.919793966151582,HER2,8327.383189238617,7957.729914309412
9,9_HE_val.ndpi,9_HER2_val.ndpi,9_45,29368.911308458486,8992.26777943766,0.919793966151582,0.919793966151582,HER2,8690.607620791647,8133.383225816266
9,9_HE_val.ndpi,9_HER2_val.ndpi,9_46,29899.125308452254,9233.26073520673,0.919793966151582,0.919793966151582,HER2,8068.6864710982145,7989.264311389943
9,9_HE_val.ndpi,9_HER2_val.ndpi,9_47,28627.77852206875,6037.631755411329,0.919793966151582,0.919793966151582,HER2,10582.025295144418,10914.49135030437
9,9_HE_val.ndpi,9_HER2_val.ndpi,9_48,28698.50125288292,6704.860722301954,0.919793966151582,0.919793966151582,HER2,10377.528454651314,10256.142258935213
9,9_HE_val.ndpi,9_HER2_val.ndpi,9_49,25459.449141370173,7433.185538047314,0.919793966151582,0.919793966151582,HER2,13027.682746192568,8520.52735663112
40,40_HE_val.ndpi,40_PGR_val.ndpi,40_1,29032.882819129954,11514.839833097622,0.9109542245502164,0.9109542245502164,PGR,21526.738214569374,11642.386846334435
40,40_HE_val.ndpi,40_PGR_val.ndpi,40_2,26816.927232115962,11319.319301057336,0.9109542245502164,0.9109542245502164,PGR,19628.564870067232,11927.642327293383
40,40_HE_val.ndpi,40_PGR_val.ndpi,40_3,26546.97172047252,8501.368745461577,0.9109542245502164,0.9109542245502164,PGR,18752.998690546232,9123.331662267226
40,40_HE_val.ndpi,40_PGR_val.ndpi,40_4,24972.204777373227,9720.193076602152,0.9109542245502164,0.9109542245502164,PGR,18094.824705209525,10556.398129019479
40,40_HE_val.ndpi,40_PGR_val.ndpi,40_5,40549.326862987546,16768.115225114474,0.9109542245502164,0.9109542245502164,PGR,34003.556269519926,19005.23972105249
40,40_HE_val.ndpi,40_PGR_val.ndpi,40_6,40982.96968653797,16655.749932128754,0.9109542245502164,0.9109542245502164,PGR,34332.649447721495,18863.772238738195
40,40_HE_val.ndpi,40_PGR_val.ndpi,40_7,39530.71868554454,17518.416578536137,0.9109542245502164,0.9109542245502164,PGR,33220.3715691122,19894.713278024086
40,40_HE_val.ndpi,40_PGR_val.ndpi,40_8,35606.68145818626,17028.018208655954,0.9109542245502164,0.9109542245502164,PGR,28420.602602280924,19077.295993867112
40,40_HE_val.ndpi,40_PGR_val.ndpi,40_9,36845.76126972992,15154.378893277995,0.9109542245502164,0.9109542245502164,PGR,29509.882753454247,16785.316955116505
40,40_HE_val.ndpi,40_PGR_val.ndpi,40_10,38026.02452205612,15679.73794703374,0.9109542245502164,0.9109542245502164,PGR,31519.23127030348,17684.434621595698
40,40_HE_val.ndpi,40_PGR_val.ndpi,40_11,27813.9858173457,16235.346168401717,0.9109542245502164,0.9109542245502164,PGR,19784.814724859218,18201.526839135207
40,40_HE_val.ndpi,40_PGR_val.ndpi,40_12,24601.346849788617,14698.130236690815,0.9109542245502164,0.9109542245502164,PGR,17002.990606149393,16752.60573766453
40,40_HE_val.ndpi,40_PGR_val.ndpi,40_13,25993.606376957374,12778.504355459438,0.9109542245502164,0.9109542245502164,PGR,18739.60055708254,14018.797561651969
40,40_HE_val.ndpi,40_PGR_val.ndpi,40_14,29340.774601704587,7583.723408826133,0.9109542245502164,0.9109542245502164,PGR,20598.067604187996,8466.917100548359
40,40_HE_val.ndpi,40_PGR_val.ndpi,40_15,33765.61134192005,6924.203090882757,0.9109542245502164,0.9109542245502164,PGR,26435.340280693123,7788.8831868792695
40,40_HE_val.ndpi,40_PGR_val.ndpi,40_16,33098.708918883734,6376.783373464445,0.9109542245502164,0.9109542245502164,PGR,25773.763421891937,7035.25515317511
40,40_HE_val.ndpi,40_PGR_val.ndpi,40_17,33462.221088916995,2534.8627024499037,0.9109542245502164,0.9109542245502164,PGR,28098.58168104701,2956.671051534204
40,40_HE_val.ndpi,40_PGR_val.ndpi,40_18,33133.695935629505,10897.748569457042,0.9109542245502164,0.9109542245502164,PGR,25453.83007667599,10790.239764002545
40,40_HE_val.ndpi,40_PGR_val.ndpi,40_19,34862.69100254723,12505.2095226068,0.9109542245502164,0.9109542245502164,PGR,27677.676654916435,12563.687381368853
40,40_HE_val.ndpi,40_PGR_val.ndpi,40_20,33128.32074235013,13082.524953339343,0.9109542245502164,0.9109542245502164,PGR,25558.3093022505,13160.943824675067
40,40_HE_val.ndpi,40_PGR_val.ndpi,40_21,31439.860576683117,12002.741668720158,0.9109542245502164,0.9109542245502164,PGR,23939.825780184343,11943.695389223183
40,40_HE_val.ndpi,40_PGR_val.ndpi,40_22,30535.032446257384,11212.560256740897,0.9109542245502164,0.9109542245502164,PGR,22581.79510249016,11238.13243812132
40,40_HE_val.ndpi,40_PGR_val.ndpi,40_23,33314.86736210873,15747.049187716118,0.9109542245502164,0.9109542245502164,PGR,24314.645021960903,16576.02845344492
40,40_HE_val.ndpi,40_PGR_val.ndpi,40_24,33977.777676465026,16557.314594873907,0.9109542245502164,0.9109542245502164,PGR,25269.58363243614,18050.038578622498
40,40_HE_val.ndpi,40_PGR_val.ndpi,40_25,31227.075489209263,16652.722454740542,0.9109542245502164,0.9109542245502164,PGR,22398.974070695713,18348.199660000006
40,40_HE_val.ndpi,40_PGR_val.ndpi,40_26,32504.399815823417,8531.124295234498,0.9109542245502164,0.9109542245502164,PGR,24856.457529583862,8668.553847261986
40,40_HE_val.ndpi,40_PGR_val.ndpi,40_27,32638.299591468287,15428.71530891585,0.9109542245502164,0.9109542245502164,PGR,23978.80859398226,16169.696176442836
40,40_HE_val.ndpi,40_PGR_val.ndpi,40_28,29041.639546764247,9884.49125863316,0.9109542245502164,0.9109542245502164,PGR,21061.753941572613,10186.99368564997
40,40_HE_val.ndpi,40_PGR_val.ndpi,40_29,35741.52605737302,12733.06431834534,0.9109542245502164,0.9109542245502164,PGR,28639.065006603265,12939.448657608524
40,40_HE_val.ndpi,40_PGR_val.ndpi,40_30,34735.823111740116,14340.745626777472,0.9109542245502164,0.9109542245502164,PGR,25555.85815535927,14986.29608880363
40,40_HE_val.ndpi,40_PGR_val.ndpi,40_31,38047.09508171407,16645.67857823876,0.9109542245502164,0.9109542245502164,PGR,31852.20321629514,18896.267185811404
40,40_HE_val.ndpi,40_PGR_val.ndpi,40_32,29039.013494459716,5733.389472753391,0.9109542245502164,0.9109542245502164,PGR,20856.30563342748,6704.527212039577
40,40_HE_val.ndpi,40_PGR_val.ndpi,40_33,26183.706327027645,15434.618768498098,0.9109542245502164,0.9109542245502164,PGR,18446.316659530807,17382.107431578403
40,40_HE_val.ndpi,40_PGR_val.ndpi,40_34,39588.95992801583,16342.518351774668,0.9109542245502164,0.9109542245502164,PGR,33053.88525989215,18508.941860908257
40,40_HE_val.ndpi,40_PGR_val.ndpi,40_35,36030.18129079378,14156.601139272996,0.9109542245502164,0.9109542245502164,PGR,27859.136104447025,14996.209399185513
40,40_HE_val.ndpi,40_PGR_val.ndpi,40_36,33154.34179832683,8043.949801892295,0.9109542245502164,0.9109542245502164,PGR,25335.213137381525,8443.139061764734
40,40_HE_val.ndpi,40_PGR_val.ndpi,40_37,33153.18320262235,17279.724368175866,0.9109542245502164,0.9109542245502164,PGR,24060.823840743255,19309.319332910058
40,40_HE_val.ndpi,40_PGR_val.ndpi,40_38,27275.08352065921,12702.812698371541,0.9109542245502164,0.9109542245502164,PGR,19942.72086606703,13563.93684867068
40,40_HE_val.ndpi,40_PGR_val.ndpi,40_39,25827.409123453468,8411.052306944157,0.9109542245502164,0.9109542245502164,PGR,18257.039847661483,8971.703788774317
40,40_HE_val.ndpi,40_PGR_val.ndpi,40_40,27522.995105744125,11711.561164982704,0.9109542245502164,0.9109542245502164,PGR,20297.275076944283,12295.205612890482
40,40_HE_val.ndpi,40_PGR_val.ndpi,40_41,36133.36028607723,13571.1686869066,0.9109542245502164,0.9109542245502164,PGR,28691.15284376644,14113.770660517468
40,40_HE_val.ndpi,40_PGR_val.ndpi,40_42,30393.728099162607,6590.409853745092,0.9109542245502164,0.9109542245502164,PGR,22023.844348726238,7813.943545629744
40,40_HE_val.ndpi,40_PGR_val.ndpi,40_43,28645.815367486797,8958.393197029372,0.9109542245502164,0.9109542245502164,PGR,20717.09940429037,9420.136229003057
40,40_HE_val.ndpi,40_PGR_val.ndpi,40_44,35957.977699963085,15688.572921696266,0.9109542245502164,0.9109542245502164,PGR,28115.355515565618,17268.712238877102
40,40_HE_val.ndpi,40_PGR_val.ndpi,40_45,31130.339134930357,15444.341222549685,0.9109542245502164,0.9109542245502164,PGR,23056.56313534646,16254.155655500559
40,40_HE_val.ndpi,40_PGR_val.ndpi,40_46,27526.357317038997,10268.87708575123,0.9109542245502164,0.9109542245502164,PGR,20295.2807880357,10695.495956782332
40,40_HE_val.ndpi,40_PGR_val.ndpi,40_47,34167.028877520446,11918.723032601309,0.9109542245502164,0.9109542245502164,PGR,26914.999217262808,11890.287576344226
40,40_HE_val.ndpi,40_PGR_val.ndpi,40_48,30459.571835615177,10293.242178464136,0.9109542245502164,0.9109542245502164,PGR,22288.270892033175,10457.341172386414
40,40_HE_val.ndpi,40_PGR_val.ndpi,40_49,28611.380421480673,10535.868117698898,0.9109542245502164,0.9109542245502164,PGR,20969.98095167494,10684.826928651008
40,40_HE_val.ndpi,40_PGR_val.ndpi,40_50,40669.00371112491,17430.17866985714,0.9109542245502164,0.9109542245502164,PGR,34181.82104196273,19776.212608751008
48,48_HE_val.ndpi,48_PGR_val.ndpi,48_1,27790.48903747083,4166.046792693577,0.919793966151582,0.919793966151582,PGR,12953.827729690236,14566.570500793434
48,48_HE_val.ndpi,48_PGR_val.ndpi,48_2,24268.01565156428,3675.475640565187,0.919793966151582,0.919793966151582,PGR,16065.578180740098,15801.970239653996
48,48_HE_val.ndpi,48_PGR_val.ndpi,48_3,25204.94675314544,3705.1042182041706,0.919793966151582,0.919793966151582,PGR,15390.520474757399,15587.463037294456
48,48_HE_val.ndpi,48_PGR_val.ndpi,48_4,26504.17606714373,2925.3808193159994,0.919793966151582,0.919793966151582,PGR,14093.298644649904,16115.651101724192
48,48_HE_val.ndpi,48_PGR_val.ndpi,48_5,26635.58818721512,14005.532055197464,0.919793966151582,0.919793966151582,PGR,13110.065609963534,5339.945942403937
48,48_HE_val.ndpi,48_PGR_val.ndpi,48_6,28747.442474293228,16946.71951246766,0.919793966151582,0.919793966151582,PGR,11452.132562918103,2410.7696084854983
48,48_HE_val.ndpi,48_PGR_val.ndpi,48_7,34117.7052021072,3417.477051949029,0.919793966151582,0.919793966151582,PGR,7049.204119522304,14034.282457130217
48,48_HE_val.ndpi,48_PGR_val.ndpi,48_8,33048.94426054276,4538.649236053481,0.919793966151582,0.919793966151582,PGR,7817.480087176501,13121.693651789401
48,48_HE_val.ndpi,48_PGR_val.ndpi,48_9,31295.959628326313,4217.088056056057,0.919793966151582,0.919793966151582,PGR,9405.471406160785,13617.300601977406
48,48_HE_val.ndpi,48_PGR_val.ndpi,48_10,31061.722225420584,3063.2797201804797,0.919793966151582,0.919793966151582,PGR,9521.630901738507,14846.466448113677
48,48_HE_val.ndpi,48_PGR_val.ndpi,48_11,29851.22912903407,1450.1700882107389,0.919793966151582,0.919793966151582,PGR,10616.8036313267,16570.46297975637
48,48_HE_val.ndpi,48_PGR_val.ndpi,48_12,28077.861205905592,9651.93166190748,0.919793966151582,0.919793966151582,PGR,12797.524131257998,9189.1246317744
48,48_HE_val.ndpi,48_PGR_val.ndpi,48_13,27366.96177810985,1313.1416398671229,0.919793966151582,0.919793966151582,PGR,13260.615825130459,17324.42765832782
48,48_HE_val.ndpi,48_PGR_val.ndpi,48_14,26462.38190039742,1122.3783843723675,0.919793966151582,0.919793966151582,PGR,14020.248036384646,17554.69083827543
48,48_HE_val.ndpi,48_PGR_val.ndpi,48_15,25293.435728816537,1347.1894027602161,0.919793966151582,0.919793966151582,PGR,15238.295907425269,17509.814120239575
48,48_HE_val.ndpi,48_PGR_val.ndpi,48_16,23766.126603479628,2886.205988485546,0.919793966151582,0.919793966151582,PGR,16612.87179793496,16508.060533081094
48,48_HE_val.ndpi,48_PGR_val.ndpi,48_17,20838.593121566035,3684.150197745265,0.919793966151582,0.919793966151582,PGR,18793.9836012036,15716.719303089541
48,48_HE_val.ndpi,48_PGR_val.ndpi,48_18,20956.131896241874,4276.303148582219,0.919793966151582,0.919793966151582,PGR,18475.838194281092,15189.62356246071
48,48_HE_val.ndpi,48_PGR_val.ndpi,48_19,21023.578200522308,5175.412402410101,0.919793966151582,0.919793966151582,PGR,18192.621699368785,14244.999230376721
48,48_HE_val.ndpi,48_PGR_val.ndpi,48_20,19871.42126066496,5783.8666108399875,0.919793966151582,0.919793966151582,PGR,18927.0543812578,13478.832590349593
48,48_HE_val.ndpi,48_PGR_val.ndpi,48_21,18758.46668798201,6308.265606690475,0.919793966151582,0.919793966151582,PGR,19817.876075295797,12811.684297362364
48,48_HE_val.ndpi,48_PGR_val.ndpi,48_22,18551.305508637743,6769.5677728851415,0.919793966151582,0.919793966151582,PGR,19943.856545282877,12296.348174390707
48,48_HE_val.ndpi,48_PGR_val.ndpi,48_23,19712.070996801165,8180.476546770959,0.919793966151582,0.919793966151582,PGR,18662.824052933924,10909.85899431313
48,48_HE_val.ndpi,48_PGR_val.ndpi,48_24,20822.660482378647,8310.045320088333,0.919793966151582,0.919793966151582,PGR,17612.405641316014,10935.526071210179
48,48_HE_val.ndpi,48_PGR_val.ndpi,48_25,24587.996670383043,4745.524227701463,0.919793966151582,0.919793966151582,PGR,15657.408755452274,14513.569679006614
48,48_HE_val.ndpi,48_PGR_val.ndpi,48_26,23789.10232936269,4898.029395638648,0.919793966151582,0.919793966151582,PGR,16277.680786971267,14357.577561114618
48,48_HE_val.ndpi,48_PGR_val.ndpi,48_27,23964.73791041604,4301.3849952956125,0.919793966151582,0.919793966151582,PGR,16188.58109439112,15022.480758132415
48,48_HE_val.ndpi,48_PGR_val.ndpi,48_28,27917.368285232988,8153.249333330935,0.919793966151582,0.919793966151582,PGR,12986.77714862707,10682.249771346613
48,48_HE_val.ndpi,48_PGR_val.ndpi,48_29,28939.542069189938,7398.811361184994,0.919793966151582,0.919793966151582,PGR,11945.29864305446,11113.734444000182
48,48_HE_val.ndpi,48_PGR_val.ndpi,48_30,28844.473834733573,6514.53787696277,0.919793966151582,0.919793966151582,PGR,12110.052478943959,11994.076637583887
48,48_HE_val.ndpi,48_PGR_val.ndpi,48_31,28614.31393060605,3740.7340218529694,0.919793966151582,0.919793966151582,PGR,12054.626276922349,14786.480996370545
48,48_HE_val.ndpi,48_PGR_val.ndpi,48_32,28745.132369262446,3072.877517255888,0.919793966151582,0.919793966151582,PGR,11781.454658401872,15342.708334246669
48,48_HE_val.ndpi,48_PGR_val.ndpi,48_33,32879.07364464156,16493.810003512765,0.919793966151582,0.919793966151582,PGR,6791.821932775013,3332.70123801785
48,48_HE_val.ndpi,48_PGR_val.ndpi,48_34,32365.759959882143,14640.879141090854,0.919793966151582,0.919793966151582,PGR,7297.136274580426,4683.780700496792
48,48_HE_val.ndpi,48_PGR_val.ndpi,48_35,37544.404023849755,13546.848190765842,0.919793966151582,0.919793966151582,PGR,2935.7225431077854,6067.706328976085
48,48_HE_val.ndpi,48_PGR_val.ndpi,48_36,35933.697846520525,13883.900769036001,0.919793966151582,0.919793966151582,PGR,4412.103604157635,5870.635276866746
48,48_HE_val.ndpi,48_PGR_val.ndpi,48_37,36396.01202187203,13589.824817324075,0.919793966151582,0.919793966151582,PGR,3994.250187940225,6143.763482873851
48,48_HE_val.ndpi,48_PGR_val.ndpi,48_38,37139.27721686761,14138.29779149264,0.919793966151582,0.919793966151582,PGR,3319.7246959700715,5626.756082149927
48,48_HE_val.ndpi,48_PGR_val.ndpi,48_39,26043.473170347133,4823.149807980476,0.919793966151582,0.919793966151582,PGR,14432.707575676855,14174.63534371385
48,48_HE_val.ndpi,48_PGR_val.ndpi,48_40,25219.871414705547,4639.7668489692605,0.919793966151582,0.919793966151582,PGR,15143.953574266114,14607.787570540515
48,48_HE_val.ndpi,48_PGR_val.ndpi,48_41,24858.929831892845,4861.884746084759,0.919793966151582,0.919793966151582,PGR,15447.154905013844,14387.503164179127
48,48_HE_val.ndpi,48_PGR_val.ndpi,48_42,27385.52091158165,6583.298448729847,0.919793966151582,0.919793966151582,PGR,13441.552716033415,12346.316126948059
48,48_HE_val.ndpi,48_PGR_val.ndpi,48_43,29857.122683603346,6569.323360854658,0.919793966151582,0.919793966151582,PGR,11093.185586132307,11680.118554370882
48,48_HE_val.ndpi,48_PGR_val.ndpi,48_44,30275.391228904482,5965.358895151325,0.919793966151582,0.919793966151582,PGR,10697.210745397215,12221.018262902378
48,48_HE_val.ndpi,48_PGR_val.ndpi,48_45,31833.32807968717,5028.76947439232,0.919793966151582,0.919793966151582,PGR,8969.367220120283,12780.128986186388
48,48_HE_val.ndpi,48_PGR_val.ndpi,48_46,31337.01871506073,7024.985054315048,0.919793966151582,0.919793966151582,PGR,9518.689414131644,10928.868401728967
48,48_HE_val.ndpi,48_PGR_val.ndpi,48_47,29444.376465880698,2261.613979830153,0.919793966151582,0.919793966151582,PGR,11021.932535359667,15876.03223520507
48,48_HE_val.ndpi,48_PGR_val.ndpi,48_48,28099.1232228704,2687.4836701755785,0.919793966151582,0.919793966151582,PGR,12460.422708526488,15871.193850288939
48,48_HE_val.ndpi,48_PGR_val.ndpi,48_49,28766.173384371366,2665.109648655839,0.919793966151582,0.919793966151582,PGR,11701.28305542488,15706.446030770407
48,48_HE_val.ndpi,48_PGR_val.ndpi,48_50,26668.041301899404,8611.42819421518,0.919793966151582,0.919793966151582,PGR,14210.809498986899,10692.516237419028
16,16_HE_val.ndpi,16_KI67_val.ndpi,16_1,40504.70841393178,10661.550867746328,0.9109542245502164,0.9109542245502164,KI67,35121.370937845284,12630.702005118084
16,16_HE_val.ndpi,16_KI67_val.ndpi,16_2,41512.54573451681,11392.697724108515,0.9109542245502164,0.9109542245502164,KI67,36416.765255918224,13066.713568206686
16,16_HE_val.ndpi,16_KI67_val.ndpi,16_3,30922.693625077012,20502.563454437957,0.9109542245502164,0.9109542245502164,KI67,26130.18369105574,21427.96883696036
16,16_HE_val.ndpi,16_KI67_val.ndpi,16_4,25983.644743738325,19476.891410043256,0.9109542245502164,0.9109542245502164,KI67,22473.34042040388,20499.367211353663
16,16_HE_val.ndpi,16_KI67_val.ndpi,16_5,25939.256654164434,18317.30464018656,0.9109542245502164,0.9109542245502164,KI67,22254.176303392935,19513.342743540066
16,16_HE_val.ndpi,16_KI67_val.ndpi,16_6,26163.8376509843,17755.85214813686,0.9109542245502164,0.9109542245502164,KI67,22249.71101038245,19100.077995861477
16,16_HE_val.ndpi,16_KI67_val.ndpi,16_7,24159.46794147353,19318.912872166522,0.9109542245502164,0.9109542245502164,KI67,21308.912122174504,20141.439767025997
16,16_HE_val.ndpi,16_KI67_val.ndpi,16_8,17704.780856902507,14544.077183048144,0.9109542245502164,0.9109542245502164,KI67,13691.771007523199,16216.871236227747
16,16_HE_val.ndpi,16_KI67_val.ndpi,16_9,24612.18110391357,16088.76767475252,0.9109542245502164,0.9109542245502164,KI67,20728.881707814566,17811.573088344037
16,16_HE_val.ndpi,16_KI67_val.ndpi,16_10,21622.934589271823,8013.3999633162575,0.9109542245502164,0.9109542245502164,KI67,16723.481864807163,9521.709300656139
16,16_HE_val.ndpi,16_KI67_val.ndpi,16_11,36932.35482854851,7635.942176438382,0.9109542245502164,0.9109542245502164,KI67,31545.81343903142,10384.490606290909
16,16_HE_val.ndpi,16_KI67_val.ndpi,16_12,37600.25398506984,7347.948962158543,0.9109542245502164,0.9109542245502164,KI67,32167.480995877737,10139.076756993307
16,16_HE_val.ndpi,16_KI67_val.ndpi,16_13,31156.30229378777,7385.435247277597,0.9109542245502164,0.9109542245502164,KI67,26741.268064102933,9697.517142207704
16,16_HE_val.ndpi,16_KI67_val.ndpi,16_14,29173.187292005787,5445.366568595562,0.9109542245502164,0.9109542245502164,KI67,25499.361900429805,6960.388260864663
16,16_HE_val.ndpi,16_KI67_val.ndpi,16_15,27063.97599125726,5796.9652240463365,0.9109542245502164,0.9109542245502164,KI67,23688.59095715451,7115.621084516533
16,16_HE_val.ndpi,16_KI67_val.ndpi,16_16,27452.29838350564,5559.4679730683265,0.9109542245502164,0.9109542245502164,KI67,24121.748307967122,6895.23400632607
16,16_HE_val.ndpi,16_KI67_val.ndpi,16_17,25390.506578845645,5814.5770277575,0.9109542245502164,0.9109542245502164,KI67,21975.935991351478,6863.410663165794
16,16_HE_val.ndpi,16_KI67_val.ndpi,16_18,25100.91529347267,6145.538496755221,0.9109542245502164,0.9109542245502164,KI67,21573.883099106963,7166.866450961527
16,16_HE_val.ndpi,16_KI67_val.ndpi,16_19,25706.638898226764,5181.142003152281,0.9109542245502164,0.9109542245502164,KI67,22558.765919255817,6259.150281278096
16,16_HE_val.ndpi,16_KI67_val.ndpi,16_20,25258.655717689613,4819.802725709237,0.9109542245502164,0.9109542245502164,KI67,22324.328081128246,5801.735946542852
16,16_HE_val.ndpi,16_KI67_val.ndpi,16_21,21768.53981561812,6682.374179078367,0.9109542245502164,0.9109542245502164,KI67,17686.318816406238,7977.881976849257
16,16_HE_val.ndpi,16_KI67_val.ndpi,16_22,21934.383086448346,6012.345475938206,0.9109542245502164,0.9109542245502164,KI67,18207.07694359338,7119.7760155016695
16,16_HE_val.ndpi,16_KI67_val.ndpi,16_23,25287.53005016913,12336.477478161232,0.9109542245502164,0.9109542245502164,KI67,20216.974883100247,14447.711968785003
16,16_HE_val.ndpi,16_KI67_val.ndpi,16_24,26461.32692682276,11577.203274731448,0.9109542245502164,0.9109542245502164,KI67,21274.324975282743,13916.929769810191
16,16_HE_val.ndpi,16_KI67_val.ndpi,16_25,26278.50063014912,11020.34783456759,0.9109542245502164,0.9109542245502164,KI67,21057.88376215439,13296.227790460252
16,16_HE_val.ndpi,16_KI67_val.ndpi,16_26,30994.448575040504,15666.334566623682,0.9109542245502164,0.9109542245502164,KI67,25571.800702575027,17736.053031379513
16,16_HE_val.ndpi,16_KI67_val.ndpi,16_27,32267.468225435307,14786.922663286885,0.9109542245502164,0.9109542245502164,KI67,26694.37464639394,17011.169831824718
16,16_HE_val.ndpi,16_KI67_val.ndpi,16_28,34526.47315460091,16276.913087923027,0.9109542245502164,0.9109542245502164,KI67,29079.826083013962,18323.651550589544
16,16_HE_val.ndpi,16_KI67_val.ndpi,16_29,36444.68587398239,14216.841769339355,0.9109542245502164,0.9109542245502164,KI67,31370.42077675159,16097.805397116248
16,16_HE_val.ndpi,16_KI67_val.ndpi,16_30,33484.29915186046,18668.09730429781,0.9109542245502164,0.9109542245502164,KI67,28071.317739612598,20526.282937236567
16,16_HE_val.ndpi,16_KI67_val.ndpi,16_31,29197.667751223413,15071.253452917927,0.9109542245502164,0.9109542245502164,KI67,23693.38935123042,17162.57158699956
16,16_HE_val.ndpi,16_KI67_val.ndpi,16_32,30329.480151747943,13809.396572514375,0.9109542245502164,0.9109542245502164,KI67,24657.095142456772,16034.406211821146
16,16_HE_val.ndpi,16_KI67_val.ndpi,16_33,29493.33781231828,11783.497403554564,0.9109542245502164,0.9109542245502164,KI67,24138.636348571243,14231.02666772349
16,16_HE_val.ndpi,16_KI67_val.ndpi,16_34,29412.48865346313,11051.599754971032,0.9109542245502164,0.9109542245502164,KI67,24098.681885023445,13619.444503150904
16,16_HE_val.ndpi,16_KI67_val.ndpi,16_35,18233.570808129774,13958.038683843486,0.9109542245502164,0.9109542245502164,KI67,13947.844146025085,15748.540635093952
16,16_HE_val.ndpi,16_KI67_val.ndpi,16_36,19984.814106891117,15686.46366067755,0.9109542245502164,0.9109542245502164,KI67,16759.566789984427,17013.00914080074
16,16_HE_val.ndpi,16_KI67_val.ndpi,16_37,21469.88549849373,16528.997000326035,0.9109542245502164,0.9109542245502164,KI67,18568.015905428318,17745.099127410802
16,16_HE_val.ndpi,16_KI67_val.ndpi,16_38,19414.614776017894,18158.74583409053,0.9109542245502164,0.9109542245502164,KI67,17127.932893599238,18825.082096925304
16,16_HE_val.ndpi,16_KI67_val.ndpi,16_39,19309.94821144736,17445.52386840045,0.9109542245502164,0.9109542245502164,KI67,16755.893612763335,18183.0833719908
16,16_HE_val.ndpi,16_KI67_val.ndpi,16_40,20714.07194375764,17525.801724719873,0.9109542245502164,0.9109542245502164,KI67,18283.088189811668,18423.21509343596
16,16_HE_val.ndpi,16_KI67_val.ndpi,16_41,18013.19231969745,17736.869249559142,0.9109542245502164,0.9109542245502164,KI67,15366.421983251681,18198.350404967863
16,16_HE_val.ndpi,16_KI67_val.ndpi,16_42,44310.59500355852,15851.839385603624,0.9109542245502164,0.9109542245502164,KI67,39151.713697484905,17222.15671539726
16,16_HE_val.ndpi,16_KI67_val.ndpi,16_43,43259.102836430364,16171.96580650915,0.9109542245502164,0.9109542245502164,KI67,37800.327548095695,17440.70310744692
16,16_HE_val.ndpi,16_KI67_val.ndpi,16_44,42381.81854253712,18527.643162362743,0.9109542245502164,0.9109542245502164,KI67,36821.916808930364,20520.27787874447
16,16_HE_val.ndpi,16_KI67_val.ndpi,16_45,38745.30848160986,20298.22272041515,0.9109542245502164,0.9109542245502164,KI67,33497.19503064927,22371.736359193306
16,16_HE_val.ndpi,16_KI67_val.ndpi,16_46,39740.4953818692,16931.422730088656,0.9109542245502164,0.9109542245502164,KI67,35231.31254930586,18515.318723836157
16,16_HE_val.ndpi,16_KI67_val.ndpi,16_47,39195.72457336002,18295.78819981684,0.9109542245502164,0.9109542245502164,KI67,34423.081252673146,20279.30822919092
16,16_HE_val.ndpi,16_KI67_val.ndpi,16_48,38726.25572958678,19333.1821963692,0.9109542245502164,0.9109542245502164,KI67,33749.89133380381,21519.887484614566
16,16_HE_val.ndpi,16_KI67_val.ndpi,16_49,34856.11713088145,20285.64315865981,0.9109542245502164,0.9109542245502164,KI67,30026.73121072882,21890.972230168216
16,16_HE_val.ndpi,16_KI67_val.ndpi,16_50,37592.711833415466,20462.728974227368,0.9109542245502164,0.9109542245502164,KI67,32567.124895797635,22489.60619380242
15,15_HE_val.ndpi,15_KI67_val.ndpi,15_1,41223.511210419085,11179.020042539585,0.919793966151582,0.919793966151582,KI67,37735.355159299485,14720.469063630893
15,15_HE_val.ndpi,15_KI67_val.ndpi,15_2,40912.574213619904,11078.900692113899,0.919793966151582,0.919793966151582,KI67,37539.98384497752,14595.118177644947
15,15_HE_val.ndpi,15_KI67_val.ndpi,15_3,41046.69414741641,12009.922619422669,0.919793966151582,0.919793966151582,KI67,37329.85443677127,15369.04837726411
15,15_HE_val.ndpi,15_KI67_val.ndpi,15_4,40651.48125461334,13202.428105545581,0.919793966151582,0.919793966151582,KI67,36742.87057374946,16280.438906539875
15,15_HE_val.ndpi,15_KI67_val.ndpi,15_5,40437.73896818602,13893.7120359923,0.919793966151582,0.919793966151582,KI67,36487.08803987824,16819.375527267868
15,15_HE_val.ndpi,15_KI67_val.ndpi,15_6,41202.1111794648,15467.463482378655,0.919793966151582,0.919793966151582,KI67,36764.862871153455,18163.92792346385
15,15_HE_val.ndpi,15_KI67_val.ndpi,15_7,41132.70909676173,14581.566309051392,0.919793966151582,0.919793966151582,KI67,36887.56519309211,17469.34094518807
15,15_HE_val.ndpi,15_KI67_val.ndpi,15_8,41385.822574855236,17537.27853711102,0.919793966151582,0.919793966151582,KI67,36540.99323166418,19797.48770085232
15,15_HE_val.ndpi,15_KI67_val.ndpi,15_9,41377.65762394898,16920.82474368974,0.919793966151582,0.919793966151582,KI67,36637.321541758705,19283.843727699044
15,15_HE_val.ndpi,15_KI67_val.ndpi,15_10,41114.09210147877,18620.01906853629,0.919793966151582,0.919793966151582,KI67,36139.57509389497,20680.713439811272
15,15_HE_val.ndpi,15_KI67_val.ndpi,15_11,40735.174692812056,20526.84482894817,0.919793966151582,0.919793966151582,KI67,35651.44193035422,22226.399189743068
15,15_HE_val.ndpi,15_KI67_val.ndpi,15_12,38854.60683322389,21336.466352253745,0.919793966151582,0.919793966151582,KI67,34178.68039571062,22644.020494199747
15,15_HE_val.ndpi,15_KI67_val.ndpi,15_13,37604.90145592128,21539.792635170437,0.919793966151582,0.919793966151582,KI67,33221.67300889874,22639.094085571574
15,15_HE_val.ndpi,15_KI67_val.ndpi,15_14,37938.42437015792,20978.210755902757,0.919793966151582,0.919793966151582,KI67,33509.81422708154,22212.7780719734
15,15_HE_val.ndpi,15_KI67_val.ndpi,15_15,36659.360511496,21871.638289240967,0.919793966151582,0.919793966151582,KI67,32484.000499684622,22788.775807010752
15,15_HE_val.ndpi,15_KI67_val.ndpi,15_16,35411.29042275043,21553.226048235192,0.919793966151582,0.919793966151582,KI67,31384.466526318916,22175.765287471662
15,15_HE_val.ndpi,15_KI67_val.ndpi,15_17,35011.13852706373,21451.01453414172,0.919793966151582,0.919793966151582,KI67,30943.86107863378,21957.260057337793
15,15_HE_val.ndpi,15_KI67_val.ndpi,15_18,33370.165745479295,20414.561218605977,0.919793966151582,0.919793966151582,KI67,28508.012108676216,20366.81154353051
15,15_HE_val.ndpi,15_KI67_val.ndpi,15_19,32477.1242401091,20069.62984351589,0.919793966151582,0.919793966151582,KI67,27461.303222555052,19824.208436401485
15,15_HE_val.ndpi,15_KI67_val.ndpi,15_20,33195.71058295608,21891.63179736737,0.919793966151582,0.919793966151582,KI67,29148.083303186795,21791.6911600719
15,15_HE_val.ndpi,15_KI67_val.ndpi,15_21,30084.350550573778,19594.75456300079,0.919793966151582,0.919793966151582,KI67,25423.741807962226,19414.3241004287
15,15_HE_val.ndpi,15_KI67_val.ndpi,15_22,28319.851992777472,18061.76008794084,0.919793966151582,0.919793966151582,KI67,24294.292086109283,17636.33722787534
15,15_HE_val.ndpi,15_KI67_val.ndpi,15_23,27236.267681487847,18036.714230421654,0.919793966151582,0.919793966151582,KI67,23907.60082882146,17483.900246576388
15,15_HE_val.ndpi,15_KI67_val.ndpi,15_24,26593.10233257274,19242.109711905043,0.919793966151582,0.919793966151582,KI67,23731.659180769093,18882.877831348123
15,15_HE_val.ndpi,15_KI67_val.ndpi,15_25,24181.985891940443,16931.87146456355,0.919793966151582,0.919793966151582,KI67,23063.424500857484,15750.022208599921
15,15_HE_val.ndpi,15_KI67_val.ndpi,15_26,21869.876251571503,12570.74991145005,0.919793966151582,0.919793966151582,KI67,23233.772387739366,14219.673279438697
15,15_HE_val.ndpi,15_KI67_val.ndpi,15_27,23782.39363034701,11508.977943819958,0.919793966151582,0.919793966151582,KI67,24323.09983009003,13708.323795445678
15,15_HE_val.ndpi,15_KI67_val.ndpi,15_28,25220.40060776144,9921.815867677535,0.919793966151582,0.919793966151582,KI67,25483.815930647776,12389.571819818644
15,15_HE_val.ndpi,15_KI67_val.ndpi,15_29,24065.893515129126,7699.2713322982545,0.919793966151582,0.919793966151582,KI67,25623.39068648595,11107.98957426722
15,15_HE_val.ndpi,15_KI67_val.ndpi,15_30,23943.83409135546,6661.327280546539,0.919793966151582,0.919793966151582,KI67,25610.2880403732,10574.557797707941
15,15_HE_val.ndpi,15_KI67_val.ndpi,15_31,23794.461299784583,5678.435879969397,0.919793966151582,0.919793966151582,KI67,25655.69157744734,9927.83663450508
15,15_HE_val.ndpi,15_KI67_val.ndpi,15_32,26901.789840346974,2165.391596688194,0.919793966151582,0.919793966151582,KI67,27897.217043693447,6316.677304556673
15,15_HE_val.ndpi,15_KI67_val.ndpi,15_33,29406.925948208627,4206.223643684564,0.919793966151582,0.919793966151582,KI67,29161.00202558333,9240.416348165716
15,15_HE_val.ndpi,15_KI67_val.ndpi,15_34,30053.557430629957,3405.615930027344,0.919793966151582,0.919793966151582,KI67,29661.73879137536,8217.784985476826
15,15_HE_val.ndpi,15_KI67_val.ndpi,15_35,31523.68078174129,2397.843634179896,0.919793966151582,0.919793966151582,KI67,31322.39886463596,6670.940726422183
15,15_HE_val.ndpi,15_KI67_val.ndpi,15_36,34470.67559510397,2071.2939586040256,0.919793966151582,0.919793966151582,KI67,34433.64045176697,6300.461227790577
15,15_HE_val.ndpi,15_KI67_val.ndpi,15_37,35011.940743352185,4165.827033118002,0.919793966151582,0.919793966151582,KI67,34565.30286868805,8188.863962231108
15,15_HE_val.ndpi,15_KI67_val.ndpi,15_38,34338.3080939212,5133.168274673645,0.919793966151582,0.919793966151582,KI67,33927.85021735373,8858.822669417978
15,15_HE_val.ndpi,15_KI67_val.ndpi,15_39,33505.50252684357,5059.332397524316,0.919793966151582,0.919793966151582,KI67,33258.3057906661,8825.003698870756
15,15_HE_val.ndpi,15_KI67_val.ndpi,15_40,36584.36943107233,7093.765998329611,0.919793966151582,0.919793966151582,KI67,35280.35681370511,10710.010219756157
15,15_HE_val.ndpi,15_KI67_val.ndpi,15_41,37482.52999980412,6267.144564298322,0.919793966151582,0.919793966151582,KI67,36099.85680714256,10153.8295709005
15,15_HE_val.ndpi,15_KI67_val.ndpi,15_42,36431.57724255352,5585.142740655354,0.919793966151582,0.919793966151582,KI67,35424.560931927124,9474.424523496133
15,15_HE_val.ndpi,15_KI67_val.ndpi,15_43,40845.62045260648,5325.023157579078,0.919793966151582,0.919793966151582,KI67,38745.35055585699,9840.97013957118
15,15_HE_val.ndpi,15_KI67_val.ndpi,15_44,37631.600722789735,4451.380321488909,0.919793966151582,0.919793966151582,KI67,36469.70709734527,8757.988854698746
15,15_HE_val.ndpi,15_KI67_val.ndpi,15_45,36871.64917721457,3342.9535853261305,0.919793966151582,0.919793966151582,KI67,36060.539551280264,7758.4248772800365
15,15_HE_val.ndpi,15_KI67_val.ndpi,15_46,36469.30610103003,4703.964589801449,0.919793966151582,0.919793966151582,KI67,35570.902510773594,8802.769683439106
15,15_HE_val.ndpi,15_KI67_val.ndpi,15_47,30926.101450529037,15052.17961617291,0.919793966151582,0.919793966151582,KI67,26301.567072660713,15999.59398602219
15,15_HE_val.ndpi,15_KI67_val.ndpi,15_48,29873.572645882887,12978.855790690744,0.919793966151582,0.919793966151582,KI67,27042.10090637102,14091.937191664687
15,15_HE_val.ndpi,15_KI67_val.ndpi,15_49,29583.097027254888,13872.524682656483,0.919793966151582,0.919793966151582,KI67,26491.56259873518,14698.593580161298
15,15_HE_val.ndpi,15_KI67_val.ndpi,15_50,27665.19542021699,13847.258695685481,0.919793966151582,0.919793966151582,KI67,25216.15838933748,14477.53244818756
2,2_HE_val.ndpi,2_ER_val.ndpi,2_0,23302.62728060222,14696.187478494468,0.9109542245502164,0.9109542245502164,ER,21408.18766751942,7804.32200829863
2,2_HE_val.ndpi,2_ER_val.ndpi,2_1,18259.383899397235,12773.054774608065,0.9109542245502164,0.9109542245502164,ER,23066.194097320084,9351.15026850011
2,2_HE_val.ndpi,2_ER_val.ndpi,2_2,20507.531945190887,12362.353789826984,0.9109542245502164,0.9109542245502164,ER,21750.403006048924,9546.232429212092
2,2_HE_val.ndpi,2_ER_val.ndpi,2_3,23551.67656283629,12182.173141586794,0.9109542245502164,0.9109542245502164,ER,20440.90224081763,9715.544686204797
2,2_HE_val.ndpi,2_ER_val.ndpi,2_4,24241.172351372014,11552.383577663133,0.9109542245502164,0.9109542245502164,ER,19705.107957314493,10320.888511730553
2,2_HE_val.ndpi,2_ER_val.ndpi,2_5,22047.236443322818,7219.7304299791895,0.9109542245502164,0.9109542245502164,ER,19368.73365524178,13547.044839994578
2,2_HE_val.ndpi,2_ER_val.ndpi,2_6,25188.77775848996,9557.953024959868,0.9109542245502164,0.9109542245502164,ER,18342.11203223911,12048.319453539196
2,2_HE_val.ndpi,2_ER_val.ndpi,2_7,27327.47926084032,5843.706607736727,0.9109542245502164,0.9109542245502164,ER,16368.236230158978,14601.247313666372
2,2_HE_val.ndpi,2_ER_val.ndpi,2_8,26582.01478622603,6136.555487602967,0.9109542245502164,0.9109542245502164,ER,16770.492596302298,14492.378498793982
2,2_HE_val.ndpi,2_ER_val.ndpi,2_9,20477.60384060929,15322.710913260791,0.9109542245502164,0.9109542245502164,ER,22570.045087621533,7287.9000134863645
2,2_HE_val.ndpi,2_ER_val.ndpi,2_10,18559.27676212532,16360.552281178176,0.9109542245502164,0.9109542245502164,ER,23369.062257153855,6649.08225405292
2,2_HE_val.ndpi,2_ER_val.ndpi,2_11,14482.988581828706,15021.714595015808,0.9109542245502164,0.9109542245502164,ER,26421.541220309762,7546.4395115274
2,2_HE_val.ndpi,2_ER_val.ndpi,2_12,16690.754281593785,13793.353546263665,0.9109542245502164,0.9109542245502164,ER,24282.66695954694,8402.142725528329
2,2_HE_val.ndpi,2_ER_val.ndpi,2_13,22719.673558949926,14042.86570569894,0.9109542245502164,0.9109542245502164,ER,21454.24389847417,8229.290054481351
2,2_HE_val.ndpi,2_ER_val.ndpi,2_14,19865.531770301277,15938.480312716967,0.9109542245502164,0.9109542245502164,ER,22796.691454673288,6972.744245211178
2,2_HE_val.ndpi,2_ER_val.ndpi,2_15,19105.807333983063,11517.73638242319,0.9109542245502164,0.9109542245502164,ER,22118.351383469468,10291.517176660825
2,2_HE_val.ndpi,2_ER_val.ndpi,2_16,21741.494316540702,10683.198792632396,0.9109542245502164,0.9109542245502164,ER,20454.98834650752,10920.78227227976
2,2_HE_val.ndpi,2_ER_val.ndpi,2_17,22438.400100171966,9063.621537929186,0.9109542245502164,0.9109542245502164,ER,19509.727912423543,12265.179243211038
2,2_HE_val.ndpi,2_ER_val.ndpi,2_18,23581.7694898579,10589.775691014624,0.9109542245502164,0.9109542245502164,ER,19652.502191432148,11067.700132051545
2,2_HE_val.ndpi,2_ER_val.ndpi,2_19,16203.835105958062,14869.472513234687,0.9109542245502164,0.9109542245502164,ER,24926.24659554999,7646.595171980045
2,2_HE_val.ndpi,2_ER_val.ndpi,2_20,15761.014995902044,15911.705021019807,0.9109542245502164,0.9109542245502164,ER,25373.3764317977,6899.741701450818
2,2_HE_val.ndpi,2_ER_val.ndpi,2_21,22046.489672510186,14814.020544682524,0.9109542245502164,0.9109542245502164,ER,21892.71868020063,7686.995231192478
2,2_HE_val.ndpi,2_ER_val.ndpi,2_22,21384.99561694989,12201.058353562299,0.9109542245502164,0.9109542245502164,ER,21293.301827966116,9577.118271977244
2,2_HE_val.ndpi,2_ER_val.ndpi,2_23,20623.990004392494,14712.367996264658,0.9109542245502164,0.9109542245502164,ER,22398.22980060804,7691.740993269164
2,2_HE_val.ndpi,2_ER_val.ndpi,2_24,17318.76459094434,15148.653770539187,0.9109542245502164,0.9109542245502164,ER,24124.949902766533,7419.36368903211
2,2_HE_val.ndpi,2_ER_val.ndpi,2_25,16036.488015388806,17121.504302842608,0.9109542245502164,0.9109542245502164,ER,25176.442052054696,6121.860525448058
2,2_HE_val.ndpi,2_ER_val.ndpi,2_26,18696.481517167824,13398.259089714567,0.9109542245502164,0.9109542245502164,ER,22995.70397775212,8785.962458416494
2,2_HE_val.ndpi,2_ER_val.ndpi,2_27,25375.32871431692,11200.847614785549,0.9109542245502164,0.9109542245502164,ER,18978.7302991701,10587.171218730657
2,2_HE_val.ndpi,2_ER_val.ndpi,2_28,22484.929407564316,12956.172269499319,0.9109542245502164,0.9109542245502164,ER,21254.49205036691,9040.204823155425
2,2_HE_val.ndpi,2_ER_val.ndpi,2_29,27951.19105093211,6342.264954143622,0.9109542245502164,0.9109542245502164,ER,16083.000640081742,14248.570526276479
2,2_HE_val.ndpi,2_ER_val.ndpi,2_30,25107.04528183444,7013.489470178497,0.9109542245502164,0.9109542245502164,ER,17676.759804197078,14046.511883731042
2,2_HE_val.ndpi,2_ER_val.ndpi,2_31,22439.25828301508,7408.793802656027,0.9109542245502164,0.9109542245502164,ER,19124.310135043997,13482.533703308056
2,2_HE_val.ndpi,2_ER_val.ndpi,2_32,23682.00129016458,7319.466276097088,0.9109542245502164,0.9109542245502164,ER,18438.665066853933,13710.743571177265
2,2_HE_val.ndpi,2_ER_val.ndpi,2_33,22789.731600641044,11803.081898914275,0.9109542245502164,0.9109542245502164,ER,20655.08903959439,9966.785278267707
2,2_HE_val.ndpi,2_ER_val.ndpi,2_34,13861.807098795756,14710.262255937218,0.9109542245502164,0.9109542245502164,ER,27033.637781761623,7789.440647668472
2,2_HE_val.ndpi,2_ER_val.ndpi,2_35,15209.78217934326,15788.770271916743,0.9109542245502164,0.9109542245502164,ER,25814.186709744423,6975.407126405496
2,2_HE_val.ndpi,2_ER_val.ndpi,2_36,25579.21948420274,10644.158145062991,0.9109542245502164,0.9109542245502164,ER,18606.756815745797,11090.357703209436
2,2_HE_val.ndpi,2_ER_val.ndpi,2_37,17112.546307706943,13535.946701594768,0.9109542245502164,0.9109542245502164,ER,23927.820701475885,8604.798959504691
2,2_HE_val.ndpi,2_ER_val.ndpi,2_38,17722.629395797074,13129.849255634284,0.9109542245502164,0.9109542245502164,ER,23470.037983488666,8987.025375130594
2,2_HE_val.ndpi,2_ER_val.ndpi,2_39,20692.30617442744,11218.920782713876,0.9109542245502164,0.9109542245502164,ER,21191.653406736663,10508.831827688637
2,2_HE_val.ndpi,2_ER_val.ndpi,2_40,21196.06491617757,15596.06435044507,0.9109542245502164,0.9109542245502164,ER,22263.44798804995,7223.701211297591
2,2_HE_val.ndpi,2_ER_val.ndpi,2_41,18878.570695751918,15466.426248550066,0.9109542245502164,0.9109542245502164,ER,23262.608282694568,7162.385714608681
2,2_HE_val.ndpi,2_ER_val.ndpi,2_42,18839.08632785732,16708.451163779566,0.9109542245502164,0.9109542245502164,ER,23324.449037645856,6469.817862850859
2,2_HE_val.ndpi,2_ER_val.ndpi,2_43,19472.97158695848,13419.2836420549,0.9109542245502164,0.9109542245502164,ER,22570.12027977074,8725.924009675757
2,2_HE_val.ndpi,2_ER_val.ndpi,2_44,22673.673185564243,12389.954584317684,0.9109542245502164,0.9109542245502164,ER,20946.48622746546,9466.78862000042
2,2_HE_val.ndpi,2_ER_val.ndpi,2_45,24688.027432871866,9517.017533633587,0.9109542245502164,0.9109542245502164,ER,18684.50960491601,12058.99238128851
2,2_HE_val.ndpi,2_ER_val.ndpi,2_46,23424.979430450363,8740.870404262918,0.9109542245502164,0.9109542245502164,ER,18878.308968656875,12615.68632304912
2,2_HE_val.ndpi,2_ER_val.ndpi,2_47,23816.229175282202,5835.556064662834,0.9109542245502164,0.9109542245502164,ER,18115.401507204293,14633.216477880153
2,2_HE_val.ndpi,2_ER_val.ndpi,2_48,22498.369763382318,6351.315313916199,0.9109542245502164,0.9109542245502164,ER,18965.070783989708,14182.774387032414
2,2_HE_val.ndpi,2_ER_val.ndpi,2_49,22847.21322239634,6986.814217161874,0.9109542245502164,0.9109542245502164,ER,18835.272264190302,13792.978217059013
2,2_HE_val.ndpi,2_ER_val.ndpi,2_50,20971.79477650228,8318.389770761529,0.9109542245502164,0.9109542245502164,ER,20266.521204216333,12688.849216541876
43,43_HE_val.ndpi,43_HER2_val.ndpi,43_0,20190.580596758737,9345.19398362823,0.9097732390201744,0.9097732390201744,HER2,38787.368915937186,11255.155720759907
43,43_HE_val.ndpi,43_HER2_val.ndpi,43_1,28026.017470249044,11297.777085026597,0.9097732390201744,0.9097732390201744,HER2,43331.084978531624,14959.414408213912
43,43_HE_val.ndpi,43_HER2_val.ndpi,43_2,29064.690179303463,10518.697040740666,0.9097732390201744,0.9097732390201744,HER2,43636.011712284315,14544.14846363027
43,43_HE_val.ndpi,43_HER2_val.ndpi,43_3,31159.448214661024,11747.471370673042,0.9097732390201744,0.9097732390201744,HER2,45531.59458700255,16105.418509840014
43,43_HE_val.ndpi,43_HER2_val.ndpi,43_4,30705.385668979867,11269.11215141773,0.9097732390201744,0.9097732390201744,HER2,44876.90300214678,15428.807731279814
43,43_HE_val.ndpi,43_HER2_val.ndpi,43_5,30843.871674442213,10336.65159827841,0.9097732390201744,0.9097732390201744,HER2,44948.093130352136,14530.949067333755
43,43_HE_val.ndpi,43_HER2_val.ndpi,43_6,29380.765135226513,11665.835381457857,0.9097732390201744,0.9097732390201744,HER2,43889.22738766606,15559.082037628306
43,43_HE_val.ndpi,43_HER2_val.ndpi,43_7,27661.196045901703,8739.589723117342,0.9097732390201744,0.9097732390201744,HER2,43196.63409295537,12085.601955010165
43,43_HE_val.ndpi,43_HER2_val.ndpi,43_8,24082.786851956156,5248.037063496839,0.9097732390201744,0.9097732390201744,HER2,43956.82127851245,6684.117043177745
43,43_HE_val.ndpi,43_HER2_val.ndpi,43_9,29867.58886359576,14333.90844385975,0.9097732390201744,0.9097732390201744,HER2,45117.78741006736,17910.784442353644
43,43_HE_val.ndpi,43_HER2_val.ndpi,43_10,29839.648690650698,13758.933497897586,0.9097732390201744,0.9097732390201744,HER2,44769.54015463949,17426.766050088532
43,43_HE_val.ndpi,43_HER2_val.ndpi,43_11,27884.208442963034,13036.652575065378,0.9097732390201744,0.9097732390201744,HER2,44058.793209544965,16518.86942603572
43,43_HE_val.ndpi,43_HER2_val.ndpi,43_12,28811.74093553705,14257.672394865313,0.9097732390201744,0.9097732390201744,HER2,44537.99887240206,17920.54485103852
43,43_HE_val.ndpi,43_HER2_val.ndpi,43_13,28849.382148405253,15307.532203323291,0.9097732390201744,0.9097732390201744,HER2,45517.1315861219,19046.804822618462
43,43_HE_val.ndpi,43_HER2_val.ndpi,43_14,36094.182914527264,15255.789496836198,0.9097732390201744,0.9097732390201744,HER2,52358.19152489436,22900.58011327299
43,43_HE_val.ndpi,43_HER2_val.ndpi,43_15,34742.57615487558,15923.991064586377,0.9097732390201744,0.9097732390201744,HER2,50546.390953225455,22946.604044695683
43,43_HE_val.ndpi,43_HER2_val.ndpi,43_16,38282.1524480066,8565.740369006744,0.9097732390201744,0.9097732390201744,HER2,58456.72352553367,13739.778915602976
43,43_HE_val.ndpi,43_HER2_val.ndpi,43_17,36136.81867997671,8766.994084880522,0.9097732390201744,0.9097732390201744,HER2,54471.47190494579,13580.93423607212
43,43_HE_val.ndpi,43_HER2_val.ndpi,43_18,39978.28175411469,11342.809530955967,0.9097732390201744,0.9097732390201744,HER2,61774.03601267162,19088.4449468797
43,43_HE_val.ndpi,43_HER2_val.ndpi,43_19,39689.39889230856,10116.801933870796,0.9097732390201744,0.9097732390201744,HER2,61830.27491011677,17097.846972945143
43,43_HE_val.ndpi,43_HER2_val.ndpi,43_20,39261.91830703004,9498.975476000009,0.9097732390201744,0.9097732390201744,HER2,60788.20181106524,15897.217785545461
43,43_HE_val.ndpi,43_HER2_val.ndpi,43_21,35976.319658603265,10852.889937379075,0.9097732390201744,0.9097732390201744,HER2,53778.78788288836,16725.019949589845
43,43_HE_val.ndpi,43_HER2_val.ndpi,43_22,35479.12471129233,10587.362529652091,0.9097732390201744,0.9097732390201744,HER2,52911.95589769629,16135.099948237212
43,43_HE_val.ndpi,43_HER2_val.ndpi,43_23,33954.063454348216,7103.356312902789,0.9097732390201744,0.9097732390201744,HER2,50638.849456907934,11163.545261799252
43,43_HE_val.ndpi,43_HER2_val.ndpi,43_24,33765.56656513786,6302.606967272548,0.9097732390201744,0.9097732390201744,HER2,50599.94429536954,10322.872962365482
43,43_HE_val.ndpi,43_HER2_val.ndpi,43_25,36708.207830764986,3438.7156068064564,0.9097732390201744,0.9097732390201744,HER2,56730.37337319262,6385.936532805662
43,43_HE_val.ndpi,43_HER2_val.ndpi,43_26,37319.63462012815,6342.621224137398,0.9097732390201744,0.9097732390201744,HER2,57230.27938987567,10480.444543758711
43,43_HE_val.ndpi,43_HER2_val.ndpi,43_27,38353.311624343885,5996.459491972392,0.9097732390201744,0.9097732390201744,HER2,59899.94531795814,9689.800560684835
43,43_HE_val.ndpi,43_HER2_val.ndpi,43_28,38466.63164415667,7646.824795055305,0.9097732390201744,0.9097732390201744,HER2,58972.75524259281,12119.608140974055
43,43_HE_val.ndpi,43_HER2_val.ndpi,43_29,38860.75480850548,6306.117397360894,0.9097732390201744,0.9097732390201744,HER2,60650.645974527004,10106.632324994001
43,43_HE_val.ndpi,43_HER2_val.ndpi,43_30,38901.99665038553,5173.129450560907,0.9097732390201744,0.9097732390201744,HER2,61362.465561096826,8657.512445105656
43,43_HE_val.ndpi,43_HER2_val.ndpi,43_31,35740.60922082194,7174.249965572917,0.9097732390201744,0.9097732390201744,HER2,54005.979545823044,11393.33443716083
43,43_HE_val.ndpi,43_HER2_val.ndpi,43_32,35104.72266083856,8309.677501866692,0.9097732390201744,0.9097732390201744,HER2,52423.42086621123,12866.556862696236
43,43_HE_val.ndpi,43_HER2_val.ndpi,43_33,33719.957192388414,8398.719152714579,0.9097732390201744,0.9097732390201744,HER2,49481.15457908072,12835.600681557638
43,43_HE_val.ndpi,43_HER2_val.ndpi,43_34,32599.65668420561,9407.504855453222,0.9097732390201744,0.9097732390201744,HER2,47441.64047945657,13916.78752452102
43,43_HE_val.ndpi,43_HER2_val.ndpi,43_35,31880.891019420844,10225.960475165331,0.9097732390201744,0.9097732390201744,HER2,46398.99288803089,14782.329014857432
43,43_HE_val.ndpi,43_HER2_val.ndpi,43_36,32821.10328424263,10704.405152212415,0.9097732390201744,0.9097732390201744,HER2,48204.62022650158,15477.701196613347
43,43_HE_val.ndpi,43_HER2_val.ndpi,43_37,31256.095430812955,9235.468697568049,0.9097732390201744,0.9097732390201744,HER2,45409.883956885,13538.571950308458
43,43_HE_val.ndpi,43_HER2_val.ndpi,43_38,30182.144593348632,10093.283197656474,0.9097732390201744,0.9097732390201744,HER2,44347.771125418316,14313.142163903347
43,43_HE_val.ndpi,43_HER2_val.ndpi,43_39,34836.70392765404,9858.897879271768,0.9097732390201744,0.9097732390201744,HER2,51897.928660834164,14898.91021779432
43,43_HE_val.ndpi,43_HER2_val.ndpi,43_40,30357.828867340308,12810.002945365632,0.9097732390201744,0.9097732390201744,HER2,44865.76112788828,16844.36299992204
43,43_HE_val.ndpi,43_HER2_val.ndpi,43_41,29333.748030564955,13626.291707643408,0.9097732390201744,0.9097732390201744,HER2,44544.46860985645,17264.559357324895
43,43_HE_val.ndpi,43_HER2_val.ndpi,43_42,28491.28340910171,13268.051266747776,0.9097732390201744,0.9097732390201744,HER2,44512.14028399143,16780.84918328101
43,43_HE_val.ndpi,43_HER2_val.ndpi,43_43,28251.197676937783,12254.137033553729,0.9097732390201744,0.9097732390201744,HER2,43617.38908721241,15902.743710428344
43,43_HE_val.ndpi,43_HER2_val.ndpi,43_44,31581.60634990988,15234.09921941316,0.9097732390201744,0.9097732390201744,HER2,46941.98883216445,20143.78962536704
43,43_HE_val.ndpi,43_HER2_val.ndpi,43_45,32153.845286207124,15492.255144773782,0.9097732390201744,0.9097732390201744,HER2,47667.32738875535,20763.255227205947
43,43_HE_val.ndpi,43_HER2_val.ndpi,43_46,32581.912918300284,17361.895187744896,0.9097732390201744,0.9097732390201744,HER2,48232.04917978619,23410.32666923925
43,43_HE_val.ndpi,43_HER2_val.ndpi,43_47,38401.50651942762,11049.606060771832,0.9097732390201744,0.9097732390201744,HER2,58987.00572278971,18213.490431872306
43,43_HE_val.ndpi,43_HER2_val.ndpi,43_48,37196.43582584772,10492.853590047529,0.9097732390201744,0.9097732390201744,HER2,56410.99823735898,16798.754473651396
43,43_HE_val.ndpi,43_HER2_val.ndpi,43_49,35212.19899100469,5388.797697870664,0.9097732390201744,0.9097732390201744,HER2,53626.758718880854,9280.965053376092
43,43_HE_val.ndpi,43_HER2_val.ndpi,43_50,35882.701272710314,4564.104451468958,0.9097732390201744,0.9097732390201744,HER2,55150.07873630041,8040.290253233755
14,14_HE_val.ndpi,14_ER_val.ndpi,14_0,21232.952067102782,1309.0364065660276,0.919793966151582,0.919793966151582,ER,10641.841578970649,1398.2521962918242
14,14_HE_val.ndpi,14_ER_val.ndpi,14_1,23401.466196593854,4040.6278579681707,0.919793966151582,0.919793966151582,ER,12187.947222388777,3535.4292998386327
14,14_HE_val.ndpi,14_ER_val.ndpi,14_2,22495.391793992792,1861.7210591521014,0.919793966151582,0.919793966151582,ER,11409.626457138424,1906.4341491835787
14,14_HE_val.ndpi,14_ER_val.ndpi,14_3,22402.575452287365,5502.7793572382425,0.919793966151582,0.919793966151582,ER,12049.727433161488,4597.187931402665
14,14_HE_val.ndpi,14_ER_val.ndpi,14_4,21241.2522447037,2734.358982735689,0.919793966151582,0.919793966151582,ER,10793.908390611066,2281.415992536822
14,14_HE_val.ndpi,14_ER_val.ndpi,14_5,25575.915832628285,1958.214087941211,0.919793966151582,0.919793966151582,ER,13529.946615126339,2582.0913521357816
14,14_HE_val.ndpi,14_ER_val.ndpi,14_6,27694.16241848977,15468.770278774446,0.919793966151582,0.919793966151582,ER,12694.84360346564,14275.90781217096
14,14_HE_val.ndpi,14_ER_val.ndpi,14_7,30429.293168369622,15329.88049561301,0.919793966151582,0.919793966151582,ER,14628.813364241272,14475.333460044345
14,14_HE_val.ndpi,14_ER_val.ndpi,14_8,32238.5372109817,15135.455705287275,0.919793966151582,0.919793966151582,ER,15012.274427331286,14843.511648441585
14,14_HE_val.ndpi,14_ER_val.ndpi,14_9,29774.656576458838,10149.835775931424,0.919793966151582,0.919793966151582,ER,13706.824083760286,10098.10858155116
14,14_HE_val.ndpi,14_ER_val.ndpi,14_10,22953.269968788358,9725.686141624465,0.919793966151582,0.919793966151582,ER,11140.700549040845,8783.14027316187
14,14_HE_val.ndpi,14_ER_val.ndpi,14_11,35281.50007306014,7254.3842935736975,0.919793966151582,0.919793966151582,ER,17674.28458614789,8558.01487562765
14,14_HE_val.ndpi,14_ER_val.ndpi,14_12,36714.37538673389,3626.0526762861855,0.919793966151582,0.919793966151582,ER,19683.79619365139,5643.931258411004
14,14_HE_val.ndpi,14_ER_val.ndpi,14_13,22199.641980595137,11347.945041093535,0.919793966151582,0.919793966151582,ER,10518.164548470533,10336.687806567705
14,14_HE_val.ndpi,14_ER_val.ndpi,14_14,23290.809155713232,15884.898157983256,0.919793966151582,0.919793966151582,ER,9816.106136323624,14033.992037288443
14,14_HE_val.ndpi,14_ER_val.ndpi,14_15,27616.179226482098,10621.559458955851,0.919793966151582,0.919793966151582,ER,11817.734878015766,10331.102024009066
14,14_HE_val.ndpi,14_ER_val.ndpi,14_16,26554.213766573524,8273.042440227044,0.919793966151582,0.919793966151582,ER,12442.48668991607,8260.350852528602
14,14_HE_val.ndpi,14_ER_val.ndpi,14_17,23428.90757873437,7569.475716815709,0.919793966151582,0.919793966151582,ER,12183.819314014007,6786.822018170253
14,14_HE_val.ndpi,14_ER_val.ndpi,14_18,31988.438078214567,12903.308210028585,0.919793966151582,0.919793966151582,ER,14782.07495784208,12875.84496722441
14,14_HE_val.ndpi,14_ER_val.ndpi,14_19,34826.25910353098,14957.431368345426,0.919793966151582,0.919793966151582,ER,15328.472375255526,15370.877868743757
14,14_HE_val.ndpi,14_ER_val.ndpi,14_20,35960.8487041798,16200.502178902325,0.919793966151582,0.919793966151582,ER,15477.738135448766,16723.050155318946
14,14_HE_val.ndpi,14_ER_val.ndpi,14_21,35269.8600290008,10006.090385735673,0.919793966151582,0.919793966151582,ER,16818.196915836725,11011.006997434564
14,14_HE_val.ndpi,14_ER_val.ndpi,14_22,31323.94002481285,8963.558457856541,0.919793966151582,0.919793966151582,ER,14866.13981101009,9389.28850121531
14,14_HE_val.ndpi,14_ER_val.ndpi,14_23,34437.564456487096,11227.764087218256,0.919793966151582,0.919793966151582,ER,16058.782471442522,11962.480987322233
14,14_HE_val.ndpi,14_ER_val.ndpi,14_24,31367.28202359297,16880.50729234709,0.919793966151582,0.919793966151582,ER,15003.221590246021,15922.38845301064
14,14_HE_val.ndpi,14_ER_val.ndpi,14_25,28159.268658184643,12673.0448949638,0.919793966151582,0.919793966151582,ER,12708.32485481482,11982.15966278089
14,14_HE_val.ndpi,14_ER_val.ndpi,14_26,29825.70072114596,5865.986193664903,0.919793966151582,0.919793966151582,ER,15173.785390090809,6777.772743356479
14,14_HE_val.ndpi,14_ER_val.ndpi,14_27,33851.86080247557,3281.5588026519517,0.919793966151582,0.919793966151582,ER,18023.740051219756,4696.65821773895
14,14_HE_val.ndpi,14_ER_val.ndpi,14_28,34945.57266375852,5698.282447161721,0.919793966151582,0.919793966151582,ER,17946.554328772196,7094.996976829086
14,14_HE_val.ndpi,14_ER_val.ndpi,14_29,29262.16415438073,3273.5694902432288,0.919793966151582,0.919793966151582,ER,15580.05429088438,4223.273910660299
14,14_HE_val.ndpi,14_ER_val.ndpi,14_30,25361.762260138887,3255.170267171639,0.919793966151582,0.919793966151582,ER,13313.552595526919,3626.664576938567
14,14_HE_val.ndpi,14_ER_val.ndpi,14_31,25718.98188617646,5343.236135879141,0.919793966151582,0.919793966151582,ER,13477.67109369358,5355.6825377945015
14,14_HE_val.ndpi,14_ER_val.ndpi,14_32,25070.312417877773,10330.22611276422,0.919793966151582,0.919793966151582,ER,11271.770472712857,9778.608458516095
14,14_HE_val.ndpi,14_ER_val.ndpi,14_33,21094.485968462293,7460.746810439701,0.919793966151582,0.919793966151582,ER,11175.709590882632,6114.19263366407
14,14_HE_val.ndpi,14_ER_val.ndpi,14_34,21076.4308671932,13139.36183828664,0.919793966151582,0.919793966151582,ER,9567.629456210489,11731.204779721891
14,14_HE_val.ndpi,14_ER_val.ndpi,14_35,32132.92700389879,7706.1791606596,0.919793966151582,0.919793966151582,ER,15696.726886742834,8424.169588302762
14,14_HE_val.ndpi,14_ER_val.ndpi,14_36,28030.78050908137,1059.5969448541164,0.919793966151582,0.919793966151582,ER,14972.20230701204,2200.658366532803
14,14_HE_val.ndpi,14_ER_val.ndpi,14_37,33826.41171244002,1029.0550633247256,0.919793966151582,0.919793966151582,ER,18700.219064682675,2678.24660859888
14,14_HE_val.ndpi,14_ER_val.ndpi,14_38,35333.43890989872,1959.4890533920109,0.919793966151582,0.919793966151582,ER,19346.275371193242,3843.705513408498
14,14_HE_val.ndpi,14_ER_val.ndpi,14_39,36928.201638711515,5069.612675101581,0.919793966151582,0.919793966151582,ER,19365.97778907678,6976.706159153053
14,14_HE_val.ndpi,14_ER_val.ndpi,14_40,29825.373105321236,8177.045177267971,0.919793966151582,0.919793966151582,ER,14027.970082163218,8665.860010856326
14,14_HE_val.ndpi,14_ER_val.ndpi,14_41,32165.651232524062,10631.701545652817,0.919793966151582,0.919793966151582,ER,15176.10189824331,10941.731575535947
14,14_HE_val.ndpi,14_ER_val.ndpi,14_42,35023.098745028256,12511.334914142944,0.919793966151582,0.919793966151582,ER,16003.929349813034,13230.581134808994
14,14_HE_val.ndpi,14_ER_val.ndpi,14_43,32965.370582143674,4832.092631411087,0.919793966151582,0.919793966151582,ER,17108.19068370838,5978.404891182884
14,14_HE_val.ndpi,14_ER_val.ndpi,14_44,24872.913216155812,8095.242232761704,0.919793966151582,0.919793966151582,ER,11731.465548342368,7746.009030454656
14,14_HE_val.ndpi,14_ER_val.ndpi,14_45,36598.57034519656,8346.970315150413,0.919793966151582,0.919793966151582,ER,18151.55009834815,9825.405756205158
14,14_HE_val.ndpi,14_ER_val.ndpi,14_46,36867.733780105096,12321.74322889998,0.919793966151582,0.919793966151582,ER,17086.965214367145,13436.946904606857
14,14_HE_val.ndpi,14_ER_val.ndpi,14_47,29920.938622665155,11911.391064749341,0.919793966151582,0.919793966151582,ER,14117.485031270468,11574.78911181839
14,14_HE_val.ndpi,14_ER_val.ndpi,14_48,27752.403776614112,6331.171351379217,0.919793966151582,0.919793966151582,ER,14128.372490373918,6806.874870321508
14,14_HE_val.ndpi,14_ER_val.ndpi,14_49,34578.51836942237,8657.493431205145,0.919793966151582,0.919793966151582,ER,16847.072242241135,9664.821586830702
14,14_HE_val.ndpi,14_ER_val.ndpi,14_50,33967.82508502684,17416.0551291951,0.919793966151582,0.919793966151582,ER,14880.652021702546,17449.19291544334
35,35_HE_val.ndpi,35_PGR_val.ndpi,35_0,25406.57191130116,3855.333723725837,0.9109542245502164,0.9109542245502164,PGR,17770.36060411692,8257.047179379288
35,35_HE_val.ndpi,35_PGR_val.ndpi,35_1,26400.331124284196,4023.273940796797,0.9109542245502164,0.9109542245502164,PGR,18594.28314348658,8413.77041778375
35,35_HE_val.ndpi,35_PGR_val.ndpi,35_2,27875.630100384707,8296.587525673362,0.9109542245502164,0.9109542245502164,PGR,18946.631517754744,12127.78698926436
35,35_HE_val.ndpi,35_PGR_val.ndpi,35_3,29911.76231226493,9054.182078268042,0.9109542245502164,0.9109542245502164,PGR,20043.67924348457,12685.894098077268
35,35_HE_val.ndpi,35_PGR_val.ndpi,35_4,35486.440156896584,5762.681429090635,0.9109542245502164,0.9109542245502164,PGR,23357.590104747615,11673.846326850527
35,35_HE_val.ndpi,35_PGR_val.ndpi,35_5,34325.297212326135,6598.366602423921,0.9109542245502164,0.9109542245502164,PGR,22881.29757152028,11866.349409743883
35,35_HE_val.ndpi,35_PGR_val.ndpi,35_6,35510.776491663055,6892.568717922863,0.9109542245502164,0.9109542245502164,PGR,23784.60591334816,12406.36298600249
35,35_HE_val.ndpi,35_PGR_val.ndpi,35_7,36228.86328829817,6268.423890842673,0.9109542245502164,0.9109542245502164,PGR,24324.74486707083,12090.171459348994
35,35_HE_val.ndpi,35_PGR_val.ndpi,35_8,37476.12094178362,7387.846970405358,0.9109542245502164,0.9109542245502164,PGR,25680.111907112885,12782.289274232095
35,35_HE_val.ndpi,35_PGR_val.ndpi,35_9,28263.736973404244,5874.7878067819265,0.9109542245502164,0.9109542245502164,PGR,19610.61623394251,9925.736259989793
35,35_HE_val.ndpi,35_PGR_val.ndpi,35_10,31246.074961988263,8777.109061624318,0.9109542245502164,0.9109542245502164,PGR,20940.129965563756,12599.108568154861
35,35_HE_val.ndpi,35_PGR_val.ndpi,35_11,32003.472303033246,6544.910440100443,0.9109542245502164,0.9109542245502164,PGR,21640.34127384527,11005.263559344083
35,35_HE_val.ndpi,35_PGR_val.ndpi,35_12,32284.953286887714,7223.284426865454,0.9109542245502164,0.9109542245502164,PGR,21781.263078428576,11519.698800482245
35,35_HE_val.ndpi,35_PGR_val.ndpi,35_13,32965.25563266125,7254.766390079192,0.9109542245502164,0.9109542245502164,PGR,22243.027942661793,11699.474440383268
35,35_HE_val.ndpi,35_PGR_val.ndpi,35_14,32951.271823582734,5965.881663286734,0.9109542245502164,0.9109542245502164,PGR,22076.099073564346,10929.998296069401
35,35_HE_val.ndpi,35_PGR_val.ndpi,35_15,33510.07703751688,7927.967459402008,0.9109542245502164,0.9109542245502164,PGR,22726.388292284526,12242.523306222389
35,35_HE_val.ndpi,35_PGR_val.ndpi,35_16,36532.30155644709,7069.316877369316,0.9109542245502164,0.9109542245502164,PGR,24812.901427537614,12591.615350910664
35,35_HE_val.ndpi,35_PGR_val.ndpi,35_17,34711.10308858981,7975.7657632398805,0.9109542245502164,0.9109542245502164,PGR,23406.362083044252,12669.623810175934
35,35_HE_val.ndpi,35_PGR_val.ndpi,35_18,35385.97966486634,8337.45602579932,0.9109542245502164,0.9109542245502164,PGR,23851.176938379176,13067.499989953585
35,35_HE_val.ndpi,35_PGR_val.ndpi,35_19,39052.16972453272,6947.629301513803,0.9109542245502164,0.9109542245502164,PGR,26793.981370368732,12291.538560192805
35,35_HE_val.ndpi,35_PGR_val.ndpi,35_20,39349.90109617273,7869.8971121138975,0.9109542245502164,0.9109542245502164,PGR,27458.667640730786,13014.672094495567
35,35_HE_val.ndpi,35_PGR_val.ndpi,35_21,38715.73337407608,7921.351428129306,0.9109542245502164,0.9109542245502164,PGR,26973.203240156305,13096.219526116263
35,35_HE_val.ndpi,35_PGR_val.ndpi,35_22,38270.56568893487,8772.198180603376,0.9109542245502164,0.9109542245502164,PGR,26875.482180667426,13681.969206647384
35,35_HE_val.ndpi,35_PGR_val.ndpi,35_23,39365.30677359205,10451.76895174572,0.9109542245502164,0.9109542245502164,PGR,28829.99780912694,14781.875847668236
35,35_HE_val.ndpi,35_PGR_val.ndpi,35_24,40802.475748851204,10841.347315975805,0.9109542245502164,0.9109542245502164,PGR,30454.681505938406,14826.246364434934
35,35_HE_val.ndpi,35_PGR_val.ndpi,35_25,42245.251739218504,10717.11006518525,0.9109542245502164,0.9109542245502164,PGR,31900.372048250076,14556.230378945897
35,35_HE_val.ndpi,35_PGR_val.ndpi,35_26,31115.33372735618,11627.516440461533,0.9109542245502164,0.9109542245502164,PGR,20575.063285775515,15034.601983178345
35,35_HE_val.ndpi,35_PGR_val.ndpi,35_27,32953.94361535032,12412.301515690871,0.9109542245502164,0.9109542245502164,PGR,22422.55338993246,16024.550205767091
35,35_HE_val.ndpi,35_PGR_val.ndpi,35_28,33257.26222274105,13609.929280854478,0.9109542245502164,0.9109542245502164,PGR,22726.543062807665,17081.980953633607
35,35_HE_val.ndpi,35_PGR_val.ndpi,35_29,34569.02179323744,13501.115911493976,0.9109542245502164,0.9109542245502164,PGR,23881.039119051682,16912.191152387313
35,35_HE_val.ndpi,35_PGR_val.ndpi,35_30,35765.05404435498,13586.811816496996,0.9109542245502164,0.9109542245502164,PGR,24925.319394599428,16914.19635876945
35,35_HE_val.ndpi,35_PGR_val.ndpi,35_31,33854.88102548018,16337.297573163558,0.9109542245502164,0.9109542245502164,PGR,23388.10729577085,19550.971297940476
35,35_HE_val.ndpi,35_PGR_val.ndpi,35_32,34571.969621143864,15552.464200908064,0.9109542245502164,0.9109542245502164,PGR,23993.248641877643,18805.71980767168
35,35_HE_val.ndpi,35_PGR_val.ndpi,35_33,32302.705213159687,15358.253748989824,0.9109542245502164,0.9109542245502164,PGR,21882.29135187848,18531.66417190395
35,35_HE_val.ndpi,35_PGR_val.ndpi,35_34,32483.549515718023,16589.158434646826,0.9109542245502164,0.9109542245502164,PGR,22188.203267866873,19811.67214910686
35,35_HE_val.ndpi,35_PGR_val.ndpi,35_35,30105.08920895433,17749.356222043334,0.9109542245502164,0.9109542245502164,PGR,20434.910360674257,20503.45646434143
35,35_HE_val.ndpi,35_PGR_val.ndpi,35_36,28278.228820884262,17125.31747811269,0.9109542245502164,0.9109542245502164,PGR,18185.67665915119,19934.33105435062
35,35_HE_val.ndpi,35_PGR_val.ndpi,35_37,26100.270818897607,18787.0531417816,0.9109542245502164,0.9109542245502164,PGR,16073.308762781991,20839.31179298949
35,35_HE_val.ndpi,35_PGR_val.ndpi,35_38,34054.6896409936,11696.919983006179,0.9109542245502164,0.9109542245502164,PGR,23363.683794054457,15477.157297160707
35,35_HE_val.ndpi,35_PGR_val.ndpi,35_39,38163.380504965804,9860.229815032502,0.9109542245502164,0.9109542245502164,PGR,27288.280914774958,14396.012163441264
35,35_HE_val.ndpi,35_PGR_val.ndpi,35_40,38030.7465601641,11969.436386029309,0.9109542245502164,0.9109542245502164,PGR,27050.13825110757,15437.099393782477
35,35_HE_val.ndpi,35_PGR_val.ndpi,35_41,36962.70127286692,11916.51290839816,0.9109542245502164,0.9109542245502164,PGR,25975.271281406687,15645.845245676113
35,35_HE_val.ndpi,35_PGR_val.ndpi,35_42,36215.589509163714,10983.896793254693,0.9109542245502164,0.9109542245502164,PGR,25349.32465351097,14895.162338010929
35,35_HE_val.ndpi,35_PGR_val.ndpi,35_43,34267.784002267756,10590.149757324549,0.9109542245502164,0.9109542245502164,PGR,23334.10325977421,14475.516504349034
35,35_HE_val.ndpi,35_PGR_val.ndpi,35_44,35258.62588691662,9851.745253895724,0.9109542245502164,0.9109542245502164,PGR,24211.04526990185,13938.393549305134
35,35_HE_val.ndpi,35_PGR_val.ndpi,35_45,32780.423496509626,9908.49575438337,0.9109542245502164,0.9109542245502164,PGR,22158.574547929653,13794.022735629425
35,35_HE_val.ndpi,35_PGR_val.ndpi,35_46,32538.036812141712,11156.50908931848,0.9109542245502164,0.9109542245502164,PGR,21877.797373761783,14853.941757561084
35,35_HE_val.ndpi,35_PGR_val.ndpi,35_47,30759.822090426784,10447.331796348692,0.9109542245502164,0.9109542245502164,PGR,20536.092264444094,13983.104519107364
35,35_HE_val.ndpi,35_PGR_val.ndpi,35_48,31565.691763395727,12686.069714060575,0.9109542245502164,0.9109542245502164,PGR,21150.19925770769,16156.521956789054
35,35_HE_val.ndpi,35_PGR_val.ndpi,35_49,31139.65976724663,15685.799835960082,0.9109542245502164,0.9109542245502164,PGR,20786.34673231461,18870.593192428903
35,35_HE_val.ndpi,35_PGR_val.ndpi,35_50,37309.43690820371,9249.447448932176,0.9109542245502164,0.9109542245502164,PGR,26143.01219857126,13913.914447831368
20,20_HE_val.ndpi,20_KI67_val.ndpi,20_0,29827.76940202368,15562.533158169117,0.9109542245502164,0.9109542245502164,KI67,14669.106441677664,8687.62533490292
20,20_HE_val.ndpi,20_KI67_val.ndpi,20_1,30811.320801967035,14381.40289930567,0.9109542245502164,0.9109542245502164,KI67,14385.983005213311,9609.356238129974
20,20_HE_val.ndpi,20_KI67_val.ndpi,20_2,30849.627076234585,16728.498926787728,0.9109542245502164,0.9109542245502164,KI67,13864.483002617197,7761.958096943222
20,20_HE_val.ndpi,20_KI67_val.ndpi,20_3,29277.769425860395,10441.98463299067,0.9109542245502164,0.9109542245502164,KI67,16060.443796011912,12437.245218841013
20,20_HE_val.ndpi,20_KI67_val.ndpi,20_4,29706.300074133906,10490.961496602484,0.9109542245502164,0.9109542245502164,KI67,15801.833418676397,12404.422659276526
20,20_HE_val.ndpi,20_KI67_val.ndpi,20_5,31041.346071598145,11561.882727708902,0.9109542245502164,0.9109542245502164,KI67,14811.057112386688,11690.575977364113
20,20_HE_val.ndpi,20_KI67_val.ndpi,20_6,31827.659386449457,12139.874442258799,0.9109542245502164,0.9109542245502164,KI67,14294.159464781973,11186.33946310854
20,20_HE_val.ndpi,20_KI67_val.ndpi,20_7,28134.532577958653,12154.248332902278,0.9109542245502164,0.9109542245502164,KI67,16506.134805499387,11226.174851081956
20,20_HE_val.ndpi,20_KI67_val.ndpi,20_8,29238.823924622746,12665.661948365549,0.9109542245502164,0.9109542245502164,KI67,15726.096948194032,10936.378952435267
20,20_HE_val.ndpi,20_KI67_val.ndpi,20_9,29700.997007906888,12247.189837390359,0.9109542245502164,0.9109542245502164,KI67,15509.521919405091,11244.593036066439
20,20_HE_val.ndpi,20_KI67_val.ndpi,20_10,30234.925856709036,13490.224590224461,0.9109542245502164,0.9109542245502164,KI67,15061.238711164015,10181.164259931218
20,20_HE_val.ndpi,20_KI67_val.ndpi,20_11,29784.479583171767,14349.640839360538,0.9109542245502164,0.9109542245502164,KI67,15038.234138278141,9601.006606460047
20,20_HE_val.ndpi,20_KI67_val.ndpi,20_12,31087.75457549835,14159.894822130706,0.9109542245502164,0.9109542245502164,KI67,14322.204280681734,9731.080231622716
20,20_HE_val.ndpi,20_KI67_val.ndpi,20_13,31871.90587546522,13409.829407859526,0.9109542245502164,0.9109542245502164,KI67,14110.918562394167,10129.65565509928
20,20_HE_val.ndpi,20_KI67_val.ndpi,20_14,32470.059425824456,11287.167292604008,0.9109542245502164,0.9109542245502164,KI67,14115.296322020207,11792.571897179721
20,20_HE_val.ndpi,20_KI67_val.ndpi,20_15,33159.78893906875,12134.39409627415,0.9109542245502164,0.9109542245502164,KI67,13639.80097834479,11129.32075176658
20,20_HE_val.ndpi,20_KI67_val.ndpi,20_16,33963.568214345505,11059.067768538967,0.9109542245502164,0.9109542245502164,KI67,13391.517550328716,11843.41776842498
20,20_HE_val.ndpi,20_KI67_val.ndpi,20_17,32142.41594654226,18342.03399109988,0.9109542245502164,0.9109542245502164,KI67,13137.218359670575,6603.4262685259255
20,20_HE_val.ndpi,20_KI67_val.ndpi,20_18,31476.104651101916,16127.252783720953,0.9109542245502164,0.9109542245502164,KI67,13734.420289495152,8238.500103027649
20,20_HE_val.ndpi,20_KI67_val.ndpi,20_19,34760.73779763851,12364.001664403379,0.9109542245502164,0.9109542245502164,KI67,12697.718039151096,10812.62659351616
20,20_HE_val.ndpi,20_KI67_val.ndpi,20_20,34009.96450700169,13946.256374420678,0.9109542245502164,0.9109542245502164,KI67,12873.923567169006,9733.736292854688
20,20_HE_val.ndpi,20_KI67_val.ndpi,20_21,33281.71441508389,15464.695354733854,0.9109542245502164,0.9109542245502164,KI67,13072.614849791718,8743.058030453169
20,20_HE_val.ndpi,20_KI67_val.ndpi,20_22,33878.579181140245,16241.745710543077,0.9109542245502164,0.9109542245502164,KI67,12821.495911133788,8178.934797603328
20,20_HE_val.ndpi,20_KI67_val.ndpi,20_23,33630.823995230036,18009.816809993015,0.9109542245502164,0.9109542245502164,KI67,12661.804270943829,6917.714066196238
20,20_HE_val.ndpi,20_KI67_val.ndpi,20_24,35094.83191197205,19406.2551305777,0.9109542245502164,0.9109542245502164,KI67,12159.233111574575,6038.99284818907
20,20_HE_val.ndpi,20_KI67_val.ndpi,20_25,36896.68780950068,19271.11593826305,0.9109542245502164,0.9109542245502164,KI67,11562.786359282121,6375.314958275408
20,20_HE_val.ndpi,20_KI67_val.ndpi,20_26,35748.004674826174,18336.403191420075,0.9109542245502164,0.9109542245502164,KI67,11957.907557871209,6884.393949569706
20,20_HE_val.ndpi,20_KI67_val.ndpi,20_27,38608.45091215283,18561.63517861116,0.9109542245502164,0.9109542245502164,KI67,10870.430463434046,6868.164102749566
20,20_HE_val.ndpi,20_KI67_val.ndpi,20_28,37775.09255954585,18066.124806790787,0.9109542245502164,0.9109542245502164,KI67,10966.122789481402,7100.047865023733
20,20_HE_val.ndpi,20_KI67_val.ndpi,20_29,35308.80229980358,17255.289652902902,0.9109542245502164,0.9109542245502164,KI67,12095.60416608627,7494.045122449384
20,20_HE_val.ndpi,20_KI67_val.ndpi,20_30,37118.16593023854,17296.895006092374,0.9109542245502164,0.9109542245502164,KI67,11433.02389504423,7650.824670251151
20,20_HE_val.ndpi,20_KI67_val.ndpi,20_31,39362.66524703847,17070.09890787915,0.9109542245502164,0.9109542245502164,KI67,10242.770051550666,7643.977452779372
20,20_HE_val.ndpi,20_KI67_val.ndpi,20_32,40652.839602678796,18415.66886222092,0.9109542245502164,0.9109542245502164,KI67,9914.940784837781,7062.5447312841125
20,20_HE_val.ndpi,20_KI67_val.ndpi,20_33,40517.60482580167,15464.695354733889,0.9109542245502164,0.9109542245502164,KI67,9355.441295432383,8397.79936170038
20,20_HE_val.ndpi,20_KI67_val.ndpi,20_34,41839.65611165376,17542.222344115973,0.9109542245502164,0.9109542245502164,KI67,9112.632321801057,7422.705870804718
20,20_HE_val.ndpi,20_KI67_val.ndpi,20_35,37907.447078112666,16075.801163503533,0.9109542245502164,0.9109542245502164,KI67,10967.609051089381,8305.716419123803
20,20_HE_val.ndpi,20_KI67_val.ndpi,20_36,37515.54342040019,15278.479928847137,0.9109542245502164,0.9109542245502164,KI67,11198.098954733057,8735.52822489962
20,20_HE_val.ndpi,20_KI67_val.ndpi,20_37,36542.541235734716,14346.01950187605,0.9109542245502164,0.9109542245502164,KI67,11530.734694575933,9353.946508752797
20,20_HE_val.ndpi,20_KI67_val.ndpi,20_38,36159.646857509884,13514.538082495654,0.9109542245502164,0.9109542245502164,KI67,11797.370821646693,9936.16624711102
20,20_HE_val.ndpi,20_KI67_val.ndpi,20_39,37814.351190073656,12906.787103725059,0.9109542245502164,0.9109542245502164,KI67,10925.545421685796,10116.027516984823
20,20_HE_val.ndpi,20_KI67_val.ndpi,20_40,36828.96124611269,12071.551817891479,0.9109542245502164,0.9109542245502164,KI67,11406.491165147128,10829.39688968614
20,20_HE_val.ndpi,20_KI67_val.ndpi,20_41,35888.52160060873,11589.468275600851,0.9109542245502164,0.9109542245502164,KI67,12032.292098332702,11196.033358376231
20,20_HE_val.ndpi,20_KI67_val.ndpi,20_42,35079.36067115902,11230.308343670684,0.9109542245502164,0.9109542245502164,KI67,12592.642176704734,11546.120844810854
20,20_HE_val.ndpi,20_KI67_val.ndpi,20_43,34570.32653200069,10108.413441870936,0.9109542245502164,0.9109542245502164,KI67,13013.265169843977,12324.474778132253
20,20_HE_val.ndpi,20_KI67_val.ndpi,20_44,37011.270424315364,9190.74883472587,0.9109542245502164,0.9109542245502164,KI67,11484.09743992989,12342.244884294267
20,20_HE_val.ndpi,20_KI67_val.ndpi,20_45,35957.18472426111,9623.194250132738,0.9109542245502164,0.9109542245502164,KI67,12134.064635406621,12321.08702159549
20,20_HE_val.ndpi,20_KI67_val.ndpi,20_46,39578.61777207067,10578.727441871664,0.9109542245502164,0.9109542245502164,KI67,9944.494821779914,11074.286402536014
20,20_HE_val.ndpi,20_KI67_val.ndpi,20_47,40308.117150744,10014.86967276486,0.9109542245502164,0.9109542245502164,KI67,9606.43827468782,11253.77983351057
20,20_HE_val.ndpi,20_KI67_val.ndpi,20_48,38459.8244236429,11992.073176961487,0.9109542245502164,0.9109542245502164,KI67,10562.38551484124,10662.212759912976
20,20_HE_val.ndpi,20_KI67_val.ndpi,20_49,37756.0305214098,10518.117514118534,0.9109542245502164,0.9109542245502164,KI67,10942.672922349735,11511.478830033779
20,20_HE_val.ndpi,20_KI67_val.ndpi,20_50,38918.4027557503,9183.730606005,0.9109542245502164,0.9109542245502164,KI67,10505.824856139945,12004.582089456246
74,74_HE_val.ndpi,74_ER_val.ndpi,74_1,28797.62101359041,11783.476714622771,0.9097732390201744,0.9097732390201744,ER,36399.90213173121,13533.57934432927
74,74_HE_val.ndpi,74_ER_val.ndpi,74_2,30089.871658169264,11604.932681932287,0.9097732390201744,0.9097732390201744,ER,37516.99510957658,13136.417111358534
74,74_HE_val.ndpi,74_ER_val.ndpi,74_3,30456.166769461426,11148.805971861397,0.9097732390201744,0.9097732390201744,ER,37916.19570944881,12499.196469676985
74,74_HE_val.ndpi,74_ER_val.ndpi,74_4,34012.12993808642,9778.3316595515,0.9097732390201744,0.9097732390201744,ER,41193.74075549397,9639.200584422144
74,74_HE_val.ndpi,74_ER_val.ndpi,74_5,32894.087454454035,9686.527584649131,0.9097732390201744,0.9097732390201744,ER,39895.6962862972,9844.85443874059
74,74_HE_val.ndpi,74_ER_val.ndpi,74_6,33851.47280700732,9407.83664298124,0.9097732390201744,0.9097732390201744,ER,40975.150984601525,8998.245372235442
74,74_HE_val.ndpi,74_ER_val.ndpi,74_7,32723.59417249255,11086.539726910181,0.9097732390201744,0.9097732390201744,ER,39442.32570976999,12198.459353968052
74,74_HE_val.ndpi,74_ER_val.ndpi,74_8,31504.0163820182,9051.348305267535,0.9097732390201744,0.9097732390201744,ER,39230.418959354734,9236.674548086094
74,74_HE_val.ndpi,74_ER_val.ndpi,74_9,31858.541070238243,11021.645039814262,0.9097732390201744,0.9097732390201744,ER,38882.48711962393,12179.592492309155
74,74_HE_val.ndpi,74_ER_val.ndpi,74_10,32031.326520227743,11824.137595435252,0.9097732390201744,0.9097732390201744,ER,38894.441073261,13129.069453127242
74,74_HE_val.ndpi,74_ER_val.ndpi,74_11,29784.69929759607,12819.574950143426,0.9097732390201744,0.9097732390201744,ER,36726.19992990318,14598.64608223367
74,74_HE_val.ndpi,74_ER_val.ndpi,74_12,33983.870143101536,15404.760912363154,0.9097732390201744,0.9097732390201744,ER,39558.652679106235,17055.22688964435
74,74_HE_val.ndpi,74_ER_val.ndpi,74_13,31986.318946717274,14035.845251094164,0.9097732390201744,0.9097732390201744,ER,38183.12175112776,15732.272715375864
74,74_HE_val.ndpi,74_ER_val.ndpi,74_14,34494.20142036851,16584.380727495558,0.9097732390201744,0.9097732390201744,ER,39955.79269074956,18090.02079073937
74,74_HE_val.ndpi,74_ER_val.ndpi,74_15,29051.048261763568,12464.740418507576,0.9097732390201744,0.9097732390201744,ER,36291.49191646824,14302.538968685927
74,74_HE_val.ndpi,74_ER_val.ndpi,74_16,27753.12355807101,11243.97731788123,0.9097732390201744,0.9097732390201744,ER,35716.27502328477,13101.202158399246
74,74_HE_val.ndpi,74_ER_val.ndpi,74_17,30569.271332464254,9878.987446055744,0.9097732390201744,0.9097732390201744,ER,38361.32147247412,10877.338076182657
74,74_HE_val.ndpi,74_ER_val.ndpi,74_18,27244.117247606377,10069.541229870229,0.9097732390201744,0.9097732390201744,ER,35633.29135005582,11608.267894960087
74,74_HE_val.ndpi,74_ER_val.ndpi,74_19,26381.04819575126,10036.760180533887,0.9097732390201744,0.9097732390201744,ER,35024.084104097565,11853.661457164995
74,74_HE_val.ndpi,74_ER_val.ndpi,74_20,20754.91109443115,8792.089859135898,0.9097732390201744,0.9097732390201744,ER,30085.82380988988,12466.0344287581
74,74_HE_val.ndpi,74_ER_val.ndpi,74_21,20274.487984203017,8625.877124317634,0.9097732390201744,0.9097732390201744,ER,29705.427630139515,12591.104757830975
74,74_HE_val.ndpi,74_ER_val.ndpi,74_22,18350.51865651212,8985.625235294157,0.9097732390201744,0.9097732390201744,ER,27505.456709460686,13463.988263281639
74,74_HE_val.ndpi,74_ER_val.ndpi,74_23,16641.66594861922,9619.707237399558,0.9097732390201744,0.9097732390201744,ER,25913.809113870997,14157.833912316457
74,74_HE_val.ndpi,74_ER_val.ndpi,74_24,17618.985900294094,8854.848144784442,0.9097732390201744,0.9097732390201744,ER,26864.376215374214,13549.489163447039
74,74_HE_val.ndpi,74_ER_val.ndpi,74_25,12324.872636576949,11407.524453261864,0.9097732390201744,0.9097732390201744,ER,19968.82651088096,14909.97113474893
74,74_HE_val.ndpi,74_ER_val.ndpi,74_26,15944.006278058889,11908.263443527612,0.9097732390201744,0.9097732390201744,ER,25157.033565918784,14665.208299686818
74,74_HE_val.ndpi,74_ER_val.ndpi,74_27,20130.630383947908,12780.392319511368,0.9097732390201744,0.9097732390201744,ER,28535.10078339901,13992.519780372337
74,74_HE_val.ndpi,74_ER_val.ndpi,74_28,22113.321589743024,9016.501017834436,0.9097732390201744,0.9097732390201744,ER,31187.151024750885,12115.012963528334
74,74_HE_val.ndpi,74_ER_val.ndpi,74_29,22186.74806263408,9709.973261805473,0.9097732390201744,0.9097732390201744,ER,31408.48410789525,12652.986425861967
74,74_HE_val.ndpi,74_ER_val.ndpi,74_30,23638.960526479324,9905.777189514944,0.9097732390201744,0.9097732390201744,ER,33075.36229034988,12517.818642578875
74,74_HE_val.ndpi,74_ER_val.ndpi,74_31,24525.227830938744,9491.187160273252,0.9097732390201744,0.9097732390201744,ER,34229.98637414442,11994.166997804454
74,74_HE_val.ndpi,74_ER_val.ndpi,74_32,26459.377939094786,10840.88192624256,0.9097732390201744,0.9097732390201744,ER,34782.54480598794,12844.903032828157
74,74_HE_val.ndpi,74_ER_val.ndpi,74_33,25111.861989836485,11707.800920413412,0.9097732390201744,0.9097732390201744,ER,33461.854404688325,13796.491993788835
74,74_HE_val.ndpi,74_ER_val.ndpi,74_34,23595.03138693237,11779.87524557248,0.9097732390201744,0.9097732390201744,ER,32023.838722652526,13874.742980384513
74,74_HE_val.ndpi,74_ER_val.ndpi,74_35,22130.68960356084,12135.524960348002,0.9097732390201744,0.9097732390201744,ER,30278.022915828336,13986.33074173675
74,74_HE_val.ndpi,74_ER_val.ndpi,74_36,21080.735142147776,13091.380244986189,0.9097732390201744,0.9097732390201744,ER,29098.720371998144,14255.782376441937
74,74_HE_val.ndpi,74_ER_val.ndpi,74_37,30237.38835423296,16630.37088608108,0.9097732390201744,0.9097732390201744,ER,35949.82888289906,18626.435557958157
74,74_HE_val.ndpi,74_ER_val.ndpi,74_38,28185.318237567997,16094.642349014035,0.9097732390201744,0.9097732390201744,ER,34648.43892771875,17737.610304494003
74,74_HE_val.ndpi,74_ER_val.ndpi,74_39,25325.758398444552,14333.377674714091,0.9097732390201744,0.9097732390201744,ER,33046.34274532193,15573.067694759464
74,74_HE_val.ndpi,74_ER_val.ndpi,74_40,18591.528825283924,14161.287057805792,0.9097732390201744,0.9097732390201744,ER,27144.648629530755,14714.375520103478
74,74_HE_val.ndpi,74_ER_val.ndpi,74_41,14444.07220233228,8780.110799708344,0.9097732390201744,0.9097732390201744,ER,22944.478145057623,14324.306014449887
74,74_HE_val.ndpi,74_ER_val.ndpi,74_42,11871.536229606942,9441.169356363424,0.9097732390201744,0.9097732390201744,ER,19126.36425410307,14346.94006879533
74,74_HE_val.ndpi,74_ER_val.ndpi,74_43,16106.24990513098,12836.91431048667,0.9097732390201744,0.9097732390201744,ER,25147.031579942814,14735.483624343979
74,74_HE_val.ndpi,74_ER_val.ndpi,74_44,22228.038120841957,15656.031932027474,0.9097732390201744,0.9097732390201744,ER,29447.56064887116,16463.636172028953
74,74_HE_val.ndpi,74_ER_val.ndpi,74_45,27911.33515284052,13367.39088376844,0.9097732390201744,0.9097732390201744,ER,35177.45961992817,14842.415693657382
74,74_HE_val.ndpi,74_ER_val.ndpi,74_46,33890.19776142526,13011.394615896197,0.9097732390201744,0.9097732390201744,ER,40535.23979224392,14085.130217108193
74,74_HE_val.ndpi,74_ER_val.ndpi,74_47,32809.469909904336,7569.302052525022,0.9097732390201744,0.9097732390201744,ER,39610.976809536936,6095.437941157727
74,74_HE_val.ndpi,74_ER_val.ndpi,74_48,29405.486960296224,10720.303906734034,0.9097732390201744,0.9097732390201744,ER,37297.03509816388,12114.807243128123
74,74_HE_val.ndpi,74_ER_val.ndpi,74_49,28294.079169417266,12090.04060348379,0.9097732390201744,0.9097732390201744,ER,35852.0590669706,13905.122297582728
74,74_HE_val.ndpi,74_ER_val.ndpi,74_50,19833.389421860295,16327.71870702705,0.9097732390201744,0.9097732390201744,ER,26559.927176973422,16449.510343265585
74,74_HE_val.ndpi,74_ER_val.ndpi,74_51,14502.724043062308,16576.918684910794,0.9097732390201744,0.9097732390201744,ER,22347.51585056486,15915.283912774155
11,11_HE_val.ndpi,11_KI67_val.ndpi,11_1,23064.03817959325,13636.463519770725,0.9097732390201744,0.9097732390201744,KI67,40296.158855102345,12227.757732078275
11,11_HE_val.ndpi,11_KI67_val.ndpi,11_2,25365.339536248077,17371.69642208022,0.9097732390201744,0.9097732390201744,KI67,39151.499065974866,8385.56943954194
11,11_HE_val.ndpi,11_KI67_val.ndpi,11_3,28691.970909060856,17625.929952716815,0.9097732390201744,0.9097732390201744,KI67,35344.00371126249,8271.00026074853
11,11_HE_val.ndpi,11_KI67_val.ndpi,11_4,34475.02976055094,15979.499010954149,0.9097732390201744,0.9097732390201744,KI67,28870.7229772486,10293.118642613592
11,11_HE_val.ndpi,11_KI67_val.ndpi,11_5,35213.789078275295,16857.869520631844,0.9097732390201744,0.9097732390201744,KI67,27487.7092705447,9048.759480945131
11,11_HE_val.ndpi,11_KI67_val.ndpi,11_6,33969.40698561473,19676.511142211788,0.9097732390201744,0.9097732390201744,KI67,27424.8157421273,5852.555768388168
11,11_HE_val.ndpi,11_KI67_val.ndpi,11_7,32676.83892857855,20041.65547157237,0.9097732390201744,0.9097732390201744,KI67,29034.800794144507,5236.897426868086
11,11_HE_val.ndpi,11_KI67_val.ndpi,11_8,32124.404645762563,17395.49525688295,0.9097732390201744,0.9097732390201744,KI67,31153.346424254145,8319.850993590355
11,11_HE_val.ndpi,11_KI67_val.ndpi,11_9,33947.3935843133,17357.487778225233,0.9097732390201744,0.9097732390201744,KI67,28956.54271997065,8360.87326923315
11,11_HE_val.ndpi,11_KI67_val.ndpi,11_10,32828.91303795235,18845.878320359818,0.9097732390201744,0.9097732390201744,KI67,29095.000822404138,6632.509784474378
11,11_HE_val.ndpi,11_KI67_val.ndpi,11_11,37063.33978826689,19137.65701990953,0.9097732390201744,0.9097732390201744,KI67,23817.150495018257,6555.128953337384
11,11_HE_val.ndpi,11_KI67_val.ndpi,11_12,38055.020535640426,19923.219634021618,0.9097732390201744,0.9097732390201744,KI67,22783.46618589668,6032.35656251949
11,11_HE_val.ndpi,11_KI67_val.ndpi,11_13,39311.905469069316,19161.218139897726,0.9097732390201744,0.9097732390201744,KI67,22060.346515497833,6795.894468996673
11,11_HE_val.ndpi,11_KI67_val.ndpi,11_14,41837.63501010478,19798.27798905089,0.9097732390201744,0.9097732390201744,KI67,18713.396052356682,6048.667375802406
11,11_HE_val.ndpi,11_KI67_val.ndpi,11_15,41747.53535199882,18748.303263101818,0.9097732390201744,0.9097732390201744,KI67,19199.74121944993,7030.249656819697
11,11_HE_val.ndpi,11_KI67_val.ndpi,11_16,43374.44817673373,18507.12907430567,0.9097732390201744,0.9097732390201744,KI67,16998.014732048687,7208.485640180527
11,11_HE_val.ndpi,11_KI67_val.ndpi,11_17,43044.3070852799,16863.831363016154,0.9097732390201744,0.9097732390201744,KI67,17904.74429690069,8859.071206121605
11,11_HE_val.ndpi,11_KI67_val.ndpi,11_18,47929.64377260714,11049.462523371696,0.9097732390201744,0.9097732390201744,KI67,12702.3896350361,11130.476304604248
11,11_HE_val.ndpi,11_KI67_val.ndpi,11_19,49327.80135010208,14034.704136030583,0.9097732390201744,0.9097732390201744,KI67,10111.022405765696,7837.620707754145
11,11_HE_val.ndpi,11_KI67_val.ndpi,11_20,47816.341152317116,12940.884256054567,0.9097732390201744,0.9097732390201744,KI67,12049.16398593929,9607.503297898784
11,11_HE_val.ndpi,11_KI67_val.ndpi,11_21,45781.17620073858,18231.77179366696,0.9097732390201744,0.9097732390201744,KI67,13473.671629243026,7433.400900180699
11,11_HE_val.ndpi,11_KI67_val.ndpi,11_22,47834.735740776814,16607.883362485743,0.9097732390201744,0.9097732390201744,KI67,11438.185733915252,7496.643721937347
11,11_HE_val.ndpi,11_KI67_val.ndpi,11_23,48915.04049021632,7034.289166346327,0.9097732390201744,0.9097732390201744,KI67,12054.591674579897,16129.587634028483
11,11_HE_val.ndpi,11_KI67_val.ndpi,11_24,48087.37372485783,4278.133540631709,0.9097732390201744,0.9097732390201744,KI67,12484.50625776213,20238.50528658841
11,11_HE_val.ndpi,11_KI67_val.ndpi,11_25,44328.133561356335,7544.79678072875,0.9097732390201744,0.9097732390201744,KI67,16717.27027435119,15384.504023501908
11,11_HE_val.ndpi,11_KI67_val.ndpi,11_26,42678.67969919806,11879.717661667319,0.9097732390201744,0.9097732390201744,KI67,18208.73233201192,12353.095718863884
11,11_HE_val.ndpi,11_KI67_val.ndpi,11_27,44820.816552143064,9852.133581607084,0.9097732390201744,0.9097732390201744,KI67,16401.78387679724,13159.303435728412
11,11_HE_val.ndpi,11_KI67_val.ndpi,11_28,37920.790602107765,9046.578798119566,0.9097732390201744,0.9097732390201744,KI67,23582.40551891935,16512.763855379482
11,11_HE_val.ndpi,11_KI67_val.ndpi,11_29,40077.816500159104,10517.789452479725,0.9097732390201744,0.9097732390201744,KI67,21209.591964914765,14277.096687025238
11,11_HE_val.ndpi,11_KI67_val.ndpi,11_30,34813.9772417177,10545.957896507864,0.9097732390201744,0.9097732390201744,KI67,27188.599228697414,15827.497600636389
11,11_HE_val.ndpi,11_KI67_val.ndpi,11_31,34186.30140958198,9645.850939248954,0.9097732390201744,0.9097732390201744,KI67,27507.545042711572,16267.278517094406
11,11_HE_val.ndpi,11_KI67_val.ndpi,11_32,33950.189523948364,11502.156821106788,0.9097732390201744,0.9097732390201744,KI67,28444.04045398569,15236.020400969732
11,11_HE_val.ndpi,11_KI67_val.ndpi,11_33,37277.691246743234,12366.217073122414,0.9097732390201744,0.9097732390201744,KI67,24869.08438163384,13717.880537044464
11,11_HE_val.ndpi,11_KI67_val.ndpi,11_34,30004.799336719283,11413.608941898645,0.9097732390201744,0.9097732390201744,KI67,32910.19404529061,15429.877569901419
11,11_HE_val.ndpi,11_KI67_val.ndpi,11_35,29834.24298597973,12922.854452741229,0.9097732390201744,0.9097732390201744,KI67,34047.055131730274,14260.10691327952
11,11_HE_val.ndpi,11_KI67_val.ndpi,11_36,28785.32142893165,14342.926993935962,0.9097732390201744,0.9097732390201744,KI67,36152.224987861235,12722.234648027465
11,11_HE_val.ndpi,11_KI67_val.ndpi,11_37,32263.981546033134,13843.476904158422,0.9097732390201744,0.9097732390201744,KI67,31158.99613836296,13277.979665506977
11,11_HE_val.ndpi,11_KI67_val.ndpi,11_38,34878.90314884524,13080.311481766645,0.9097732390201744,0.9097732390201744,KI67,28032.182014677852,13745.016992040191
11,11_HE_val.ndpi,11_KI67_val.ndpi,11_39,25953.86677471017,14205.552409404308,0.9097732390201744,0.9097732390201744,KI67,38748.765714170666,12000.443694613252
11,11_HE_val.ndpi,11_KI67_val.ndpi,11_40,23616.035601420383,15565.230183117019,0.9097732390201744,0.9097732390201744,KI67,41375.86300667321,10416.346202491472
11,11_HE_val.ndpi,11_KI67_val.ndpi,11_41,25025.35291004981,15314.805093505063,0.9097732390201744,0.9097732390201744,KI67,40133.12973036025,10856.176543261205
11,11_HE_val.ndpi,11_KI67_val.ndpi,11_42,27671.52196368773,16918.543913891674,0.9097732390201744,0.9097732390201744,KI67,36840.70127097309,9147.41020423769
11,11_HE_val.ndpi,11_KI67_val.ndpi,11_43,30167.81780613477,15107.655495871775,0.9097732390201744,0.9097732390201744,KI67,34799.07643040588,11819.04577126052
11,11_HE_val.ndpi,11_KI67_val.ndpi,11_44,25845.723662223198,19013.241964581346,0.9097732390201744,0.9097732390201744,KI67,38442.73963370486,6555.721086083482
11,11_HE_val.ndpi,11_KI67_val.ndpi,11_45,26830.877509032125,21762.508513815563,0.9097732390201744,0.9097732390201744,KI67,37326.54109077287,3802.8627302417945
11,11_HE_val.ndpi,11_KI67_val.ndpi,11_46,25812.910656834676,22973.501879558207,0.9097732390201744,0.9097732390201744,KI67,38475.43633144235,1879.1630825964853
11,11_HE_val.ndpi,11_KI67_val.ndpi,11_47,29019.115489020278,22699.848033222417,0.9097732390201744,0.9097732390201744,KI67,34216.359873863985,3634.6051012178928
11,11_HE_val.ndpi,11_KI67_val.ndpi,11_48,30554.874111866186,18975.1407958977,0.9097732390201744,0.9097732390201744,KI67,32033.984313481415,6342.714633425673
11,11_HE_val.ndpi,11_KI67_val.ndpi,11_49,30514.40490826145,21049.49906418224,0.9097732390201744,0.9097732390201744,KI67,31410.72297707431,4618.2552770622115
11,11_HE_val.ndpi,11_KI67_val.ndpi,11_50,31527.50963165425,19080.566003838998,0.9097732390201744,0.9097732390201744,KI67,30709.237529579597,6215.675354855031
11,11_HE_val.ndpi,11_KI67_val.ndpi,11_51,32340.83431913604,22940.0780278723,0.9097732390201744,0.9097732390201744,KI67,27382.77017939563,3008.1910444130194
32,32_HE_val.ndpi,32_ER_val.ndpi,32_0,9394.909695829821,12133.69781765047,0.9097732390201744,0.9097732390201744,ER,10831.744041002403,14791.151181082312
32,32_HE_val.ndpi,32_ER_val.ndpi,32_1,7410.390938296414,7064.363236391179,0.9097732390201744,0.9097732390201744,ER,8784.998884188348,6952.493448605941
32,32_HE_val.ndpi,32_ER_val.ndpi,32_2,2630.8344038789955,5015.826595262568,0.9097732390201744,0.9097732390201744,ER,3957.799778249908,3472.392040472776
32,32_HE_val.ndpi,32_ER_val.ndpi,32_3,1559.5313561263447,2276.454808857949,0.9097732390201744,0.9097732390201744,ER,1995.47571119924,-266.0421806439145
32,32_HE_val.ndpi,32_ER_val.ndpi,32_4,1406.9011734204882,3329.830904829295,0.9097732390201744,0.9097732390201744,ER,1936.8470534704588,972.4142742851179
32,32_HE_val.ndpi,32_ER_val.ndpi,32_5,3352.005495368172,7364.6645852134025,0.9097732390201744,0.9097732390201744,ER,4373.698468413779,6541.423453877215
32,32_HE_val.ndpi,32_ER_val.ndpi,32_6,3295.5356587639485,8347.616270286171,0.9097732390201744,0.9097732390201744,ER,4108.604739959668,8048.342623468643
32,32_HE_val.ndpi,32_ER_val.ndpi,32_7,1341.3818684644307,10245.074615014542,0.9097732390201744,0.9097732390201744,ER,1102.8313594243193,10324.702355410687
32,32_HE_val.ndpi,32_ER_val.ndpi,32_8,5831.489365611988,11937.71610328079,0.9097732390201744,0.9097732390201744,ER,5834.779973910099,14349.420405440196
32,32_HE_val.ndpi,32_ER_val.ndpi,32_9,824.6644724869158,11939.357220388232,0.9097732390201744,0.9097732390201744,ER,623.8229221244021,12673.641502561479
32,32_HE_val.ndpi,32_ER_val.ndpi,32_10,727.5665170475355,17058.691824430094,0.9097732390201744,0.9097732390201744,ER,1864.378358497219,19009.573113660485
32,32_HE_val.ndpi,32_ER_val.ndpi,32_11,2025.4059476276104,17307.837203148298,0.9097732390201744,0.9097732390201744,ER,3708.0984224551044,19835.44292689992
32,32_HE_val.ndpi,32_ER_val.ndpi,32_12,5168.394947289318,17542.550766020602,0.9097732390201744,0.9097732390201744,ER,5313.9801619232285,20027.87868993113
32,32_HE_val.ndpi,32_ER_val.ndpi,32_13,7367.279176063728,17436.625939138943,0.9097732390201744,0.9097732390201744,ER,7190.003974663682,20062.9612226621
32,32_HE_val.ndpi,32_ER_val.ndpi,32_14,10284.642846457607,18521.773042573488,0.9097732390201744,0.9097732390201744,ER,9977.956790513608,21219.565293747473
32,32_HE_val.ndpi,32_ER_val.ndpi,32_15,11656.467857519256,19324.640942526923,0.9097732390201744,0.9097732390201744,ER,11720.598538908513,22001.748846102837
32,32_HE_val.ndpi,32_ER_val.ndpi,32_16,13873.43677208631,19363.616530736468,0.9097732390201744,0.9097732390201744,ER,14696.334125290623,22086.733218862635
32,32_HE_val.ndpi,32_ER_val.ndpi,32_17,18067.817796060768,18913.837451921725,0.9097732390201744,0.9097732390201744,ER,21447.503289245724,22611.254799465692
32,32_HE_val.ndpi,32_ER_val.ndpi,32_18,17467.275830879476,15151.84542728126,0.9097732390201744,0.9097732390201744,ER,20021.504642278127,16849.616969594776
32,32_HE_val.ndpi,32_ER_val.ndpi,32_19,18674.20805222407,8239.904251964464,0.9097732390201744,0.9097732390201744,ER,22111.147662483712,10605.121548525483
32,32_HE_val.ndpi,32_ER_val.ndpi,32_20,20784.683498016875,3295.875060298902,0.9097732390201744,0.9097732390201744,ER,24016.024835610824,4629.035450879393
32,32_HE_val.ndpi,32_ER_val.ndpi,32_21,18149.81061337436,1401.5023499419062,0.9097732390201744,0.9097732390201744,ER,20662.242418174337,2420.0812386125976
32,32_HE_val.ndpi,32_ER_val.ndpi,32_22,14033.070894714769,1058.011152862246,0.9097732390201744,0.9097732390201744,ER,17334.481509809066,1042.1045147938842
32,32_HE_val.ndpi,32_ER_val.ndpi,32_23,11462.14081805912,589.9097395188421,0.9097732390201744,0.9097732390201744,ER,14650.50424541358,-100.92006144241446
32,32_HE_val.ndpi,32_ER_val.ndpi,32_24,9175.145797577476,764.6778106020163,0.9097732390201744,0.9097732390201744,ER,11612.352159050546,-783.9119395942386
32,32_HE_val.ndpi,32_ER_val.ndpi,32_25,7053.0644785424365,2140.9606692203424,0.9097732390201744,0.9097732390201744,ER,8873.26300925557,702.915393523267
32,32_HE_val.ndpi,32_ER_val.ndpi,32_26,4156.988904594708,1546.5786611946899,0.9097732390201744,0.9097732390201744,ER,4939.1673155979215,-474.6141723555322
32,32_HE_val.ndpi,32_ER_val.ndpi,32_27,10271.65345813306,9983.224904638108,0.9097732390201744,0.9097732390201744,ER,12397.383190818773,11632.93103439708
32,32_HE_val.ndpi,32_ER_val.ndpi,32_28,12523.540494822468,5514.680960336049,0.9097732390201744,0.9097732390201744,ER,14644.258721774122,5553.273632284502
32,32_HE_val.ndpi,32_ER_val.ndpi,32_29,13141.173399363352,2135.2466757099733,0.9097732390201744,0.9097732390201744,ER,16212.393211704815,1699.7653952382918
32,32_HE_val.ndpi,32_ER_val.ndpi,32_30,9120.765471639721,6163.157190746311,0.9097732390201744,0.9097732390201744,ER,11374.389170879796,6038.310184448937
32,32_HE_val.ndpi,32_ER_val.ndpi,32_31,1710.8575458265561,15123.16480188106,0.9097732390201744,0.9097732390201744,ER,2609.689327920484,16842.741624952436
32,32_HE_val.ndpi,32_ER_val.ndpi,32_32,6165.34596972786,13777.451416390424,0.9097732390201744,0.9097732390201744,ER,6427.5369223688795,16482.78386990312
32,32_HE_val.ndpi,32_ER_val.ndpi,32_33,11057.293878833025,14979.931592770316,0.9097732390201744,0.9097732390201744,ER,12008.144711252458,17089.322373419458
32,32_HE_val.ndpi,32_ER_val.ndpi,32_34,15473.211082467613,17912.917662992157,0.9097732390201744,0.9097732390201744,ER,17328.042461330104,19922.97510975098
32,32_HE_val.ndpi,32_ER_val.ndpi,32_35,14286.642233442995,14978.90357849952,0.9097732390201744,0.9097732390201744,ER,16218.439825775991,16519.204726873522
32,32_HE_val.ndpi,32_ER_val.ndpi,32_36,13756.48750577062,12377.11120128307,0.9097732390201744,0.9097732390201744,ER,16018.91867892296,14615.531534905138
32,32_HE_val.ndpi,32_ER_val.ndpi,32_37,14335.35318623524,9808.68547499032,0.9097732390201744,0.9097732390201744,ER,16703.178110390505,11712.507818230019
32,32_HE_val.ndpi,32_ER_val.ndpi,32_38,4224.037466209581,14456.499541244862,0.9097732390201744,0.9097732390201744,ER,4943.946417698411,16682.407866104157
32,32_HE_val.ndpi,32_ER_val.ndpi,32_39,8635.868433077965,10504.401892884393,0.9097732390201744,0.9097732390201744,ER,10361.192952360587,12288.649480517568
32,32_HE_val.ndpi,32_ER_val.ndpi,32_40,6895.3746336448585,15537.91982495758,0.9097732390201744,0.9097732390201744,ER,7470.946557253672,17906.55627900384
32,32_HE_val.ndpi,32_ER_val.ndpi,32_41,2416.559216583061,16045.630766456341,0.9097732390201744,0.9097732390201744,ER,3926.307247914058,18392.612150931054
32,32_HE_val.ndpi,32_ER_val.ndpi,32_42,12224.203960529658,15225.70936776526,0.9097732390201744,0.9097732390201744,ER,13677.41520649036,17085.71078851368
32,32_HE_val.ndpi,32_ER_val.ndpi,32_43,11518.859466035588,17364.07357384564,0.9097732390201744,0.9097732390201744,ER,11680.838588064156,18765.999245558494
32,32_HE_val.ndpi,32_ER_val.ndpi,32_44,10200.090877141789,11231.246501188216,0.9097732390201744,0.9097732390201744,ER,12087.818436424699,13578.4095737951
32,32_HE_val.ndpi,32_ER_val.ndpi,32_45,11422.839780884022,9837.243394065132,0.9097732390201744,0.9097732390201744,ER,13568.04633995085,11614.374672916509
32,32_HE_val.ndpi,32_ER_val.ndpi,32_46,3914.9830844144053,3236.163300219917,0.9097732390201744,0.9097732390201744,ER,5267.20724966141,1574.2050667122842
32,32_HE_val.ndpi,32_ER_val.ndpi,32_47,4931.989500244998,2275.4106103242702,0.9097732390201744,0.9097732390201744,ER,6149.5712070702375,531.5235718989146
32,32_HE_val.ndpi,32_ER_val.ndpi,32_48,6670.885263391858,4996.47503778007,0.9097732390201744,0.9097732390201744,ER,8619.500630832106,4297.280172672795
32,32_HE_val.ndpi,32_ER_val.ndpi,32_49,7277.006117709358,4054.849411822984,0.9097732390201744,0.9097732390201744,ER,9435.067269859997,3263.310891470032
32,32_HE_val.ndpi,32_ER_val.ndpi,32_50,5595.441726335869,7575.387811861166,0.9097732390201744,0.9097732390201744,ER,6482.276912681735,7301.1652818174825
23,23_HE_val.ndpi,23_HER2_val.ndpi,23_0,20475.17134009936,15973.586121666465,0.9109542245502164,0.9109542245502164,HER2,17336.43410542514,13560.680806525657
23,23_HE_val.ndpi,23_HER2_val.ndpi,23_1,18996.692182380262,16714.653382269593,0.9109542245502164,0.9109542245502164,HER2,16311.557002174552,13584.155682854529
23,23_HE_val.ndpi,23_HER2_val.ndpi,23_2,19311.58656445282,14328.532500670239,0.9109542245502164,0.9109542245502164,HER2,16665.698543620685,11988.932660001516
23,23_HE_val.ndpi,23_HER2_val.ndpi,23_3,20317.73087163331,12008.277802057657,0.9109542245502164,0.9109542245502164,HER2,18774.091256175674,9566.910737012398
23,23_HE_val.ndpi,23_HER2_val.ndpi,23_4,24339.72154594873,11063.591715190834,0.9109542245502164,0.9109542245502164,HER2,23219.438593888037,8901.353772781114
23,23_HE_val.ndpi,23_HER2_val.ndpi,23_5,23881.542305351817,13652.699501910389,0.9109542245502164,0.9109542245502164,HER2,20880.470957185833,11776.6945798732
23,23_HE_val.ndpi,23_HER2_val.ndpi,23_6,27175.42045266431,12443.497693714682,0.9109542245502164,0.9109542245502164,HER2,25093.500274031045,10456.018805006746
23,23_HE_val.ndpi,23_HER2_val.ndpi,23_7,26858.274147004628,11244.395005666864,0.9109542245502164,0.9109542245502164,HER2,25175.49244547024,9265.562155197673
23,23_HE_val.ndpi,23_HER2_val.ndpi,23_8,28425.726447012403,9372.296914514334,0.9109542245502164,0.9109542245502164,HER2,26857.747852975404,7764.679590839957
23,23_HE_val.ndpi,23_HER2_val.ndpi,23_9,27776.60527330828,10744.209127047641,0.9109542245502164,0.9109542245502164,HER2,26146.61709913979,8789.7126165373
23,23_HE_val.ndpi,23_HER2_val.ndpi,23_10,28667.073544459032,11034.35194374509,0.9109542245502164,0.9109542245502164,HER2,26623.780286932877,9261.996892306597
23,23_HE_val.ndpi,23_HER2_val.ndpi,23_11,27605.681250465106,8739.741957137647,0.9109542245502164,0.9109542245502164,HER2,26386.661380393674,7334.32331090822
23,23_HE_val.ndpi,23_HER2_val.ndpi,23_12,30312.125086600536,8962.82606322635,0.9109542245502164,0.9109542245502164,HER2,27521.815178377128,7198.636370724054
23,23_HE_val.ndpi,23_HER2_val.ndpi,23_13,31497.19861187456,10083.410523544555,0.9109542245502164,0.9109542245502164,HER2,28112.009839022074,8251.40924430191
23,23_HE_val.ndpi,23_HER2_val.ndpi,23_14,32370.475646843304,9734.64501204699,0.9109542245502164,0.9109542245502164,HER2,28514.356847025578,7957.869138230073
23,23_HE_val.ndpi,23_HER2_val.ndpi,23_15,29062.11286339393,7980.285344719992,0.9109542245502164,0.9109542245502164,HER2,27049.76376144891,6618.4759154832045
23,23_HE_val.ndpi,23_HER2_val.ndpi,23_16,30918.588704885347,8111.276484985691,0.9109542245502164,0.9109542245502164,HER2,27287.102821688804,6542.3909025889225
23,23_HE_val.ndpi,23_HER2_val.ndpi,23_17,31842.641242726168,7913.235883745155,0.9109542245502164,0.9109542245502164,HER2,27609.220037356183,6383.054543237038
23,23_HE_val.ndpi,23_HER2_val.ndpi,23_18,29705.161364663218,7166.826908870645,0.9109542245502164,0.9109542245502164,HER2,26773.207264134995,5987.102806114875
23,23_HE_val.ndpi,23_HER2_val.ndpi,23_19,34107.70084878424,11772.914072741944,0.9109542245502164,0.9109542245502164,HER2,29838.005192014094,10826.415606515391
23,23_HE_val.ndpi,23_HER2_val.ndpi,23_20,32423.361488376937,12216.921767713911,0.9109542245502164,0.9109542245502164,HER2,28805.565846205678,11278.1333411815
23,23_HE_val.ndpi,23_HER2_val.ndpi,23_21,30989.13640119761,12049.00638945765,0.9109542245502164,0.9109542245502164,HER2,27876.309521011655,10680.997904902408
23,23_HE_val.ndpi,23_HER2_val.ndpi,23_22,30174.137969209623,13837.316965344957,0.9109542245502164,0.9109542245502164,HER2,26859.330033533894,12759.103125423198
23,23_HE_val.ndpi,23_HER2_val.ndpi,23_23,29543.158743269752,14596.818737715186,0.9109542245502164,0.9109542245502164,HER2,26200.33447775379,13596.019521053802
23,23_HE_val.ndpi,23_HER2_val.ndpi,23_24,27270.015799182853,13566.141164569275,0.9109542245502164,0.9109542245502164,HER2,24394.753045260728,12007.852910359397
23,23_HE_val.ndpi,23_HER2_val.ndpi,23_25,26983.332524237198,14984.33452486637,0.9109542245502164,0.9109542245502164,HER2,23836.83259059573,13640.46125693471
23,23_HE_val.ndpi,23_HER2_val.ndpi,23_26,24138.921671284887,14595.999288599274,0.9109542245502164,0.9109542245502164,HER2,20857.88100546435,12935.152033458344
23,23_HE_val.ndpi,23_HER2_val.ndpi,23_27,22421.937722570234,12426.726848966944,0.9109542245502164,0.9109542245502164,HER2,20512.373375166957,10183.24662002007
23,23_HE_val.ndpi,23_HER2_val.ndpi,23_28,19524.98964472708,10302.937444149129,0.9109542245502164,0.9109542245502164,HER2,18679.255880355395,7971.801408771203
23,23_HE_val.ndpi,23_HER2_val.ndpi,23_29,21249.200604446134,7835.822030618877,0.9109542245502164,0.9109542245502164,HER2,21538.823613997523,6456.461466593036
23,23_HE_val.ndpi,23_HER2_val.ndpi,23_30,22832.044814714754,5775.417445963513,0.9109542245502164,0.9109542245502164,HER2,23192.31198701335,5249.754134288379
23,23_HE_val.ndpi,23_HER2_val.ndpi,23_31,24123.46614907412,6422.4694938480225,0.9109542245502164,0.9109542245502164,HER2,24313.71697181421,5677.407424451362
23,23_HE_val.ndpi,23_HER2_val.ndpi,23_32,22955.75829821789,8486.51282734348,0.9109542245502164,0.9109542245502164,HER2,22989.11909133117,6729.905229003654
23,23_HE_val.ndpi,23_HER2_val.ndpi,23_33,25735.84250110736,7135.40970704237,0.9109542245502164,0.9109542245502164,HER2,25366.685590381432,6129.962484522656
23,23_HE_val.ndpi,23_HER2_val.ndpi,23_34,25630.79184437128,6202.983263401453,0.9109542245502164,0.9109542245502164,HER2,25175.844499029135,5496.541272918012
23,23_HE_val.ndpi,23_HER2_val.ndpi,23_35,28971.64220538931,4908.713908900219,0.9109542245502164,0.9109542245502164,HER2,25969.69128482501,4525.995730395576
23,23_HE_val.ndpi,23_HER2_val.ndpi,23_36,29206.296770419678,5579.342218837164,0.9109542245502164,0.9109542245502164,HER2,26274.31726219819,5011.130766241133
23,23_HE_val.ndpi,23_HER2_val.ndpi,23_37,32072.48704144529,5251.639711472218,0.9109542245502164,0.9109542245502164,HER2,27827.740743437636,4813.426201303704
23,23_HE_val.ndpi,23_HER2_val.ndpi,23_38,27852.9705729779,2978.205485647631,0.9109542245502164,0.9109542245502164,HER2,24621.005378873102,2928.777000976448
23,23_HE_val.ndpi,23_HER2_val.ndpi,23_39,31244.336355843814,15247.501284501284,0.9109542245502164,0.9109542245502164,HER2,27739.857290802218,14747.08724982551
23,23_HE_val.ndpi,23_HER2_val.ndpi,23_40,31073.00244319299,16956.358976328203,0.9109542245502164,0.9109542245502164,HER2,27455.035200337647,16868.8041182602
23,23_HE_val.ndpi,23_HER2_val.ndpi,23_41,29311.358378677232,15603.254689412794,0.9109542245502164,0.9109542245502164,HER2,26011.776747394055,14768.137036244929
23,23_HE_val.ndpi,23_HER2_val.ndpi,23_42,27446.9927725743,17428.599934025402,0.9109542245502164,0.9109542245502164,HER2,24238.960882931013,16524.150909746946
23,23_HE_val.ndpi,23_HER2_val.ndpi,23_43,36646.85414343004,16794.308640318384,0.9109542245502164,0.9109542245502164,HER2,32326.057053260578,17618.78703629539
23,23_HE_val.ndpi,23_HER2_val.ndpi,23_44,32961.899886837215,8279.70930845757,0.9109542245502164,0.9109542245502164,HER2,28356.831782660018,6606.284453567661
23,23_HE_val.ndpi,23_HER2_val.ndpi,23_45,18075.899865693158,8349.23880824463,0.9109542245502164,0.9109542245502164,HER2,17608.621658757325,6932.618549292116
23,23_HE_val.ndpi,23_HER2_val.ndpi,23_46,15211.212891570945,6744.854440622404,0.9109542245502164,0.9109542245502164,HER2,14852.422944027758,6369.241360364639
23,23_HE_val.ndpi,23_HER2_val.ndpi,23_47,32493.325071050385,13503.754014396209,0.9109542245502164,0.9109542245502164,HER2,28563.631289320656,13020.334439283803
23,23_HE_val.ndpi,23_HER2_val.ndpi,23_48,37300.053063458334,10331.926012947964,0.9109542245502164,0.9109542245502164,HER2,30951.506845108244,9883.627116808872
23,23_HE_val.ndpi,23_HER2_val.ndpi,23_49,29810.608537238462,12157.075681899105,0.9109542245502164,0.9109542245502164,HER2,26831.586310639916,10713.30122169873
23,23_HE_val.ndpi,23_HER2_val.ndpi,23_50,30993.651714454245,7519.905245732267,0.9109542245502164,0.9109542245502164,HER2,27233.58590389917,6182.1215599125835
23,23_HE_val.ndpi,23_HER2_val.ndpi,23_51,30317.22732320413,8011.148815043192,0.9109542245502164,0.9109542245502164,HER2,27221.37609688771,6491.79387336128
87,87_HE_val.ndpi,87_HER2_val.ndpi,87_1,34127.1301890219,5990.440479689018,0.9109542245502164,0.9109542245502164,HER2,21053.380433690214,12261.490772470444
87,87_HE_val.ndpi,87_HER2_val.ndpi,87_2,32320.796150909355,5639.944615924116,0.9109542245502164,0.9109542245502164,HER2,22986.797185336745,12713.177944279892
87,87_HE_val.ndpi,87_HER2_val.ndpi,87_3,32694.910639400594,5277.996545472671,0.9109542245502164,0.9109542245502164,HER2,22462.063597179513,12776.026824901479
87,87_HE_val.ndpi,87_HER2_val.ndpi,87_4,31063.51633071514,7021.344648492225,0.9109542245502164,0.9109542245502164,HER2,24630.91305213436,12363.564154299487
87,87_HE_val.ndpi,87_HER2_val.ndpi,87_5,28678.67719192064,8390.443351442926,0.9109542245502164,0.9109542245502164,HER2,27598.74687000554,11954.971851136232
87,87_HE_val.ndpi,87_HER2_val.ndpi,87_6,26951.290340417192,8322.060488013503,0.9109542245502164,0.9109542245502164,HER2,29286.753312746252,12200.48827037067
87,87_HE_val.ndpi,87_HER2_val.ndpi,87_7,27677.936235979127,8425.86061800834,0.9109542245502164,0.9109542245502164,HER2,28572.73962939698,12043.33800141117
87,87_HE_val.ndpi,87_HER2_val.ndpi,87_8,26503.65748953621,7636.018227062664,0.9109542245502164,0.9109542245502164,HER2,29890.51961748187,12910.076786436583
87,87_HE_val.ndpi,87_HER2_val.ndpi,87_9,31106.661919353475,8833.838451558844,0.9109542245502164,0.9109542245502164,HER2,24893.992358131065,11115.21470916996
87,87_HE_val.ndpi,87_HER2_val.ndpi,87_10,32366.897135842286,8009.9096741427475,0.9109542245502164,0.9109542245502164,HER2,23386.973806546226,11440.026518151892
87,87_HE_val.ndpi,87_HER2_val.ndpi,87_11,34268.68590449626,7580.906830598442,0.9109542245502164,0.9109542245502164,HER2,21022.69842305464,11555.904200089524
87,87_HE_val.ndpi,87_HER2_val.ndpi,87_12,35084.15740802826,8098.148748268114,0.9109542245502164,0.9109542245502164,HER2,19965.59418785951,11109.528089180969
87,87_HE_val.ndpi,87_HER2_val.ndpi,87_13,34580.89502146465,7753.320803154994,0.9109542245502164,0.9109542245502164,HER2,20616.82209849622,11405.899337286139
87,87_HE_val.ndpi,87_HER2_val.ndpi,87_14,35943.8972878555,8391.718534868098,0.9109542245502164,0.9109542245502164,HER2,19152.45242300712,10741.816393698246
87,87_HE_val.ndpi,87_HER2_val.ndpi,87_15,35452.2845827614,7907.095412013387,0.9109542245502164,0.9109542245502164,HER2,19567.22983673719,11154.603451424635
87,87_HE_val.ndpi,87_HER2_val.ndpi,87_16,37776.840952236125,8993.978203404837,0.9109542245502164,0.9109542245502164,HER2,18042.220997280856,10417.283873332242
87,87_HE_val.ndpi,87_HER2_val.ndpi,87_17,37103.028399499664,8979.998665632838,0.9109542245502164,0.9109542245502164,HER2,18644.519491126997,10325.645013230698
87,87_HE_val.ndpi,87_HER2_val.ndpi,87_18,37088.94400579544,9985.377671749766,0.9109542245502164,0.9109542245502164,HER2,19183.298385716134,9818.610211934083
87,87_HE_val.ndpi,87_HER2_val.ndpi,87_19,35941.505734033664,10118.238876209609,0.9109542245502164,0.9109542245502164,HER2,20170.611057924372,9787.381663488648
87,87_HE_val.ndpi,87_HER2_val.ndpi,87_20,36597.760026364216,9659.263544467376,0.9109542245502164,0.9109542245502164,HER2,19342.361858581586,9945.764764164827
87,87_HE_val.ndpi,87_HER2_val.ndpi,87_21,35038.87478271165,9433.112073088208,0.9109542245502164,0.9109542245502164,HER2,20368.761535825222,10224.792192242036
87,87_HE_val.ndpi,87_HER2_val.ndpi,87_22,34765.98379393416,10101.552328880636,0.9109542245502164,0.9109542245502164,HER2,21103.151675660563,9865.34312338847
87,87_HE_val.ndpi,87_HER2_val.ndpi,87_23,35467.49433053152,10782.158428042707,0.9109542245502164,0.9109542245502164,HER2,21038.0425500024,9533.923811885816
87,87_HE_val.ndpi,87_HER2_val.ndpi,87_24,35349.517302598906,11747.1282039774,0.9109542245502164,0.9109542245502164,HER2,21933.01987586109,9046.284567691302
87,87_HE_val.ndpi,87_HER2_val.ndpi,87_25,34617.75171416972,12157.423651112993,0.9109542245502164,0.9109542245502164,HER2,22493.818632767303,8814.608438822135
87,87_HE_val.ndpi,87_HER2_val.ndpi,87_26,34493.60458526648,13430.529874011145,0.9109542245502164,0.9109542245502164,HER2,22507.999527113046,7939.648652484082
87,87_HE_val.ndpi,87_HER2_val.ndpi,87_27,31945.720597685064,12778.336798599375,0.9109542245502164,0.9109542245502164,HER2,24199.105053331492,8405.196359136167
87,87_HE_val.ndpi,87_HER2_val.ndpi,87_28,31626.217949272686,13530.469406602886,0.9109542245502164,0.9109542245502164,HER2,24314.738032689234,7705.867410981461
87,87_HE_val.ndpi,87_HER2_val.ndpi,87_29,29645.37701657755,14041.784035613418,0.9109542245502164,0.9109542245502164,HER2,25923.969835522905,6983.175847239609
87,87_HE_val.ndpi,87_HER2_val.ndpi,87_30,28989.12283943463,13433.843002785416,0.9109542245502164,0.9109542245502164,HER2,26477.622460118127,7391.547388135457
87,87_HE_val.ndpi,87_HER2_val.ndpi,87_31,28240.26835383381,13731.774404956963,0.9109542245502164,0.9109542245502164,HER2,27055.00274892578,7186.33681627343
87,87_HE_val.ndpi,87_HER2_val.ndpi,87_32,28242.878137388932,15040.786286792669,0.9109542245502164,0.9109542245502164,HER2,26984.941272164364,6134.769601428773
87,87_HE_val.ndpi,87_HER2_val.ndpi,87_33,27766.943572425473,15474.918141169388,0.9109542245502164,0.9109542245502164,HER2,27298.005724189177,5891.123284477115
87,87_HE_val.ndpi,87_HER2_val.ndpi,87_34,25911.58294773443,15354.135040407877,0.9109542245502164,0.9109542245502164,HER2,28628.552107912426,5918.75684032334
87,87_HE_val.ndpi,87_HER2_val.ndpi,87_35,24980.83127136071,14211.893750953655,0.9109542245502164,0.9109542245502164,HER2,29490.33855045149,6741.533866129447
87,87_HE_val.ndpi,87_HER2_val.ndpi,87_36,20207.766185132587,10662.008555028233,0.9109542245502164,0.9109542245502164,HER2,35107.618592826024,10216.387972559842
87,87_HE_val.ndpi,87_HER2_val.ndpi,87_37,21259.680046790807,11538.603559169938,0.9109542245502164,0.9109542245502164,HER2,33745.38512338054,9228.925222737043
87,87_HE_val.ndpi,87_HER2_val.ndpi,87_38,16676.342664803844,14327.008495611914,0.9109542245502164,0.9109542245502164,HER2,36854.41122170752,6770.702846332752
87,87_HE_val.ndpi,87_HER2_val.ndpi,87_39,15115.169253271335,13458.762599940457,0.9109542245502164,0.9109542245502164,HER2,37802.551173425374,7417.249080634268
87,87_HE_val.ndpi,87_HER2_val.ndpi,87_40,15408.676079536392,10850.439801037077,0.9109542245502164,0.9109542245502164,HER2,38393.627553753366,10108.566934436243
87,87_HE_val.ndpi,87_HER2_val.ndpi,87_41,14618.833688590708,9571.314387985076,0.9109542245502164,0.9109542245502164,HER2,39411.8064912543,11652.506898655685
87,87_HE_val.ndpi,87_HER2_val.ndpi,87_42,15063.848134423295,9937.111613092397,0.9109542245502164,0.9109542245502164,HER2,39018.485876567975,11191.88538023912
87,87_HE_val.ndpi,87_HER2_val.ndpi,87_43,15552.396359767763,6986.300609434379,0.9109542245502164,0.9109542245502164,HER2,39928.988368985985,14622.697863261532
87,87_HE_val.ndpi,87_HER2_val.ndpi,87_44,14897.54781353921,6976.5162032957405,0.9109542245502164,0.9109542245502164,HER2,40429.905393450856,14742.541595376037
87,87_HE_val.ndpi,87_HER2_val.ndpi,87_45,16626.849925515136,6963.724655552323,0.9109542245502164,0.9109542245502164,HER2,39145.215847573796,14357.052430528469
87,87_HE_val.ndpi,87_HER2_val.ndpi,87_46,17597.140001455526,5957.199750172644,0.9109542245502164,0.9109542245502164,HER2,38424.9393620777,15278.518927655645
87,87_HE_val.ndpi,87_HER2_val.ndpi,87_47,16477.88433961699,5115.745013707754,0.9109542245502164,0.9109542245502164,HER2,39223.00826899936,16150.31820251804
87,87_HE_val.ndpi,87_HER2_val.ndpi,87_48,17460.252528854668,4266.238000132998,0.9109542245502164,0.9109542245502164,HER2,38290.85282373262,16716.225201385758
87,87_HE_val.ndpi,87_HER2_val.ndpi,87_49,18744.57827321729,4310.525106682154,0.9109542245502164,0.9109542245502164,HER2,37148.89060503458,16484.706057578234
87,87_HE_val.ndpi,87_HER2_val.ndpi,87_50,20053.0608201126,2925.5469783301137,0.9109542245502164,0.9109542245502164,HER2,36378.09492455022,17393.603494945124
87,87_HE_val.ndpi,87_HER2_val.ndpi,87_51,20073.190778566208,1995.5176832040515,0.9109542245502164,0.9109542245502164,HER2,36772.30550212084,18097.80670892324
87,87_HE_val.ndpi,87_HER2_val.ndpi,87_52,22428.45889646789,3634.140222366104,0.9109542245502164,0.9109542245502164,HER2,34314.27494209875,16562.16663763131
70,70_HE_val.ndpi,70_ER_val.ndpi,70_0,15189.503328379573,10629.246771748947,0.9097732390201744,0.9097732390201744,ER,10651.034370979887,8631.35939775149
70,70_HE_val.ndpi,70_ER_val.ndpi,70_1,16754.428637460413,11402.244837650314,0.9097732390201744,0.9097732390201744,ER,11354.267819439647,9386.479336476312
70,70_HE_val.ndpi,70_ER_val.ndpi,70_2,16557.08019624111,10479.895384598145,0.9097732390201744,0.9097732390201744,ER,11249.322437186096,8635.162103042598
70,70_HE_val.ndpi,70_ER_val.ndpi,70_3,16322.781224554055,8976.885487021726,0.9097732390201744,0.9097732390201744,ER,10846.458683853029,7379.705203039366
70,70_HE_val.ndpi,70_ER_val.ndpi,70_4,17288.837346782446,9254.812164035166,0.9097732390201744,0.9097732390201744,ER,11337.982302764576,7765.915716171444
70,70_HE_val.ndpi,70_ER_val.ndpi,70_5,14928.958512939023,12798.97580742603,0.9097732390201744,0.9097732390201744,ER,11043.41952668166,10497.360014436701
70,70_HE_val.ndpi,70_ER_val.ndpi,70_6,14682.127849606564,14511.532132452692,0.9097732390201744,0.9097732390201744,ER,11363.768020637444,12153.900743179734
70,70_HE_val.ndpi,70_ER_val.ndpi,70_7,14443.323319163981,13343.96090905986,0.9097732390201744,0.9097732390201744,ER,11017.483960600232,10990.091914784822
70,70_HE_val.ndpi,70_ER_val.ndpi,70_8,15434.883280581882,19840.39926883024,0.9097732390201744,0.9097732390201744,ER,12438.481839136151,17114.55407200312
70,70_HE_val.ndpi,70_ER_val.ndpi,70_9,15893.63530008701,20029.039287394648,0.9097732390201744,0.9097732390201744,ER,12979.658346902945,17218.99848246344
70,70_HE_val.ndpi,70_ER_val.ndpi,70_10,16795.554873700763,18553.17095545165,0.9097732390201744,0.9097732390201744,ER,13470.590949914687,16206.54658751517
70,70_HE_val.ndpi,70_ER_val.ndpi,70_11,18177.569361218328,17904.56346859575,0.9097732390201744,0.9097732390201744,ER,14082.620973609717,15339.155260185975
70,70_HE_val.ndpi,70_ER_val.ndpi,70_12,19605.294505751608,17118.944980458953,0.9097732390201744,0.9097732390201744,ER,15010.37401772133,14435.224833970295
70,70_HE_val.ndpi,70_ER_val.ndpi,70_13,21020.402020386857,15850.837530198816,0.9097732390201744,0.9097732390201744,ER,15406.342550905685,13089.312502182032
70,70_HE_val.ndpi,70_ER_val.ndpi,70_14,22602.95288945497,15250.642166713753,0.9097732390201744,0.9097732390201744,ER,16562.857811045902,12266.337103326012
70,70_HE_val.ndpi,70_ER_val.ndpi,70_15,21292.328982760082,20188.381717088967,0.9097732390201744,0.9097732390201744,ER,18741.011068452557,17154.26108619373
70,70_HE_val.ndpi,70_ER_val.ndpi,70_16,22962.477628063087,20119.841517788427,0.9097732390201744,0.9097732390201744,ER,20226.928524365678,16782.63819149877
70,70_HE_val.ndpi,70_ER_val.ndpi,70_17,23118.693047866065,19207.98211564261,0.9097732390201744,0.9097732390201744,ER,19949.02595297823,15814.199774540577
70,70_HE_val.ndpi,70_ER_val.ndpi,70_18,24571.855729272706,19207.9817830401,0.9097732390201744,0.9097732390201744,ER,21436.482414122285,15642.59321678401
70,70_HE_val.ndpi,70_ER_val.ndpi,70_19,24346.615309104098,17911.034521436417,0.9097732390201744,0.9097732390201744,ER,20201.11120263993,14270.244565165862
70,70_HE_val.ndpi,70_ER_val.ndpi,70_20,25868.802658273857,18270.692091343604,0.9097732390201744,0.9097732390201744,ER,22210.886540775697,14484.957683036213
70,70_HE_val.ndpi,70_ER_val.ndpi,70_21,26046.81551663493,17148.124171903386,0.9097732390201744,0.9097732390201744,ER,21518.119672398076,13344.488098573054
70,70_HE_val.ndpi,70_ER_val.ndpi,70_22,24139.53931019979,15015.60779475156,0.9097732390201744,0.9097732390201744,ER,17827.66979510223,11726.899717606542
70,70_HE_val.ndpi,70_ER_val.ndpi,70_23,29942.9893472246,16094.172156523397,0.9097732390201744,0.9097732390201744,ER,23221.09656615798,12735.083091615345
70,70_HE_val.ndpi,70_ER_val.ndpi,70_24,30858.941529419717,16450.327299766323,0.9097732390201744,0.9097732390201744,ER,24405.320645374602,13153.529174413741
70,70_HE_val.ndpi,70_ER_val.ndpi,70_25,30858.94136340714,14701.9910820864,0.9097732390201744,0.9097732390201744,ER,22947.251729389984,11502.365210947499
70,70_HE_val.ndpi,70_ER_val.ndpi,70_26,34040.88519801726,12878.495918035882,0.9097732390201744,0.9097732390201744,ER,23885.74033129572,11677.637508912547
70,70_HE_val.ndpi,70_ER_val.ndpi,70_27,32560.328323497983,12509.802862686718,0.9097732390201744,0.9097732390201744,ER,22549.39582186756,11061.23973050754
70,70_HE_val.ndpi,70_ER_val.ndpi,70_28,33282.119968038474,11482.201533065376,0.9097732390201744,0.9097732390201744,ER,21837.911464474415,11099.165083997368
70,70_HE_val.ndpi,70_ER_val.ndpi,70_29,32664.900385745455,16143.026487045503,0.9097732390201744,0.9097732390201744,ER,26226.093827381108,13050.085122857792
70,70_HE_val.ndpi,70_ER_val.ndpi,70_30,32981.55113388457,15259.605623312813,0.9097732390201744,0.9097732390201744,ER,25517.408446926645,12586.581836670559
70,70_HE_val.ndpi,70_ER_val.ndpi,70_31,31755.16483130552,14091.618743264717,0.9097732390201744,0.9097732390201744,ER,23186.990704801014,11329.694717745493
70,70_HE_val.ndpi,70_ER_val.ndpi,70_32,32882.386666293874,13677.672238548934,0.9097732390201744,0.9097732390201744,ER,23803.059431906346,11700.31076095799
70,70_HE_val.ndpi,70_ER_val.ndpi,70_33,33483.64825453836,9704.242694268041,0.9097732390201744,0.9097732390201744,ER,21121.175294672856,10237.17458383125
70,70_HE_val.ndpi,70_ER_val.ndpi,70_34,31564.17998210614,9375.506534258746,0.9097732390201744,0.9097732390201744,ER,19568.179218575682,9545.838128639098
70,70_HE_val.ndpi,70_ER_val.ndpi,70_35,31682.123298378207,10856.28045177902,0.9097732390201744,0.9097732390201744,ER,20063.894197856305,10610.44528524998
70,70_HE_val.ndpi,70_ER_val.ndpi,70_36,25379.863016957817,4578.546087155545,0.9097732390201744,0.9097732390201744,ER,15119.715509478556,4252.534017180499
70,70_HE_val.ndpi,70_ER_val.ndpi,70_37,28324.43005986224,4779.975648077421,0.9097732390201744,0.9097732390201744,ER,16286.05044842714,5295.448650882377
70,70_HE_val.ndpi,70_ER_val.ndpi,70_38,29417.33814106453,6556.1920995809105,0.9097732390201744,0.9097732390201744,ER,17771.301469960297,6798.660234709766
70,70_HE_val.ndpi,70_ER_val.ndpi,70_39,29982.9965191695,8307.005632871545,0.9097732390201744,0.9097732390201744,ER,18517.798834233035,8072.3783567363225
70,70_HE_val.ndpi,70_ER_val.ndpi,70_40,28504.996684450423,3796.907947171192,0.9097732390201744,0.9097732390201744,ER,16070.42231117798,4610.934224943771
70,70_HE_val.ndpi,70_ER_val.ndpi,70_41,23520.972221480395,12593.584163299949,0.9097732390201744,0.9097732390201744,ER,16155.47048261043,10017.642806385827
70,70_HE_val.ndpi,70_ER_val.ndpi,70_42,21705.477619493602,12148.718318655801,0.9097732390201744,0.9097732390201744,ER,14550.29446921122,9859.143700516275
70,70_HE_val.ndpi,70_ER_val.ndpi,70_43,20568.37846238425,11058.846058148933,0.9097732390201744,0.9097732390201744,ER,13726.952064832121,8987.336352427625
70,70_HE_val.ndpi,70_ER_val.ndpi,70_44,19081.397338166018,11859.823914169543,0.9097732390201744,0.9097732390201744,ER,12624.912777323347,9923.082889419531
70,70_HE_val.ndpi,70_ER_val.ndpi,70_45,20215.473694411852,4904.884170889297,0.9097732390201744,0.9097732390201744,ER,11689.308479731439,3578.846332711465
70,70_HE_val.ndpi,70_ER_val.ndpi,70_46,19291.047051595462,5785.7655545662965,0.9097732390201744,0.9097732390201744,ER,11651.187318968745,4609.070032269637
70,70_HE_val.ndpi,70_ER_val.ndpi,70_47,18642.39650673799,5153.938411341334,0.9097732390201744,0.9097732390201744,ER,10621.22095516409,3961.029411632799
70,70_HE_val.ndpi,70_ER_val.ndpi,70_48,19920.59401978169,8245.099300561102,0.9097732390201744,0.9097732390201744,ER,12628.35629957708,6972.785576471167
70,70_HE_val.ndpi,70_ER_val.ndpi,70_49,20911.132861808226,7365.061675712544,0.9097732390201744,0.9097732390201744,ER,13427.834639208055,6146.982234031916
70,70_HE_val.ndpi,70_ER_val.ndpi,70_50,27555.363808869188,11496.90327200229,0.9097732390201744,0.9097732390201744,ER,17784.53248960716,8988.607170448757
70,70_HE_val.ndpi,70_ER_val.ndpi,70_51,28181.603496962398,15632.2331215628,0.9097732390201744,0.9097732390201744,ER,21504.243822206136,11934.61984311533
70,70_HE_val.ndpi,70_ER_val.ndpi,70_52,26461.25618133751,14899.304087687111,0.9097732390201744,0.9097732390201744,ER,19609.44947438013,11372.875120309354
70,70_HE_val.ndpi,70_ER_val.ndpi,70_53,30658.043118485424,19166.628657965604,0.9097732390201744,0.9097732390201744,ER,26897.78423169,16108.614420269194
70,70_HE_val.ndpi,70_ER_val.ndpi,70_54,29046.47604424756,17916.479748539765,0.9097732390201744,0.9097732390201744,ER,24152.829005033786,14331.826518915486
70,70_HE_val.ndpi,70_ER_val.ndpi,70_55,31639.680897945414,18471.662966528,0.9097732390201744,0.9097732390201744,ER,27320.6011111711,15784.510761291547
70,70_HE_val.ndpi,70_ER_val.ndpi,70_56,34077.585101957615,17533.32822499953,0.9097732390201744,0.9097732390201744,ER,30033.534981726356,15163.451360123681
70,70_HE_val.ndpi,70_ER_val.ndpi,70_57,29231.09638970793,19171.849895521478,0.9097732390201744,0.9097732390201744,ER,25400.725535298665,15990.83910706778
70,70_HE_val.ndpi,70_ER_val.ndpi,70_58,27866.624102040965,9658.458993234766,0.9097732390201744,0.9097732390201744,ER,17493.65954495738,8426.315124200757
70,70_HE_val.ndpi,70_ER_val.ndpi,70_59,24354.2640477848,10296.063243887253,0.9097732390201744,0.9097732390201744,ER,15988.332834757692,8449.413256092763
70,70_HE_val.ndpi,70_ER_val.ndpi,70_60,25600.276043035123,8406.927775528924,0.9097732390201744,0.9097732390201744,ER,16219.431453391473,7522.8751915874445
70,70_HE_val.ndpi,70_ER_val.ndpi,70_61,22228.254235679116,5778.619376657592,0.9097732390201744,0.9097732390201744,ER,13946.81235473218,4871.677406288834
70,70_HE_val.ndpi,70_ER_val.ndpi,70_62,24966.558542798008,6307.957012234471,0.9097732390201744,0.9097732390201744,ER,15678.637530458742,5647.657139646772
60,60_HE_val.ndpi,60_PGR_val.ndpi,60_0,11422.071665231435,4168.870019902868,0.919793966151582,0.919793966151582,PGR,24086.187948847484,6059.6826097009425
60,60_HE_val.ndpi,60_PGR_val.ndpi,60_1,11819.335125881056,3630.753446411203,0.919793966151582,0.919793966151582,PGR,24562.229541421122,5400.503112803523
60,60_HE_val.ndpi,60_PGR_val.ndpi,60_2,12181.09470931006,4138.583754056353,0.919793966151582,0.919793966151582,PGR,24833.829800838823,6110.654502896503
60,60_HE_val.ndpi,60_PGR_val.ndpi,60_3,12823.037825926443,3683.314990013003,0.919793966151582,0.919793966151582,PGR,25205.484656764584,5558.414164126106
60,60_HE_val.ndpi,60_PGR_val.ndpi,60_4,13069.207227254617,3320.6924696656592,0.919793966151582,0.919793966151582,PGR,25293.401377270475,5112.018264086004
60,60_HE_val.ndpi,60_PGR_val.ndpi,60_5,17620.856365774147,5080.262996419493,0.919793966151582,0.919793966151582,PGR,28619.413070892435,8583.297497915342
60,60_HE_val.ndpi,60_PGR_val.ndpi,60_6,19077.94845266047,5082.128602497839,0.919793966151582,0.919793966151582,PGR,29039.758302988943,9056.914374776898
60,60_HE_val.ndpi,60_PGR_val.ndpi,60_7,18324.987213377943,6784.647855004649,0.919793966151582,0.919793966151582,PGR,28014.418817747952,10708.981731586291
60,60_HE_val.ndpi,60_PGR_val.ndpi,60_8,20506.855604766304,5350.1937293860665,0.919793966151582,0.919793966151582,PGR,29532.86883455196,9809.325715787627
60,60_HE_val.ndpi,60_PGR_val.ndpi,60_9,22360.94924367336,5261.508355661072,0.919793966151582,0.919793966151582,PGR,30173.438943155616,9427.747582572207
60,60_HE_val.ndpi,60_PGR_val.ndpi,60_10,23081.583698226266,4481.264329445889,0.919793966151582,0.919793966151582,PGR,30675.16111149315,7538.520632587273
60,60_HE_val.ndpi,60_PGR_val.ndpi,60_11,23376.698097222365,3549.2980110996264,0.919793966151582,0.919793966151582,PGR,31582.472894861217,5107.929793212852
60,60_HE_val.ndpi,60_PGR_val.ndpi,60_12,24807.027335930532,6751.761713085712,0.919793966151582,0.919793966151582,PGR,32141.851963607318,10256.845090649795
60,60_HE_val.ndpi,60_PGR_val.ndpi,60_13,26489.665515910627,4995.407086136335,0.919793966151582,0.919793966151582,PGR,34075.95733550401,6955.032352863331
60,60_HE_val.ndpi,60_PGR_val.ndpi,60_14,27955.93899087879,5402.427186540058,0.919793966151582,0.919793966151582,PGR,36096.160668950775,7048.55734294851
60,60_HE_val.ndpi,60_PGR_val.ndpi,60_15,27830.830498356325,6705.225415964244,0.919793966151582,0.919793966151582,PGR,35542.291044382735,8536.982282913254
60,60_HE_val.ndpi,60_PGR_val.ndpi,60_16,28884.149913252946,4007.9134048373303,0.919793966151582,0.919793966151582,PGR,37539.83250916321,5339.273372937043
60,60_HE_val.ndpi,60_PGR_val.ndpi,60_17,29827.647747747746,4692.851344508113,0.919793966151582,0.919793966151582,PGR,38922.47239624403,6059.467989056952
60,60_HE_val.ndpi,60_PGR_val.ndpi,60_18,29857.08330415841,4151.165325616575,0.919793966151582,0.919793966151582,PGR,39078.177844058955,5627.729671585308
60,60_HE_val.ndpi,60_PGR_val.ndpi,60_19,30288.22731189749,3275.132759679505,0.919793966151582,0.919793966151582,PGR,40392.73181302261,4772.931897731725
60,60_HE_val.ndpi,60_PGR_val.ndpi,60_20,25283.98041551608,2272.114651543995,0.919793966151582,0.919793966151582,PGR,33717.04023501972,3106.95829836853
60,60_HE_val.ndpi,60_PGR_val.ndpi,60_21,24679.794339727105,2904.873860417595,0.919793966151582,0.919793966151582,PGR,33272.94107241923,3953.2041716435183
60,60_HE_val.ndpi,60_PGR_val.ndpi,60_22,24692.66560566324,2165.5808511820896,0.919793966151582,0.919793966151582,PGR,33299.385972061056,2967.182699124989
60,60_HE_val.ndpi,60_PGR_val.ndpi,60_23,24647.805952476898,1287.839219047768,0.919793966151582,0.919793966151582,PGR,33734.527236580616,1793.2620865350925
60,60_HE_val.ndpi,60_PGR_val.ndpi,60_24,25285.608103634113,4846.363514516688,0.919793966151582,0.919793966151582,PGR,32493.8400554554,7132.993225563005
60,60_HE_val.ndpi,60_PGR_val.ndpi,60_25,24180.519848467822,4142.001971068332,0.919793966151582,0.919793966151582,PGR,31922.779742929,6174.038357296591
60,60_HE_val.ndpi,60_PGR_val.ndpi,60_26,24742.559442099013,3825.8410695609255,0.919793966151582,0.919793966151582,PGR,32715.6843996534,5431.821105599338
60,60_HE_val.ndpi,60_PGR_val.ndpi,60_27,25612.501045738867,5340.454203422621,0.919793966151582,0.919793966151582,PGR,32827.41100382239,7700.38358532293
60,60_HE_val.ndpi,60_PGR_val.ndpi,60_28,25090.42937418331,5570.795869923535,0.919793966151582,0.919793966151582,PGR,32193.368271100913,8218.80983194273
60,60_HE_val.ndpi,60_PGR_val.ndpi,60_29,17854.082773269125,5906.396314908352,0.919793966151582,0.919793966151582,PGR,28475.72794727603,9575.1455942566
60,60_HE_val.ndpi,60_PGR_val.ndpi,60_30,15436.735604542275,6007.418937015712,0.919793966151582,0.919793966151582,PGR,26752.16251573884,8430.268821809774
60,60_HE_val.ndpi,60_PGR_val.ndpi,60_31,14452.372718498611,6906.384622517105,0.919793966151582,0.919793966151582,PGR,25879.208343221813,9281.364890267185
60,60_HE_val.ndpi,60_PGR_val.ndpi,60_32,12790.597981957026,5578.025837435085,0.919793966151582,0.919793966151582,PGR,24976.594681236682,7584.281181405106
60,60_HE_val.ndpi,60_PGR_val.ndpi,60_33,11675.452712403328,6529.4616898532095,0.919793966151582,0.919793966151582,PGR,23652.129258677876,8210.92713428612
60,60_HE_val.ndpi,60_PGR_val.ndpi,60_34,11138.423203800701,4995.961226027369,0.919793966151582,0.919793966151582,PGR,23555.631877974614,6933.510202365826
60,60_HE_val.ndpi,60_PGR_val.ndpi,60_35,10614.878445204173,3483.280771184373,0.919793966151582,0.919793966151582,PGR,23107.571324402164,5306.8701088875405
60,60_HE_val.ndpi,60_PGR_val.ndpi,60_36,11425.261694352925,3132.023998634785,0.919793966151582,0.919793966151582,PGR,24298.4978144462,4847.667428986156
60,60_HE_val.ndpi,60_PGR_val.ndpi,60_37,20917.718919927647,3809.9939716730846,0.919793966151582,0.919793966151582,PGR,29468.855938750923,6393.2597540366305
60,60_HE_val.ndpi,60_PGR_val.ndpi,60_38,21857.596557215194,4000.5379897375487,0.919793966151582,0.919793966151582,PGR,29906.832942582874,6964.994140533922
60,60_HE_val.ndpi,60_PGR_val.ndpi,60_39,22107.813969877552,3369.990326080657,0.919793966151582,0.919793966151582,PGR,30263.898482886238,5132.2014724728215
60,60_HE_val.ndpi,60_PGR_val.ndpi,60_40,21369.17252836306,2553.2811815668324,0.919793966151582,0.919793966151582,PGR,29837.304546093623,3279.921352459916
60,60_HE_val.ndpi,60_PGR_val.ndpi,60_41,21845.586310536466,2835.526285234981,0.919793966151582,0.919793966151582,PGR,30199.837961460078,3940.4476059259982
60,60_HE_val.ndpi,60_PGR_val.ndpi,60_42,22827.15890954283,2924.523682778885,0.919793966151582,0.919793966151582,PGR,31295.309778442166,3898.032548710968
60,60_HE_val.ndpi,60_PGR_val.ndpi,60_43,24181.13169005567,2730.563300491541,0.919793966151582,0.919793966151582,PGR,32806.66469918518,3701.7321656734216
60,60_HE_val.ndpi,60_PGR_val.ndpi,60_44,22803.935478868163,2079.99837577218,0.919793966151582,0.919793966151582,PGR,32047.003532069546,2772.4373909943706
60,60_HE_val.ndpi,60_PGR_val.ndpi,60_45,18955.848077660812,2502.357181606329,0.919793966151582,0.919793966151582,PGR,28598.601709785034,3653.310532570051
60,60_HE_val.ndpi,60_PGR_val.ndpi,60_46,20404.15445093958,1892.8368592541785,0.919793966151582,0.919793966151582,PGR,29184.08360113746,2036.8445395845044
60,60_HE_val.ndpi,60_PGR_val.ndpi,60_47,18539.384350324468,4433.14758762839,0.919793966151582,0.919793966151582,PGR,28859.309908296946,7552.044932105532
60,60_HE_val.ndpi,60_PGR_val.ndpi,60_48,15404.165412537337,3238.25874478459,0.919793966151582,0.919793966151582,PGR,27233.06158863183,5568.177961541399
60,60_HE_val.ndpi,60_PGR_val.ndpi,60_49,14425.232876555445,3514.244438342254,0.919793966151582,0.919793966151582,PGR,26628.620712771837,5677.637884615807
60,60_HE_val.ndpi,60_PGR_val.ndpi,60_50,15407.726663298004,6985.54713937276,0.919793966151582,0.919793966151582,PGR,26175.193637823693,9556.999842842799
60,60_HE_val.ndpi,60_PGR_val.ndpi,60_51,18653.521366153658,10934.001050181176,0.919793966151582,0.919793966151582,PGR,27165.795245915364,15413.438411843636
60,60_HE_val.ndpi,60_PGR_val.ndpi,60_52,19214.556512022005,11178.532500318799,0.919793966151582,0.919793966151582,PGR,27125.580875738873,15659.0102356086
60,60_HE_val.ndpi,60_PGR_val.ndpi,60_53,20074.5979861225,12458.471976878911,0.919793966151582,0.919793966151582,PGR,25998.24308055232,16299.540278666409
60,60_HE_val.ndpi,60_PGR_val.ndpi,60_54,20494.99804592048,12238.916411134607,0.919793966151582,0.919793966151582,PGR,26452.705906854975,16195.541940015162
60,60_HE_val.ndpi,60_PGR_val.ndpi,60_55,19345.083887625082,11930.954005904505,0.919793966151582,0.919793966151582,PGR,26193.1974352411,16299.341100666568
60,60_HE_val.ndpi,60_PGR_val.ndpi,60_56,18291.667749124303,12045.121967388708,0.919793966151582,0.919793966151582,PGR,25929.143592063236,16241.96630562615
60,60_HE_val.ndpi,60_PGR_val.ndpi,60_57,17405.387289566614,11024.09664786656,0.919793966151582,0.919793966151582,PGR,27259.347067445346,15245.286277826273
60,60_HE_val.ndpi,60_PGR_val.ndpi,60_58,16396.596779406493,11215.317717406284,0.919793966151582,0.919793966151582,PGR,26392.66203385479,15207.732345977787
60,60_HE_val.ndpi,60_PGR_val.ndpi,60_59,13577.763959077562,8991.346037301371,0.919793966151582,0.919793966151582,PGR,24750.329476158215,12136.171952462288
60,60_HE_val.ndpi,60_PGR_val.ndpi,60_60,12907.228556667109,9686.979758152032,0.919793966151582,0.919793966151582,PGR,23509.237760204454,13214.328353704766
60,60_HE_val.ndpi,60_PGR_val.ndpi,60_61,14083.25007648526,9636.936300054847,0.919793966151582,0.919793966151582,PGR,24898.743643312355,13206.344069169585
60,60_HE_val.ndpi,60_PGR_val.ndpi,60_62,15561.578368482917,8998.34151329423,0.919793966151582,0.919793966151582,PGR,26446.394038390892,12269.256556744062
60,60_HE_val.ndpi,60_PGR_val.ndpi,60_63,15062.572484386308,9221.60654779164,0.919793966151582,0.919793966151582,PGR,25913.399796843893,12644.116303556246
60,60_HE_val.ndpi,60_PGR_val.ndpi,60_64,19353.375607517468,8195.91924575928,0.919793966151582,0.919793966151582,PGR,28248.45153599351,12398.105923786656
60,60_HE_val.ndpi,60_PGR_val.ndpi,60_65,22822.01277624109,10557.003149289536,0.919793966151582,0.919793966151582,PGR,28495.784013537323,14297.111614693405
60,60_HE_val.ndpi,60_PGR_val.ndpi,60_66,22046.208391412983,10580.18220811623,0.919793966151582,0.919793966151582,PGR,28044.505404722924,14690.235094368669
60,60_HE_val.ndpi,60_PGR_val.ndpi,60_67,21873.604779836947,9990.54972603568,0.919793966151582,0.919793966151582,PGR,28571.189975864832,14331.218380900411
60,60_HE_val.ndpi,60_PGR_val.ndpi,60_68,21807.78705780952,11536.663016640408,0.919793966151582,0.919793966151582,PGR,27401.078090866362,15411.271588563288
60,60_HE_val.ndpi,60_PGR_val.ndpi,60_69,21164.20264574634,12109.60723026869,0.919793966151582,0.919793966151582,PGR,26797.68481925972,16140.014098394891
60,60_HE_val.ndpi,60_PGR_val.ndpi,60_70,24543.49559944411,10910.220673151032,0.919793966151582,0.919793966151582,PGR,30001.441646939053,13681.504935419767
60,60_HE_val.ndpi,60_PGR_val.ndpi,60_71,27275.598253554414,12205.838072636358,0.919793966151582,0.919793966151582,PGR,33847.28949281545,14650.925331239729
60,60_HE_val.ndpi,60_PGR_val.ndpi,60_72,27241.342052526543,11720.372605091405,0.919793966151582,0.919793966151582,PGR,33789.613197421764,13888.543149030766
60,60_HE_val.ndpi,60_PGR_val.ndpi,60_73,28866.976989383198,11213.802701963967,0.919793966151582,0.919793966151582,PGR,35861.6675800117,12999.482243276738
60,60_HE_val.ndpi,60_PGR_val.ndpi,60_74,28970.751521509883,12125.248798731565,0.919793966151582,0.919793966151582,PGR,35933.15705604575,14160.676103723868
60,60_HE_val.ndpi,60_PGR_val.ndpi,60_75,28817.825535043467,10611.176666088812,0.919793966151582,0.919793966151582,PGR,35940.85611787074,12509.081095525156
60,60_HE_val.ndpi,60_PGR_val.ndpi,60_76,29828.70331224644,11353.488012103955,0.919793966151582,0.919793966151582,PGR,36943.95273442009,13089.77154376573
60,60_HE_val.ndpi,60_PGR_val.ndpi,60_77,30425.88847705926,12020.734170973315,0.919793966151582,0.919793966151582,PGR,37628.62767078746,13876.799895385026
60,60_HE_val.ndpi,60_PGR_val.ndpi,60_78,28104.86591617354,7690.6726103811025,0.919793966151582,0.919793966151582,PGR,34665.918132967076,9212.405761240341
60,60_HE_val.ndpi,60_PGR_val.ndpi,60_79,28679.006752975365,8296.450440674591,0.919793966151582,0.919793966151582,PGR,35502.06144695934,9718.948933578167
60,60_HE_val.ndpi,60_PGR_val.ndpi,60_80,26830.8960961386,9138.290297191026,0.919793966151582,0.919793966151582,PGR,32837.22270289219,11341.799653972881
60,60_HE_val.ndpi,60_PGR_val.ndpi,60_81,27391.568208320194,8554.44995272382,0.919793966151582,0.919793966151582,PGR,33734.091736524126,10524.479767760884
60,60_HE_val.ndpi,60_PGR_val.ndpi,60_82,23642.138932433863,8855.151554542146,0.919793966151582,0.919793966151582,PGR,30353.413805085256,12681.463031392048
60,60_HE_val.ndpi,60_PGR_val.ndpi,60_83,21986.78518083514,8139.776159862812,0.919793966151582,0.919793966151582,PGR,29756.074599709737,12583.701532623008
60,60_HE_val.ndpi,60_PGR_val.ndpi,60_84,22778.23383878395,7728.344690617387,0.919793966151582,0.919793966151582,PGR,30267.046056037674,12314.547649464293
60,60_HE_val.ndpi,60_PGR_val.ndpi,60_85,24028.596329186592,8283.028604320332,0.919793966151582,0.919793966151582,PGR,31184.37192488416,12042.356611484702
60,60_HE_val.ndpi,60_PGR_val.ndpi,60_86,24147.566513863632,7594.790933801296,0.919793966151582,0.919793966151582,PGR,31819.318308086225,11791.635444477948
60,60_HE_val.ndpi,60_PGR_val.ndpi,60_87,24846.223604634917,9070.014809809045,0.919793966151582,0.919793966151582,PGR,30878.919201765293,12052.318098406866
60,60_HE_val.ndpi,60_PGR_val.ndpi,60_88,25640.91359704188,7943.036194548551,0.919793966151582,0.919793966151582,PGR,32675.593141843896,10931.053472386744
60,60_HE_val.ndpi,60_PGR_val.ndpi,60_89,23593.135108440252,12502.072696945874,0.919793966151582,0.919793966151582,PGR,28871.449984931027,15254.931663314674
60,60_HE_val.ndpi,60_PGR_val.ndpi,60_90,26082.613797826933,11107.969179211585,0.919793966151582,0.919793966151582,PGR,31878.233151257733,13310.158073218246
60,60_HE_val.ndpi,60_PGR_val.ndpi,60_91,25466.487729438384,12426.212037699755,0.919793966151582,0.919793966151582,PGR,31037.756414642317,14802.511267447093
60,60_HE_val.ndpi,60_PGR_val.ndpi,60_92,18894.28231506626,14287.320634171416,0.919793966151582,0.919793966151582,PGR,25080.37311395906,16278.770157945455
60,60_HE_val.ndpi,60_PGR_val.ndpi,60_93,20045.48181508671,14275.358605091084,0.919793966151582,0.919793966151582,PGR,25856.319744177523,16351.056259094441
60,60_HE_val.ndpi,60_PGR_val.ndpi,60_94,20833.58939215025,14264.42081469264,0.919793966151582,0.919793966151582,PGR,26411.260237465453,16387.171367515657
60,60_HE_val.ndpi,60_PGR_val.ndpi,60_95,20750.420627215368,14907.377834266654,0.919793966151582,0.919793966151582,PGR,26783.125933687294,16703.76202111845
60,60_HE_val.ndpi,60_PGR_val.ndpi,60_96,21174.260648790194,15281.636397899274,0.919793966151582,0.919793966151582,PGR,27072.608604218367,16891.691206486223
60,60_HE_val.ndpi,60_PGR_val.ndpi,60_97,21865.17189605154,17539.38708711535,0.919793966151582,0.919793966151582,PGR,27198.2100426351,19658.864749628025
60,60_HE_val.ndpi,60_PGR_val.ndpi,60_98,23067.753053741842,14231.937593518669,0.919793966151582,0.919793966151582,PGR,28611.951496854144,16321.444586468568
60,60_HE_val.ndpi,60_PGR_val.ndpi,60_99,22595.30422672388,15699.30984200877,0.919793966151582,0.919793966151582,PGR,28352.830083128538,17654.868014191496
60,60_HE_val.ndpi,60_PGR_val.ndpi,60_100,23555.688608371463,15528.048932315656,0.919793966151582,0.919793966151582,PGR,29259.151912949117,17734.212987695362
60,60_HE_val.ndpi,60_PGR_val.ndpi,60_101,24683.00841652583,14266.789788119275,0.919793966151582,0.919793966151582,PGR,30438.016900230254,16316.6050436915
60,60_HE_val.ndpi,60_PGR_val.ndpi,60_102,24503.78291915957,15092.685211423508,0.919793966151582,0.919793966151582,PGR,30215.938235627113,17372.66723066488
60,60_HE_val.ndpi,60_PGR_val.ndpi,60_103,24810.383119927337,17366.518349647075,0.919793966151582,0.919793966151582,PGR,30615.07624437387,19731.604581492877
60,60_HE_val.ndpi,60_PGR_val.ndpi,60_104,25398.694335044765,18448.753055126515,0.919793966151582,0.919793966151582,PGR,30678.726989641033,21199.267085666022
60,60_HE_val.ndpi,60_PGR_val.ndpi,60_105,26330.342499247035,17714.363962747208,0.919793966151582,0.919793966151582,PGR,32360.167107441783,20351.792795971058
60,60_HE_val.ndpi,60_PGR_val.ndpi,60_106,26391.130931322245,15910.454427448232,0.919793966151582,0.919793966151582,PGR,32268.070769035025,18107.61323107286
60,60_HE_val.ndpi,60_PGR_val.ndpi,60_107,26144.84946346709,14719.694084342067,0.919793966151582,0.919793966151582,PGR,32314.99836443464,16925.020576398667
60,60_HE_val.ndpi,60_PGR_val.ndpi,60_108,27539.515819337284,14494.594633434976,0.919793966151582,0.919793966151582,PGR,33915.24038857146,16653.10627309881
60,60_HE_val.ndpi,60_PGR_val.ndpi,60_109,30163.140909071564,14325.242127519241,0.919793966151582,0.919793966151582,PGR,36631.24679366883,16299.295273626256
60,60_HE_val.ndpi,60_PGR_val.ndpi,60_110,28829.308309982294,14387.885247987511,0.919793966151582,0.919793966151582,PGR,35210.842579391916,16494.79788344776
60,60_HE_val.ndpi,60_PGR_val.ndpi,60_111,28736.15906856351,15292.462260733384,0.919793966151582,0.919793966151582,PGR,35198.9128376294,17456.71730090418
60,60_HE_val.ndpi,60_PGR_val.ndpi,60_112,22671.149024100454,16717.258344663984,0.919793966151582,0.919793966151582,PGR,28421.41798071775,18539.437613821134
60,60_HE_val.ndpi,60_PGR_val.ndpi,60_113,23425.157023243228,18017.844631135704,0.919793966151582,0.919793966151582,PGR,28643.541119263355,20497.087184632433
60,60_HE_val.ndpi,60_PGR_val.ndpi,60_114,18328.26418035964,15476.267404985289,0.919793966151582,0.919793966151582,PGR,24840.270954594667,16837.517474530203
60,60_HE_val.ndpi,60_PGR_val.ndpi,60_115,17525.367682993397,16570.276393416203,0.919793966151582,0.919793966151582,PGR,23082.10756110897,17425.004989074176
60,60_HE_val.ndpi,60_PGR_val.ndpi,60_116,17477.448472620657,17842.24420134294,0.919793966151582,0.919793966151582,PGR,21949.12088244727,19770.24026608624
60,60_HE_val.ndpi,60_PGR_val.ndpi,60_117,12078.430592399694,16375.765125713271,0.919793966151582,0.919793966151582,PGR,17496.39584732104,18200.26520977915
60,60_HE_val.ndpi,60_PGR_val.ndpi,60_118,13162.321984079117,16475.791180989432,0.919793966151582,0.919793966151582,PGR,18067.15162292998,17860.878364775122
60,60_HE_val.ndpi,60_PGR_val.ndpi,60_119,11912.493412468026,15327.485387656834,0.919793966151582,0.919793966151582,PGR,18340.77781556911,17076.17200724445
60,60_HE_val.ndpi,60_PGR_val.ndpi,60_120,14336.649780874963,17630.61409510114,0.919793966151582,0.919793966151582,PGR,18608.31951109959,19459.721359532305
60,60_HE_val.ndpi,60_PGR_val.ndpi,60_121,15223.068823120828,17001.659146934784,0.919793966151582,0.919793966151582,PGR,19415.792142190377,18125.95116778651
60,60_HE_val.ndpi,60_PGR_val.ndpi,60_122,15594.484114468676,16353.875223486282,0.919793966151582,0.919793966151582,PGR,19911.6956233694,17248.523686558983
60,60_HE_val.ndpi,60_PGR_val.ndpi,60_123,19429.612797721,14749.102986381082,0.919793966151582,0.919793966151582,PGR,25842.337834930935,16422.564834285473
60,60_HE_val.ndpi,60_PGR_val.ndpi,60_124,20004.79448962797,15940.109178840483,0.919793966151582,0.919793966151582,PGR,26466.148977472003,16902.867149108773
60,60_HE_val.ndpi,60_PGR_val.ndpi,60_125,19078.47786770698,15382.986591621428,0.919793966151582,0.919793966151582,PGR,25669.181916984722,16592.417833256546
