anon_id,anon_filename_he,anon_filename_ihc,point_id,ihc_x,ihc_y,mpp_ihc_10X,mpp_he_10X,ihc_antibody,he_x,he_y
56,56_HE_val.ndpi,56_KI67_val.ndpi,56_0,18138.090038297963,16024.374525466843,0.9109542245502164,0.9109542245502164,KI67,14620.681437701081,13644.96854248059
56,56_HE_val.ndpi,56_KI67_val.ndpi,56_1,18419.654934653616,15768.124272235533,0.9109542245502164,0.9109542245502164,KI67,14839.166090813596,13363.83580216912
56,56_HE_val.ndpi,56_KI67_val.ndpi,56_2,34417.07662578497,7128.9743678241675,0.9109542245502164,0.9109542245502164,KI67,31756.5022255037,4846.030187977
56,56_HE_val.ndpi,56_KI67_val.ndpi,56_3,33395.82409287772,8808.367421938305,0.9109542245502164,0.9109542245502164,KI67,30721.688422155927,6398.1463873229695
56,56_HE_val.ndpi,56_KI67_val.ndpi,56_4,38160.47678659845,9286.92436174258,0.9109542245502164,0.9109542245502164,KI67,36857.15172888046,7889.106196264586
56,56_HE_val.ndpi,56_KI67_val.ndpi,56_5,39677.37721547669,10475.87748753503,0.9109542245502164,0.9109542245502164,KI67,39697.65647540478,10376.137786065336
56,56_HE_val.ndpi,56_KI67_val.ndpi,56_6,38372.12822202949,10362.089782479621,0.9109542245502164,0.9109542245502164,KI67,37646.43794043617,9825.161781579103
56,56_HE_val.ndpi,56_KI67_val.ndpi,56_7,38373.61667308053,10986.325723568818,0.9109542245502164,0.9109542245502164,KI67,37392.850171652695,10661.012398818388
56,56_HE_val.ndpi,56_KI67_val.ndpi,56_8,38896.7634395518,10727.670871805827,0.9109542245502164,0.9109542245502164,KI67,38218.226858432,10496.602012505793
56,56_HE_val.ndpi,56_KI67_val.ndpi,56_9,38190.19065169832,12104.016280984497,0.9109542245502164,0.9109542245502164,KI67,37413.666883279046,11906.183101677489
56,56_HE_val.ndpi,56_KI67_val.ndpi,56_10,38119.853705414665,11678.996690456006,0.9109542245502164,0.9109542245502164,KI67,37343.63151418368,11356.238774841091
56,56_HE_val.ndpi,56_KI67_val.ndpi,56_11,36952.51407964421,11075.95512492113,0.9109542245502164,0.9109542245502164,KI67,35434.9939372836,10172.148698877143
56,56_HE_val.ndpi,56_KI67_val.ndpi,56_12,40636.73435091738,6261.909012265401,0.9109542245502164,0.9109542245502164,KI67,41139.28269203686,4451.855406822039
56,56_HE_val.ndpi,56_KI67_val.ndpi,56_13,39966.79268933024,7318.564966313432,0.9109542245502164,0.9109542245502164,KI67,39658.256607663534,5822.196643870783
56,56_HE_val.ndpi,56_KI67_val.ndpi,56_14,40375.64803167078,6779.043623359895,0.9109542245502164,0.9109542245502164,KI67,40496.992446056036,5132.9265591007315
56,56_HE_val.ndpi,56_KI67_val.ndpi,56_15,41620.67385419861,11864.972448547429,0.9109542245502164,0.9109542245502164,KI67,43237.65721777311,12366.852053663006
56,56_HE_val.ndpi,56_KI67_val.ndpi,56_16,41732.54484431499,11931.817162898078,0.9109542245502164,0.9109542245502164,KI67,43337.82417256342,12471.554237212942
56,56_HE_val.ndpi,56_KI67_val.ndpi,56_17,40273.04382779,12697.181265286586,0.9109542245502164,0.9109542245502164,KI67,41051.69806068261,13583.63425218057
56,56_HE_val.ndpi,56_KI67_val.ndpi,56_18,41058.9213238547,12529.24485453594,0.9109542245502164,0.9109542245502164,KI67,42440.06332376699,13439.47281228393
56,56_HE_val.ndpi,56_KI67_val.ndpi,56_19,29787.882731009686,20704.538724129863,0.9109542245502164,0.9109542245502164,KI67,28474.204112571966,18010.844788157003
56,56_HE_val.ndpi,56_KI67_val.ndpi,56_20,30171.64043434752,20100.665377125293,0.9109542245502164,0.9109542245502164,KI67,28950.731796226693,17451.77246227857
56,56_HE_val.ndpi,56_KI67_val.ndpi,56_21,29989.87429423132,20721.962357021555,0.9109542245502164,0.9109542245502164,KI67,28705.291991448255,17964.312655011006
56,56_HE_val.ndpi,56_KI67_val.ndpi,56_22,20775.984653756903,4503.733980960555,0.9109542245502164,0.9109542245502164,KI67,18648.84991482522,2865.3631311063623
56,56_HE_val.ndpi,56_KI67_val.ndpi,56_23,18123.171676238304,16367.298778392234,0.9109542245502164,0.9109542245502164,KI67,14760.330846365867,14042.13201864215
88,88_HE_val.ndpi,88_PGR_val.ndpi,88_1,37116.90450990666,8629.822422224872,0.907338096858342,0.907338096858342,PGR,-1292.4915540095567,10670.401450136882
88,88_HE_val.ndpi,88_PGR_val.ndpi,88_2,36085.89678310717,8788.438995578641,0.907338096858342,0.907338096858342,PGR,-761.4674354935843,10755.906043272864
88,88_HE_val.ndpi,88_PGR_val.ndpi,88_3,35755.445588620154,8497.641944430065,0.907338096858342,0.907338096858342,PGR,-780.8310221489907,11421.777337808498
88,88_HE_val.ndpi,88_PGR_val.ndpi,88_4,34681.406665891125,5728.342376727335,0.907338096858342,0.907338096858342,PGR,-420.8337520063157,16878.14377042271
88,88_HE_val.ndpi,88_PGR_val.ndpi,88_5,26884.450386113287,3631.6850635078813,0.907338096858342,0.907338096858342,PGR,5997.839875831908,20526.469559760044
88,88_HE_val.ndpi,88_PGR_val.ndpi,88_6,36317.69523660859,15714.461155304542,0.907338096858342,0.907338096858342,PGR,3423.2285178886814,3657.058317640602
88,88_HE_val.ndpi,88_PGR_val.ndpi,88_7,37939.39108257752,17975.699025035858,0.907338096858342,0.907338096858342,PGR,1810.3981366931048,3455.506776854162
88,88_HE_val.ndpi,88_PGR_val.ndpi,88_8,17295.88818698993,10481.180138003141,0.907338096858342,0.907338096858342,PGR,17136.10931636393,15649.514947278
88,88_HE_val.ndpi,88_PGR_val.ndpi,88_9,20157.381927595387,9330.004495230827,0.907338096858342,0.907338096858342,PGR,14699.074336718217,17030.21071163382
88,88_HE_val.ndpi,88_PGR_val.ndpi,88_10,22804.47681833001,7751.706143731493,0.907338096858342,0.907338096858342,PGR,12473.600673288749,17798.879262884588
88,88_HE_val.ndpi,88_PGR_val.ndpi,88_11,24174.924012106578,6609.666815584362,0.907338096858342,0.907338096858342,PGR,10576.627813834895,18693.49226358005
88,88_HE_val.ndpi,88_PGR_val.ndpi,88_12,22937.714739947183,12833.781153986232,0.907338096858342,0.907338096858342,PGR,11566.749096943862,11156.614765445649
88,88_HE_val.ndpi,88_PGR_val.ndpi,88_13,21719.53945659024,13404.800818059799,0.907338096858342,0.907338096858342,PGR,13295.355453835442,10614.348915886447
88,88_HE_val.ndpi,88_PGR_val.ndpi,88_14,29326.359582520054,14902.928713685751,0.907338096858342,0.907338096858342,PGR,7469.587681981031,4938.050073305634
88,88_HE_val.ndpi,88_PGR_val.ndpi,88_15,29907.953684817203,16237.951539413298,0.907338096858342,0.907338096858342,PGR,7765.645977018594,4263.2606528130345
88,88_HE_val.ndpi,88_PGR_val.ndpi,88_16,27766.62994454133,15801.755962690437,0.907338096858342,0.907338096858342,PGR,9012.051339752587,4847.146656341144
88,88_HE_val.ndpi,88_PGR_val.ndpi,88_17,28599.366954648613,16991.3802628437,0.907338096858342,0.907338096858342,PGR,9103.104203480561,3829.3904022539755
88,88_HE_val.ndpi,88_PGR_val.ndpi,88_18,25678.17839538338,15259.816003731728,0.907338096858342,0.907338096858342,PGR,10379.345414842286,6289.351151372874
88,88_HE_val.ndpi,88_PGR_val.ndpi,88_19,25294.855009778443,14902.928713685747,0.907338096858342,0.907338096858342,PGR,10240.90672338781,6774.489016866435
88,88_HE_val.ndpi,88_PGR_val.ndpi,88_20,27066.834771780952,13471.666200177011,0.907338096858342,0.907338096858342,PGR,8770.299740317074,6745.799736942703
88,88_HE_val.ndpi,88_PGR_val.ndpi,88_21,26373.15867393928,9959.796571367828,0.907338096858342,0.907338096858342,PGR,9217.365194622189,12762.392547012265
88,88_HE_val.ndpi,88_PGR_val.ndpi,88_22,41310.00482773092,5217.316700619909,0.907338096858342,0.907338096858342,PGR,-6332.185231373272,14842.37240900275
88,88_HE_val.ndpi,88_PGR_val.ndpi,88_23,40363.43300319915,14454.511466449962,0.907338096858342,0.907338096858342,PGR,-558.4429062675861,3945.303517242567
88,88_HE_val.ndpi,88_PGR_val.ndpi,88_24,39516.420501490036,19327.212599877723,0.907338096858342,0.907338096858342,PGR,714.6466067232536,2573.5313026259078
88,88_HE_val.ndpi,88_PGR_val.ndpi,88_25,40927.47353804516,7970.098437549806,0.907338096858342,0.907338096858342,PGR,-4969.479628184782,10884.45343774312
79,79_HE_val.ndpi,79_PGR_val.ndpi,79_1,28017.09738361158,7996.981779829496,0.9097732390201744,0.9097732390201744,PGR,33596.54127050876,8930.214737116381
79,79_HE_val.ndpi,79_PGR_val.ndpi,79_2,28209.100903255585,8679.372667212976,0.9097732390201744,0.9097732390201744,PGR,33504.488919575786,8065.059129475796
79,79_HE_val.ndpi,79_PGR_val.ndpi,79_3,27324.957943446327,6374.981277970509,0.9097732390201744,0.9097732390201744,PGR,34391.86664224705,10296.338054125044
79,79_HE_val.ndpi,79_PGR_val.ndpi,79_4,26447.86510857518,4991.102936925456,0.9097732390201744,0.9097732390201744,PGR,35313.59111608272,11596.7739882306
79,79_HE_val.ndpi,79_PGR_val.ndpi,79_5,27602.913868758267,4032.1927155774156,0.9097732390201744,0.9097732390201744,PGR,34385.684637956874,12818.66453229598
79,79_HE_val.ndpi,79_PGR_val.ndpi,79_6,27610.243732852792,3746.381830691501,0.9097732390201744,0.9097732390201744,PGR,34429.39285939553,13192.56612061326
79,79_HE_val.ndpi,79_PGR_val.ndpi,79_7,25892.70060407146,3532.724436501604,0.9097732390201744,0.9097732390201744,PGR,35895.082350130666,13047.732953627981
79,79_HE_val.ndpi,79_PGR_val.ndpi,79_8,24298.786603102904,3554.5480090499354,0.9097732390201744,0.9097732390201744,PGR,37894.34888364638,13083.18675098594
79,79_HE_val.ndpi,79_PGR_val.ndpi,79_9,26936.997230974244,2254.3876677575995,0.9097732390201744,0.9097732390201744,PGR,35180.874056414985,14839.357024384777
79,79_HE_val.ndpi,79_PGR_val.ndpi,79_10,29500.03289846397,4335.452248252516,0.9097732390201744,0.9097732390201744,PGR,32516.41836366765,12506.863885988758
79,79_HE_val.ndpi,79_PGR_val.ndpi,79_11,36117.18877767703,10340.202621712115,0.9097732390201744,0.9097732390201744,PGR,24843.39146676602,7069.694263677734
79,79_HE_val.ndpi,79_PGR_val.ndpi,79_12,35989.31009614683,12162.288223612451,0.9097732390201744,0.9097732390201744,PGR,25108.659413706264,5053.028943375886
79,79_HE_val.ndpi,79_PGR_val.ndpi,79_13,18652.801566101247,10662.971059684598,0.9097732390201744,0.9097732390201744,PGR,43217.35783231615,5333.673724460948
79,79_HE_val.ndpi,79_PGR_val.ndpi,79_14,20635.409200857062,11230.12395874812,0.9097732390201744,0.9097732390201744,PGR,40751.59403443825,5056.618855474754
79,79_HE_val.ndpi,79_PGR_val.ndpi,79_15,20826.758454253373,11640.879247321096,0.9097732390201744,0.9097732390201744,PGR,40526.51887637858,4609.966385548165
79,79_HE_val.ndpi,79_PGR_val.ndpi,79_16,25115.94999512477,11636.338315071574,0.9097732390201744,0.9097732390201744,PGR,36792.2011326585,4280.148979819568
79,79_HE_val.ndpi,79_PGR_val.ndpi,79_17,41368.93503064194,14829.976399547126,0.9097732390201744,0.9097732390201744,PGR,18694.001828249005,2428.6085211320496
79,79_HE_val.ndpi,79_PGR_val.ndpi,79_18,32999.61671237083,5753.293235595021,0.9097732390201744,0.9097732390201744,PGR,28549.65644899708,11117.200510351671
79,79_HE_val.ndpi,79_PGR_val.ndpi,79_19,32835.80138512428,5219.544208121904,0.9097732390201744,0.9097732390201744,PGR,28732.577543501306,11371.926985187081
79,79_HE_val.ndpi,79_PGR_val.ndpi,79_20,32501.09254682592,4604.614016829572,0.9097732390201744,0.9097732390201744,PGR,29112.16710783357,11973.782749002341
79,79_HE_val.ndpi,79_PGR_val.ndpi,79_21,35495.05111279661,453.77849262220633,0.9097732390201744,0.9097732390201744,PGR,26493.777762149013,16930.198473735796
79,79_HE_val.ndpi,79_PGR_val.ndpi,79_22,25703.709246453505,10386.58667027394,0.9097732390201744,0.9097732390201744,PGR,35758.414498719554,5904.378332811808
79,79_HE_val.ndpi,79_PGR_val.ndpi,79_23,31472.10203690249,12106.358641228815,0.9097732390201744,0.9097732390201744,PGR,29539.306794853797,4581.35074487684
79,79_HE_val.ndpi,79_PGR_val.ndpi,79_24,22103.035562623558,8312.75169858038,0.9097732390201744,0.9097732390201744,PGR,39625.406086447685,8178.450210639457
79,79_HE_val.ndpi,79_PGR_val.ndpi,79_25,23662.663062648993,9301.6445504412,0.9097732390201744,0.9097732390201744,PGR,37698.4745867045,7359.066806915609
79,79_HE_val.ndpi,79_PGR_val.ndpi,79_26,19833.47215755361,13497.723656447011,0.9097732390201744,0.9097732390201744,PGR,41694.422692020205,2450.108935400719
79,79_HE_val.ndpi,79_PGR_val.ndpi,79_27,27145.75772752569,8217.740436087557,0.9097732390201744,0.9097732390201744,PGR,34335.26219069225,8589.129721041361
79,79_HE_val.ndpi,79_PGR_val.ndpi,79_28,35811.804112099904,9467.911391016372,0.9097732390201744,0.9097732390201744,PGR,25281.197779063983,8037.741007757393
79,79_HE_val.ndpi,79_PGR_val.ndpi,79_29,35198.89784439962,8250.811000213209,0.9097732390201744,0.9097732390201744,PGR,26051.668801656186,8806.721653824761
79,79_HE_val.ndpi,79_PGR_val.ndpi,79_30,35395.01725388125,1051.0863721026974,0.9097732390201744,0.9097732390201744,PGR,26402.621584133063,16150.886400668673
79,79_HE_val.ndpi,79_PGR_val.ndpi,79_31,35749.52993869025,1800.7058792510168,0.9097732390201744,0.9097732390201744,PGR,26138.04146961703,15410.032867433629
79,79_HE_val.ndpi,79_PGR_val.ndpi,79_32,29747.03423515572,795.4112173095415,0.9097732390201744,0.9097732390201744,PGR,32616.00988219624,16734.292463478938
79,79_HE_val.ndpi,79_PGR_val.ndpi,79_33,29882.20401360628,1112.4776234265066,0.9097732390201744,0.9097732390201744,PGR,32402.76846504113,16080.979311144401
79,79_HE_val.ndpi,79_PGR_val.ndpi,79_34,30075.92708642665,60.348608961698105,0.9097732390201744,0.9097732390201744,PGR,32351.657471239276,18024.727720873263
29,29_HE_val.ndpi,29_KI67_val.ndpi,29_1,18240.74456698856,13769.57444933594,0.9109542245502164,0.9109542245502164,KI67,3501.8163139045914,11553.736410177136
29,29_HE_val.ndpi,29_KI67_val.ndpi,29_2,18317.03577407548,15556.976191977732,0.9109542245502164,0.9109542245502164,KI67,3596.2609435218837,13176.714956260399
29,29_HE_val.ndpi,29_KI67_val.ndpi,29_3,15542.75052142183,15186.594258196652,0.9109542245502164,0.9109542245502164,KI67,992.4171115851419,12805.048013391344
29,29_HE_val.ndpi,29_KI67_val.ndpi,29_4,17076.07174499321,16993.61176508301,0.9109542245502164,0.9109542245502164,KI67,2582.646780020385,14629.058276226167
29,29_HE_val.ndpi,29_KI67_val.ndpi,29_5,14323.364810823101,14513.8902682503,0.9109542245502164,0.9109542245502164,KI67,232.3889518875003,12018.7592268399
29,29_HE_val.ndpi,29_KI67_val.ndpi,29_6,16156.287189883235,9622.378747838211,0.9109542245502164,0.9109542245502164,KI67,2125.0414527659577,7626.616849412092
29,29_HE_val.ndpi,29_KI67_val.ndpi,29_7,17345.945407532257,8938.200243251553,0.9109542245502164,0.9109542245502164,KI67,3250.649917831639,7124.7298708428425
29,29_HE_val.ndpi,29_KI67_val.ndpi,29_8,17958.626978473003,9072.560236878917,0.9109542245502164,0.9109542245502164,KI67,3767.2144949652766,7300.579185288319
29,29_HE_val.ndpi,29_KI67_val.ndpi,29_9,18397.83237307715,8187.737957716758,0.9109542245502164,0.9109542245502164,KI67,4191.148260893788,6537.616329810491
29,29_HE_val.ndpi,29_KI67_val.ndpi,29_10,19567.15624613236,10350.930591942735,0.9109542245502164,0.9109542245502164,KI67,5193.356690828117,8603.63453409098
29,29_HE_val.ndpi,29_KI67_val.ndpi,29_11,18482.744857324826,10845.469671733545,0.9109542245502164,0.9109542245502164,KI67,3978.8660153470914,8942.581809513995
29,29_HE_val.ndpi,29_KI67_val.ndpi,29_12,17709.113045094822,7520.901806770017,0.9109542245502164,0.9109542245502164,KI67,3934.2568892587738,5529.322036690038
29,29_HE_val.ndpi,29_KI67_val.ndpi,29_13,18510.79434040469,6051.899209777638,0.9109542245502164,0.9109542245502164,KI67,4180.081263499577,4704.044264843142
29,29_HE_val.ndpi,29_KI67_val.ndpi,29_14,18821.71133950728,6360.253642953517,0.9109542245502164,0.9109542245502164,KI67,4340.29921746052,5040.623062236485
29,29_HE_val.ndpi,29_KI67_val.ndpi,29_15,20406.749520073467,6900.4600638549755,0.9109542245502164,0.9109542245502164,KI67,6237.439432433169,5554.675213402537
29,29_HE_val.ndpi,29_KI67_val.ndpi,29_16,19984.228742898653,5419.240660034622,0.9109542245502164,0.9109542245502164,KI67,5964.8769046354455,4291.912489641916
29,29_HE_val.ndpi,29_KI67_val.ndpi,29_17,22603.566663000543,5812.216323592022,0.9109542245502164,0.9109542245502164,KI67,8391.150012838303,4702.32061135421
29,29_HE_val.ndpi,29_KI67_val.ndpi,29_18,21127.004145595714,8276.179590262234,0.9109542245502164,0.9109542245502164,KI67,6632.209590004186,6895.701037846091
29,29_HE_val.ndpi,29_KI67_val.ndpi,29_19,22224.899463893285,8310.391625676606,0.9109542245502164,0.9109542245502164,KI67,7680.03507815839,7085.965007622627
29,29_HE_val.ndpi,29_KI67_val.ndpi,29_20,25922.317911650865,5448.132365080003,0.9109542245502164,0.9109542245502164,KI67,11529.588329358838,4725.928016065046
29,29_HE_val.ndpi,29_KI67_val.ndpi,29_21,27369.79499874664,3903.837238318997,0.9109542245502164,0.9109542245502164,KI67,13402.482450259626,3235.913287956985
29,29_HE_val.ndpi,29_KI67_val.ndpi,29_22,26554.677704074067,4709.997200083104,0.9109542245502164,0.9109542245502164,KI67,12296.029559648829,4002.61345557095
29,29_HE_val.ndpi,29_KI67_val.ndpi,29_23,27069.7243463123,5390.754501128354,0.9109542245502164,0.9109542245502164,KI67,12634.192415138337,4721.271799499229
29,29_HE_val.ndpi,29_KI67_val.ndpi,29_24,27589.24965500472,9067.739660063557,0.9109542245502164,0.9109542245502164,KI67,12947.824863466005,7973.666422591063
29,29_HE_val.ndpi,29_KI67_val.ndpi,29_25,27629.55765309292,8207.835700848504,0.9109542245502164,0.9109542245502164,KI67,13034.324886768683,7130.755632366838
29,29_HE_val.ndpi,29_KI67_val.ndpi,29_26,25656.966431838042,17322.85533457748,0.9109542245502164,0.9109542245502164,KI67,10457.11043945412,15151.747189136038
29,29_HE_val.ndpi,29_KI67_val.ndpi,29_27,25943.389592327138,16001.190496646312,0.9109542245502164,0.9109542245502164,KI67,11205.150333674499,14042.80848169325
29,29_HE_val.ndpi,29_KI67_val.ndpi,29_28,22607.010826505655,10120.414509522529,0.9109542245502164,0.9109542245502164,KI67,7482.710545421998,8795.944214284951
29,29_HE_val.ndpi,29_KI67_val.ndpi,29_29,21565.569425241283,11792.00610093335,0.9109542245502164,0.9109542245502164,KI67,6557.779303774611,10036.548644871327
29,29_HE_val.ndpi,29_KI67_val.ndpi,29_30,19920.749411976543,13281.048752845181,0.9109542245502164,0.9109542245502164,KI67,5043.919109607556,11435.120663779733
29,29_HE_val.ndpi,29_KI67_val.ndpi,29_31,18805.03052556577,13620.74767434767,0.9109542245502164,0.9109542245502164,KI67,3995.034656217082,11542.017052427756
29,29_HE_val.ndpi,29_KI67_val.ndpi,29_32,18108.389298347767,12174.432725284734,0.9109542245502164,0.9109542245502164,KI67,3285.3136346477113,10236.232428757216
29,29_HE_val.ndpi,29_KI67_val.ndpi,29_33,18759.382512555992,12687.839608855826,0.9109542245502164,0.9109542245502164,KI67,3915.8861832404386,10879.365794141879
29,29_HE_val.ndpi,29_KI67_val.ndpi,29_34,24281.52454910707,7691.809439050318,0.9109542245502164,0.9109542245502164,KI67,9482.903455851005,6631.629965501074
29,29_HE_val.ndpi,29_KI67_val.ndpi,29_35,25189.522585102783,7158.377705140919,0.9109542245502164,0.9109542245502164,KI67,10678.243568469348,6194.489044184343
29,29_HE_val.ndpi,29_KI67_val.ndpi,29_36,16583.963949037414,10906.232144787951,0.9109542245502164,0.9109542245502164,KI67,2393.641313150181,8560.275816474497
36,36_HE_val.ndpi,36_PGR_val.ndpi,36_1,21330.341484724173,11949.826452813428,0.9109542245502164,0.9109542245502164,PGR,14828.572482682377,16932.393889067473
36,36_HE_val.ndpi,36_PGR_val.ndpi,36_2,22748.68677522266,9447.08190968958,0.9109542245502164,0.9109542245502164,PGR,11973.499613560272,16070.210911945584
36,36_HE_val.ndpi,36_PGR_val.ndpi,36_3,26882.395990976558,9985.011628399176,0.9109542245502164,0.9109542245502164,PGR,12052.692996234686,12217.82760191679
36,36_HE_val.ndpi,36_PGR_val.ndpi,36_4,33273.555482988704,15223.36718289621,0.9109542245502164,0.9109542245502164,PGR,16786.768961161535,6066.135956541529
36,36_HE_val.ndpi,36_PGR_val.ndpi,36_5,38446.339873053395,17974.523376674813,0.9109542245502164,0.9109542245502164,PGR,17466.9154215143,999.9269839773469
36,36_HE_val.ndpi,36_PGR_val.ndpi,36_6,35767.44578388057,14817.938632403722,0.9109542245502164,0.9109542245502164,PGR,15098.258086296468,3218.438111169612
36,36_HE_val.ndpi,36_PGR_val.ndpi,36_7,38089.821211055336,13366.434152647164,0.9109542245502164,0.9109542245502164,PGR,14087.332012525952,1610.5494159394023
36,36_HE_val.ndpi,36_PGR_val.ndpi,36_8,32404.504156922914,3395.6304414237634,0.9109542245502164,0.9109542245502164,PGR,2769.536872607519,6535.887822042826
36,36_HE_val.ndpi,36_PGR_val.ndpi,36_9,19384.90178935173,4563.329314301729,0.9109542245502164,0.9109542245502164,PGR,5037.234301632319,18904.743288858375
36,36_HE_val.ndpi,36_PGR_val.ndpi,36_10,22884.738949902177,3633.6329357963373,0.9109542245502164,0.9109542245502164,PGR,4361.162103418762,15668.030715606807
36,36_HE_val.ndpi,36_PGR_val.ndpi,36_11,28700.566556470625,8258.298265612595,0.9109542245502164,0.9109542245502164,PGR,9608.984916431504,10234.884890099918
36,36_HE_val.ndpi,36_PGR_val.ndpi,36_12,26135.47605026962,8741.51791323792,0.9109542245502164,0.9109542245502164,PGR,10170.334035303113,12910.813162262117
36,36_HE_val.ndpi,36_PGR_val.ndpi,36_13,24743.920862108644,6203.9838946694845,0.9109542245502164,0.9109542245502164,PGR,8212.087327524277,13858.431453695715
36,36_HE_val.ndpi,36_PGR_val.ndpi,36_14,25135.347213974557,3061.7460841045,0.9109542245502164,0.9109542245502164,PGR,4326.3859762901975,13534.477591798512
36,36_HE_val.ndpi,36_PGR_val.ndpi,36_15,26685.762806884915,11347.928694224334,0.9109542245502164,0.9109542245502164,PGR,14525.521964424033,12332.024391752406
36,36_HE_val.ndpi,36_PGR_val.ndpi,36_16,23452.867972383327,12402.097234719255,0.9109542245502164,0.9109542245502164,PGR,16198.845567331366,14694.584121234924
36,36_HE_val.ndpi,36_PGR_val.ndpi,36_17,23660.3877119184,11629.236154458531,0.9109542245502164,0.9109542245502164,PGR,15375.873157047004,14811.357828102784
36,36_HE_val.ndpi,36_PGR_val.ndpi,36_18,23366.03342808132,9991.60338680852,0.9109542245502164,0.9109542245502164,PGR,13099.08587183533,15286.665902668226
36,36_HE_val.ndpi,36_PGR_val.ndpi,36_19,23854.951123252333,9433.64464990246,0.9109542245502164,0.9109542245502164,PGR,12230.473480548695,15002.196097180971
36,36_HE_val.ndpi,36_PGR_val.ndpi,36_20,24067.08953790845,11024.310987337361,0.9109542245502164,0.9109542245502164,PGR,14539.991232546337,14700.497789109626
36,36_HE_val.ndpi,36_PGR_val.ndpi,36_21,23851.10160776402,10666.932160172051,0.9109542245502164,0.9109542245502164,PGR,14100.062789130296,14895.332395634618
36,36_HE_val.ndpi,36_PGR_val.ndpi,36_22,30642.463669362216,10535.250225517215,0.9109542245502164,0.9109542245502164,PGR,12229.360662605066,8161.816253084533
36,36_HE_val.ndpi,36_PGR_val.ndpi,36_23,33556.478326241064,10568.375632301877,0.9109542245502164,0.9109542245502164,PGR,11922.055119706298,5328.960929193898
36,36_HE_val.ndpi,36_PGR_val.ndpi,36_24,35813.779919859786,8609.945290090784,0.9109542245502164,0.9109542245502164,PGR,8842.058364120792,3492.5383155293025
36,36_HE_val.ndpi,36_PGR_val.ndpi,36_25,36821.276722230716,9598.083392337974,0.9109542245502164,0.9109542245502164,PGR,9911.099159335003,2644.2117545691212
36,36_HE_val.ndpi,36_PGR_val.ndpi,36_26,22221.622309596307,6154.795912886102,0.9109542245502164,0.9109542245502164,PGR,7262.272956432542,16690.51748025939
36,36_HE_val.ndpi,36_PGR_val.ndpi,36_27,22442.490608622204,4908.9346161943395,0.9109542245502164,0.9109542245502164,PGR,5720.981669458657,16212.391373214059
36,36_HE_val.ndpi,36_PGR_val.ndpi,36_28,20930.52479915164,7045.537518046563,0.9109542245502164,0.9109542245502164,PGR,8158.428163766742,18010.027952383207
36,36_HE_val.ndpi,36_PGR_val.ndpi,36_29,21410.2159867211,7442.434162362945,0.9109542245502164,0.9109542245502164,PGR,8952.008726623235,17365.422039492805
36,36_HE_val.ndpi,36_PGR_val.ndpi,36_30,19666.36091471297,9046.177948475213,0.9109542245502164,0.9109542245502164,PGR,10422.495590402264,19186.661656906796
36,36_HE_val.ndpi,36_PGR_val.ndpi,36_31,20092.58793451764,9988.634846216222,0.9109542245502164,0.9109542245502164,PGR,11700.235834125273,18610.55005563663
36,36_HE_val.ndpi,36_PGR_val.ndpi,36_32,20715.476100865413,10578.466666747281,0.9109542245502164,0.9109542245502164,PGR,12784.804697761794,17907.094159210923
36,36_HE_val.ndpi,36_PGR_val.ndpi,36_33,22174.729179325226,10690.21806164372,0.9109542245502164,0.9109542245502164,PGR,13644.296758679233,16317.702390401582
36,36_HE_val.ndpi,36_PGR_val.ndpi,36_34,22535.837098486856,11390.095183224004,0.9109542245502164,0.9109542245502164,PGR,14738.441802711171,15780.973919293378
36,36_HE_val.ndpi,36_PGR_val.ndpi,36_35,22322.004857565382,12214.552606577212,0.9109542245502164,0.9109542245502164,PGR,15431.512628799373,15743.783353318033
36,36_HE_val.ndpi,36_PGR_val.ndpi,36_36,20859.215293804824,17454.208159520582,0.9109542245502164,0.9109542245502164,PGR,18710.633716803208,16266.514747416299
36,36_HE_val.ndpi,36_PGR_val.ndpi,36_37,20263.299717883256,16480.82562559788,0.9109542245502164,0.9109542245502164,PGR,18123.139186827273,16513.26603805088
36,36_HE_val.ndpi,36_PGR_val.ndpi,36_38,20437.415637018992,19029.742694950808,0.9109542245502164,0.9109542245502164,PGR,19380.944748349462,16892.64842306054
36,36_HE_val.ndpi,36_PGR_val.ndpi,36_39,30839.96108433068,19375.211412934423,0.9109542245502164,0.9109542245502164,PGR,20243.602004293632,7321.145268018553
36,36_HE_val.ndpi,36_PGR_val.ndpi,36_40,30622.81090367357,16772.664929370523,0.9109542245502164,0.9109542245502164,PGR,19197.05192219941,7359.467794955311
36,36_HE_val.ndpi,36_PGR_val.ndpi,36_41,26306.35393777505,15011.058831774826,0.9109542245502164,0.9109542245502164,PGR,18672.76593191936,11989.549591059598
36,36_HE_val.ndpi,36_PGR_val.ndpi,36_42,26488.51571110694,14420.889104737947,0.9109542245502164,0.9109542245502164,PGR,18186.124711736047,12005.391160725077
36,36_HE_val.ndpi,36_PGR_val.ndpi,36_43,29126.68855176957,13522.31911229178,0.9109542245502164,0.9109542245502164,PGR,17433.112950876362,9602.598045659122
36,36_HE_val.ndpi,36_PGR_val.ndpi,36_44,28562.595627652638,4171.943251082577,0.9109542245502164,0.9109542245502164,PGR,4763.96803673346,10000.5066604604
36,36_HE_val.ndpi,36_PGR_val.ndpi,36_45,30030.08620044117,3418.503681497655,0.9109542245502164,0.9109542245502164,PGR,3703.41063374623,8585.307347066699
36,36_HE_val.ndpi,36_PGR_val.ndpi,36_46,32373.698906933652,5960.507560670943,0.9109542245502164,0.9109542245502164,PGR,6000.241702594604,6308.210258418354
36,36_HE_val.ndpi,36_PGR_val.ndpi,36_47,35777.259339479395,4778.729197194474,0.9109542245502164,0.9109542245502164,PGR,2743.8120996045027,2882.0343736418463
36,36_HE_val.ndpi,36_PGR_val.ndpi,36_48,34932.79661647214,3940.773267875885,0.9109542245502164,0.9109542245502164,PGR,1796.0339331686162,3709.644715859791
36,36_HE_val.ndpi,36_PGR_val.ndpi,36_49,31337.466335853434,9153.543551392362,0.9109542245502164,0.9109542245502164,PGR,10236.372829147018,6981.570968307383
36,36_HE_val.ndpi,36_PGR_val.ndpi,36_50,25225.940254153724,20051.881196505743,0.9109542245502164,0.9109542245502164,PGR,21034.1351576666,12549.846748593172
65,65_HE_val.ndpi,65_PGR_val.ndpi,65_1,15815.58118790132,6949.602990894633,0.9097732390201744,0.9097732390201744,PGR,5479.951204602796,4558.692588709859
65,65_HE_val.ndpi,65_PGR_val.ndpi,65_2,17239.429888361447,7056.912444370385,0.9097732390201744,0.9097732390201744,PGR,6814.605275603645,4598.562760493321
65,65_HE_val.ndpi,65_PGR_val.ndpi,65_3,19642.964037009344,6164.165028354385,0.9097732390201744,0.9097732390201744,PGR,9532.823197636442,3731.060870348754
65,65_HE_val.ndpi,65_PGR_val.ndpi,65_4,18158.649135000414,7495.175610419616,0.9097732390201744,0.9097732390201744,PGR,7563.709315890558,4835.851898992322
65,65_HE_val.ndpi,65_PGR_val.ndpi,65_5,20008.8002766654,7440.489859272252,0.9097732390201744,0.9097732390201744,PGR,9246.948575667693,4710.674693843037
65,65_HE_val.ndpi,65_PGR_val.ndpi,65_6,24321.62476761334,8364.0766531517,0.9097732390201744,0.9097732390201744,PGR,12258.927662684482,5558.605076105368
65,65_HE_val.ndpi,65_PGR_val.ndpi,65_7,27835.83871713037,6588.81720520601,0.9097732390201744,0.9097732390201744,PGR,15106.195287482908,3496.0220409572253
65,65_HE_val.ndpi,65_PGR_val.ndpi,65_8,28202.28327403348,8167.347604173277,0.9097732390201744,0.9097732390201744,PGR,14773.741932183286,5000.879803474985
65,65_HE_val.ndpi,65_PGR_val.ndpi,65_9,30386.16519771808,13173.726670844182,0.9097732390201744,0.9097732390201744,PGR,15306.790548302748,10485.18692925392
65,65_HE_val.ndpi,65_PGR_val.ndpi,65_10,29456.651180355708,9273.7282855923,0.9097732390201744,0.9097732390201744,PGR,15227.80072908778,6342.601233249568
65,65_HE_val.ndpi,65_PGR_val.ndpi,65_11,27637.11301511756,9916.415662314685,0.9097732390201744,0.9097732390201744,PGR,13837.85682547588,7051.9525378870385
65,65_HE_val.ndpi,65_PGR_val.ndpi,65_12,28702.621034420463,9349.836001256788,0.9097732390201744,0.9097732390201744,PGR,14645.626575522934,6432.896140430542
65,65_HE_val.ndpi,65_PGR_val.ndpi,65_13,27273.487262498315,8876.276881566611,0.9097732390201744,0.9097732390201744,PGR,13824.544437997516,5750.529621154347
65,65_HE_val.ndpi,65_PGR_val.ndpi,65_14,15952.561818330007,10290.170754232851,0.9097732390201744,0.9097732390201744,PGR,4680.423350630114,7115.177175252536
65,65_HE_val.ndpi,65_PGR_val.ndpi,65_15,15981.68430786806,14728.713112045942,0.9097732390201744,0.9097732390201744,PGR,3088.4779089991484,10713.566281153562
65,65_HE_val.ndpi,65_PGR_val.ndpi,65_16,18120.980865938145,12571.881336286735,0.9097732390201744,0.9097732390201744,PGR,5449.122787125853,8897.499915369019
65,65_HE_val.ndpi,65_PGR_val.ndpi,65_17,22189.15136980913,13150.543520026993,0.9097732390201744,0.9097732390201744,PGR,8742.67542670812,9733.77687848836
65,65_HE_val.ndpi,65_PGR_val.ndpi,65_18,23451.687043424277,12747.233513177707,0.9097732390201744,0.9097732390201744,PGR,10206.173193402177,9434.43270736896
65,65_HE_val.ndpi,65_PGR_val.ndpi,65_19,23223.729213465995,17078.43228238521,0.9097732390201744,0.9097732390201744,PGR,8183.516341477916,13350.819478222882
65,65_HE_val.ndpi,65_PGR_val.ndpi,65_20,17209.149546104967,16569.910969401328,0.9097732390201744,0.9097732390201744,PGR,3435.893940532023,12428.410545835324
65,65_HE_val.ndpi,65_PGR_val.ndpi,65_21,18243.727389761818,16201.671397930246,0.9097732390201744,0.9097732390201744,PGR,4207.811726908688,12273.234192771431
65,65_HE_val.ndpi,65_PGR_val.ndpi,65_22,19243.234798040477,16306.88270406484,0.9097732390201744,0.9097732390201744,PGR,4900.26945017871,12614.855025998293
65,65_HE_val.ndpi,65_PGR_val.ndpi,65_23,19593.93915182246,13606.459179943562,0.9097732390201744,0.9097732390201744,PGR,6410.452317328762,9950.106374614206
65,65_HE_val.ndpi,65_PGR_val.ndpi,65_24,24135.56053329914,17446.67185385628,0.9097732390201744,0.9097732390201744,PGR,8628.35089536172,13816.236557745471
65,65_HE_val.ndpi,65_PGR_val.ndpi,65_25,25012.3214177541,17201.178806208896,0.9097732390201744,0.9097732390201744,PGR,9571.162821085267,13713.572533901839
65,65_HE_val.ndpi,65_PGR_val.ndpi,65_26,29010.351050868725,17814.91142532737,0.9097732390201744,0.9097732390201744,PGR,13370.47896190345,14311.93346629805
65,65_HE_val.ndpi,65_PGR_val.ndpi,65_27,29255.844098516103,16955.685758561507,0.9097732390201744,0.9097732390201744,PGR,13740.309891511237,13858.740269471162
65,65_HE_val.ndpi,65_PGR_val.ndpi,65_28,28694.71713246493,16236.74183330844,0.9097732390201744,0.9097732390201744,PGR,13344.564586620121,13449.36821743648
65,65_HE_val.ndpi,65_PGR_val.ndpi,65_29,26621.66473010922,10520.747956042356,0.9097732390201744,0.9097732390201744,PGR,13088.23300035527,7610.907308005519
65,65_HE_val.ndpi,65_PGR_val.ndpi,65_30,30916.04703711496,14902.542922053295,0.9097732390201744,0.9097732390201744,PGR,15700.607066865276,12432.45981782361
65,65_HE_val.ndpi,65_PGR_val.ndpi,65_31,29361.54249403097,11604.521827104736,0.9097732390201744,0.9097732390201744,PGR,15121.461703340288,8751.711442369142
65,65_HE_val.ndpi,65_PGR_val.ndpi,65_32,27218.349220918844,13662.47445867264,0.9097732390201744,0.9097732390201744,PGR,12925.557924147624,10799.000571853292
65,65_HE_val.ndpi,65_PGR_val.ndpi,65_33,27461.89391104523,12152.497379889099,0.9097732390201744,0.9097732390201744,PGR,13557.760642280431,9267.235288894291
65,65_HE_val.ndpi,65_PGR_val.ndpi,65_34,28984.048224335078,10630.343066599236,0.9097732390201744,0.9097732390201744,PGR,14671.008076134342,7910.620269357029
65,65_HE_val.ndpi,65_PGR_val.ndpi,65_35,25678.65968993987,10350.2666729539,0.9097732390201744,0.9097732390201744,PGR,12565.045078130846,7432.380053069572
65,65_HE_val.ndpi,65_PGR_val.ndpi,65_36,25160.396589350934,9497.860257511576,0.9097732390201744,0.9097732390201744,PGR,12523.334086130277,6611.021116690563
65,65_HE_val.ndpi,65_PGR_val.ndpi,65_37,26475.537916033372,9376.087912448387,0.9097732390201744,0.9097732390201744,PGR,13363.400239897855,6392.408345339029
65,65_HE_val.ndpi,65_PGR_val.ndpi,65_38,19833.528676181166,11010.467618948484,0.9097732390201744,0.9097732390201744,PGR,7937.81507211471,7671.278917116934
65,65_HE_val.ndpi,65_PGR_val.ndpi,65_39,20771.175733167718,11132.239964011673,0.9097732390201744,0.9097732390201744,PGR,8483.56895172596,7781.942236832789
65,65_HE_val.ndpi,65_PGR_val.ndpi,65_40,19285.243054925602,10634.882306153737,0.9097732390201744,0.9097732390201744,PGR,7777.098179507679,7407.338977568972
65,65_HE_val.ndpi,65_PGR_val.ndpi,65_41,18460.742801893583,10733.540456089191,0.9097732390201744,0.9097732390201744,PGR,6883.344225232052,7448.934425778212
65,65_HE_val.ndpi,65_PGR_val.ndpi,65_42,21225.300212090177,16487.86285547695,0.9097732390201744,0.9097732390201744,PGR,6391.21575841954,12824.96483037238
65,65_HE_val.ndpi,65_PGR_val.ndpi,65_43,21641.355724389403,14894.674674233562,0.9097732390201744,0.9097732390201744,PGR,7672.194150892992,11275.29629150881
65,65_HE_val.ndpi,65_PGR_val.ndpi,65_44,18718.819442872868,15117.923973516077,0.9097732390201744,0.9097732390201744,PGR,4971.142023160029,11257.317380147717
65,65_HE_val.ndpi,65_PGR_val.ndpi,65_45,24727.518257648488,11385.052043246165,0.9097732390201744,0.9097732390201744,PGR,11570.625565943008,8460.088045821705
65,65_HE_val.ndpi,65_PGR_val.ndpi,65_46,21353.06413738225,10470.245003185066,0.9097732390201744,0.9097732390201744,PGR,9313.83436422956,7254.409766992624
65,65_HE_val.ndpi,65_PGR_val.ndpi,65_47,22036.624176220757,10251.78767118513,0.9097732390201744,0.9097732390201744,PGR,9990.627448360356,7178.45234625739
65,65_HE_val.ndpi,65_PGR_val.ndpi,65_48,22583.336904685933,8045.013448646029,0.9097732390201744,0.9097732390201744,PGR,10891.524739253067,5434.10363419646
65,65_HE_val.ndpi,65_PGR_val.ndpi,65_49,23329.19296920664,8109.5987042137,0.9097732390201744,0.9097732390201744,PGR,11536.286860030026,5397.678528168451
65,65_HE_val.ndpi,65_PGR_val.ndpi,65_50,26681.69199167789,15384.419914343369,0.9097732390201744,0.9097732390201744,PGR,11929.873645153119,12438.933210242676
7,7_HE_val.ndpi,7_PGR_val.ndpi,7_0,29512.55824006868,8676.433114181114,0.9097732390201744,0.9097732390201744,PGR,28753.385071741963,7984.57467266194
7,7_HE_val.ndpi,7_PGR_val.ndpi,7_1,31136.38510927878,8514.923466924158,0.9097732390201744,0.9097732390201744,PGR,30461.300529275668,8031.815820313302
7,7_HE_val.ndpi,7_PGR_val.ndpi,7_2,29962.88022013145,8632.168634751428,0.9097732390201744,0.9097732390201744,PGR,29222.11346216017,8006.185328483069
7,7_HE_val.ndpi,7_PGR_val.ndpi,7_3,30804.90733664191,7039.100208426875,0.9097732390201744,0.9097732390201744,PGR,30321.17220455672,6397.064951127031
7,7_HE_val.ndpi,7_PGR_val.ndpi,7_4,30768.180307141894,6027.4374867446895,0.9097732390201744,0.9097732390201744,PGR,30363.903579882783,5509.440275902144
7,7_HE_val.ndpi,7_PGR_val.ndpi,7_5,31275.681078414804,6171.006783881104,0.9097732390201744,0.9097732390201744,PGR,30896.005557010674,5695.503255317252
7,7_HE_val.ndpi,7_PGR_val.ndpi,7_6,31703.0501489604,6374.674856562993,0.9097732390201744,0.9097732390201744,PGR,31334.588258057112,5926.389840910497
7,7_HE_val.ndpi,7_PGR_val.ndpi,7_7,31826.586520914985,6070.842157971975,0.9097732390201744,0.9097732390201744,PGR,31496.71342150538,5672.348103997156
7,7_HE_val.ndpi,7_PGR_val.ndpi,7_8,32040.271056187787,6050.809232790151,0.9097732390201744,0.9097732390201744,PGR,31719.06360263688,5677.264957718997
7,7_HE_val.ndpi,7_PGR_val.ndpi,7_9,31641.011336030802,5647.95785133899,0.9097732390201744,0.9097732390201744,PGR,30935.13496871532,5217.032613872637
7,7_HE_val.ndpi,7_PGR_val.ndpi,7_10,32392.59437419661,4875.76284072125,0.9097732390201744,0.9097732390201744,PGR,31360.514793210143,4551.928588443401
7,7_HE_val.ndpi,7_PGR_val.ndpi,7_11,32737.605863439152,5647.030460221532,0.9097732390201744,0.9097732390201744,PGR,32360.81272233339,5329.533797396874
7,7_HE_val.ndpi,7_PGR_val.ndpi,7_12,32908.36834510945,5132.057136490728,0.9097732390201744,0.9097732390201744,PGR,32463.750596064005,4833.818412065617
7,7_HE_val.ndpi,7_PGR_val.ndpi,7_13,33606.325969546946,4441.7757085387775,0.9097732390201744,0.9097732390201744,PGR,31460.6099651978,4388.784604728822
7,7_HE_val.ndpi,7_PGR_val.ndpi,7_14,33935.384799413085,3879.46365858808,0.9097732390201744,0.9097732390201744,PGR,30550.723274191692,3971.6442871275763
7,7_HE_val.ndpi,7_PGR_val.ndpi,7_15,34056.59258201842,3451.960111128087,0.9097732390201744,0.9097732390201744,PGR,30109.29275460298,3701.327017479237
7,7_HE_val.ndpi,7_PGR_val.ndpi,7_16,32351.343614301713,9463.542096901607,0.9097732390201744,0.9097732390201744,PGR,31717.024510912022,9103.882072379996
7,7_HE_val.ndpi,7_PGR_val.ndpi,7_17,33473.812432435116,7398.747467643336,0.9097732390201744,0.9097732390201744,PGR,33049.28008533915,7174.6778908712
7,7_HE_val.ndpi,7_PGR_val.ndpi,7_18,34174.6510126031,7527.649134365224,0.9097732390201744,0.9097732390201744,PGR,33738.99392432867,7424.733842692197
7,7_HE_val.ndpi,7_PGR_val.ndpi,7_19,35546.15453860815,8026.0152411984545,0.9097732390201744,0.9097732390201744,PGR,34995.321893950866,8059.472408428174
7,7_HE_val.ndpi,7_PGR_val.ndpi,7_20,35055.762289484264,8372.878051554391,0.9097732390201744,0.9097732390201744,PGR,34391.35652524526,8276.795443619823
7,7_HE_val.ndpi,7_PGR_val.ndpi,7_21,33009.35144696134,7878.817827884244,0.9097732390201744,0.9097732390201744,PGR,32490.32942684301,7610.468438316607
7,7_HE_val.ndpi,7_PGR_val.ndpi,7_22,35156.55893880372,7010.383212792545,0.9097732390201744,0.9097732390201744,PGR,34833.23726405296,7058.831693448273
7,7_HE_val.ndpi,7_PGR_val.ndpi,7_23,34915.681987167656,6464.949195869504,0.9097732390201744,0.9097732390201744,PGR,34665.33522767712,6432.590809544094
7,7_HE_val.ndpi,7_PGR_val.ndpi,7_24,34024.16039605488,5498.6726887317445,0.9097732390201744,0.9097732390201744,PGR,33846.051400212105,5336.1241911221305
7,7_HE_val.ndpi,7_PGR_val.ndpi,7_25,33578.399600498524,5401.768167958609,0.9097732390201744,0.9097732390201744,PGR,33323.0044791671,5185.06286682304
7,7_HE_val.ndpi,7_PGR_val.ndpi,7_26,31541.049930922218,10953.883851299504,0.9097732390201744,0.9097732390201744,PGR,30576.49425601241,10475.638357553442
7,7_HE_val.ndpi,7_PGR_val.ndpi,7_27,37281.777980042985,8910.902489137134,0.9097732390201744,0.9097732390201744,PGR,36607.13158740488,9267.90750811061
7,7_HE_val.ndpi,7_PGR_val.ndpi,7_28,36414.625384074134,7926.906298200865,0.9097732390201744,0.9097732390201744,PGR,35957.78133352289,8138.245965868126
7,7_HE_val.ndpi,7_PGR_val.ndpi,7_29,35087.035593564,5899.857080816644,0.9097732390201744,0.9097732390201744,PGR,34887.81414381972,5905.839178135062
7,7_HE_val.ndpi,7_PGR_val.ndpi,7_30,31732.415701097496,9567.247542102872,0.9097732390201744,0.9097732390201744,PGR,30998.2953174258,9120.94869568017
7,7_HE_val.ndpi,7_PGR_val.ndpi,7_31,30750.376058580634,9326.665918530125,0.9097732390201744,0.9097732390201744,PGR,29997.772174610775,8796.702948761209
7,7_HE_val.ndpi,7_PGR_val.ndpi,7_32,30337.341169369985,9326.264324341751,0.9097732390201744,0.9097732390201744,PGR,29565.140913842835,8760.017989891045
7,7_HE_val.ndpi,7_PGR_val.ndpi,7_33,30018.957691859854,9727.176870237863,0.9097732390201744,0.9097732390201744,PGR,29200.86081651238,9153.936805081265
7,7_HE_val.ndpi,7_PGR_val.ndpi,7_34,31910.3543300348,7358.109025289976,0.9097732390201744,0.9097732390201744,PGR,31445.603970783483,6868.258384738618
7,7_HE_val.ndpi,7_PGR_val.ndpi,7_35,32602.52947841428,7311.964015398009,0.9097732390201744,0.9097732390201744,PGR,32170.77857174497,6924.107733017601
7,7_HE_val.ndpi,7_PGR_val.ndpi,7_36,33069.60926854075,7220.910681879176,0.9097732390201744,0.9097732390201744,PGR,32664.119083075366,6912.367153746766
7,7_HE_val.ndpi,7_PGR_val.ndpi,7_37,31619.421781956436,8565.893895463149,0.9097732390201744,0.9097732390201744,PGR,30972.820151204014,8132.103422372807
7,7_HE_val.ndpi,7_PGR_val.ndpi,7_38,32683.06425996625,8988.120735974635,0.9097732390201744,0.9097732390201744,PGR,32109.28145198391,8690.999487222882
7,7_HE_val.ndpi,7_PGR_val.ndpi,7_39,35681.440362528745,7582.528475654994,0.9097732390201744,0.9097732390201744,PGR,35276.9304326629,7713.3729617929885
7,7_HE_val.ndpi,7_PGR_val.ndpi,7_40,33364.45407354496,4282.522225565633,0.9097732390201744,0.9097732390201744,PGR,30648.054474198754,4256.211722771537
7,7_HE_val.ndpi,7_PGR_val.ndpi,7_41,32746.667757445342,3255.500427406084,0.9097732390201744,0.9097732390201744,PGR,27844.169856223445,3281.148527159665
7,7_HE_val.ndpi,7_PGR_val.ndpi,7_42,34261.10134223201,8781.533437534103,0.9097732390201744,0.9097732390201744,PGR,33636.07683939029,8658.007009462779
7,7_HE_val.ndpi,7_PGR_val.ndpi,7_43,33742.800591125444,9004.80145339538,0.9097732390201744,0.9097732390201744,PGR,33245.52448108254,8860.424705922476
7,7_HE_val.ndpi,7_PGR_val.ndpi,7_44,32131.673368230484,9921.58371210847,0.9097732390201744,0.9097732390201744,PGR,31371.578949796978,9496.283349076706
7,7_HE_val.ndpi,7_PGR_val.ndpi,7_45,31822.686381993877,7931.44172548777,0.9097732390201744,0.9097732390201744,PGR,31264.225673653873,7491.446013844598
7,7_HE_val.ndpi,7_PGR_val.ndpi,7_46,33971.095622791436,6746.120122092213,0.9097732390201744,0.9097732390201744,PGR,33655.08582965851,6564.039203907222
7,7_HE_val.ndpi,7_PGR_val.ndpi,7_47,36783.409762230905,9335.072673844785,0.9097732390201744,0.9097732390201744,PGR,36021.56754339537,9553.709084718124
7,7_HE_val.ndpi,7_PGR_val.ndpi,7_48,32536.918747561493,4526.352539068271,0.9097732390201744,0.9097732390201744,PGR,30326.996007246198,4358.716863366416
7,7_HE_val.ndpi,7_PGR_val.ndpi,7_49,35549.320398071366,8890.52593964991,0.9097732390201744,0.9097732390201744,PGR,34781.331340649456,8852.393723713665
94,94_HE_val.ndpi,94_ER_val.ndpi,94_0,18694.00139092989,13843.068171598592,0.9097732390201744,0.9097732390201744,ER,6840.986567140768,10629.428406883557
94,94_HE_val.ndpi,94_ER_val.ndpi,94_1,20403.941029270427,12484.268663105595,0.9097732390201744,0.9097732390201744,ER,8377.38706448052,9482.958496026476
94,94_HE_val.ndpi,94_ER_val.ndpi,94_2,21030.047512104396,12990.836695540342,0.9097732390201744,0.9097732390201744,ER,8987.780622058674,9929.047526822631
94,94_HE_val.ndpi,94_ER_val.ndpi,94_3,22391.181877634266,13350.404557383285,0.9097732390201744,0.9097732390201744,ER,10045.125954562702,10139.544754181139
94,94_HE_val.ndpi,94_ER_val.ndpi,94_4,22531.78858831398,8508.341305789669,0.9097732390201744,0.9097732390201744,ER,10752.488548040681,5824.677608217599
94,94_HE_val.ndpi,94_ER_val.ndpi,94_5,23362.740265396784,9120.055974010555,0.9097732390201744,0.9097732390201744,ER,11467.368940295884,6341.417326799728
94,94_HE_val.ndpi,94_ER_val.ndpi,94_6,26586.893036746205,11316.4149621765,0.9097732390201744,0.9097732390201744,ER,13976.695463092157,8600.754207464734
94,94_HE_val.ndpi,94_ER_val.ndpi,94_7,26876.741779200518,12053.711707160459,0.9097732390201744,0.9097732390201744,ER,14329.30180843931,9126.961428234226
94,94_HE_val.ndpi,94_ER_val.ndpi,94_8,25640.110869021766,11723.411189928758,0.9097732390201744,0.9097732390201744,ER,13182.8520486369,8861.273932935497
94,94_HE_val.ndpi,94_ER_val.ndpi,94_9,26357.608721306133,13344.511149805063,0.9097732390201744,0.9097732390201744,ER,13625.308549012569,10317.574627564456
94,94_HE_val.ndpi,94_ER_val.ndpi,94_10,26452.929295532173,13672.175623707144,0.9097732390201744,0.9097732390201744,ER,13601.633802465374,10679.386663710831
94,94_HE_val.ndpi,94_ER_val.ndpi,94_11,26485.7164258551,14296.800812007326,0.9097732390201744,0.9097732390201744,ER,13516.092343639571,11360.900321868201
94,94_HE_val.ndpi,94_ER_val.ndpi,94_12,27269.111712342867,14148.778494837474,0.9097732390201744,0.9097732390201744,ER,14269.967125934056,11260.260812347906
94,94_HE_val.ndpi,94_ER_val.ndpi,94_13,27584.77722169666,13545.128131833535,0.9097732390201744,0.9097732390201744,ER,14651.366169134806,10645.868072100035
94,94_HE_val.ndpi,94_ER_val.ndpi,94_14,28038.47276974095,13047.958379903534,0.9097732390201744,0.9097732390201744,ER,15210.937582843024,10064.727455102948
94,94_HE_val.ndpi,94_ER_val.ndpi,94_15,27859.062371458745,17154.868022600847,0.9097732390201744,0.9097732390201744,ER,14935.958332475402,14026.191556370042
94,94_HE_val.ndpi,94_ER_val.ndpi,94_16,28072.670786295577,16709.070318601705,0.9097732390201744,0.9097732390201744,ER,14943.274471060746,13633.628984680268
94,94_HE_val.ndpi,94_ER_val.ndpi,94_17,28971.1464517381,14887.759482076664,0.9097732390201744,0.9097732390201744,ER,16027.095825744474,12103.281906385513
94,94_HE_val.ndpi,94_ER_val.ndpi,94_18,29265.55399119397,14166.916093158445,0.9097732390201744,0.9097732390201744,ER,16314.291047444478,11320.364708552503
94,94_HE_val.ndpi,94_ER_val.ndpi,94_19,27659.0959675196,14917.610905480016,0.9097732390201744,0.9097732390201744,ER,14606.4400170403,12100.283209335597
94,94_HE_val.ndpi,94_ER_val.ndpi,94_20,28164.005014818344,15166.175738476397,0.9097732390201744,0.9097732390201744,ER,15145.34676390818,12386.809997382707
94,94_HE_val.ndpi,94_ER_val.ndpi,94_21,30463.932566048163,19117.59760383132,0.9097732390201744,0.9097732390201744,ER,16449.68693894541,15479.417635093061
94,94_HE_val.ndpi,94_ER_val.ndpi,94_22,30211.330491954457,20126.46186817404,0.9097732390201744,0.9097732390201744,ER,15947.689626361453,16258.544524448125
94,94_HE_val.ndpi,94_ER_val.ndpi,94_23,30801.768239955785,20225.6687029099,0.9097732390201744,0.9097732390201744,ER,16379.359965858428,16387.77934890433
94,94_HE_val.ndpi,94_ER_val.ndpi,94_24,29815.430436299965,20516.083469577086,0.9097732390201744,0.9097732390201744,ER,15534.800198538731,16519.546553826476
94,94_HE_val.ndpi,94_ER_val.ndpi,94_25,27974.68853794561,18970.35493322432,0.9097732390201744,0.9097732390201744,ER,14654.647591329593,15183.414563119473
94,94_HE_val.ndpi,94_ER_val.ndpi,94_26,26155.41953259809,16687.146373890533,0.9097732390201744,0.9097732390201744,ER,13513.620317180164,13450.067679617076
94,94_HE_val.ndpi,94_ER_val.ndpi,94_27,26081.542765487284,14628.013539787346,0.9097732390201744,0.9097732390201744,ER,13090.65331953344,11658.937720672566
94,94_HE_val.ndpi,94_ER_val.ndpi,94_28,26718.000947658442,14699.440508194011,0.9097732390201744,0.9097732390201744,ER,13686.562892457083,11810.725348131635
94,94_HE_val.ndpi,94_ER_val.ndpi,94_29,25945.376396525295,14101.341989831133,0.9097732390201744,0.9097732390201744,ER,13092.566197761764,11074.814379009867
94,94_HE_val.ndpi,94_ER_val.ndpi,94_30,26916.92078902228,12348.162660922671,0.9097732390201744,0.9097732390201744,ER,14391.511466076898,9316.872685913142
94,94_HE_val.ndpi,94_ER_val.ndpi,94_31,26655.55394932193,12270.351159027156,0.9097732390201744,0.9097732390201744,ER,14140.919834003427,9275.792725178508
94,94_HE_val.ndpi,94_ER_val.ndpi,94_32,26479.97927837816,12250.399491874463,0.9097732390201744,0.9097732390201744,ER,13975.518636996982,9268.084013534419
94,94_HE_val.ndpi,94_ER_val.ndpi,94_33,26505.917931657124,12770.855776355611,0.9097732390201744,0.9097732390201744,ER,13965.09331999016,9694.806889800366
94,94_HE_val.ndpi,94_ER_val.ndpi,94_34,25365.835111954624,12799.442669243896,0.9097732390201744,0.9097732390201744,ER,12914.957711793777,9653.111147372212
94,94_HE_val.ndpi,94_ER_val.ndpi,94_35,27698.59694752889,12415.492634595204,0.9097732390201744,0.9097732390201744,ER,15122.669018388298,9321.662998504546
94,94_HE_val.ndpi,94_ER_val.ndpi,94_36,29332.989779773718,15926.847724085208,0.9097732390201744,0.9097732390201744,ER,16222.928790696988,13129.92422067216
94,94_HE_val.ndpi,94_ER_val.ndpi,94_37,29635.4976960936,15809.077466586628,0.9097732390201744,0.9097732390201744,ER,16511.40665561173,13040.227044509167
94,94_HE_val.ndpi,94_ER_val.ndpi,94_38,28832.265044027044,17441.753471433738,0.9097732390201744,0.9097732390201744,ER,15810.443445101359,14408.885102391461
94,94_HE_val.ndpi,94_ER_val.ndpi,94_39,29322.193448319827,17579.607667460517,0.9097732390201744,0.9097732390201744,ER,16159.798372716996,14557.528188529775
94,94_HE_val.ndpi,94_ER_val.ndpi,94_40,31012.693098683256,17622.378505026583,0.9097732390201744,0.9097732390201744,ER,17533.187722864513,14462.665315558266
94,94_HE_val.ndpi,94_ER_val.ndpi,94_41,31723.4712409982,17425.979281492175,0.9097732390201744,0.9097732390201744,ER,18180.904730077313,14271.95863182253
94,94_HE_val.ndpi,94_ER_val.ndpi,94_42,32411.489056444247,18042.38196448712,0.9097732390201744,0.9097732390201744,ER,18485.795041207653,14667.151317727845
94,94_HE_val.ndpi,94_ER_val.ndpi,94_43,30543.434007465723,16992.531839885738,0.9097732390201744,0.9097732390201744,ER,17156.876181492913,14046.360754245954
94,94_HE_val.ndpi,94_ER_val.ndpi,94_44,28057.323538816407,14136.301740612364,0.9097732390201744,0.9097732390201744,ER,15032.457246743543,11287.495153837039
94,94_HE_val.ndpi,94_ER_val.ndpi,94_45,29007.909370025063,13475.716938431267,0.9097732390201744,0.9097732390201744,ER,15923.166630997255,10639.09738432914
94,94_HE_val.ndpi,94_ER_val.ndpi,94_46,28821.36862436083,12419.426518459451,0.9097732390201744,0.9097732390201744,ER,15992.870846362724,9342.154161489765
94,94_HE_val.ndpi,94_ER_val.ndpi,94_47,28089.950544528656,11915.722416457886,0.9097732390201744,0.9097732390201744,ER,15410.944670189345,8974.548354818275
94,94_HE_val.ndpi,94_ER_val.ndpi,94_48,29215.454322398044,18180.441270199604,0.9097732390201744,0.9097732390201744,ER,15781.785095611916,14797.80243144047
94,94_HE_val.ndpi,94_ER_val.ndpi,94_49,29564.128533406947,18984.783955840914,0.9097732390201744,0.9097732390201744,ER,15717.925835183962,15343.974326253987
45,45_HE_val.ndpi,45_ER_val.ndpi,45_0,28785.719463684247,10137.374831439714,0.9097732390201744,0.9097732390201744,ER,20955.17762270039,6611.745013808219
45,45_HE_val.ndpi,45_ER_val.ndpi,45_1,28599.30731509169,10800.2314808435,0.9097732390201744,0.9097732390201744,ER,21263.197539725603,7279.753007399011
45,45_HE_val.ndpi,45_ER_val.ndpi,45_2,27685.6227720546,9931.155281578991,0.9097732390201744,0.9097732390201744,ER,19634.7521636149,6309.334285054362
45,45_HE_val.ndpi,45_ER_val.ndpi,45_3,27166.697028147857,11071.925202582504,0.9097732390201744,0.9097732390201744,ER,19753.662310136624,7555.193962003016
45,45_HE_val.ndpi,45_ER_val.ndpi,45_4,30482.767538444707,15610.829407894344,0.9097732390201744,0.9097732390201744,ER,23841.911387675736,11415.871301366637
45,45_HE_val.ndpi,45_ER_val.ndpi,45_5,30277.61767569787,15216.78773322404,0.9097732390201744,0.9097732390201744,ER,23740.123094969702,10978.934160685121
45,45_HE_val.ndpi,45_ER_val.ndpi,45_6,30352.488267749664,14208.065206343308,0.9097732390201744,0.9097732390201744,ER,23943.859847919717,10027.109919792289
45,45_HE_val.ndpi,45_ER_val.ndpi,45_7,28350.971806512964,15125.064632983933,0.9097732390201744,0.9097732390201744,ER,21727.437520311658,10697.959758740162
45,45_HE_val.ndpi,45_ER_val.ndpi,45_8,26528.278324070863,16813.470306016017,0.9097732390201744,0.9097732390201744,ER,19252.388500055316,12527.525766875335
45,45_HE_val.ndpi,45_ER_val.ndpi,45_9,27975.69111300868,18597.414602387144,0.9097732390201744,0.9097732390201744,ER,19913.097846712066,14184.006326817025
45,45_HE_val.ndpi,45_ER_val.ndpi,45_10,27372.13305944525,19477.944427797458,0.9097732390201744,0.9097732390201744,ER,19827.154129637445,15606.708722761248
45,45_HE_val.ndpi,45_ER_val.ndpi,45_11,31060.035165107485,19271.908010267958,0.9097732390201744,0.9097732390201744,ER,23045.131876292722,15733.259909979306
45,45_HE_val.ndpi,45_ER_val.ndpi,45_12,31914.526684208628,20233.49716082264,0.9097732390201744,0.9097732390201744,ER,23610.825536820197,17152.55024294801
45,45_HE_val.ndpi,45_ER_val.ndpi,45_13,33464.8584261358,16236.819974121487,0.9097732390201744,0.9097732390201744,ER,25503.4245487232,12933.615217182309
45,45_HE_val.ndpi,45_ER_val.ndpi,45_14,35510.1068954464,18249.92477290545,0.9097732390201744,0.9097732390201744,ER,26638.523713348808,15213.203526685116
45,45_HE_val.ndpi,45_ER_val.ndpi,45_15,27088.66305431842,12318.205577978513,0.9097732390201744,0.9097732390201744,ER,19335.569150134776,8262.183904956046
45,45_HE_val.ndpi,45_ER_val.ndpi,45_16,27096.060937039965,13002.615172337155,0.9097732390201744,0.9097732390201744,ER,19766.657261318465,8933.142859234602
45,45_HE_val.ndpi,45_ER_val.ndpi,45_17,26652.071542270936,11716.077244100037,0.9097732390201744,0.9097732390201744,ER,18872.450421576446,7835.309670271865
45,45_HE_val.ndpi,45_ER_val.ndpi,45_18,26548.9092155485,13400.198384850884,0.9097732390201744,0.9097732390201744,ER,19399.996256381866,9186.184198596618
45,45_HE_val.ndpi,45_ER_val.ndpi,45_19,25402.401837332534,13715.812444428257,0.9097732390201744,0.9097732390201744,ER,17834.11986879421,9312.072115140953
45,45_HE_val.ndpi,45_ER_val.ndpi,45_20,26737.048796601917,15211.761983076309,0.9097732390201744,0.9097732390201744,ER,19751.92805482855,10520.86190772322
45,45_HE_val.ndpi,45_ER_val.ndpi,45_21,28985.22540252628,13437.820587064349,0.9097732390201744,0.9097732390201744,ER,22083.983992130077,9286.531065059624
45,45_HE_val.ndpi,45_ER_val.ndpi,45_22,30041.597219124447,11684.064448606872,0.9097732390201744,0.9097732390201744,ER,23158.827122086965,8094.658733776729
45,45_HE_val.ndpi,45_ER_val.ndpi,45_23,29682.186863873263,11827.636645437698,0.9097732390201744,0.9097732390201744,ER,22987.61170205062,8066.958046168961
45,45_HE_val.ndpi,45_ER_val.ndpi,45_24,29127.83746575362,12199.709658775117,0.9097732390201744,0.9097732390201744,ER,22404.475538544262,8208.994895005719
45,45_HE_val.ndpi,45_ER_val.ndpi,45_25,29074.121438804043,11626.022490953635,0.9097732390201744,0.9097732390201744,ER,22329.380244546526,7736.876739043181
45,45_HE_val.ndpi,45_ER_val.ndpi,45_26,33183.08926499228,11528.80330969679,0.9097732390201744,0.9097732390201744,ER,26136.379731692145,8547.340248468194
45,45_HE_val.ndpi,45_ER_val.ndpi,45_27,31528.21957548421,9959.483413501854,0.9097732390201744,0.9097732390201744,ER,23985.306752679528,6735.095292988311
45,45_HE_val.ndpi,45_ER_val.ndpi,45_28,31430.872867919225,10332.279183711094,0.9097732390201744,0.9097732390201744,ER,23920.954731763708,6883.209497585377
45,45_HE_val.ndpi,45_ER_val.ndpi,45_29,31966.759020961803,9898.118806710849,0.9097732390201744,0.9097732390201744,ER,24488.00774777313,6664.8445923237105
45,45_HE_val.ndpi,45_ER_val.ndpi,45_30,29387.85257900463,9168.093217702983,0.9097732390201744,0.9097732390201744,ER,21502.255710724472,5767.36577488894
45,45_HE_val.ndpi,45_ER_val.ndpi,45_31,28075.032880356932,8815.716080913748,0.9097732390201744,0.9097732390201744,ER,20096.52105257004,5344.630622779623
45,45_HE_val.ndpi,45_ER_val.ndpi,45_32,25642.293277069715,7334.8025175690855,0.9097732390201744,0.9097732390201744,ER,18751.00308269584,4015.095221734683
45,45_HE_val.ndpi,45_ER_val.ndpi,45_33,27834.556970909038,6867.76984059697,0.9097732390201744,0.9097732390201744,ER,20325.884223280813,3619.9214574720954
45,45_HE_val.ndpi,45_ER_val.ndpi,45_34,25280.978220611265,8225.317260263488,0.9097732390201744,0.9097732390201744,ER,18090.224621396334,4815.526466783729
45,45_HE_val.ndpi,45_ER_val.ndpi,45_35,26462.228207401913,7709.444518743071,0.9097732390201744,0.9097732390201744,ER,19039.804626931724,4540.951879788076
45,45_HE_val.ndpi,45_ER_val.ndpi,45_36,23852.437324773637,9862.401969665741,0.9097732390201744,0.9097732390201744,ER,15767.371604909064,5948.109716108881
45,45_HE_val.ndpi,45_ER_val.ndpi,45_37,24295.594547107656,9614.711400953796,0.9097732390201744,0.9097732390201744,ER,16396.310068504125,5815.671468948842
45,45_HE_val.ndpi,45_ER_val.ndpi,45_38,24695.673135426016,9782.935955751704,0.9097732390201744,0.9097732390201744,ER,16767.49387268006,6013.305532618766
45,45_HE_val.ndpi,45_ER_val.ndpi,45_39,24718.485187186758,10553.764622900317,0.9097732390201744,0.9097732390201744,ER,16595.6807852132,6694.160438309209
45,45_HE_val.ndpi,45_ER_val.ndpi,45_40,27306.11529145723,15083.005828963282,0.9097732390201744,0.9097732390201744,ER,20524.80312081645,10514.023736378787
45,45_HE_val.ndpi,45_ER_val.ndpi,45_41,30028.46072639047,16212.331579551208,0.9097732390201744,0.9097732390201744,ER,23369.18380304541,12219.499461427373
45,45_HE_val.ndpi,45_ER_val.ndpi,45_42,30782.169638289717,16423.964131168217,0.9097732390201744,0.9097732390201744,ER,23737.73710989387,12303.369735821661
45,45_HE_val.ndpi,45_ER_val.ndpi,45_43,28345.64283390561,16166.841719508897,0.9097732390201744,0.9097732390201744,ER,21331.569896447672,12114.987900636306
45,45_HE_val.ndpi,45_ER_val.ndpi,45_44,25090.249836144547,17242.543949812043,0.9097732390201744,0.9097732390201744,ER,17812.989267347475,13413.706093769519
45,45_HE_val.ndpi,45_ER_val.ndpi,45_45,30955.41636761437,12352.310078027971,0.9097732390201744,0.9097732390201744,ER,23921.26855116216,8885.650254762215
45,45_HE_val.ndpi,45_ER_val.ndpi,45_46,32108.92781257223,13841.791122535833,0.9097732390201744,0.9097732390201744,ER,25285.734691058085,10236.114753485977
45,45_HE_val.ndpi,45_ER_val.ndpi,45_47,33104.433717595944,19418.005003066246,0.9097732390201744,0.9097732390201744,ER,24502.09826121965,16247.59494122868
45,45_HE_val.ndpi,45_ER_val.ndpi,45_48,37486.799968721934,18176.58426823064,0.9097732390201744,0.9097732390201744,ER,28388.845374857836,15822.479102449402
45,45_HE_val.ndpi,45_ER_val.ndpi,45_49,22441.60411661397,14015.244342834165,0.9097732390201744,0.9097732390201744,ER,14045.407798237839,10011.782864149047
24,24_HE_val.ndpi,24_KI67_val.ndpi,24_1,22113.024923053617,1850.9097518615602,0.919793966151582,0.919793966151582,KI67,16145.016392515417,1869.3231683854854
24,24_HE_val.ndpi,24_KI67_val.ndpi,24_2,22136.28755479475,2261.7070376183096,0.919793966151582,0.919793966151582,KI67,16163.465136238914,2274.6036352000688
24,24_HE_val.ndpi,24_KI67_val.ndpi,24_3,22604.711583855864,2599.914771544099,0.919793966151582,0.919793966151582,KI67,16665.82679395979,2605.640008066848
24,24_HE_val.ndpi,24_KI67_val.ndpi,24_4,22891.25713645524,1491.9576844398764,0.919793966151582,0.919793966151582,KI67,16955.314806741546,1481.307764040375
24,24_HE_val.ndpi,24_KI67_val.ndpi,24_5,23452.235803823216,2041.2926748331686,0.919793966151582,0.919793966151582,KI67,17448.335974224192,1978.07515025586
24,24_HE_val.ndpi,24_KI67_val.ndpi,24_6,20889.385468400767,4925.05924151293,0.919793966151582,0.919793966151582,KI67,14953.914384919799,4854.62458967683
24,24_HE_val.ndpi,24_KI67_val.ndpi,24_7,20902.423065541007,6422.770320345188,0.919793966151582,0.919793966151582,KI67,14918.185869891917,6392.409745053317
24,24_HE_val.ndpi,24_KI67_val.ndpi,24_8,18209.254852733302,10187.0513306874,0.919793966151582,0.919793966151582,KI67,11985.351012792842,10013.444045478338
24,24_HE_val.ndpi,24_KI67_val.ndpi,24_9,21586.3866170927,10304.642555277334,0.919793966151582,0.919793966151582,KI67,15332.860240353313,10059.930212354673
24,24_HE_val.ndpi,24_KI67_val.ndpi,24_10,28706.44434544359,11047.894751203045,0.919793966151582,0.919793966151582,KI67,22454.06559178637,10926.565777028509
24,24_HE_val.ndpi,24_KI67_val.ndpi,24_11,30131.377406471027,9557.642476032535,0.919793966151582,0.919793966151582,KI67,23823.290404658062,9039.527430793616
24,24_HE_val.ndpi,24_KI67_val.ndpi,24_12,30972.34412130844,6660.494329367924,0.919793966151582,0.919793966151582,KI67,25269.13049193624,5732.097227616599
24,24_HE_val.ndpi,24_KI67_val.ndpi,24_13,32803.24183863799,8164.835391981812,0.919793966151582,0.919793966151582,KI67,26427.333451111877,7536.331236886864
24,24_HE_val.ndpi,24_KI67_val.ndpi,24_14,34480.048726293615,8864.370718643786,0.919793966151582,0.919793966151582,KI67,27774.237425727428,8657.308666250574
24,24_HE_val.ndpi,24_KI67_val.ndpi,24_15,34148.754398539655,7763.454078900492,0.919793966151582,0.919793966151582,KI67,27589.25115839054,7511.822884621427
24,24_HE_val.ndpi,24_KI67_val.ndpi,24_16,34995.8740229293,7048.206557203122,0.919793966151582,0.919793966151582,KI67,28315.4239458502,6914.006602491235
24,24_HE_val.ndpi,24_KI67_val.ndpi,24_17,35769.737694425035,6564.874582840412,0.919793966151582,0.919793966151582,KI67,28958.47250784209,6524.5025268098825
24,24_HE_val.ndpi,24_KI67_val.ndpi,24_18,35652.58962317976,5273.749052165911,0.919793966151582,0.919793966151582,KI67,28858.704237781756,5315.225781239468
24,24_HE_val.ndpi,24_KI67_val.ndpi,24_19,32317.10409617596,7126.341074098587,0.919793966151582,0.919793966151582,KI67,26215.526081950848,6451.284529197528
24,24_HE_val.ndpi,24_KI67_val.ndpi,24_20,32611.53457670388,9073.721058759606,0.919793966151582,0.919793966151582,KI67,26148.048914863786,8538.134013196002
24,24_HE_val.ndpi,24_KI67_val.ndpi,24_21,35419.795387938175,12156.58540253828,0.919793966151582,0.919793966151582,KI67,28418.237107974335,12016.869213279526
24,24_HE_val.ndpi,24_KI67_val.ndpi,24_22,34144.53727167452,11335.887777001517,0.919793966151582,0.919793966151582,KI67,27435.450873336096,11163.17678733869
24,24_HE_val.ndpi,24_KI67_val.ndpi,24_23,32724.56503894312,13123.548859838635,0.919793966151582,0.919793966151582,KI67,25958.00841818235,12818.998952769476
24,24_HE_val.ndpi,24_KI67_val.ndpi,24_24,31706.670115912973,12044.99539651098,0.919793966151582,0.919793966151582,KI67,25404.183505745543,11736.384319175946
24,24_HE_val.ndpi,24_KI67_val.ndpi,24_25,30456.566373463418,13482.594196569682,0.919793966151582,0.919793966151582,KI67,24092.159681365236,13282.162394141647
24,24_HE_val.ndpi,24_KI67_val.ndpi,24_26,30732.41165590904,14185.880779636424,0.919793966151582,0.919793966151582,KI67,23877.05365661683,14098.408758991654
24,24_HE_val.ndpi,24_KI67_val.ndpi,24_27,29373.705781286095,14797.123963541135,0.919793966151582,0.919793966151582,KI67,22725.80114632404,15064.52132699862
24,24_HE_val.ndpi,24_KI67_val.ndpi,24_28,27121.46021875538,13913.344961376431,0.919793966151582,0.919793966151582,KI67,20837.440576544093,13792.495763047627
24,24_HE_val.ndpi,24_KI67_val.ndpi,24_29,26701.526460645695,13373.166717492351,0.919793966151582,0.919793966151582,KI67,20396.98422287526,13271.59102056549
24,24_HE_val.ndpi,24_KI67_val.ndpi,24_30,25770.314423561274,13326.91732825157,0.919793966151582,0.919793966151582,KI67,19599.858763872664,13068.27510533533
24,24_HE_val.ndpi,24_KI67_val.ndpi,24_31,24016.37406100412,13124.389292493051,0.919793966151582,0.919793966151582,KI67,17864.734682452625,12740.27195924412
24,24_HE_val.ndpi,24_KI67_val.ndpi,24_32,23025.041054856767,11490.920395847555,0.919793966151582,0.919793966151582,KI67,16884.230063059265,11327.621338858846
24,24_HE_val.ndpi,24_KI67_val.ndpi,24_33,22433.091653277013,10174.059178374033,0.919793966151582,0.919793966151582,KI67,16263.058174893864,9995.318053830559
24,24_HE_val.ndpi,24_KI67_val.ndpi,24_34,22573.406796464293,9411.633410745872,0.919793966151582,0.919793966151582,KI67,16381.976979461404,9165.649809257657
24,24_HE_val.ndpi,24_KI67_val.ndpi,24_35,23752.004143323702,7628.125563672993,0.919793966151582,0.919793966151582,KI67,17726.7128670222,7412.303886221531
24,24_HE_val.ndpi,24_KI67_val.ndpi,24_36,22051.568500927704,6189.5701454903065,0.919793966151582,0.919793966151582,KI67,15985.348476199308,6157.549684617578
24,24_HE_val.ndpi,24_KI67_val.ndpi,24_37,21112.050492208746,6869.375221373585,0.919793966151582,0.919793966151582,KI67,15068.799411891743,6822.860844662747
24,24_HE_val.ndpi,24_KI67_val.ndpi,24_38,20519.455659334308,7054.116474831753,0.919793966151582,0.919793966151582,KI67,14490.584980037835,6975.9813119197415
24,24_HE_val.ndpi,24_KI67_val.ndpi,24_39,19720.748511653084,6899.119229149868,0.919793966151582,0.919793966151582,KI67,13696.490443907067,6769.141947667315
24,24_HE_val.ndpi,24_KI67_val.ndpi,24_40,18352.38480543816,8174.968984212842,0.919793966151582,0.919793966151582,KI67,12365.429314399233,7987.808401550869
24,24_HE_val.ndpi,24_KI67_val.ndpi,24_41,27746.00580267855,5423.380827642589,0.919793966151582,0.919793966151582,KI67,21686.84589806698,5383.664606211314
24,24_HE_val.ndpi,24_KI67_val.ndpi,24_42,27555.91602792909,5040.609447666081,0.919793966151582,0.919793966151582,KI67,21539.770999671844,5076.349746794022
24,24_HE_val.ndpi,24_KI67_val.ndpi,24_43,24866.281359713164,5676.615948509308,0.919793966151582,0.919793966151582,KI67,18969.235821078677,5612.319132823354
24,24_HE_val.ndpi,24_KI67_val.ndpi,24_44,25816.32573577238,4618.36510644268,0.919793966151582,0.919793966151582,KI67,19757.07888200663,4712.125479695673
24,24_HE_val.ndpi,24_KI67_val.ndpi,24_45,24238.338662303573,3576.9321524986076,0.919793966151582,0.919793966151582,KI67,18102.79823568328,3720.933653280067
24,24_HE_val.ndpi,24_KI67_val.ndpi,24_46,24085.03371876064,3449.4621949021252,0.919793966151582,0.919793966151582,KI67,18006.92115320343,3558.090409284869
24,24_HE_val.ndpi,24_KI67_val.ndpi,24_47,25459.250995934188,2759.323498877086,0.919793966151582,0.919793966151582,KI67,19455.18172496808,2780.2830753906287
24,24_HE_val.ndpi,24_KI67_val.ndpi,24_48,27643.390994691377,9772.261887861188,0.919793966151582,0.919793966151582,KI67,21314.27492244417,9629.046099119865
24,24_HE_val.ndpi,24_KI67_val.ndpi,24_49,25613.008573594623,10469.051195209162,0.919793966151582,0.919793966151582,KI67,19874.741961655607,10235.389491278183
24,24_HE_val.ndpi,24_KI67_val.ndpi,24_50,27138.711011185875,6019.531100964535,0.919793966151582,0.919793966151582,KI67,21054.212370519734,5757.073007008923
3,3_HE_val.ndpi,3_PGR_val.ndpi,3_0,35896.33828455542,7841.13941617609,0.9097732390201744,0.9097732390201744,PGR,9966.901854942409,15968.086622197487
3,3_HE_val.ndpi,3_PGR_val.ndpi,3_1,31344.285972154572,8166.464769360213,0.9097732390201744,0.9097732390201744,PGR,15477.913146789027,15548.84940983968
3,3_HE_val.ndpi,3_PGR_val.ndpi,3_2,35035.663546564974,6368.824994934947,0.9097732390201744,0.9097732390201744,PGR,10540.868578513871,17588.94418160413
3,3_HE_val.ndpi,3_PGR_val.ndpi,3_3,23774.526861050548,12190.370021284003,0.9097732390201744,0.9097732390201744,PGR,20919.911745418412,9396.422078373775
3,3_HE_val.ndpi,3_PGR_val.ndpi,3_4,21730.61821505941,13590.270089167769,0.9097732390201744,0.9097732390201744,PGR,23435.50816520756,7455.781240257086
3,3_HE_val.ndpi,3_PGR_val.ndpi,3_5,21584.210206758653,11130.539382110506,0.9097732390201744,0.9097732390201744,PGR,23353.044241308467,10529.095718757608
3,3_HE_val.ndpi,3_PGR_val.ndpi,3_6,17363.13851371598,9663.547803709713,0.9097732390201744,0.9097732390201744,PGR,29410.92434674437,12790.201577414535
3,3_HE_val.ndpi,3_PGR_val.ndpi,3_7,17621.590274201102,8028.594674412045,0.9097732390201744,0.9097732390201744,PGR,29637.563697687187,14524.476494438104
3,3_HE_val.ndpi,3_PGR_val.ndpi,3_8,40753.97639672192,14375.067487153547,0.9097732390201744,0.9097732390201744,PGR,5185.07088545395,8185.813879922569
3,3_HE_val.ndpi,3_PGR_val.ndpi,3_9,38904.523412993614,19058.918743929265,0.9097732390201744,0.9097732390201744,PGR,6530.641120346702,4202.1972859112375
3,3_HE_val.ndpi,3_PGR_val.ndpi,3_10,25353.584039060333,13988.17901169836,0.9097732390201744,0.9097732390201744,PGR,18547.248026334924,7546.645930075711
3,3_HE_val.ndpi,3_PGR_val.ndpi,3_11,24471.114992094503,13512.710775186599,0.9097732390201744,0.9097732390201744,PGR,19595.97859865031,7976.394510706587
3,3_HE_val.ndpi,3_PGR_val.ndpi,3_12,31464.13119024302,16727.613147701635,0.9097732390201744,0.9097732390201744,PGR,13832.781091273557,5539.108584948802
3,3_HE_val.ndpi,3_PGR_val.ndpi,3_13,31122.0053791707,18131.964583831454,0.9097732390201744,0.9097732390201744,PGR,14726.832025194246,4355.540055867764
3,3_HE_val.ndpi,3_PGR_val.ndpi,3_14,28700.99719377065,17167.943224939117,0.9097732390201744,0.9097732390201744,PGR,16190.247417717987,5125.811449320372
3,3_HE_val.ndpi,3_PGR_val.ndpi,3_15,28679.96400048575,19606.698167173327,0.9097732390201744,0.9097732390201744,PGR,17581.807301704204,2708.3494426535813
3,3_HE_val.ndpi,3_PGR_val.ndpi,3_16,29048.0448829719,19941.91468515179,0.9097732390201744,0.9097732390201744,PGR,17311.192336308006,2479.18641071256
3,3_HE_val.ndpi,3_PGR_val.ndpi,3_17,29856.508249861152,20093.09076188717,0.9097732390201744,0.9097732390201744,PGR,16696.724573478106,2695.0515471772424
3,3_HE_val.ndpi,3_PGR_val.ndpi,3_18,26643.786703926944,19807.87744212932,0.9097732390201744,0.9097732390201744,PGR,19913.587462863572,2378.399740204037
3,3_HE_val.ndpi,3_PGR_val.ndpi,3_19,25807.618542513417,19909.0503206441,0.9097732390201744,0.9097732390201744,PGR,20758.22178334599,2275.8332423021798
3,3_HE_val.ndpi,3_PGR_val.ndpi,3_20,22672.190195060917,18759.63889060624,0.9097732390201744,0.9097732390201744,PGR,23556.812762857608,3275.567941080759
3,3_HE_val.ndpi,3_PGR_val.ndpi,3_21,22430.76127019529,19300.948568731652,0.9097732390201744,0.9097732390201744,PGR,24049.000769731167,2907.6178607043767
3,3_HE_val.ndpi,3_PGR_val.ndpi,3_22,27753.47374586124,14977.568385823535,0.9097732390201744,0.9097732390201744,PGR,16601.274551524813,7343.767845250672
3,3_HE_val.ndpi,3_PGR_val.ndpi,3_23,26743.880468184907,14969.680938341688,0.9097732390201744,0.9097732390201744,PGR,17563.010962706838,7039.716276151971
3,3_HE_val.ndpi,3_PGR_val.ndpi,3_24,27259.088537699103,13177.021874667651,0.9097732390201744,0.9097732390201744,PGR,16797.700416408818,8650.817029902948
3,3_HE_val.ndpi,3_PGR_val.ndpi,3_25,26479.35544170223,11196.832661119317,0.9097732390201744,0.9097732390201744,PGR,17965.587144159494,10438.466960882935
3,3_HE_val.ndpi,3_PGR_val.ndpi,3_26,29458.582142486743,15644.320612955591,0.9097732390201744,0.9097732390201744,PGR,15069.361998509778,6465.4820254726465
3,3_HE_val.ndpi,3_PGR_val.ndpi,3_27,28643.54590269596,15381.40569689405,0.9097732390201744,0.9097732390201744,PGR,15769.749232261036,6805.230230200151
3,3_HE_val.ndpi,3_PGR_val.ndpi,3_28,31551.384874336618,13890.6781228251,0.9097732390201744,0.9097732390201744,PGR,13460.422773085444,8853.557160860628
3,3_HE_val.ndpi,3_PGR_val.ndpi,3_29,33247.18608293351,13985.327492607252,0.9097732390201744,0.9097732390201744,PGR,12302.455751473612,8776.033603338463
3,3_HE_val.ndpi,3_PGR_val.ndpi,3_30,34793.12578937538,12589.24928832046,0.9097732390201744,0.9097732390201744,PGR,11519.402291931312,10955.066069727955
3,3_HE_val.ndpi,3_PGR_val.ndpi,3_31,35566.09564259633,13030.946347303856,0.9097732390201744,0.9097732390201744,PGR,10830.833360780704,10600.810352159348
3,3_HE_val.ndpi,3_PGR_val.ndpi,3_32,29322.58103459429,6569.84294867033,0.9097732390201744,0.9097732390201744,PGR,17608.710144875666,16743.64196493534
3,3_HE_val.ndpi,3_PGR_val.ndpi,3_33,24649.851371607558,4945.83784424502,0.9097732390201744,0.9097732390201744,PGR,23205.30199424065,17900.523612881243
3,3_HE_val.ndpi,3_PGR_val.ndpi,3_34,21484.35578222659,5073.877408366992,0.9097732390201744,0.9097732390201744,PGR,26692.61747139385,17147.47549236159
3,3_HE_val.ndpi,3_PGR_val.ndpi,3_35,23830.829762353154,16099.933748618127,0.9097732390201744,0.9097732390201744,PGR,21177.83648870809,5254.0229087176385
3,3_HE_val.ndpi,3_PGR_val.ndpi,3_36,24157.937984320284,14968.684480981809,0.9097732390201744,0.9097732390201744,PGR,20359.199501989395,6566.17270226875
3,3_HE_val.ndpi,3_PGR_val.ndpi,3_37,41316.539047654514,15594.38234478041,0.9097732390201744,0.9097732390201744,PGR,4278.78587777525,6771.567265532561
3,3_HE_val.ndpi,3_PGR_val.ndpi,3_38,42092.5032096417,16343.872435358622,0.9097732390201744,0.9097732390201744,PGR,3681.4684184512867,6272.007160248351
3,3_HE_val.ndpi,3_PGR_val.ndpi,3_39,40074.603436166064,16117.630904224485,0.9097732390201744,0.9097732390201744,PGR,5188.408373206243,6379.6407190834
3,3_HE_val.ndpi,3_PGR_val.ndpi,3_40,35476.72567737191,20498.886855962242,0.9097732390201744,0.9097732390201744,PGR,11556.73886454369,2977.1146521223664
3,3_HE_val.ndpi,3_PGR_val.ndpi,3_41,33961.64804360013,19108.304303740348,0.9097732390201744,0.9097732390201744,PGR,12647.308228802089,3638.96068414878
3,3_HE_val.ndpi,3_PGR_val.ndpi,3_42,32209.6426857016,19722.22889072433,0.9097732390201744,0.9097732390201744,PGR,14435.61764685888,3448.317262255447
3,3_HE_val.ndpi,3_PGR_val.ndpi,3_43,31837.630251461364,21474.10035676746,0.9097732390201744,0.9097732390201744,PGR,15781.64460022897,1929.8326646901392
3,3_HE_val.ndpi,3_PGR_val.ndpi,3_44,27565.499975765204,20611.09437832181,0.9097732390201744,0.9097732390201744,PGR,19243.316010082603,2133.1427000416115
3,3_HE_val.ndpi,3_PGR_val.ndpi,3_45,34295.969938072434,16893.13436514118,0.9097732390201744,0.9097732390201744,PGR,11496.612987062852,5609.41838741573
3,3_HE_val.ndpi,3_PGR_val.ndpi,3_46,38258.08839128409,10286.290661189696,0.9097732390201744,0.9097732390201744,PGR,7749.622888830961,13979.968012453592
3,3_HE_val.ndpi,3_PGR_val.ndpi,3_47,38799.678268546886,9532.810593320504,0.9097732390201744,0.9097732390201744,PGR,6873.134428856149,14989.886445288797
3,3_HE_val.ndpi,3_PGR_val.ndpi,3_48,34922.1292382375,11054.345952998181,0.9097732390201744,0.9097732390201744,PGR,11272.666558468465,12688.597443031362
3,3_HE_val.ndpi,3_PGR_val.ndpi,3_49,36296.97122049865,4720.961031301366,0.9097732390201744,0.9097732390201744,PGR,8840.9960611771,18982.991391741303
37,37_HE_val.ndpi,37_ER_val.ndpi,37_1,29260.60655249481,4369.592034985441,0.907338096858342,0.907338096858342,ER,13677.32983804541,11447.821763121607
37,37_HE_val.ndpi,37_ER_val.ndpi,37_2,29119.247135919868,5342.106049339278,0.907338096858342,0.907338096858342,ER,13853.067959220976,10521.176250338602
37,37_HE_val.ndpi,37_ER_val.ndpi,37_3,29893.400023824124,10866.509371289812,0.907338096858342,0.907338096858342,ER,12453.369458257042,5065.5081069272965
37,37_HE_val.ndpi,37_ER_val.ndpi,37_4,31619.333224695536,10469.054384976387,0.907338096858342,0.907338096858342,ER,11265.831118265098,5096.419427799163
37,37_HE_val.ndpi,37_ER_val.ndpi,37_5,32279.29979154808,10217.663569287735,0.907338096858342,0.907338096858342,ER,10748.728307175024,5350.831107846908
37,37_HE_val.ndpi,37_ER_val.ndpi,37_6,32406.66914009824,8521.668245069013,0.907338096858342,0.907338096858342,ER,10667.970923173449,6995.438756363787
37,37_HE_val.ndpi,37_ER_val.ndpi,37_7,30384.42018417764,6416.131663108922,0.907338096858342,0.907338096858342,ER,12854.919750037378,9699.92926672143
37,37_HE_val.ndpi,37_ER_val.ndpi,37_8,33553.18731961105,4383.592350877449,0.907338096858342,0.907338096858342,ER,10416.348928627245,10940.56170471067
37,37_HE_val.ndpi,37_ER_val.ndpi,37_9,31786.68523634605,3492.9769366677037,0.907338096858342,0.907338096858342,ER,11801.29421112077,11973.83368148733
37,37_HE_val.ndpi,37_ER_val.ndpi,37_10,31842.73182296645,2869.226585991244,0.907338096858342,0.907338096858342,ER,11828.314449354331,12408.925855415495
37,37_HE_val.ndpi,37_ER_val.ndpi,37_11,28273.639809449134,6514.593776103717,0.907338096858342,0.907338096858342,ER,14515.106032732781,9571.632251224506
37,37_HE_val.ndpi,37_ER_val.ndpi,37_12,26841.20913381788,5056.352608735914,0.907338096858342,0.907338096858342,ER,16154.367470754982,11028.961474911626
37,37_HE_val.ndpi,37_ER_val.ndpi,37_13,26238.601823810397,4783.837386146365,0.907338096858342,0.907338096858342,ER,16710.484734383597,11281.587417273917
37,37_HE_val.ndpi,37_ER_val.ndpi,37_14,28303.55345291201,8666.864444010538,0.907338096858342,0.907338096858342,ER,14220.991624417782,7427.170621395689
37,37_HE_val.ndpi,37_ER_val.ndpi,37_15,29854.725436269862,8434.799344138106,0.907338096858342,0.907338096858342,ER,12852.043002340808,7737.4821671964755
37,37_HE_val.ndpi,37_ER_val.ndpi,37_16,31076.120698756342,6321.785540036476,0.907338096858342,0.907338096858342,ER,12240.312483565078,9589.626381451892
37,37_HE_val.ndpi,37_ER_val.ndpi,37_17,31215.58217324919,5723.716532649193,0.907338096858342,0.907338096858342,ER,12123.86495388804,10071.12553656366
37,37_HE_val.ndpi,37_ER_val.ndpi,37_18,30180.788964753672,4761.5284869792795,0.907338096858342,0.907338096858342,ER,13029.286612931988,10886.01106173951
37,37_HE_val.ndpi,37_ER_val.ndpi,37_19,34122.70456389594,4378.907934207952,0.907338096858342,0.907338096858342,ER,9982.591114573308,10861.198575265626
37,37_HE_val.ndpi,37_ER_val.ndpi,37_20,35586.44882103857,13208.412071271056,0.907338096858342,0.907338096858342,ER,8878.437313143613,3086.590301586102
37,37_HE_val.ndpi,37_ER_val.ndpi,37_21,29917.16489338685,11659.372375341774,0.907338096858342,0.907338096858342,ER,12380.392056626237,4514.655257812689
37,37_HE_val.ndpi,37_ER_val.ndpi,37_22,30441.00498090765,13499.56428576752,0.907338096858342,0.907338096858342,ER,11798.427728045648,2865.3837658830585
37,37_HE_val.ndpi,37_ER_val.ndpi,37_23,31782.277926564093,12983.864063828776,0.907338096858342,0.907338096858342,ER,10754.526695168797,3090.3178779228356
37,37_HE_val.ndpi,37_ER_val.ndpi,37_24,32426.699009820677,11867.141872705588,0.907338096858342,0.907338096858342,ER,10243.698511376304,3902.9576193189237
37,37_HE_val.ndpi,37_ER_val.ndpi,37_25,33190.21951374123,11247.552996635908,0.907338096858342,0.907338096858342,ER,9827.32707306507,4462.372453364989
37,37_HE_val.ndpi,37_ER_val.ndpi,37_26,33973.902526667975,12726.240448799015,0.907338096858342,0.907338096858342,ER,9781.464971927866,3309.016561692046
37,37_HE_val.ndpi,37_ER_val.ndpi,37_27,36944.55357026035,12654.10499538611,0.907338096858342,0.907338096858342,ER,8188.001903906553,3565.9726739110647
37,37_HE_val.ndpi,37_ER_val.ndpi,37_28,33844.85611073627,7527.011127028079,0.907338096858342,0.907338096858342,ER,9741.184934248926,7924.117213443381
37,37_HE_val.ndpi,37_ER_val.ndpi,37_29,36363.09629239057,5236.129602168078,0.907338096858342,0.907338096858342,ER,8379.924497062695,9942.543328211212
37,37_HE_val.ndpi,37_ER_val.ndpi,37_30,36619.07359729079,9326.291915584032,0.907338096858342,0.907338096858342,ER,8475.65700882579,6402.628945562691
37,37_HE_val.ndpi,37_ER_val.ndpi,37_31,39899.54043323002,6779.536768710542,0.907338096858342,0.907338096858342,ER,5820.053875048416,8456.94953772059
37,37_HE_val.ndpi,37_ER_val.ndpi,37_32,42940.01340152916,11060.784470994324,0.907338096858342,0.907338096858342,ER,4445.674180086813,4842.001923905931
37,37_HE_val.ndpi,37_ER_val.ndpi,37_33,42857.935639890056,9541.531617162791,0.907338096858342,0.907338096858342,ER,4432.30595918837,5705.104765921589
37,37_HE_val.ndpi,37_ER_val.ndpi,37_34,42577.02645491273,5424.372521070106,0.907338096858342,0.907338096858342,ER,3993.8686360956135,9129.837012825637
37,37_HE_val.ndpi,37_ER_val.ndpi,37_35,42604.45130224168,3318.5400687432843,0.907338096858342,0.907338096858342,ER,4093.96825901858,10910.23568357827
37,37_HE_val.ndpi,37_ER_val.ndpi,37_36,41383.05603975519,1954.6486923000355,0.907338096858342,0.907338096858342,ER,4852.7749049257445,12297.008097059941
37,37_HE_val.ndpi,37_ER_val.ndpi,37_37,37891.90124781467,5985.25305850545,0.907338096858342,0.907338096858342,ER,7351.389755852228,9320.392641390046
37,37_HE_val.ndpi,37_ER_val.ndpi,37_38,37942.79271708495,7685.0281321324865,0.907338096858342,0.907338096858342,ER,7228.3016748286045,7989.172702982927
37,37_HE_val.ndpi,37_ER_val.ndpi,37_39,39744.35072925252,8967.49315774329,0.907338096858342,0.907338096858342,ER,6554.222945099321,6543.60980106258
37,37_HE_val.ndpi,37_ER_val.ndpi,37_40,39902.263565633504,10943.15427904908,0.907338096858342,0.907338096858342,ER,6821.043932628753,5038.710938942859
37,37_HE_val.ndpi,37_ER_val.ndpi,37_41,40513.110478519935,12166.327350195415,0.907338096858342,0.907338096858342,ER,6245.327785502948,4101.230596074096
37,37_HE_val.ndpi,37_ER_val.ndpi,37_42,37007.706075183705,11995.332013447305,0.907338096858342,0.907338096858342,ER,8302.233829084198,3971.1369941923735
37,37_HE_val.ndpi,37_ER_val.ndpi,37_43,40989.115354427864,6944.862603065659,0.907338096858342,0.907338096858342,ER,5012.1862052874785,8185.607364620064
37,37_HE_val.ndpi,37_ER_val.ndpi,37_44,35466.207849915445,9362.874546637991,0.907338096858342,0.907338096858342,ER,8930.711937534415,6265.396890225018
37,37_HE_val.ndpi,37_ER_val.ndpi,37_45,33846.39860980813,3971.138162071593,0.907338096858342,0.907338096858342,ER,10057.080971034271,11229.469756231614
37,37_HE_val.ndpi,37_ER_val.ndpi,37_46,33423.096939476476,6726.205528016187,0.907338096858342,0.907338096858342,ER,10139.332579654338,8903.082604797568
37,37_HE_val.ndpi,37_ER_val.ndpi,37_47,34203.421492405236,6167.780661045566,0.907338096858342,0.907338096858342,ER,9630.308022990486,9425.223950316275
37,37_HE_val.ndpi,37_ER_val.ndpi,37_48,35487.64572929942,5625.488075688763,0.907338096858342,0.907338096858342,ER,8918.633404621021,9720.662607567949
37,37_HE_val.ndpi,37_ER_val.ndpi,37_49,34462.28440644207,9040.50922960098,0.907338096858342,0.907338096858342,ER,9140.098508334937,6428.89882519279
37,37_HE_val.ndpi,37_ER_val.ndpi,37_50,38560.95703291424,12713.487475136526,0.907338096858342,0.907338096858342,ER,7348.599230449547,3728.485196901462
81,81_HE_val.ndpi,81_ER_val.ndpi,81_1,14098.972797697299,3667.573967932627,0.9109542245502164,0.9109542245502164,ER,2542.2617087140197,3230.248986640115
81,81_HE_val.ndpi,81_ER_val.ndpi,81_2,14816.866587890168,3497.6025096998546,0.9109542245502164,0.9109542245502164,ER,2921.709931690576,2865.9035452221046
81,81_HE_val.ndpi,81_ER_val.ndpi,81_3,14121.204538391159,4900.083940622817,0.9109542245502164,0.9109542245502164,ER,2671.8136011766537,4265.890247066999
81,81_HE_val.ndpi,81_ER_val.ndpi,81_4,16885.989261511222,3046.119133250959,0.9109542245502164,0.9109542245502164,ER,4177.567488176527,2244.8537491668158
81,81_HE_val.ndpi,81_ER_val.ndpi,81_5,14935.671015587724,6721.889393677012,0.9109542245502164,0.9109542245502164,ER,3489.741035398659,5798.192474742356
81,81_HE_val.ndpi,81_ER_val.ndpi,81_6,18246.092595473085,5107.39605438314,0.9109542245502164,0.9109542245502164,ER,5258.821653388647,3919.588545631642
81,81_HE_val.ndpi,81_ER_val.ndpi,81_7,13634.066154282937,10608.854080765366,0.9109542245502164,0.9109542245502164,ER,3273.892637079046,9227.882167621103
81,81_HE_val.ndpi,81_ER_val.ndpi,81_8,15083.008606738797,8336.632325857265,0.9109542245502164,0.9109542245502164,ER,3785.135619317219,7222.43267652667
81,81_HE_val.ndpi,81_ER_val.ndpi,81_9,15162.194623737592,10566.29238070965,0.9109542245502164,0.9109542245502164,ER,3694.3006985372795,8854.372800597732
81,81_HE_val.ndpi,81_ER_val.ndpi,81_10,15772.424139177989,10005.350031128926,0.9109542245502164,0.9109542245502164,ER,4360.398783612723,8537.44900074887
81,81_HE_val.ndpi,81_ER_val.ndpi,81_11,29010.335312518204,13027.44719213387,0.9109542245502164,0.9109542245502164,ER,17404.135019190806,11343.171328677596
81,81_HE_val.ndpi,81_ER_val.ndpi,81_12,29484.602737330668,14195.231442662836,0.9109542245502164,0.9109542245502164,ER,17725.377065131128,12764.212587780738
81,81_HE_val.ndpi,81_ER_val.ndpi,81_13,29334.87429462933,15471.501999993667,0.9109542245502164,0.9109542245502164,ER,17808.76088729093,14209.2362162778
81,81_HE_val.ndpi,81_ER_val.ndpi,81_14,28492.738908443764,9491.214893811042,0.9109542245502164,0.9109542245502164,ER,16610.306503375527,7724.2563776591105
81,81_HE_val.ndpi,81_ER_val.ndpi,81_15,26900.362276006454,9689.780681078615,0.9109542245502164,0.9109542245502164,ER,15263.9006881999,8087.089953070773
81,81_HE_val.ndpi,81_ER_val.ndpi,81_16,27729.04268955226,9478.434250403536,0.9109542245502164,0.9109542245502164,ER,15867.325105791297,7898.1612731738805
81,81_HE_val.ndpi,81_ER_val.ndpi,81_17,28673.36851583997,11523.431367243753,0.9109542245502164,0.9109542245502164,ER,16891.171601224964,9744.192208282604
81,81_HE_val.ndpi,81_ER_val.ndpi,81_18,23769.337938221066,10704.922503939417,0.9109542245502164,0.9109542245502164,ER,12118.418145468511,9384.216617825892
81,81_HE_val.ndpi,81_ER_val.ndpi,81_19,25355.31975147755,7842.027005389666,0.9109542245502164,0.9109542245502164,ER,13446.980059274378,6441.318684696688
81,81_HE_val.ndpi,81_ER_val.ndpi,81_20,21592.347661393844,3578.1959138985667,0.9109542245502164,0.9109542245502164,ER,9443.338599305564,2673.197333020349
81,81_HE_val.ndpi,81_ER_val.ndpi,81_21,21876.836600916635,4210.348171320635,0.9109542245502164,0.9109542245502164,ER,10002.74700371405,3171.040274171154
81,81_HE_val.ndpi,81_ER_val.ndpi,81_22,23550.187973916618,4808.561984623594,0.9109542245502164,0.9109542245502164,ER,11856.33504731995,4099.042454577933
81,81_HE_val.ndpi,81_ER_val.ndpi,81_23,19370.32864259194,4154.277426606727,0.9109542245502164,0.9109542245502164,ER,7242.0345918955745,3098.6448700722012
81,81_HE_val.ndpi,81_ER_val.ndpi,81_24,17776.690680135518,3105.617743548431,0.9109542245502164,0.9109542245502164,ER,4785.637652105499,2321.0661138359737
81,81_HE_val.ndpi,81_ER_val.ndpi,81_25,21523.370912123908,5524.813779014248,0.9109542245502164,0.9109542245502164,ER,9709.638207198432,4425.707990595674
81,81_HE_val.ndpi,81_ER_val.ndpi,81_26,22783.609317263268,7111.748511965006,0.9109542245502164,0.9109542245502164,ER,10873.95331707338,5881.445975336914
81,81_HE_val.ndpi,81_ER_val.ndpi,81_27,26104.452179470678,5775.416672024612,0.9109542245502164,0.9109542245502164,ER,14844.712561930139,4702.382333974716
81,81_HE_val.ndpi,81_ER_val.ndpi,81_28,27240.761747708922,6925.821313634146,0.9109542245502164,0.9109542245502164,ER,15929.248882102373,5432.782983476292
81,81_HE_val.ndpi,81_ER_val.ndpi,81_29,28196.559962419426,3235.6055651766064,0.9109542245502164,0.9109542245502164,ER,17868.872800620848,3043.9879767744897
81,81_HE_val.ndpi,81_ER_val.ndpi,81_30,28359.87090836776,4117.585712423527,0.9109542245502164,0.9109542245502164,ER,17688.88481370759,3669.315297192833
81,81_HE_val.ndpi,81_ER_val.ndpi,81_31,28004.89856701521,5056.635649017565,0.9109542245502164,0.9109542245502164,ER,17186.56880729154,4304.233167570382
81,81_HE_val.ndpi,81_ER_val.ndpi,81_32,14058.653166469663,20441.177148748182,0.9109542245502164,0.9109542245502164,ER,7187.434964857592,18903.468548107172
81,81_HE_val.ndpi,81_ER_val.ndpi,81_33,13905.569462744434,19419.449647293684,0.9109542245502164,0.9109542245502164,ER,6898.695992409821,18108.08554868756
81,81_HE_val.ndpi,81_ER_val.ndpi,81_34,13284.375123528482,15125.478646746587,0.9109542245502164,0.9109542245502164,ER,4117.779561202307,13880.84183298135
81,81_HE_val.ndpi,81_ER_val.ndpi,81_35,15599.077999447109,15070.994403400651,0.9109542245502164,0.9109542245502164,ER,4864.304962800553,13925.766963397718
81,81_HE_val.ndpi,81_ER_val.ndpi,81_36,19137.117648462063,16099.888550642012,0.9109542245502164,0.9109542245502164,ER,6687.601066291623,15477.610917296208
81,81_HE_val.ndpi,81_ER_val.ndpi,81_37,18878.84873998105,14772.358010089141,0.9109542245502164,0.9109542245502164,ER,6877.885605611078,13833.444928057483
81,81_HE_val.ndpi,81_ER_val.ndpi,81_38,22251.30504084313,19048.631719425608,0.9109542245502164,0.9109542245502164,ER,8540.640072788281,17859.642398752494
81,81_HE_val.ndpi,81_ER_val.ndpi,81_39,23203.575449227974,18009.848234544665,0.9109542245502164,0.9109542245502164,ER,9715.16906775612,16443.653072856563
81,81_HE_val.ndpi,81_ER_val.ndpi,81_40,26534.76863501972,18280.54553159917,0.9109542245502164,0.9109542245502164,ER,12782.54947970146,16952.184468525553
81,81_HE_val.ndpi,81_ER_val.ndpi,81_41,19450.992350888715,6215.412356411107,0.9109542245502164,0.9109542245502164,ER,6956.803712441438,5080.367492845458
81,81_HE_val.ndpi,81_ER_val.ndpi,81_42,18117.191463038158,6985.403357806978,0.9109542245502164,0.9109542245502164,ER,5410.2528906524885,5717.153767640588
81,81_HE_val.ndpi,81_ER_val.ndpi,81_43,17012.674430601655,9650.908017862645,0.9109542245502164,0.9109542245502164,ER,5334.471348058414,8253.293996314495
81,81_HE_val.ndpi,81_ER_val.ndpi,81_44,17918.840799589285,10944.006681813964,0.9109542245502164,0.9109542245502164,ER,6035.478502064253,9350.943246009996
81,81_HE_val.ndpi,81_ER_val.ndpi,81_45,18662.640935709176,13138.603210242007,0.9109542245502164,0.9109542245502164,ER,6683.510629003684,11777.178176776502
81,81_HE_val.ndpi,81_ER_val.ndpi,81_46,20473.947795099324,12047.101718729531,0.9109542245502164,0.9109542245502164,ER,8410.299025143278,10573.299253043042
81,81_HE_val.ndpi,81_ER_val.ndpi,81_47,20582.845607664065,13579.274240705803,0.9109542245502164,0.9109542245502164,ER,8232.674188973173,12287.110986495049
81,81_HE_val.ndpi,81_ER_val.ndpi,81_48,22955.04338343689,13844.766028511012,0.9109542245502164,0.9109542245502164,ER,10542.236993041748,12429.072559300088
81,81_HE_val.ndpi,81_ER_val.ndpi,81_49,23722.646259993893,15529.83978834814,0.9109542245502164,0.9109542245502164,ER,11296.887107154367,14236.942847471351
81,81_HE_val.ndpi,81_ER_val.ndpi,81_50,19669.722126952493,9769.251218692976,0.9109542245502164,0.9109542245502164,ER,7314.276715648185,8662.180893000972
66,66_HE_val.ndpi,66_KI67_val.ndpi,66_1,24589.90132273339,11665.973854724663,0.9097732390201744,0.9097732390201744,KI67,36949.94393795654,11918.139724520926
66,66_HE_val.ndpi,66_KI67_val.ndpi,66_2,25301.030668022187,11410.736014148566,0.9097732390201744,0.9097732390201744,KI67,36036.7561567224,12167.119545431378
66,66_HE_val.ndpi,66_KI67_val.ndpi,66_3,25907.74071514167,13132.077982125333,0.9097732390201744,0.9097732390201744,KI67,35566.68103840892,10536.056112550641
66,66_HE_val.ndpi,66_KI67_val.ndpi,66_4,26689.561314266488,12366.25621463954,0.9097732390201744,0.9097732390201744,KI67,34624.154515554204,11028.226872919873
66,66_HE_val.ndpi,66_KI67_val.ndpi,66_5,27268.54492177594,10949.473272952791,0.9097732390201744,0.9097732390201744,KI67,33944.60259700385,12581.566920347805
66,66_HE_val.ndpi,66_KI67_val.ndpi,66_6,27111.513698381885,10216.737241969218,0.9097732390201744,0.9097732390201744,KI67,34096.41113573467,13287.859646852216
66,66_HE_val.ndpi,66_KI67_val.ndpi,66_7,26914.21261379641,9433.594111448778,0.9097732390201744,0.9097732390201744,KI67,34304.75661965973,14127.996962150915
66,66_HE_val.ndpi,66_KI67_val.ndpi,66_8,26593.908240728146,8648.3026868111,0.9097732390201744,0.9097732390201744,KI67,34641.15952336567,15051.683447269088
66,66_HE_val.ndpi,66_KI67_val.ndpi,66_9,28675.029121629883,8329.129564881452,0.9097732390201744,0.9097732390201744,KI67,32415.639860269373,15199.206798167865
66,66_HE_val.ndpi,66_KI67_val.ndpi,66_10,27298.97311110889,6888.556595917983,0.9097732390201744,0.9097732390201744,KI67,33832.924184645664,16751.030789309654
66,66_HE_val.ndpi,66_KI67_val.ndpi,66_11,27270.32407008724,5637.059918514624,0.9097732390201744,0.9097732390201744,KI67,33807.56856356121,18052.012759498644
66,66_HE_val.ndpi,66_KI67_val.ndpi,66_12,28366.998240730965,5012.518924380016,0.9097732390201744,0.9097732390201744,KI67,32621.055792227802,18681.14356695905
66,66_HE_val.ndpi,66_KI67_val.ndpi,66_13,30224.16452253404,4971.109453751843,0.9097732390201744,0.9097732390201744,KI67,30652.42237743962,18634.88426297311
66,66_HE_val.ndpi,66_KI67_val.ndpi,66_14,31137.964141979384,5772.655941460467,0.9097732390201744,0.9097732390201744,KI67,29932.488924306388,17755.414503026812
66,66_HE_val.ndpi,66_KI67_val.ndpi,66_15,31694.291970460494,6348.624482739026,0.9097732390201744,0.9097732390201744,KI67,29257.407481258208,17234.36880109992
66,66_HE_val.ndpi,66_KI67_val.ndpi,66_16,31248.744802066678,7935.421811018787,0.9097732390201744,0.9097732390201744,KI67,29723.34827309899,15653.948909422721
66,66_HE_val.ndpi,66_KI67_val.ndpi,66_17,32531.50236951532,8944.23111925573,0.9097732390201744,0.9097732390201744,KI67,28409.056960188613,14479.959014281252
66,66_HE_val.ndpi,66_KI67_val.ndpi,66_18,33609.956362456716,9129.060088914614,0.9097732390201744,0.9097732390201744,KI67,27209.719233929656,14347.494782988939
66,66_HE_val.ndpi,66_KI67_val.ndpi,66_19,32377.81574799528,10224.899090153624,0.9097732390201744,0.9097732390201744,KI67,28529.585709801107,13249.354378035036
66,66_HE_val.ndpi,66_KI67_val.ndpi,66_20,31491.522375381188,9421.37525423425,0.9097732390201744,0.9097732390201744,KI67,29552.174311657607,14040.347626876259
66,66_HE_val.ndpi,66_KI67_val.ndpi,66_21,31535.66437367927,11878.874568035028,0.9097732390201744,0.9097732390201744,KI67,29546.242973349985,11439.48868919303
66,66_HE_val.ndpi,66_KI67_val.ndpi,66_22,30893.849090936987,11489.678177822349,0.9097732390201744,0.9097732390201744,KI67,30444.7979223255,11883.9715025993
66,66_HE_val.ndpi,66_KI67_val.ndpi,66_23,29257.63007239445,11743.664099755972,0.9097732390201744,0.9097732390201744,KI67,31979.056065943307,11544.499687005738
66,66_HE_val.ndpi,66_KI67_val.ndpi,66_24,28114.209029198653,13595.236675341235,0.9097732390201744,0.9097732390201744,KI67,33048.982650764185,9952.058886974226
66,66_HE_val.ndpi,66_KI67_val.ndpi,66_25,28710.88147708362,11291.84868810881,0.9097732390201744,0.9097732390201744,KI67,32454.73739413475,12178.075173053663
66,66_HE_val.ndpi,66_KI67_val.ndpi,66_26,28370.115905219332,10684.74734073813,0.9097732390201744,0.9097732390201744,KI67,32813.92976343387,12801.399810949442
66,66_HE_val.ndpi,66_KI67_val.ndpi,66_27,37783.22514983576,16407.56991667014,0.9097732390201744,0.9097732390201744,KI67,23765.123066776476,7112.082544611235
66,66_HE_val.ndpi,66_KI67_val.ndpi,66_28,34268.63711417643,9145.543853816662,0.9097732390201744,0.9097732390201744,KI67,26472.361243757685,14378.349712382884
66,66_HE_val.ndpi,66_KI67_val.ndpi,66_29,30256.67691552147,8384.408255458762,0.9097732390201744,0.9097732390201744,KI67,30795.476564950302,15158.711408808278
66,66_HE_val.ndpi,66_KI67_val.ndpi,66_30,29680.814434304077,7133.728769520368,0.9097732390201744,0.9097732390201744,KI67,31139.890380550005,16548.404583816544
66,66_HE_val.ndpi,66_KI67_val.ndpi,66_31,32173.781690372143,13001.324927377116,0.9097732390201744,0.9097732390201744,KI67,29029.866329812703,10549.418532172647
66,66_HE_val.ndpi,66_KI67_val.ndpi,66_32,37591.766225138825,8781.211384485228,0.9097732390201744,0.9097732390201744,KI67,23247.202570904567,14757.533303523194
66,66_HE_val.ndpi,66_KI67_val.ndpi,66_33,36991.13485980781,9061.650026319134,0.9097732390201744,0.9097732390201744,KI67,23812.327929167757,14446.605171086736
66,66_HE_val.ndpi,66_KI67_val.ndpi,66_34,26708.34099425873,15117.995683484087,0.9097732390201744,0.9097732390201744,KI67,34517.3444049547,8257.21511178547
66,66_HE_val.ndpi,66_KI67_val.ndpi,66_35,28378.854682898324,19557.265200911297,0.9097732390201744,0.9097732390201744,KI67,33620.11994777963,4064.6374574599204
66,66_HE_val.ndpi,66_KI67_val.ndpi,66_36,27970.479681277833,17585.200018534786,0.9097732390201744,0.9097732390201744,KI67,33456.918991991646,5743.375785338316
66,66_HE_val.ndpi,66_KI67_val.ndpi,66_37,24571.433126870754,13887.100968070936,0.9097732390201744,0.9097732390201744,KI67,36640.838818194185,9832.943746470823
66,66_HE_val.ndpi,66_KI67_val.ndpi,66_38,23629.02829135332,11436.023133327832,0.9097732390201744,0.9097732390201744,KI67,38102.478512319736,12228.061367763692
66,66_HE_val.ndpi,66_KI67_val.ndpi,66_39,35803.99637046143,14283.410504331785,0.9097732390201744,0.9097732390201744,KI67,25563.1134581939,9065.743221454824
66,66_HE_val.ndpi,66_KI67_val.ndpi,66_40,35871.95951979547,11956.334633625142,0.9097732390201744,0.9097732390201744,KI67,25223.823833215945,11623.506419799614
66,66_HE_val.ndpi,66_KI67_val.ndpi,66_41,42976.163578085565,17319.848381302058,0.9097732390201744,0.9097732390201744,KI67,17257.798430111536,6984.030137484377
66,66_HE_val.ndpi,66_KI67_val.ndpi,66_42,38966.774051137254,18682.675173758696,0.9097732390201744,0.9097732390201744,KI67,22156.48823870773,4866.29947918804
66,66_HE_val.ndpi,66_KI67_val.ndpi,66_43,34785.85938534254,2582.795068295021,0.9097732390201744,0.9097732390201744,KI67,25490.10816458197,20689.165889339783
66,66_HE_val.ndpi,66_KI67_val.ndpi,66_44,40259.28624127426,11611.539253909514,0.9097732390201744,0.9097732390201744,KI67,20864.23895977433,12701.989583593733
66,66_HE_val.ndpi,66_KI67_val.ndpi,66_45,26421.533460906063,18711.00929996103,0.9097732390201744,0.9097732390201744,KI67,34574.522453545236,4603.27673253161
66,66_HE_val.ndpi,66_KI67_val.ndpi,66_46,28875.23782873326,16532.385084698937,0.9097732390201744,0.9097732390201744,KI67,32443.112761678458,6933.690025207174
66,66_HE_val.ndpi,66_KI67_val.ndpi,66_47,36496.02497622717,13219.90886908802,0.9097732390201744,0.9097732390201744,KI67,24374.49278944961,10201.731275977787
66,66_HE_val.ndpi,66_KI67_val.ndpi,66_48,39416.82222510274,9689.23457881853,0.9097732390201744,0.9097732390201744,KI67,21724.533824187467,14365.108467038559
66,66_HE_val.ndpi,66_KI67_val.ndpi,66_49,37810.584783349135,10331.089025343641,0.9097732390201744,0.9097732390201744,KI67,23101.306812754916,13106.409030674691
66,66_HE_val.ndpi,66_KI67_val.ndpi,66_50,41931.9591049888,16515.93704718555,0.9097732390201744,0.9097732390201744,KI67,18535.019625341076,7318.108678104488
78,78_HE_val.ndpi,78_ER_val.ndpi,78_1,17972.028155523883,11532.776118313059,0.907338096858342,0.907338096858342,ER,6065.83820003089,12206.987274889756
78,78_HE_val.ndpi,78_ER_val.ndpi,78_2,19294.504518058777,8130.654922938276,0.907338096858342,0.907338096858342,ER,7251.137854634308,8593.280432728436
78,78_HE_val.ndpi,78_ER_val.ndpi,78_3,19070.590288852894,11135.104911781904,0.907338096858342,0.907338096858342,ER,7161.509509616703,11792.291888819716
78,78_HE_val.ndpi,78_ER_val.ndpi,78_4,20012.67290510736,7441.54255078912,0.907338096858342,0.907338096858342,ER,8137.0687771790135,8272.265401662995
78,78_HE_val.ndpi,78_ER_val.ndpi,78_5,19737.895801774204,6988.315960011141,0.907338096858342,0.907338096858342,ER,7956.791360261952,7691.894500658856
78,78_HE_val.ndpi,78_ER_val.ndpi,78_6,30992.110588351068,8026.931206104291,0.907338096858342,0.907338096858342,ER,18352.86482780623,9328.269521243976
78,78_HE_val.ndpi,78_ER_val.ndpi,78_7,31319.786166022634,9136.611292744232,0.907338096858342,0.907338096858342,ER,18971.043989294896,10548.054914237511
78,78_HE_val.ndpi,78_ER_val.ndpi,78_8,30745.746286002788,7665.483847467557,0.907338096858342,0.907338096858342,ER,18087.69038669982,8903.37048807858
78,78_HE_val.ndpi,78_ER_val.ndpi,78_9,34215.651052849615,8771.177328956757,0.907338096858342,0.907338096858342,ER,21328.213187656438,10549.349353517528
78,78_HE_val.ndpi,78_ER_val.ndpi,78_10,33445.291948826736,9194.114738097984,0.907338096858342,0.907338096858342,ER,20537.06024180845,10994.22221409872
78,78_HE_val.ndpi,78_ER_val.ndpi,78_11,34550.14486358918,8027.062671306353,0.907338096858342,0.907338096858342,ER,21819.77286309905,9741.388364917235
78,78_HE_val.ndpi,78_ER_val.ndpi,78_12,32877.427275991715,7863.361240918672,0.907338096858342,0.907338096858342,ER,19929.047147225814,9519.977756189424
78,78_HE_val.ndpi,78_ER_val.ndpi,78_13,33835.46516629686,5694.3806900710315,0.907338096858342,0.907338096858342,ER,21143.125261444337,7143.210559556782
78,78_HE_val.ndpi,78_ER_val.ndpi,78_14,32525.862682333438,6855.609450412773,0.907338096858342,0.907338096858342,ER,19491.495624144365,8395.39155148218
78,78_HE_val.ndpi,78_ER_val.ndpi,78_15,34107.86381357012,4466.027300333006,0.907338096858342,0.907338096858342,ER,21208.551824563783,5651.434877745589
78,78_HE_val.ndpi,78_ER_val.ndpi,78_16,32737.846199264663,4526.589658205074,0.907338096858342,0.907338096858342,ER,19831.76990594114,5667.7418066147875
78,78_HE_val.ndpi,78_ER_val.ndpi,78_17,32786.300464793574,3690.0746835024934,0.907338096858342,0.907338096858342,ER,19776.81517790925,4749.677535409458
78,78_HE_val.ndpi,78_ER_val.ndpi,78_18,31332.5536289941,5228.612305982761,0.907338096858342,0.907338096858342,ER,18834.099844442822,6234.304279697301
78,78_HE_val.ndpi,78_ER_val.ndpi,78_19,32027.381069448198,6279.630930424532,0.907338096858342,0.907338096858342,ER,18920.120288022244,7585.004712243525
78,78_HE_val.ndpi,78_ER_val.ndpi,78_20,33188.21328847187,6709.786818745733,0.907338096858342,0.907338096858342,ER,20310.366878677003,8315.610685217453
78,78_HE_val.ndpi,78_ER_val.ndpi,78_21,35558.51532154656,11914.256399243377,0.907338096858342,0.907338096858342,ER,22713.6034378583,13593.45392212347
78,78_HE_val.ndpi,78_ER_val.ndpi,78_22,34479.04280701945,13400.111608046665,0.907338096858342,0.907338096858342,ER,21637.13495089686,15452.96246198023
78,78_HE_val.ndpi,78_ER_val.ndpi,78_23,32990.126780739796,13547.770059785273,0.907338096858342,0.907338096858342,ER,20270.888962789133,16195.080814881234
78,78_HE_val.ndpi,78_ER_val.ndpi,78_24,32443.74510184887,12863.743014360563,0.907338096858342,0.907338096858342,ER,19856.592118321554,15425.536842356405
78,78_HE_val.ndpi,78_ER_val.ndpi,78_25,37573.289685114345,9003.789679597281,0.907338096858342,0.907338096858342,ER,24799.72229943674,10461.713150886972
78,78_HE_val.ndpi,78_ER_val.ndpi,78_26,36881.5715544832,8165.307790545299,0.907338096858342,0.907338096858342,ER,24326.47252226735,9652.977762531627
78,78_HE_val.ndpi,78_ER_val.ndpi,78_27,39209.756727496584,6302.293416073084,0.907338096858342,0.907338096858342,ER,26457.224452139144,7717.259302491016
78,78_HE_val.ndpi,78_ER_val.ndpi,78_28,39161.67361496276,5549.932796815595,0.907338096858342,0.907338096858342,ER,26417.728457258952,6939.030012838099
78,78_HE_val.ndpi,78_ER_val.ndpi,78_29,37600.38373457866,5767.721317056935,0.907338096858342,0.907338096858342,ER,25119.003946300087,7222.351603411651
78,78_HE_val.ndpi,78_ER_val.ndpi,78_30,37094.095827022145,7156.477409430036,0.907338096858342,0.907338096858342,ER,24639.40009219324,8643.383512575707
78,78_HE_val.ndpi,78_ER_val.ndpi,78_31,41504.44980278419,20971.52239271167,0.907338096858342,0.907338096858342,ER,27299.55047578099,22140.948448895946
78,78_HE_val.ndpi,78_ER_val.ndpi,78_32,40892.226371019984,20145.93389859573,0.907338096858342,0.907338096858342,ER,26836.958781960126,21343.46637424489
78,78_HE_val.ndpi,78_ER_val.ndpi,78_33,41331.439609102854,19046.05466606861,0.907338096858342,0.907338096858342,ER,27229.370401776334,20266.192204315717
78,78_HE_val.ndpi,78_ER_val.ndpi,78_34,40270.61107381299,21907.238545560343,0.907338096858342,0.907338096858342,ER,26241.52781110044,23135.211284642326
78,78_HE_val.ndpi,78_ER_val.ndpi,78_35,37138.44877809891,21709.49439292089,0.907338096858342,0.907338096858342,ER,23638.802379062978,23047.133631874298
78,78_HE_val.ndpi,78_ER_val.ndpi,78_36,35262.26119712761,19715.455636565963,0.907338096858342,0.907338096858342,ER,21969.75598656595,21263.368404850953
78,78_HE_val.ndpi,78_ER_val.ndpi,78_37,31132.110334779125,19106.624760926523,0.907338096858342,0.907338096858342,ER,18889.05972212768,21874.245723547516
78,78_HE_val.ndpi,78_ER_val.ndpi,78_38,31820.77517756655,21387.37435644124,0.907338096858342,0.907338096858342,ER,19059.378715144503,23496.42843704535
78,78_HE_val.ndpi,78_ER_val.ndpi,78_39,29532.023893880367,13906.151607391623,0.907338096858342,0.907338096858342,ER,17133.548664350557,16375.424610493501
78,78_HE_val.ndpi,78_ER_val.ndpi,78_40,30230.19931956674,11389.1689093537,0.907338096858342,0.907338096858342,ER,18139.612144146744,13124.075444729913
78,78_HE_val.ndpi,78_ER_val.ndpi,78_41,29274.28987851377,9973.897185803398,0.907338096858342,0.907338096858342,ER,17011.78059891929,10920.774041562983
78,78_HE_val.ndpi,78_ER_val.ndpi,78_42,29245.892444118883,9269.551712498982,0.907338096858342,0.907338096858342,ER,16845.773285676532,10202.840664683086
78,78_HE_val.ndpi,78_ER_val.ndpi,78_43,27714.811697653087,7339.650483658127,0.907338096858342,0.907338096858342,ER,15522.100351727919,8471.925806770889
78,78_HE_val.ndpi,78_ER_val.ndpi,78_44,20631.94051187959,11331.00064300674,0.907338096858342,0.907338096858342,ER,8772.760497280082,11741.469699815758
78,78_HE_val.ndpi,78_ER_val.ndpi,78_45,20139.530839293937,10655.812750651898,0.907338096858342,0.907338096858342,ER,8361.002800479762,11433.89187827399
78,78_HE_val.ndpi,78_ER_val.ndpi,78_46,19758.97032843605,10333.904967018985,0.907338096858342,0.907338096858342,ER,8011.368361419479,11250.09023064337
78,78_HE_val.ndpi,78_ER_val.ndpi,78_47,16907.880689882953,8706.174592677538,0.907338096858342,0.907338096858342,ER,5083.184481075906,9238.005642170565
78,78_HE_val.ndpi,78_ER_val.ndpi,78_48,16355.454064695048,9497.303757032296,0.907338096858342,0.907338096858342,ER,4497.553495605576,10140.446652400475
78,78_HE_val.ndpi,78_ER_val.ndpi,78_49,23414.270473985092,11722.825070998753,0.907338096858342,0.907338096858342,ER,11537.728340627033,12201.669335463732
78,78_HE_val.ndpi,78_ER_val.ndpi,78_50,23785.625052884483,13121.059081385083,0.907338096858342,0.907338096858342,ER,11955.997062239983,13747.81948664563
17,17_HE_val.ndpi,17_PGR_val.ndpi,17_1,24665.309058420185,1781.1552505832342,0.919793966151582,0.919793966151582,PGR,10235.79511158391,1082.6818834460905
17,17_HE_val.ndpi,17_PGR_val.ndpi,17_2,26042.232427325333,1774.950592437039,0.919793966151582,0.919793966151582,PGR,12108.897500230652,922.1714846333055
17,17_HE_val.ndpi,17_PGR_val.ndpi,17_3,23945.676804449162,1668.6375180831174,0.919793966151582,0.919793966151582,PGR,9537.565572179987,1029.7417991451387
17,17_HE_val.ndpi,17_PGR_val.ndpi,17_4,24099.157030278442,3165.757788843204,0.919793966151582,0.919793966151582,PGR,9651.419415106204,2430.8401585218403
17,17_HE_val.ndpi,17_PGR_val.ndpi,17_5,25387.887143159718,3054.5168283017592,0.919793966151582,0.919793966151582,PGR,11005.901645636679,2346.651382076052
17,17_HE_val.ndpi,17_PGR_val.ndpi,17_6,26687.57728931892,3384.9364345236436,0.919793966151582,0.919793966151582,PGR,12514.932383916474,2650.7279676048342
17,17_HE_val.ndpi,17_PGR_val.ndpi,17_7,26815.99194441842,2522.0922518662856,0.919793966151582,0.919793966151582,PGR,12979.489628375435,1434.2701040155428
17,17_HE_val.ndpi,17_PGR_val.ndpi,17_8,26227.655483058883,4360.574723679466,0.919793966151582,0.919793966151582,PGR,11902.099775414454,3932.816976536034
17,17_HE_val.ndpi,17_PGR_val.ndpi,17_9,27473.92664189614,4563.785248685299,0.919793966151582,0.919793966151582,PGR,13327.565716785139,4246.752887269648
17,17_HE_val.ndpi,17_PGR_val.ndpi,17_10,28848.178575048598,1742.6070697365858,0.919793966151582,0.919793966151582,PGR,15070.232944180043,950.8951013894247
17,17_HE_val.ndpi,17_PGR_val.ndpi,17_11,32149.319839053453,2401.8224459019216,0.919793966151582,0.919793966151582,PGR,17746.3540213493,1785.9077015785385
17,17_HE_val.ndpi,17_PGR_val.ndpi,17_12,32851.363793457655,3143.2927468000844,0.919793966151582,0.919793966151582,PGR,18319.47626880868,2550.352661694595
17,17_HE_val.ndpi,17_PGR_val.ndpi,17_13,34581.662348976,7197.55248500485,0.919793966151582,0.919793966151582,PGR,19756.459839653715,6615.196256876818
17,17_HE_val.ndpi,17_PGR_val.ndpi,17_14,37287.13805371883,9394.244805835951,0.919793966151582,0.919793966151582,PGR,21972.73492403559,8897.586075488409
17,17_HE_val.ndpi,17_PGR_val.ndpi,17_15,36655.69668225658,10199.65471841534,0.919793966151582,0.919793966151582,PGR,21459.779857296933,9661.782580438794
17,17_HE_val.ndpi,17_PGR_val.ndpi,17_16,35283.27819122138,13247.325827615708,0.919793966151582,0.919793966151582,PGR,20354.891102367128,12598.902475507355
17,17_HE_val.ndpi,17_PGR_val.ndpi,17_17,34593.847306053416,11443.207623437902,0.919793966151582,0.919793966151582,PGR,19781.920988128124,10793.667604291075
17,17_HE_val.ndpi,17_PGR_val.ndpi,17_18,36107.307531456456,15351.096467604691,0.919793966151582,0.919793966151582,PGR,21038.00866917809,14705.146049022836
17,17_HE_val.ndpi,17_PGR_val.ndpi,17_19,35271.33836699076,20450.469144478764,0.919793966151582,0.919793966151582,PGR,20377.182970360904,19683.063053307284
17,17_HE_val.ndpi,17_PGR_val.ndpi,17_20,27482.31591867314,18724.42187369441,0.919793966151582,0.919793966151582,PGR,13242.653945696144,18046.81193275406
17,17_HE_val.ndpi,17_PGR_val.ndpi,17_21,27173.925420357948,17517.047552392974,0.919793966151582,0.919793966151582,PGR,12971.301452989219,16865.040841464448
17,17_HE_val.ndpi,17_PGR_val.ndpi,17_22,27993.660525993575,14817.786861186649,0.919793966151582,0.919793966151582,PGR,13720.27677324769,14404.796210819568
17,17_HE_val.ndpi,17_PGR_val.ndpi,17_23,29528.79488790068,13846.58321866948,0.919793966151582,0.919793966151582,PGR,15176.027018546027,13237.092371816056
17,17_HE_val.ndpi,17_PGR_val.ndpi,17_24,28822.60146767237,12495.714042660771,0.919793966151582,0.919793966151582,PGR,14494.991314321356,11896.652569835222
17,17_HE_val.ndpi,17_PGR_val.ndpi,17_25,28939.001887522838,8357.632967585912,0.919793966151582,0.919793966151582,PGR,14717.417393638516,7770.147566316589
17,17_HE_val.ndpi,17_PGR_val.ndpi,17_26,29391.90393375293,8977.181119339059,0.919793966151582,0.919793966151582,PGR,15019.0739416494,8401.004994954394
17,17_HE_val.ndpi,17_PGR_val.ndpi,17_27,29282.479124593312,6798.0969444527345,0.919793966151582,0.919793966151582,PGR,15187.937126191195,6186.904584372737
17,17_HE_val.ndpi,17_PGR_val.ndpi,17_28,33438.44683157072,5993.639004912422,0.919793966151582,0.919793966151582,PGR,18812.675179019563,5383.403973428422
17,17_HE_val.ndpi,17_PGR_val.ndpi,17_29,32366.495752618917,8740.01035817692,0.919793966151582,0.919793966151582,PGR,17947.08132348312,8037.151447433082
17,17_HE_val.ndpi,17_PGR_val.ndpi,17_30,34707.660261127334,9449.260408511758,0.919793966151582,0.919793966151582,PGR,19862.99429322673,8838.713220562267
17,17_HE_val.ndpi,17_PGR_val.ndpi,17_31,35699.00422587287,8680.684093793207,0.919793966151582,0.919793966151582,PGR,20672.59088765852,8124.925379733913
17,17_HE_val.ndpi,17_PGR_val.ndpi,17_32,36516.04910070868,7684.827024240929,0.919793966151582,0.919793966151582,PGR,21340.077043126243,7179.372277432693
17,17_HE_val.ndpi,17_PGR_val.ndpi,17_33,30946.802412630583,10696.056439518996,0.919793966151582,0.919793966151582,PGR,16563.801292328943,9984.069089659928
17,17_HE_val.ndpi,17_PGR_val.ndpi,17_34,29364.744237775278,3851.471251025205,0.919793966151582,0.919793966151582,PGR,15186.877793872829,3286.8268383323793
17,17_HE_val.ndpi,17_PGR_val.ndpi,17_35,32290.481520421934,5727.099723510544,0.919793966151582,0.919793966151582,PGR,17871.797176480326,5071.5689570094155
17,17_HE_val.ndpi,17_PGR_val.ndpi,17_36,36171.25075078175,2931.160397686194,0.919793966151582,0.919793966151582,PGR,21034.667437280536,2486.702553730557
17,17_HE_val.ndpi,17_PGR_val.ndpi,17_37,39709.96175747431,3006.9688031189808,0.919793966151582,0.919793966151582,PGR,23929.493442221778,2717.5522148434784
17,17_HE_val.ndpi,17_PGR_val.ndpi,17_38,38855.703365609486,2733.047293404835,0.919793966151582,0.919793966151582,PGR,23230.199953115625,2408.9366334100887
17,17_HE_val.ndpi,17_PGR_val.ndpi,17_39,37549.003331867796,3905.1632116998094,0.919793966151582,0.919793966151582,PGR,22166.853665487866,3510.417250072361
17,17_HE_val.ndpi,17_PGR_val.ndpi,17_40,39896.679218354315,6231.044638742339,0.919793966151582,0.919793966151582,PGR,24098.785001111683,5898.346193319693
17,17_HE_val.ndpi,17_PGR_val.ndpi,17_41,32482.73243643477,13067.704769961643,0.919793966151582,0.919793966151582,PGR,18063.04306889816,12300.205702575446
17,17_HE_val.ndpi,17_PGR_val.ndpi,17_42,37249.25674875068,13114.468127458063,0.919793966151582,0.919793966151582,PGR,21962.50875230901,12554.399128999275
17,17_HE_val.ndpi,17_PGR_val.ndpi,17_43,38209.065410842166,12259.45342139937,0.919793966151582,0.919793966151582,PGR,22743.56375214905,11756.235635494899
17,17_HE_val.ndpi,17_PGR_val.ndpi,17_44,37556.92847153518,11139.292934356921,0.919793966151582,0.919793966151582,PGR,22204.21966780965,10624.164208241125
17,17_HE_val.ndpi,17_PGR_val.ndpi,17_45,32298.38671682273,15608.817928748509,0.919793966151582,0.919793966151582,PGR,17923.514889141417,14791.494719429795
17,17_HE_val.ndpi,17_PGR_val.ndpi,17_46,31343.45412113072,15052.844332503257,0.919793966151582,0.919793966151582,PGR,16992.251274875005,14274.990258277487
17,17_HE_val.ndpi,17_PGR_val.ndpi,17_47,29949.89210875985,16006.380165153198,0.919793966151582,0.919793966151582,PGR,15613.551427128872,15287.108659064135
17,17_HE_val.ndpi,17_PGR_val.ndpi,17_48,25825.5319139575,7680.935151912234,0.919793966151582,0.919793966151582,PGR,11638.707765573085,7114.179590035759
17,17_HE_val.ndpi,17_PGR_val.ndpi,17_49,25869.627235349668,6759.902949992511,0.919793966151582,0.919793966151582,PGR,11664.759708191892,6179.979373502017
17,17_HE_val.ndpi,17_PGR_val.ndpi,17_50,30682.64009710424,4594.381426606742,0.919793966151582,0.919793966151582,PGR,16403.331868833346,3991.16606961191
27,27_HE_val.ndpi,27_KI67_val.ndpi,27_0,27760.170830803974,8424.978467620318,0.9109542245502164,0.9109542245502164,KI67,5197.379230251241,14860.467138201375
27,27_HE_val.ndpi,27_KI67_val.ndpi,27_1,28019.18124679707,7547.518710489739,0.9109542245502164,0.9109542245502164,KI67,5420.946509866443,15607.921799664358
27,27_HE_val.ndpi,27_KI67_val.ndpi,27_2,25882.885310639835,7424.809712041709,0.9109542245502164,0.9109542245502164,KI67,6580.447751647495,15849.870222507827
27,27_HE_val.ndpi,27_KI67_val.ndpi,27_3,25841.987984457865,6942.430948956807,0.9109542245502164,0.9109542245502164,KI67,6726.583657306025,16096.141393490974
27,27_HE_val.ndpi,27_KI67_val.ndpi,27_4,24334.94249743767,7114.445281195459,0.9109542245502164,0.9109542245502164,KI67,7706.642994968848,15657.374793904912
27,27_HE_val.ndpi,27_KI67_val.ndpi,27_5,25995.055691183883,12167.636920381443,0.9109542245502164,0.9109542245502164,KI67,5789.0232346110215,11170.49932132978
27,27_HE_val.ndpi,27_KI67_val.ndpi,27_6,23351.611468697218,6753.11526142184,0.9109542245502164,0.9109542245502164,KI67,8772.070096472835,15761.970206893335
27,27_HE_val.ndpi,27_KI67_val.ndpi,27_7,23691.76807455727,5388.658555556009,0.9109542245502164,0.9109542245502164,KI67,8745.453850836177,16712.511206876257
27,27_HE_val.ndpi,27_KI67_val.ndpi,27_8,23599.517565053244,4651.44563383025,0.9109542245502164,0.9109542245502164,KI67,8705.82494723675,17291.602003159012
27,27_HE_val.ndpi,27_KI67_val.ndpi,27_9,21400.287603977664,6241.701296654758,0.9109542245502164,0.9109542245502164,KI67,9929.718161242925,16024.656915857442
27,27_HE_val.ndpi,27_KI67_val.ndpi,27_10,24808.809871295038,12570.24884157781,0.9109542245502164,0.9109542245502164,KI67,6798.75363904314,11085.624730169167
27,27_HE_val.ndpi,27_KI67_val.ndpi,27_11,15489.745503755452,16539.819430132404,0.9109542245502164,0.9109542245502164,KI67,16987.705530426,6472.0467989109875
27,27_HE_val.ndpi,27_KI67_val.ndpi,27_12,15626.816821728464,16193.28303956542,0.9109542245502164,0.9109542245502164,KI67,16917.6681379819,6767.977924302823
27,27_HE_val.ndpi,27_KI67_val.ndpi,27_13,13845.100382325492,12387.50189846858,0.9109542245502164,0.9109542245502164,KI67,18117.520603887857,10533.808306853869
27,27_HE_val.ndpi,27_KI67_val.ndpi,27_14,18963.259007950877,9752.683928366121,0.9109542245502164,0.9109542245502164,KI67,11970.059732376681,13566.925881890698
27,27_HE_val.ndpi,27_KI67_val.ndpi,27_15,18184.078970340328,9422.312321940257,0.9109542245502164,0.9109542245502164,KI67,12742.25961737143,13802.24212205315
27,27_HE_val.ndpi,27_KI67_val.ndpi,27_16,16917.880209209772,9331.008707204317,0.9109542245502164,0.9109542245502164,KI67,14270.527470953053,13540.416689977232
27,27_HE_val.ndpi,27_KI67_val.ndpi,27_17,15256.988886102748,7679.500020708148,0.9109542245502164,0.9109542245502164,KI67,15909.280391976401,14344.946198369087
27,27_HE_val.ndpi,27_KI67_val.ndpi,27_18,14291.152643429326,5645.639047222049,0.9109542245502164,0.9109542245502164,KI67,16747.31001220068,15851.316461668053
27,27_HE_val.ndpi,27_KI67_val.ndpi,27_19,13942.487889358632,4603.6676306524105,0.9109542245502164,0.9109542245502164,KI67,17223.19405118968,16822.725990366256
27,27_HE_val.ndpi,27_KI67_val.ndpi,27_20,18938.252516668217,15291.157291248264,0.9109542245502164,0.9109542245502164,KI67,13149.551551950777,7938.504882419217
27,27_HE_val.ndpi,27_KI67_val.ndpi,27_21,17936.194826424176,12857.188896631758,0.9109542245502164,0.9109542245502164,KI67,13810.75497598325,10808.857655757487
27,27_HE_val.ndpi,27_KI67_val.ndpi,27_22,20027.14168086285,18025.95618894294,0.9109542245502164,0.9109542245502164,KI67,11597.129511024421,5239.6288461665345
27,27_HE_val.ndpi,27_KI67_val.ndpi,27_23,19031.08865960192,10817.432500545096,0.9109542245502164,0.9109542245502164,KI67,12255.616219837137,12802.634765358245
27,27_HE_val.ndpi,27_KI67_val.ndpi,27_24,13492.628974931926,11149.56568279119,0.9109542245502164,0.9109542245502164,KI67,18279.828919521275,11626.527081991731
27,27_HE_val.ndpi,27_KI67_val.ndpi,27_25,12590.747415177055,9706.899938590172,0.9109542245502164,0.9109542245502164,KI67,18494.43085314024,12726.35611183809
27,27_HE_val.ndpi,27_KI67_val.ndpi,27_26,22187.75871096269,19475.978655253453,0.9109542245502164,0.9109542245502164,KI67,9617.962288906512,4248.891791429016
27,27_HE_val.ndpi,27_KI67_val.ndpi,27_27,22222.01862177103,15701.830508217496,0.9109542245502164,0.9109542245502164,KI67,9666.358167364433,7589.185385455548
27,27_HE_val.ndpi,27_KI67_val.ndpi,27_28,23060.264081824316,11789.030756552414,0.9109542245502164,0.9109542245502164,KI67,7684.033373343134,11994.227303957869
27,27_HE_val.ndpi,27_KI67_val.ndpi,27_29,19839.501423910282,12796.755261103359,0.9109542245502164,0.9109542245502164,KI67,11607.26130555982,11117.856270898765
27,27_HE_val.ndpi,27_KI67_val.ndpi,27_30,19203.835235305167,8569.688775740895,0.9109542245502164,0.9109542245502164,KI67,11777.21620064797,14549.769936650948
27,27_HE_val.ndpi,27_KI67_val.ndpi,27_31,18208.261000852995,7705.530111836038,0.9109542245502164,0.9109542245502164,KI67,13303.48559408081,14956.406977457651
27,27_HE_val.ndpi,27_KI67_val.ndpi,27_32,18989.733147528565,4337.488591704687,0.9109542245502164,0.9109542245502164,KI67,12749.5769634942,17403.87686433761
27,27_HE_val.ndpi,27_KI67_val.ndpi,27_33,21418.50262544586,9552.145102756907,0.9109542245502164,0.9109542245502164,KI67,9451.617862592653,14003.878944176711
27,27_HE_val.ndpi,27_KI67_val.ndpi,27_34,25552.395905899928,16004.037209222726,0.9109542245502164,0.9109542245502164,KI67,5527.497876534151,7067.426150434688
27,27_HE_val.ndpi,27_KI67_val.ndpi,27_35,25058.302987306866,10561.416480210275,0.9109542245502164,0.9109542245502164,KI67,6178.879639243544,12830.729176228748
27,27_HE_val.ndpi,27_KI67_val.ndpi,27_36,24971.089058534522,9979.99028839467,0.9109542245502164,0.9109542245502164,KI67,6511.672024932647,13330.131491479457
27,27_HE_val.ndpi,27_KI67_val.ndpi,27_37,14114.096468049807,11847.018307934353,0.9109542245502164,0.9109542245502164,KI67,17653.12529128581,11029.702497066775
27,27_HE_val.ndpi,27_KI67_val.ndpi,27_38,11424.19498388442,6649.647340208221,0.9109542245502164,0.9109542245502164,KI67,19090.659707588267,14929.111293921349
27,27_HE_val.ndpi,27_KI67_val.ndpi,27_39,12538.703626468194,5385.072524155236,0.9109542245502164,0.9109542245502164,KI67,18189.188922666166,16111.228090602477
27,27_HE_val.ndpi,27_KI67_val.ndpi,27_40,12087.2505758874,4936.298144985812,0.9109542245502164,0.9109542245502164,KI67,18523.4780651899,16516.7694981049
27,27_HE_val.ndpi,27_KI67_val.ndpi,27_41,10463.701699713492,5287.525974509074,0.9109542245502164,0.9109542245502164,KI67,20041.35371316067,16111.302490053564
27,27_HE_val.ndpi,27_KI67_val.ndpi,27_42,15596.401968216522,4517.1030703182105,0.9109542245502164,0.9109542245502164,KI67,16120.808551499535,16926.37304481514
27,27_HE_val.ndpi,27_KI67_val.ndpi,27_43,24846.796589445297,5485.885565562798,0.9109542245502164,0.9109542245502164,KI67,8010.853652561185,16880.11592511864
27,27_HE_val.ndpi,27_KI67_val.ndpi,27_44,21060.520951934992,5319.87329344715,0.9109542245502164,0.9109542245502164,KI67,10685.11486679624,16733.576443993574
27,27_HE_val.ndpi,27_KI67_val.ndpi,27_45,20058.761332401707,5437.997448593996,0.9109542245502164,0.9109542245502164,KI67,11695.603641644519,16617.923563995646
27,27_HE_val.ndpi,27_KI67_val.ndpi,27_46,26955.509144761163,6313.601325953661,0.9109542245502164,0.9109542245502164,KI67,6200.885201689082,16452.61084419114
27,27_HE_val.ndpi,27_KI67_val.ndpi,27_47,25183.86322549935,8136.4587827788155,0.9109542245502164,0.9109542245502164,KI67,6971.1816543567575,15106.294652506029
27,27_HE_val.ndpi,27_KI67_val.ndpi,27_48,15581.159053552241,8691.072275681734,0.9109542245502164,0.9109542245502164,KI67,15989.215076094848,13706.051245926916
27,27_HE_val.ndpi,27_KI67_val.ndpi,27_49,21100.76046359644,17511.608819997786,0.9109542245502164,0.9109542245502164,KI67,10651.038371704157,5851.626506769826
69,69_HE_val.ndpi,69_ER_val.ndpi,69_0,29156.130426359137,11055.316957498071,0.9109542245502164,0.9109542245502164,ER,27206.517988738382,9960.095572212895
69,69_HE_val.ndpi,69_ER_val.ndpi,69_1,29362.831939019572,11124.217461718214,0.9109542245502164,0.9109542245502164,ER,27380.494845888246,10048.510405246778
69,69_HE_val.ndpi,69_ER_val.ndpi,69_2,29632.170273698346,11299.600563369488,0.9109542245502164,0.9109542245502164,ER,27559.473489912314,10253.893107561387
69,69_HE_val.ndpi,69_ER_val.ndpi,69_3,30899.869954880003,10239.646341881842,0.9109542245502164,0.9109542245502164,ER,29716.03758257535,9302.791620526514
69,69_HE_val.ndpi,69_ER_val.ndpi,69_4,31573.911756265952,9758.734741719034,0.9109542245502164,0.9109542245502164,ER,30914.40029822374,8907.802461620686
69,69_HE_val.ndpi,69_ER_val.ndpi,69_5,30884.906714064527,10892.461220250463,0.9109542245502164,0.9109542245502164,ER,29073.605435563353,9920.976659141108
69,69_HE_val.ndpi,69_ER_val.ndpi,69_6,32325.553620485683,11136.74482612188,0.9109542245502164,0.9109542245502164,ER,30417.688176323678,10288.6687894367
69,69_HE_val.ndpi,69_ER_val.ndpi,69_7,33227.52385754936,11186.854283736531,0.9109542245502164,0.9109542245502164,ER,31316.52373964285,10410.550690043505
69,69_HE_val.ndpi,69_ER_val.ndpi,69_8,33979.16572176908,11575.202580250045,0.9109542245502164,0.9109542245502164,ER,31964.281302647465,10934.827689145943
69,69_HE_val.ndpi,69_ER_val.ndpi,69_9,34320.48629231125,12675.24715168816,0.9109542245502164,0.9109542245502164,ER,32733.92732960171,12774.700633808308
69,69_HE_val.ndpi,69_ER_val.ndpi,69_10,34654.549343075574,12565.632713156108,0.9109542245502164,0.9109542245502164,ER,33010.49412695696,12602.848822507114
69,69_HE_val.ndpi,69_ER_val.ndpi,69_11,33902.90747885585,12142.834164532509,0.9109542245502164,0.9109542245502164,ER,31928.260783056732,11751.746127723027
69,69_HE_val.ndpi,69_ER_val.ndpi,69_12,33401.81290270938,12466.45774496045,0.9109542245502164,0.9109542245502164,ER,31493.624924817977,12219.59639783241
69,69_HE_val.ndpi,69_ER_val.ndpi,69_13,33678.45886662357,12899.695763920437,0.9109542245502164,0.9109542245502164,ER,32215.36034447317,13132.74060110516
69,69_HE_val.ndpi,69_ER_val.ndpi,69_14,33615.822044605266,13421.669280739694,0.9109542245502164,0.9109542245502164,ER,32778.44742178181,14219.790951961946
69,69_HE_val.ndpi,69_ER_val.ndpi,69_15,33151.26561463612,13108.48517064814,0.9109542245502164,0.9109542245502164,ER,31812.568247446892,13476.060426682288
69,69_HE_val.ndpi,69_ER_val.ndpi,69_16,32765.00521218987,13343.373253216809,0.9109542245502164,0.9109542245502164,ER,31610.22061370116,13897.516167061915
69,69_HE_val.ndpi,69_ER_val.ndpi,69_17,32363.085604239022,14126.333528445713,0.9109542245502164,0.9109542245502164,ER,32576.518427934952,15630.484944791562
69,69_HE_val.ndpi,69_ER_val.ndpi,69_18,32566.65527579853,14350.782140677993,0.9109542245502164,0.9109542245502164,ER,33218.02180324433,16136.67027567431
69,69_HE_val.ndpi,69_ER_val.ndpi,69_19,30917.218962649684,14408.19922752812,0.9109542245502164,0.9109542245502164,ER,31351.640514190716,16018.562758356855
69,69_HE_val.ndpi,69_ER_val.ndpi,69_20,31392.214862955214,15431.267320493867,0.9109542245502164,0.9109542245502164,ER,33156.3738798204,17804.000602916945
69,69_HE_val.ndpi,69_ER_val.ndpi,69_21,32483.139513107457,15410.388379821095,0.9109542245502164,0.9109542245502164,ER,34280.01672306185,17852.017414966875
69,69_HE_val.ndpi,69_ER_val.ndpi,69_22,31799.354206074237,15285.114735784473,0.9109542245502164,0.9109542245502164,ER,33673.94859185814,17708.26766527398
69,69_HE_val.ndpi,69_ER_val.ndpi,69_23,31950.726525951806,15848.846133949268,0.9109542245502164,0.9109542245502164,ER,33427.60025854871,18180.374554323906
69,69_HE_val.ndpi,69_ER_val.ndpi,69_24,32483.139513107457,16068.075011013358,0.9109542245502164,0.9109542245502164,ER,33806.97871010678,18393.64677894935
69,69_HE_val.ndpi,69_ER_val.ndpi,69_25,39395.52647542693,18214.82654923435,0.9109542245502164,0.9109542245502164,ER,38425.02326635368,20630.41631634431
69,69_HE_val.ndpi,69_ER_val.ndpi,69_26,31981.358479135204,14451.723730568374,0.9109542245502164,0.9109542245502164,ER,32690.678746558624,16246.92893703733
69,69_HE_val.ndpi,69_ER_val.ndpi,69_27,32085.06267549753,12855.906134973142,0.9109542245502164,0.9109542245502164,ER,30363.438807506613,12811.146197993208
69,69_HE_val.ndpi,69_ER_val.ndpi,69_28,31473.374960474976,13077.422673746756,0.9109542245502164,0.9109542245502164,ER,29876.593227442427,13167.72445386385
69,69_HE_val.ndpi,69_ER_val.ndpi,69_29,31071.121063929266,12359.50770944865,0.9109542245502164,0.9109542245502164,ER,28904.692945000927,11767.355717558381
69,69_HE_val.ndpi,69_ER_val.ndpi,69_30,30602.915652430514,13033.11936599202,0.9109542245502164,0.9109542245502164,ER,28845.74000229955,12950.988132693454
69,69_HE_val.ndpi,69_ER_val.ndpi,69_31,30364.281926569853,12586.058715012563,0.9109542245502164,0.9109542245502164,ER,28163.921611825266,12021.910773433514
69,69_HE_val.ndpi,69_ER_val.ndpi,69_32,29742.021831287628,12806.5683604281,0.9109542245502164,0.9109542245502164,ER,27654.398393914576,12368.572025735555
69,69_HE_val.ndpi,69_ER_val.ndpi,69_33,29651.40142906205,12462.210831970926,0.9109542245502164,0.9109542245502164,ER,27388.344504105524,11766.568315911842
69,69_HE_val.ndpi,69_ER_val.ndpi,69_34,30134.710240931734,11994.005420472186,0.9109542245502164,0.9109542245502164,ER,27869.535202018615,11137.174802520502
69,69_HE_val.ndpi,69_ER_val.ndpi,69_35,32863.49922306656,10440.834830562653,0.9109542245502164,0.9109542245502164,ER,31444.751553470753,9619.243330421414
69,69_HE_val.ndpi,69_ER_val.ndpi,69_36,32406.77239584971,9875.363520675124,0.9109542245502164,0.9109542245502164,ER,31598.305911183194,9068.482136175136
69,69_HE_val.ndpi,69_ER_val.ndpi,69_37,30775.605155789526,8840.11604565024,0.9109542245502164,0.9109542245502164,ER,31479.680142877136,8057.72664781126
69,69_HE_val.ndpi,69_ER_val.ndpi,69_38,31645.56101715496,8292.043852990004,0.9109542245502164,0.9109542245502164,ER,33085.97673872984,7607.553824670313
69,69_HE_val.ndpi,69_ER_val.ndpi,69_39,31184.484410631263,8274.644735762702,0.9109542245502164,0.9109542245502164,ER,32664.668681266176,7560.262662662146
69,69_HE_val.ndpi,69_ER_val.ndpi,69_40,30901.748755687553,7417.738212317732,0.9109542245502164,0.9109542245502164,ER,33012.07809631431,6459.0289999488705
69,69_HE_val.ndpi,69_ER_val.ndpi,69_41,32454.619968224855,7043.657191930586,0.9109542245502164,0.9109542245502164,ER,34794.189715533415,6096.643128292989
69,69_HE_val.ndpi,69_ER_val.ndpi,69_42,28082.15534104885,4898.937846087467,0.9109542245502164,0.9109542245502164,ER,31000.642938378754,2318.032379892672
69,69_HE_val.ndpi,69_ER_val.ndpi,69_43,29578.47942259741,4842.390715098715,0.9109542245502164,0.9109542245502164,ER,32561.68177471615,2354.784606154243
69,69_HE_val.ndpi,69_ER_val.ndpi,69_44,29165.25038844884,4094.2286743244426,0.9109542245502164,0.9109542245502164,ER,33253.39103874583,1200.4490744316365
69,69_HE_val.ndpi,69_ER_val.ndpi,69_45,36029.852612046,5438.635211297161,0.9109542245502164,0.9109542245502164,ER,39161.50781446579,3695.840446079147
69,69_HE_val.ndpi,69_ER_val.ndpi,69_46,36221.38377338565,4756.9427694010055,0.9109542245502164,0.9109542245502164,ER,39374.40752597377,2634.380119843688
69,69_HE_val.ndpi,69_ER_val.ndpi,69_47,36512.04845706733,5591.305037243511,0.9109542245502164,0.9109542245502164,ER,39725.426176861554,4059.459550651915
69,69_HE_val.ndpi,69_ER_val.ndpi,69_48,34842.577939127514,6422.301805809308,0.9109542245502164,0.9109542245502164,ER,37662.564162937546,5331.905192106924
69,69_HE_val.ndpi,69_ER_val.ndpi,69_49,39221.80025874122,16145.26739585139,0.9109542245502164,0.9109542245502164,ER,40300.01016380696,18927.764849741976
44,44_HE_val.ndpi,44_KI67_val.ndpi,44_1,20661.037122566144,4576.937783841924,0.907338096858342,0.907338096858342,KI67,33529.720249259095,19103.35399516051
44,44_HE_val.ndpi,44_KI67_val.ndpi,44_2,19447.01487452979,5543.677185471421,0.907338096858342,0.907338096858342,KI67,34161.86810038005,17998.752573804562
44,44_HE_val.ndpi,44_KI67_val.ndpi,44_3,21718.532136794318,4905.8519947886625,0.907338096858342,0.907338096858342,KI67,32567.94356726659,19008.784836819777
44,44_HE_val.ndpi,44_KI67_val.ndpi,44_4,25201.8719091288,2751.3468810824675,0.907338096858342,0.907338096858342,KI67,28734.171561559477,21051.480639630507
44,44_HE_val.ndpi,44_KI67_val.ndpi,44_5,23293.163816995948,7704.632100759457,0.907338096858342,0.907338096858342,KI67,31396.57332161437,16130.984804795064
44,44_HE_val.ndpi,44_KI67_val.ndpi,44_6,23492.55625245269,8534.32470517266,0.907338096858342,0.907338096858342,KI67,31429.399496952,15355.678878499593
44,44_HE_val.ndpi,44_KI67_val.ndpi,44_7,20258.55073837685,6814.293803098561,0.907338096858342,0.907338096858342,KI67,33800.72601087729,16869.19579166672
44,44_HE_val.ndpi,44_KI67_val.ndpi,44_8,20879.27532212012,7546.506247656008,0.907338096858342,0.907338096858342,KI67,33389.78589557608,16267.409896775704
44,44_HE_val.ndpi,44_KI67_val.ndpi,44_9,21799.747919682577,7370.7270168673795,0.907338096858342,0.907338096858342,KI67,32442.327994920422,16413.0841524526
44,44_HE_val.ndpi,44_KI67_val.ndpi,44_10,21705.22162182349,6118.763546436332,0.907338096858342,0.907338096858342,KI67,32615.47980250219,17783.42189785797
44,44_HE_val.ndpi,44_KI67_val.ndpi,44_11,23381.678642178886,6054.320584663969,0.907338096858342,0.907338096858342,KI67,31085.697575418548,17988.013066348994
44,44_HE_val.ndpi,44_KI67_val.ndpi,44_12,23856.46054274648,6554.223216655153,0.907338096858342,0.907338096858342,KI67,30787.707367465755,17391.09383496334
44,44_HE_val.ndpi,44_KI67_val.ndpi,44_13,26438.485675938442,5197.807245550657,0.907338096858342,0.907338096858342,KI67,27829.758031882146,18703.50903732445
44,44_HE_val.ndpi,44_KI67_val.ndpi,44_14,26775.49802892137,2942.1888572843372,0.907338096858342,0.907338096858342,KI67,27143.378513108644,20822.311128746926
44,44_HE_val.ndpi,44_KI67_val.ndpi,44_15,27587.6508953023,4194.687216825932,0.907338096858342,0.907338096858342,KI67,26319.997100615252,19508.400485276346
44,44_HE_val.ndpi,44_KI67_val.ndpi,44_16,29128.83683981897,6544.397455243008,0.907338096858342,0.907338096858342,KI67,25085.98404891723,17380.204861635415
44,44_HE_val.ndpi,44_KI67_val.ndpi,44_17,28897.86532689521,2785.5806204430132,0.907338096858342,0.907338096858342,KI67,25242.844599423825,20821.36459035202
44,44_HE_val.ndpi,44_KI67_val.ndpi,44_18,31018.984007205992,1443.7333020359606,0.907338096858342,0.907338096858342,KI67,23408.94092812836,22128.716820167625
44,44_HE_val.ndpi,44_KI67_val.ndpi,44_19,34211.08079686348,3379.4106907740083,0.907338096858342,0.907338096858342,KI67,19415.63480949001,19772.086205881205
44,44_HE_val.ndpi,44_KI67_val.ndpi,44_20,32438.3404789444,6418.624878741851,0.907338096858342,0.907338096858342,KI67,21504.52594158377,17366.528420380637
44,44_HE_val.ndpi,44_KI67_val.ndpi,44_21,27467.032553083594,14288.709590902805,0.907338096858342,0.907338096858342,KI67,26079.20349635529,10033.588390530664
44,44_HE_val.ndpi,44_KI67_val.ndpi,44_22,27644.866323864342,16866.29287744608,0.907338096858342,0.907338096858342,KI67,25495.510464995867,7543.273004119019
44,44_HE_val.ndpi,44_KI67_val.ndpi,44_23,30010.85024465495,15335.587355533153,0.907338096858342,0.907338096858342,KI67,23787.36747447673,8728.622475925147
44,44_HE_val.ndpi,44_KI67_val.ndpi,44_24,30602.930377058918,17624.692905090367,0.907338096858342,0.907338096858342,KI67,22785.64804029229,6828.751444363296
44,44_HE_val.ndpi,44_KI67_val.ndpi,44_25,27468.394457033173,11578.013045054036,0.907338096858342,0.907338096858342,KI67,27246.584058541564,12971.06622403797
44,44_HE_val.ndpi,44_KI67_val.ndpi,44_26,21605.47199283944,14594.72103112315,0.907338096858342,0.907338096858342,KI67,31475.388939688833,9803.154659113023
44,44_HE_val.ndpi,44_KI67_val.ndpi,44_27,22319.62164745465,14337.463125529435,0.907338096858342,0.907338096858342,KI67,31118.24148820764,10094.234717369654
44,44_HE_val.ndpi,44_KI67_val.ndpi,44_28,24096.976568366157,17364.928362310297,0.907338096858342,0.907338096858342,KI67,29121.272223661006,6841.804459537313
44,44_HE_val.ndpi,44_KI67_val.ndpi,44_29,27020.34238104397,19485.55252146248,0.907338096858342,0.907338096858342,KI67,26040.419634367398,4872.210516141864
44,44_HE_val.ndpi,44_KI67_val.ndpi,44_30,28816.323000827113,21217.500490891853,0.907338096858342,0.907338096858342,KI67,24170.955793490037,3259.933693989807
44,44_HE_val.ndpi,44_KI67_val.ndpi,44_31,26934.16156909018,20878.723812612167,0.907338096858342,0.907338096858342,KI67,26353.719242080733,3481.798810537315
44,44_HE_val.ndpi,44_KI67_val.ndpi,44_32,22972.252596575905,21395.59960247075,0.907338096858342,0.907338096858342,KI67,30229.742853638498,3226.172139260981
44,44_HE_val.ndpi,44_KI67_val.ndpi,44_33,22892.069021343148,19368.447337718942,0.907338096858342,0.907338096858342,KI67,30263.80572881899,4930.131170613998
44,44_HE_val.ndpi,44_KI67_val.ndpi,44_34,20759.99436575709,18043.033472864718,0.907338096858342,0.907338096858342,KI67,32386.561423939303,6073.003198774819
44,44_HE_val.ndpi,44_KI67_val.ndpi,44_35,33002.87615395442,19358.87701635948,0.907338096858342,0.907338096858342,KI67,20939.05744706008,5058.0884207442905
44,44_HE_val.ndpi,44_KI67_val.ndpi,44_36,32787.099392902215,11121.594865124867,0.907338096858342,0.907338096858342,KI67,22084.89366561556,12053.626785529055
44,44_HE_val.ndpi,44_KI67_val.ndpi,44_37,31439.07872042031,8226.918924781052,0.907338096858342,0.907338096858342,KI67,22972.211330817743,15370.06188144981
44,44_HE_val.ndpi,44_KI67_val.ndpi,44_38,31071.103290411138,10108.221048800042,0.907338096858342,0.907338096858342,KI67,23687.111176679176,13601.481854970778
44,44_HE_val.ndpi,44_KI67_val.ndpi,44_39,33750.54738788891,13379.363130089463,0.907338096858342,0.907338096858342,KI67,20232.41093757101,9989.18714188556
44,44_HE_val.ndpi,44_KI67_val.ndpi,44_40,32858.66803815313,16889.849982214208,0.907338096858342,0.907338096858342,KI67,20640.783482172057,7263.082220176884
44,44_HE_val.ndpi,44_KI67_val.ndpi,44_41,31704.318179134243,15731.496071166455,0.907338096858342,0.907338096858342,KI67,21954.28772351395,8343.343673263003
44,44_HE_val.ndpi,44_KI67_val.ndpi,44_42,28053.75836065207,10023.123744412369,0.907338096858342,0.907338096858342,KI67,26456.562435010444,13920.98414435895
44,44_HE_val.ndpi,44_KI67_val.ndpi,44_43,30965.6319701731,13050.57784477057,0.907338096858342,0.907338096858342,KI67,23555.742333595663,10602.703911287472
44,44_HE_val.ndpi,44_KI67_val.ndpi,44_44,32567.636663480018,15077.535534975736,0.907338096858342,0.907338096858342,KI67,20923.883794401958,8703.157371517307
44,44_HE_val.ndpi,44_KI67_val.ndpi,44_45,35330.50894822183,15902.646848825709,0.907338096858342,0.907338096858342,KI67,17653.93827460475,7912.537370507608
44,44_HE_val.ndpi,44_KI67_val.ndpi,44_46,32068.77385582277,12548.949824627534,0.907338096858342,0.907338096858342,KI67,22588.056097739605,10918.087818734779
44,44_HE_val.ndpi,44_KI67_val.ndpi,44_47,24247.641606584966,11448.718832677907,0.907338096858342,0.907338096858342,KI67,29885.404842519125,12638.044528117549
44,44_HE_val.ndpi,44_KI67_val.ndpi,44_48,24190.483958828867,13349.05410217158,0.907338096858342,0.907338096858342,KI67,29437.947999189066,11344.598024514366
44,44_HE_val.ndpi,44_KI67_val.ndpi,44_49,27015.463211944923,15375.029132299056,0.907338096858342,0.907338096858342,KI67,26139.683944786306,8743.670463245815
44,44_HE_val.ndpi,44_KI67_val.ndpi,44_50,29806.55884330189,16692.807265243428,0.907338096858342,0.907338096858342,KI67,24080.92534711612,7823.449521411641
97,97_HE_val.ndpi,97_KI67_val.ndpi,97_1,27538.437814160392,10110.306062371505,0.9097732390201744,0.9097732390201744,KI67,28745.436175444767,8060.9729260380755
97,97_HE_val.ndpi,97_KI67_val.ndpi,97_2,28482.868320508664,11355.393692591135,0.9097732390201744,0.9097732390201744,KI67,29742.196365875585,9180.825224393713
97,97_HE_val.ndpi,97_KI67_val.ndpi,97_3,27313.556798186866,12146.572176377244,0.9097732390201744,0.9097732390201744,KI67,28794.27147575684,10174.92452310262
97,97_HE_val.ndpi,97_KI67_val.ndpi,97_4,25963.873041885123,11857.462922671435,0.9097732390201744,0.9097732390201744,KI67,27437.55343455886,10029.513114393765
97,97_HE_val.ndpi,97_KI67_val.ndpi,97_5,25428.266531144196,9279.126040618456,0.9097732390201744,0.9097732390201744,KI67,26714.295211458342,7358.433877466884
97,97_HE_val.ndpi,97_KI67_val.ndpi,97_6,30874.806310746066,14241.656341850647,0.9097732390201744,0.9097732390201744,KI67,32657.428938055986,11883.14104953757
97,97_HE_val.ndpi,97_KI67_val.ndpi,97_7,32201.095682517567,14797.001220432448,0.9097732390201744,0.9097732390201744,KI67,34133.287739854524,12096.292859163592
97,97_HE_val.ndpi,97_KI67_val.ndpi,97_8,35580.568633606155,16978.687933320143,0.9097732390201744,0.9097732390201744,KI67,37939.880055609654,14093.097069432175
97,97_HE_val.ndpi,97_KI67_val.ndpi,97_9,34460.41534837529,16166.858940882381,0.9097732390201744,0.9097732390201744,KI67,36692.808262412516,13414.695715616079
97,97_HE_val.ndpi,97_KI67_val.ndpi,97_10,34048.818643494844,9920.554856561212,0.9097732390201744,0.9097732390201744,KI67,34696.87583060792,7555.120664295126
97,97_HE_val.ndpi,97_KI67_val.ndpi,97_11,36837.23954858885,7822.444339654981,0.9097732390201744,0.9097732390201744,KI67,37458.28791948151,4938.616576929987
97,97_HE_val.ndpi,97_KI67_val.ndpi,97_12,40186.10609268912,9093.598504920315,0.9097732390201744,0.9097732390201744,KI67,41354.31751363527,5515.911912455148
97,97_HE_val.ndpi,97_KI67_val.ndpi,97_13,40400.987987042514,10989.889257601166,0.9097732390201744,0.9097732390201744,KI67,41971.7059834808,7566.659581220903
97,97_HE_val.ndpi,97_KI67_val.ndpi,97_14,39743.612631968936,11855.815553304548,0.9097732390201744,0.9097732390201744,KI67,41465.376974397375,8626.903994022834
97,97_HE_val.ndpi,97_KI67_val.ndpi,97_15,40826.318349956906,12427.1330995081,0.9097732390201744,0.9097732390201744,KI67,42680.168243546264,9048.84985057535
97,97_HE_val.ndpi,97_KI67_val.ndpi,97_16,42345.81897792981,10937.577882341053,0.9097732390201744,0.9097732390201744,KI67,44128.36224152556,7352.997700552925
97,97_HE_val.ndpi,97_KI67_val.ndpi,97_17,43595.89399189007,10740.513886876228,0.9097732390201744,0.9097732390201744,KI67,45365.1260225437,7034.412673039956
97,97_HE_val.ndpi,97_KI67_val.ndpi,97_18,44446.16715557141,9516.840064559392,0.9097732390201744,0.9097732390201744,KI67,46045.097693504475,5805.050098579374
97,97_HE_val.ndpi,97_KI67_val.ndpi,97_19,44169.84782199373,12785.828824285973,0.9097732390201744,0.9097732390201744,KI67,46230.80296407198,8999.987380704326
97,97_HE_val.ndpi,97_KI67_val.ndpi,97_20,42654.894508709396,12935.27426809111,0.9097732390201744,0.9097732390201744,KI67,44647.58953725149,9304.608614687217
97,97_HE_val.ndpi,97_KI67_val.ndpi,97_21,44154.85598282934,14476.168213018369,0.9097732390201744,0.9097732390201744,KI67,46477.19438254026,10710.800170215334
97,97_HE_val.ndpi,97_KI67_val.ndpi,97_22,41514.93526225784,14057.009044241282,0.9097732390201744,0.9097732390201744,KI67,43595.14479661999,10576.650804886955
97,97_HE_val.ndpi,97_KI67_val.ndpi,97_23,39027.59032259689,15231.593564775734,0.9097732390201744,0.9097732390201744,KI67,41380.27184630583,11975.244365448716
97,97_HE_val.ndpi,97_KI67_val.ndpi,97_24,37228.805781522206,14465.544210959273,0.9097732390201744,0.9097732390201744,KI67,39271.86900167273,11380.249932308261
97,97_HE_val.ndpi,97_KI67_val.ndpi,97_25,35718.99164915569,12746.68587625956,0.9097732390201744,0.9097732390201744,KI67,37396.13081768113,9892.181548832534
97,97_HE_val.ndpi,97_KI67_val.ndpi,97_26,36404.60844948704,11363.959992387257,0.9097732390201744,0.9097732390201744,KI67,37909.77029800876,8461.536115130217
97,97_HE_val.ndpi,97_KI67_val.ndpi,97_27,36200.32221441398,15565.199803517706,0.9097732390201744,0.9097732390201744,KI67,38366.88616545197,12625.217702335647
97,97_HE_val.ndpi,97_KI67_val.ndpi,97_28,36094.26618212667,14373.169682466203,0.9097732390201744,0.9097732390201744,KI67,38035.30196066156,11441.146186678445
97,97_HE_val.ndpi,97_KI67_val.ndpi,97_29,34204.55734740726,11751.237695086247,0.9097732390201744,0.9097732390201744,KI67,35594.29074278241,9083.01016494422
97,97_HE_val.ndpi,97_KI67_val.ndpi,97_30,33397.57881368141,13378.955103406879,0.9097732390201744,0.9097732390201744,KI67,35097.97156205807,10774.459221334704
97,97_HE_val.ndpi,97_KI67_val.ndpi,97_31,31636.69709155088,13055.202100469123,0.9097732390201744,0.9097732390201744,KI67,33206.00666202521,10598.43565370389
97,97_HE_val.ndpi,97_KI67_val.ndpi,97_32,31451.45394310118,11876.755303882539,0.9097732390201744,0.9097732390201744,KI67,32863.44664269995,9457.95140010954
97,97_HE_val.ndpi,97_KI67_val.ndpi,97_33,27142.39649765835,16646.351950524968,0.9097732390201744,0.9097732390201744,KI67,29292.495101605546,14830.513626311755
97,97_HE_val.ndpi,97_KI67_val.ndpi,97_34,27040.116822724965,18543.31910976405,0.9097732390201744,0.9097732390201744,KI67,29460.962585651654,16981.002543193907
97,97_HE_val.ndpi,97_KI67_val.ndpi,97_35,29131.561527390943,18354.234306228445,0.9097732390201744,0.9097732390201744,KI67,31541.40501578217,16463.31859810918
97,97_HE_val.ndpi,97_KI67_val.ndpi,97_36,36235.73946416415,19571.090629958624,0.9097732390201744,0.9097732390201744,KI67,35824.75127806551,18823.054909724982
97,97_HE_val.ndpi,97_KI67_val.ndpi,97_37,37619.188519462165,16827.76815344228,0.9097732390201744,0.9097732390201744,KI67,39946.84145579391,13650.469997450586
97,97_HE_val.ndpi,97_KI67_val.ndpi,97_38,42174.139096042025,17152.4169939436,0.9097732390201744,0.9097732390201744,KI67,43800.42781641014,14361.946438834952
97,97_HE_val.ndpi,97_KI67_val.ndpi,97_39,41711.23680634858,15824.531885269293,0.9097732390201744,0.9097732390201744,KI67,43891.70935690371,12367.937670023457
97,97_HE_val.ndpi,97_KI67_val.ndpi,97_40,38295.37088688086,13215.911322237498,0.9097732390201744,0.9097732390201744,KI67,40050.7588622339,10078.109513212505
97,97_HE_val.ndpi,97_KI67_val.ndpi,97_41,38426.767570888485,10278.466056266878,0.9097732390201744,0.9097732390201744,KI67,39792.41057302698,7084.194766535651
97,97_HE_val.ndpi,97_KI67_val.ndpi,97_42,43850.172751745515,18979.40166365222,0.9097732390201744,0.9097732390201744,KI67,45405.82244429293,17920.205192767204
97,97_HE_val.ndpi,97_KI67_val.ndpi,97_43,26115.881733845097,13320.18232344012,0.9097732390201744,0.9097732390201744,KI67,28040.85472083715,11559.545626588862
97,97_HE_val.ndpi,97_KI67_val.ndpi,97_44,27633.178238963017,14176.452060342132,0.9097732390201744,0.9097732390201744,KI67,29514.389253593687,12293.137833252935
97,97_HE_val.ndpi,97_KI67_val.ndpi,97_45,28322.635976563968,21137.49347393189,0.9097732390201744,0.9097732390201744,KI67,28686.434370658062,21452.701131833284
97,97_HE_val.ndpi,97_KI67_val.ndpi,97_46,30041.811599512577,21994.65854537725,0.9097732390201744,0.9097732390201744,KI67,30000.1123055047,22222.758608789867
97,97_HE_val.ndpi,97_KI67_val.ndpi,97_47,41534.35335546336,21030.3433237972,0.9097732390201744,0.9097732390201744,KI67,41468.81288007342,20623.159234206665
97,97_HE_val.ndpi,97_KI67_val.ndpi,97_48,35893.896212871965,9720.201484572724,0.9097732390201744,0.9097732390201744,KI67,37170.77474853671,7115.041399262777
97,97_HE_val.ndpi,97_KI67_val.ndpi,97_49,37648.80728291975,8679.556686879934,0.9097732390201744,0.9097732390201744,KI67,38749.68959441753,5727.58913110918
97,97_HE_val.ndpi,97_KI67_val.ndpi,97_50,42790.78345690299,4327.3737033070975,0.9097732390201744,0.9097732390201744,KI67,43985.74791082683,1047.1485186018178
90,90_HE_val.ndpi,90_ER_val.ndpi,90_1,24297.551487206234,7576.035992457251,0.907338096858342,0.907338096858342,ER,17536.504172843932,10479.918602344791
90,90_HE_val.ndpi,90_ER_val.ndpi,90_2,26286.669321491776,9271.525618537253,0.907338096858342,0.907338096858342,ER,19819.166364556215,12245.847722391065
90,90_HE_val.ndpi,90_ER_val.ndpi,90_3,24905.707788759668,10196.032659462431,0.907338096858342,0.907338096858342,ER,19674.209118090228,12787.31010157961
90,90_HE_val.ndpi,90_ER_val.ndpi,90_4,23776.24361078801,11977.79489475822,0.907338096858342,0.907338096858342,ER,19312.80921540857,15022.541771826604
90,90_HE_val.ndpi,90_ER_val.ndpi,90_5,20665.23197093987,11817.58516954989,0.907338096858342,0.907338096858342,ER,13355.848343833459,14877.040975604223
90,90_HE_val.ndpi,90_ER_val.ndpi,90_6,22325.645250307407,10124.214655426673,0.907338096858342,0.907338096858342,ER,16927.979578326154,12252.561106628142
90,90_HE_val.ndpi,90_ER_val.ndpi,90_7,22262.333633463368,6907.585875704504,0.907338096858342,0.907338096858342,ER,14914.007096405805,9394.888366994244
90,90_HE_val.ndpi,90_ER_val.ndpi,90_8,21221.38971334178,7813.520321949695,0.907338096858342,0.907338096858342,ER,13070.88171449514,9750.372688162895
90,90_HE_val.ndpi,90_ER_val.ndpi,90_9,22975.322976536958,5468.344823058554,0.907338096858342,0.907338096858342,ER,15385.533641177519,8157.362314318993
90,90_HE_val.ndpi,90_ER_val.ndpi,90_10,27249.55760414496,4318.938323171251,0.907338096858342,0.907338096858342,ER,19109.258021249978,7557.332799440812
90,90_HE_val.ndpi,90_ER_val.ndpi,90_11,27129.476335565116,6348.881795407912,0.907338096858342,0.907338096858342,ER,20011.08896792867,9488.674040313605
90,90_HE_val.ndpi,90_ER_val.ndpi,90_12,28439.296509252614,5437.141615261274,0.907338096858342,0.907338096858342,ER,20460.173671106673,8168.934797535426
90,90_HE_val.ndpi,90_ER_val.ndpi,90_13,28654.07309522018,3254.9268404929903,0.907338096858342,0.907338096858342,ER,21164.63590887974,6110.424374814617
90,90_HE_val.ndpi,90_ER_val.ndpi,90_14,30882.163500402017,4624.217725268009,0.907338096858342,0.907338096858342,ER,23296.72468895922,7489.122108441575
90,90_HE_val.ndpi,90_ER_val.ndpi,90_15,29819.259772152636,6526.5124609456825,0.907338096858342,0.907338096858342,ER,22067.645409497738,9327.28069950749
90,90_HE_val.ndpi,90_ER_val.ndpi,90_16,31666.744334250518,6545.34518294114,0.907338096858342,0.907338096858342,ER,23655.285009706695,9372.857542817394
90,90_HE_val.ndpi,90_ER_val.ndpi,90_17,32928.53274232788,7938.9624725685135,0.907338096858342,0.907338096858342,ER,24991.461959722903,11032.020869044869
90,90_HE_val.ndpi,90_ER_val.ndpi,90_18,33748.883939980864,9895.086456599045,0.907338096858342,0.907338096858342,ER,26297.557934697783,13358.6213499007
90,90_HE_val.ndpi,90_ER_val.ndpi,90_19,32565.52525678409,12539.528999414852,0.907338096858342,0.907338096858342,ER,25626.55135731553,16645.873756253583
90,90_HE_val.ndpi,90_ER_val.ndpi,90_20,36945.085161114264,17289.08625110824,0.907338096858342,0.907338096858342,ER,28056.947064542095,22601.073425385115
90,90_HE_val.ndpi,90_ER_val.ndpi,90_21,41658.118049942015,22713.714483905296,0.907338096858342,0.907338096858342,ER,32453.744060502082,29200.88491900523
90,90_HE_val.ndpi,90_ER_val.ndpi,90_22,29970.72011401081,23403.535839087264,0.907338096858342,0.907338096858342,ER,22452.59224292104,30009.780379023734
90,90_HE_val.ndpi,90_ER_val.ndpi,90_23,22155.43495092388,21683.758391723328,0.907338096858342,0.907338096858342,ER,14981.419194416281,26864.06905084546
90,90_HE_val.ndpi,90_ER_val.ndpi,90_24,22122.157229161683,16052.20153076371,0.907338096858342,0.907338096858342,ER,14129.966883496012,22250.807822100403
90,90_HE_val.ndpi,90_ER_val.ndpi,90_25,24332.950504511216,18144.750741770466,0.907338096858342,0.907338096858342,ER,16578.268150150445,24354.95380347109
90,90_HE_val.ndpi,90_ER_val.ndpi,90_26,25081.502843975923,17164.493853127828,0.907338096858342,0.907338096858342,ER,17542.29325336889,23479.575820406008
90,90_HE_val.ndpi,90_ER_val.ndpi,90_27,28487.78419273572,18004.184019029144,0.907338096858342,0.907338096858342,ER,20402.938357250136,23736.22430483177
90,90_HE_val.ndpi,90_ER_val.ndpi,90_28,29856.73642507273,18254.189311027345,0.907338096858342,0.907338096858342,ER,21983.796363056004,23651.639204470684
90,90_HE_val.ndpi,90_ER_val.ndpi,90_29,31841.428264909297,20003.709242373523,0.907338096858342,0.907338096858342,ER,24013.393728185292,25789.402096470938
90,90_HE_val.ndpi,90_ER_val.ndpi,90_30,36217.68052367128,21379.06589565465,0.907338096858342,0.907338096858342,ER,27630.43378027565,27271.810472996865
90,90_HE_val.ndpi,90_ER_val.ndpi,90_31,37228.876057698435,8632.393275377184,0.907338096858342,0.907338096858342,ER,28982.90289837564,12024.423505147144
90,90_HE_val.ndpi,90_ER_val.ndpi,90_32,37869.186651471224,10117.035043146234,0.907338096858342,0.907338096858342,ER,29808.416219916286,13667.123031047926
90,90_HE_val.ndpi,90_ER_val.ndpi,90_33,37097.04740603936,12279.652733733508,0.907338096858342,0.907338096858342,ER,29481.366503661317,16382.492952570667
90,90_HE_val.ndpi,90_ER_val.ndpi,90_34,37122.15767329694,14520.739883779132,0.907338096858342,0.907338096858342,ER,29195.47657246271,19172.77754691707
90,90_HE_val.ndpi,90_ER_val.ndpi,90_35,39257.40939187292,23037.072989254302,0.907338096858342,0.907338096858342,ER,30412.84035873756,29645.243843228116
90,90_HE_val.ndpi,90_ER_val.ndpi,90_36,38633.47273608242,22043.022184985668,0.907338096858342,0.907338096858342,ER,29745.43830608642,28128.499423517915
90,90_HE_val.ndpi,90_ER_val.ndpi,90_37,31450.241421773986,15791.075595351997,0.907338096858342,0.907338096858342,ER,23631.144226587116,20804.193602028463
90,90_HE_val.ndpi,90_ER_val.ndpi,90_38,27920.32849420816,13918.656560449674,0.907338096858342,0.907338096858342,ER,21445.65901229825,18350.320276254566
90,90_HE_val.ndpi,90_ER_val.ndpi,90_39,26329.72098896472,12892.456812635595,0.907338096858342,0.907338096858342,ER,20883.7615812852,16561.568683625588
90,90_HE_val.ndpi,90_ER_val.ndpi,90_40,25905.466147311567,11491.796305855838,0.907338096858342,0.907338096858342,ER,20431.24183530749,14423.358745440097
90,90_HE_val.ndpi,90_ER_val.ndpi,90_41,31706.996766062362,10539.325036925351,0.907338096858342,0.907338096858342,ER,24466.599868091012,14044.098892254202
90,90_HE_val.ndpi,90_ER_val.ndpi,90_42,30802.916693749467,12954.184082533036,0.907338096858342,0.907338096858342,ER,24105.75071943633,17131.104628031295
90,90_HE_val.ndpi,90_ER_val.ndpi,90_43,28160.504161692057,10904.511547227205,0.907338096858342,0.907338096858342,ER,21224.926549873453,14295.291670708191
90,90_HE_val.ndpi,90_ER_val.ndpi,90_44,29889.46791784291,8963.065252440889,0.907338096858342,0.907338096858342,ER,22772.853749417958,12327.22127881189
90,90_HE_val.ndpi,90_ER_val.ndpi,90_45,28766.842987240576,12090.114769088877,0.907338096858342,0.907338096858342,ER,22482.16964910867,15900.093524350123
90,90_HE_val.ndpi,90_ER_val.ndpi,90_46,28048.250109446704,15694.409056722488,0.907338096858342,0.907338096858342,ER,20301.624223430175,21063.269386092685
90,90_HE_val.ndpi,90_ER_val.ndpi,90_47,30435.239445953906,14639.615096934764,0.907338096858342,0.907338096858342,ER,23432.634733404753,19210.563570989743
90,90_HE_val.ndpi,90_ER_val.ndpi,90_48,29740.236970857964,14043.732291080747,0.907338096858342,0.907338096858342,ER,23002.72931503449,18432.789044929155
90,90_HE_val.ndpi,90_ER_val.ndpi,90_49,27720.998840115863,12630.289329956566,0.907338096858342,0.907338096858342,ER,21917.57654083207,16466.326101072
90,90_HE_val.ndpi,90_ER_val.ndpi,90_50,24670.022512563282,15168.734209729937,0.907338096858342,0.907338096858342,ER,18057.679025068668,20538.61004753378
63,63_HE_val.ndpi,63_KI67_val.ndpi,63_1,21958.249602172476,6110.876379144173,0.907338096858342,0.907338096858342,KI67,10924.582920132005,6715.36639188519
63,63_HE_val.ndpi,63_KI67_val.ndpi,63_2,18989.392026923044,6632.135325093525,0.907338096858342,0.907338096858342,KI67,7792.90003836069,7192.86319905087
63,63_HE_val.ndpi,63_KI67_val.ndpi,63_3,22543.5071293757,9703.87997549919,0.907338096858342,0.907338096858342,KI67,11240.048630088406,10054.260767508253
63,63_HE_val.ndpi,63_KI67_val.ndpi,63_4,23435.99906406697,12729.216225608785,0.907338096858342,0.907338096858342,KI67,12085.90428256957,12932.328070271133
63,63_HE_val.ndpi,63_KI67_val.ndpi,63_5,23408.917537995283,11377.766800493635,0.907338096858342,0.907338096858342,KI67,12134.612423722749,11693.838669564964
63,63_HE_val.ndpi,63_KI67_val.ndpi,63_6,24340.801328193375,11525.50009260769,0.907338096858342,0.907338096858342,KI67,13129.891002993641,11817.718771124544
63,63_HE_val.ndpi,63_KI67_val.ndpi,63_7,26988.852141486568,9043.812869125502,0.907338096858342,0.907338096858342,KI67,15574.630825415148,9436.250059318458
63,63_HE_val.ndpi,63_KI67_val.ndpi,63_8,24577.287229881957,5796.837209317068,0.907338096858342,0.907338096858342,KI67,13213.898285725696,6342.129239596813
63,63_HE_val.ndpi,63_KI67_val.ndpi,63_9,28097.76126713518,3828.082856479173,0.907338096858342,0.907338096858342,KI67,16591.120749049915,4505.4559112242605
63,63_HE_val.ndpi,63_KI67_val.ndpi,63_10,29158.903364301066,4861.085922930752,0.907338096858342,0.907338096858342,KI67,17640.582472925664,5473.7007752796535
63,63_HE_val.ndpi,63_KI67_val.ndpi,63_11,30800.403126215926,1228.8339040597384,0.907338096858342,0.907338096858342,KI67,19176.13006988253,2101.957612003254
63,63_HE_val.ndpi,63_KI67_val.ndpi,63_12,33340.36887070236,4212.034625932083,0.907338096858342,0.907338096858342,KI67,21583.584716036275,4819.174478730256
63,63_HE_val.ndpi,63_KI67_val.ndpi,63_13,34766.586013486136,6152.55044929092,0.907338096858342,0.907338096858342,KI67,23162.598533905548,6533.415723548484
63,63_HE_val.ndpi,63_KI67_val.ndpi,63_14,36598.35578645711,6238.22341056493,0.907338096858342,0.907338096858342,KI67,25399.8828089542,6899.207839407459
63,63_HE_val.ndpi,63_KI67_val.ndpi,63_15,36131.47911066991,8171.11773633185,0.907338096858342,0.907338096858342,KI67,24649.113138784407,8756.77236579734
63,63_HE_val.ndpi,63_KI67_val.ndpi,63_16,42646.70904120524,7220.395824644173,0.907338096858342,0.907338096858342,KI67,30940.173136633955,8079.26059619516
63,63_HE_val.ndpi,63_KI67_val.ndpi,63_17,32653.76576103087,10054.925430088393,0.907338096858342,0.907338096858342,KI67,20933.098724938714,10330.621955271547
63,63_HE_val.ndpi,63_KI67_val.ndpi,63_18,38705.387791795954,13418.449286990071,0.907338096858342,0.907338096858342,KI67,27617.376992000798,14266.768507485825
63,63_HE_val.ndpi,63_KI67_val.ndpi,63_19,37818.20903791837,17909.320196735436,0.907338096858342,0.907338096858342,KI67,26411.290869507127,17861.10938924914
63,63_HE_val.ndpi,63_KI67_val.ndpi,63_20,36006.740178143744,19417.522669724585,0.907338096858342,0.907338096858342,KI67,24903.36327674687,19365.76255649994
63,63_HE_val.ndpi,63_KI67_val.ndpi,63_21,31074.114060453514,16965.784893051623,0.907338096858342,0.907338096858342,KI67,19553.23134083181,17003.905147522753
63,63_HE_val.ndpi,63_KI67_val.ndpi,63_22,29640.458205710718,14988.816867795007,0.907338096858342,0.907338096858342,KI67,18113.163887651943,15107.471214942849
63,63_HE_val.ndpi,63_KI67_val.ndpi,63_23,28555.712267031573,13580.647562728638,0.907338096858342,0.907338096858342,KI67,17090.07896604325,13772.842870228558
63,63_HE_val.ndpi,63_KI67_val.ndpi,63_24,29033.17389931168,12438.570304760804,0.907338096858342,0.907338096858342,KI67,17622.79254376583,12653.410084625248
63,63_HE_val.ndpi,63_KI67_val.ndpi,63_25,29736.315068209464,8205.476940372879,0.907338096858342,0.907338096858342,KI67,18191.559067982747,8526.498880407788
63,63_HE_val.ndpi,63_KI67_val.ndpi,63_26,30934.724095719634,7132.266566363996,0.907338096858342,0.907338096858342,KI67,19358.807756643702,7526.790983637861
63,63_HE_val.ndpi,63_KI67_val.ndpi,63_27,28850.6039459805,6705.9818045293105,0.907338096858342,0.907338096858342,KI67,17314.034767781683,7200.73141047819
63,63_HE_val.ndpi,63_KI67_val.ndpi,63_28,20597.06474834281,3482.383419009489,0.907338096858342,0.907338096858342,KI67,9414.908762669116,4171.411774411543
63,63_HE_val.ndpi,63_KI67_val.ndpi,63_29,24011.973644020683,8521.563846650966,0.907338096858342,0.907338096858342,KI67,12627.773850011767,8941.102693742303
63,63_HE_val.ndpi,63_KI67_val.ndpi,63_30,26675.534755096935,10237.615475451832,0.907338096858342,0.907338096858342,KI67,15198.814312250364,10527.958918621267
63,63_HE_val.ndpi,63_KI67_val.ndpi,63_31,21735.356712195437,16769.011344606814,0.907338096858342,0.907338096858342,KI67,10569.058103059373,16741.454933598445
63,63_HE_val.ndpi,63_KI67_val.ndpi,63_32,21703.238694445037,15059.812377228624,0.907338096858342,0.907338096858342,KI67,10600.878599145868,15242.824820437145
63,63_HE_val.ndpi,63_KI67_val.ndpi,63_33,17467.13086418723,13770.37758957794,0.907338096858342,0.907338096858342,KI67,5722.482224922092,14140.36528174944
63,63_HE_val.ndpi,63_KI67_val.ndpi,63_34,19121.920866632023,12733.586155923445,0.907338096858342,0.907338096858342,KI67,7727.3558462264045,12958.967393561887
63,63_HE_val.ndpi,63_KI67_val.ndpi,63_35,17433.82929081006,6683.886329484867,0.907338096858342,0.907338096858342,KI67,6360.373656072322,7244.7165874609
63,63_HE_val.ndpi,63_KI67_val.ndpi,63_36,33824.777009234516,13866.63781987588,0.907338096858342,0.907338096858342,KI67,21997.864881836864,14126.476327758544
63,63_HE_val.ndpi,63_KI67_val.ndpi,63_37,43366.3835381256,18577.134018004723,0.907338096858342,0.907338096858342,KI67,31014.478140802763,18608.130993072104
63,63_HE_val.ndpi,63_KI67_val.ndpi,63_38,42946.798780747165,16831.504328687177,0.907338096858342,0.907338096858342,KI67,30566.86673660495,16894.409981027144
63,63_HE_val.ndpi,63_KI67_val.ndpi,63_39,42037.0124182195,17871.259818773746,0.907338096858342,0.907338096858342,KI67,29867.15637022271,17866.76525208614
63,63_HE_val.ndpi,63_KI67_val.ndpi,63_40,41051.76092379734,21285.48381694891,0.907338096858342,0.907338096858342,KI67,29422.31708945064,21533.85598847151
63,63_HE_val.ndpi,63_KI67_val.ndpi,63_41,41610.0601574411,23703.7734802968,0.907338096858342,0.907338096858342,KI67,29797.80312953007,23878.3056160105
63,63_HE_val.ndpi,63_KI67_val.ndpi,63_42,45587.98248379295,18917.52201942296,0.907338096858342,0.907338096858342,KI67,32841.06825808622,19000.369070990168
63,63_HE_val.ndpi,63_KI67_val.ndpi,63_43,39400.593651756775,11914.6091824805,0.907338096858342,0.907338096858342,KI67,28255.68969406542,12768.279775931194
63,63_HE_val.ndpi,63_KI67_val.ndpi,63_44,41414.84480131255,9562.816291809382,0.907338096858342,0.907338096858342,KI67,29862.644376494907,10316.616071695558
63,63_HE_val.ndpi,63_KI67_val.ndpi,63_45,26413.595746330942,21652.537618334816,0.907338096858342,0.907338096858342,KI67,14973.530613588606,21511.816278048558
63,63_HE_val.ndpi,63_KI67_val.ndpi,63_46,27276.826371708485,18820.737924697525,0.907338096858342,0.907338096858342,KI67,15947.375044533654,18707.066714687237
63,63_HE_val.ndpi,63_KI67_val.ndpi,63_47,26454.719219206294,14799.902166485695,0.907338096858342,0.907338096858342,KI67,15025.941396149694,14916.739791628082
63,63_HE_val.ndpi,63_KI67_val.ndpi,63_48,34841.75817492291,10281.903025061938,0.907338096858342,0.907338096858342,KI67,23455.687605932217,10880.644478054908
63,63_HE_val.ndpi,63_KI67_val.ndpi,63_49,38064.8650100985,9578.643361997656,0.907338096858342,0.907338096858342,KI67,27011.64756891639,10316.30260924966
63,63_HE_val.ndpi,63_KI67_val.ndpi,63_50,36459.64833455996,12280.689874645714,0.907338096858342,0.907338096858342,KI67,25108.146016850653,13335.303354526624
99,99_HE_val.ndpi,99_PGR_val.ndpi,99_1,26660.444409539366,1334.3328740596373,0.9109542245502164,0.9109542245502164,PGR,36271.13769715586,19522.624958510733
99,99_HE_val.ndpi,99_PGR_val.ndpi,99_2,27440.47800738014,2967.2050750663566,0.9109542245502164,0.9109542245502164,PGR,33839.74277250927,17290.147361987798
99,99_HE_val.ndpi,99_PGR_val.ndpi,99_3,28195.54250142704,3000.721603596983,0.9109542245502164,0.9109542245502164,PGR,33194.160057460234,17195.1748794759
99,99_HE_val.ndpi,99_PGR_val.ndpi,99_4,27177.46294983001,6641.406388289444,0.9109542245502164,0.9109542245502164,PGR,34579.10010559362,13775.589614390592
99,99_HE_val.ndpi,99_PGR_val.ndpi,99_5,27502.16679041045,10549.220245490438,0.9109542245502164,0.9109542245502164,PGR,33859.94658461895,9882.283632700344
99,99_HE_val.ndpi,99_PGR_val.ndpi,99_6,26704.38718489501,9892.114021800304,0.9109542245502164,0.9109542245502164,PGR,34892.75578707571,10513.318671685895
99,99_HE_val.ndpi,99_PGR_val.ndpi,99_7,27115.36739246968,8836.43319038312,0.9109542245502164,0.9109542245502164,PGR,34568.186454103474,11600.106066783257
99,99_HE_val.ndpi,99_PGR_val.ndpi,99_8,27021.799164981065,7601.850355163241,0.9109542245502164,0.9109542245502164,PGR,34649.24756863505,12883.121457842875
99,99_HE_val.ndpi,99_PGR_val.ndpi,99_9,25640.15368759751,7434.517730587459,0.9109542245502164,0.9109542245502164,PGR,35964.815404140725,13053.619414123028
99,99_HE_val.ndpi,99_PGR_val.ndpi,99_10,27311.898512371095,4385.0807039346555,0.9109542245502164,0.9109542245502164,PGR,34322.177165601635,15801.933758782656
99,99_HE_val.ndpi,99_PGR_val.ndpi,99_11,30952.466652534702,5912.143991585291,0.9109542245502164,0.9109542245502164,PGR,30738.9681239164,14464.465250563153
99,99_HE_val.ndpi,99_PGR_val.ndpi,99_12,30482.34525841148,4785.016844276073,0.9109542245502164,0.9109542245502164,PGR,30953.678626787474,15527.167812504504
99,99_HE_val.ndpi,99_PGR_val.ndpi,99_13,30966.927335019947,7574.870522964679,0.9109542245502164,0.9109542245502164,PGR,30866.965723406607,12791.163300868591
99,99_HE_val.ndpi,99_PGR_val.ndpi,99_14,34132.38266018009,5689.443387626833,0.9109542245502164,0.9109542245502164,PGR,27380.900803197434,14692.904500477225
99,99_HE_val.ndpi,99_PGR_val.ndpi,99_15,28971.755742557667,8937.968552434924,0.9109542245502164,0.9109542245502164,PGR,32899.337900370796,11486.35334478676
99,99_HE_val.ndpi,99_PGR_val.ndpi,99_16,31362.29660170658,10119.62563083921,0.9109542245502164,0.9109542245502164,PGR,30816.26309475189,10209.783452578671
99,99_HE_val.ndpi,99_PGR_val.ndpi,99_17,28677.70262111981,10163.188853127142,0.9109542245502164,0.9109542245502164,PGR,32973.36468700859,10196.22604569044
99,99_HE_val.ndpi,99_PGR_val.ndpi,99_18,24250.57326795195,11075.297340743276,0.9109542245502164,0.9109542245502164,PGR,37548.74208275886,9407.149204256275
99,99_HE_val.ndpi,99_PGR_val.ndpi,99_19,27476.986726441468,17588.024249229482,0.9109542245502164,0.9109542245502164,PGR,33983.03677731996,2834.244146707175
99,99_HE_val.ndpi,99_PGR_val.ndpi,99_20,26387.75352247852,16695.754704620933,0.9109542245502164,0.9109542245502164,PGR,35032.498635880016,3717.1039723954077
99,99_HE_val.ndpi,99_PGR_val.ndpi,99_21,25511.04246384125,14677.823888995172,0.9109542245502164,0.9109542245502164,PGR,36221.67138459307,5578.713055742091
99,99_HE_val.ndpi,99_PGR_val.ndpi,99_22,25047.296919699704,12988.502461450156,0.9109542245502164,0.9109542245502164,PGR,36636.62103885852,7622.870888625639
99,99_HE_val.ndpi,99_PGR_val.ndpi,99_23,27852.922041409995,12127.607671590822,0.9109542245502164,0.9109542245502164,PGR,33548.68205854769,8224.83232177177
99,99_HE_val.ndpi,99_PGR_val.ndpi,99_24,35279.545571414055,11567.425851540798,0.9109542245502164,0.9109542245502164,PGR,26403.512723031028,9132.046761160133
99,99_HE_val.ndpi,99_PGR_val.ndpi,99_25,38283.088458596416,11461.508681706433,0.9109542245502164,0.9109542245502164,PGR,22066.137507525433,9371.736746719813
99,99_HE_val.ndpi,99_PGR_val.ndpi,99_26,40248.1406811198,10364.741864748976,0.9109542245502164,0.9109542245502164,PGR,18671.963649838333,10632.677935930482
99,99_HE_val.ndpi,99_PGR_val.ndpi,99_27,38634.41916155935,9684.589114348233,0.9109542245502164,0.9109542245502164,PGR,22002.461912960596,11324.314962422122
99,99_HE_val.ndpi,99_PGR_val.ndpi,99_28,35890.86855301388,7138.955552816451,0.9109542245502164,0.9109542245502164,PGR,25447.28600775363,13507.38342468486
99,99_HE_val.ndpi,99_PGR_val.ndpi,99_29,32262.250276771563,8258.542587359274,0.9109542245502164,0.9109542245502164,PGR,29554.12288643751,12082.140443734444
99,99_HE_val.ndpi,99_PGR_val.ndpi,99_30,29666.011532823188,7663.599399759536,0.9109542245502164,0.9109542245502164,PGR,32161.297203971324,12738.58872973013
99,99_HE_val.ndpi,99_PGR_val.ndpi,99_31,29103.47732010041,5268.833532198129,0.9109542245502164,0.9109542245502164,PGR,32692.00243377044,15107.975757779015
99,99_HE_val.ndpi,99_PGR_val.ndpi,99_32,28882.42627910753,6723.098336940047,0.9109542245502164,0.9109542245502164,PGR,32936.08290558688,13695.785440356996
99,99_HE_val.ndpi,99_PGR_val.ndpi,99_33,29678.620499811168,4213.8328385655295,0.9109542245502164,0.9109542245502164,PGR,31950.18473016622,16085.164672553512
99,99_HE_val.ndpi,99_PGR_val.ndpi,99_34,32435.641896666948,6468.970256540329,0.9109542245502164,0.9109542245502164,PGR,29360.551241408164,13882.809694898599
99,99_HE_val.ndpi,99_PGR_val.ndpi,99_35,32441.69755965576,13403.02810994099,0.9109542245502164,0.9109542245502164,PGR,29150.944908364487,7055.454543398377
99,99_HE_val.ndpi,99_PGR_val.ndpi,99_36,31803.524232101085,12453.709247626122,0.9109542245502164,0.9109542245502164,PGR,29766.829074906444,8006.80279472
99,99_HE_val.ndpi,99_PGR_val.ndpi,99_37,30753.43840028505,16369.68312487256,0.9109542245502164,0.9109542245502164,PGR,30713.79323254594,4017.7387586743985
99,99_HE_val.ndpi,99_PGR_val.ndpi,99_38,32317.106843621,14785.26002677612,0.9109542245502164,0.9109542245502164,PGR,29136.066898964156,5594.434904245665
99,99_HE_val.ndpi,99_PGR_val.ndpi,99_39,41618.14385530378,3480.640578860251,0.9109542245502164,0.9109542245502164,PGR,16250.66895968258,18389.71954894402
99,99_HE_val.ndpi,99_PGR_val.ndpi,99_40,36889.37544378545,16064.787366165163,0.9109542245502164,0.9109542245502164,PGR,24139.841314993497,4333.815126991849
99,99_HE_val.ndpi,99_PGR_val.ndpi,99_41,37020.94760448092,5336.20352991698,0.9109542245502164,0.9109542245502164,PGR,24265.23642212959,15338.96759979562
99,99_HE_val.ndpi,99_PGR_val.ndpi,99_42,30590.96212192314,13241.427187117586,0.9109542245502164,0.9109542245502164,PGR,31096.53685479781,7206.702015023988
99,99_HE_val.ndpi,99_PGR_val.ndpi,99_43,28009.133833432894,9246.736058668985,0.9109542245502164,0.9109542245502164,PGR,33731.36842978445,11071.967506548826
99,99_HE_val.ndpi,99_PGR_val.ndpi,99_44,24504.925884628083,7015.705460113152,0.9109542245502164,0.9109542245502164,PGR,37286.37923098398,13470.122250440323
99,99_HE_val.ndpi,99_PGR_val.ndpi,99_45,27344.266488681158,16363.47824432555,0.9109542245502164,0.9109542245502164,PGR,34149.86600220595,3896.646408874272
99,99_HE_val.ndpi,99_PGR_val.ndpi,99_46,38615.25769804669,18048.17879142519,0.9109542245502164,0.9109542245502164,PGR,22330.015072246624,2073.4835928686593
99,99_HE_val.ndpi,99_PGR_val.ndpi,99_47,35356.01187605768,9606.720889269054,0.9109542245502164,0.9109542245502164,PGR,26173.209057740532,10868.235166856926
99,99_HE_val.ndpi,99_PGR_val.ndpi,99_48,23161.302826149742,16028.741595425547,0.9109542245502164,0.9109542245502164,PGR,38421.13298966553,4252.139525499617
99,99_HE_val.ndpi,99_PGR_val.ndpi,99_49,36754.37540393224,11678.474927980957,0.9109542245502164,0.9109542245502164,PGR,24527.479309599134,9186.801894080474
99,99_HE_val.ndpi,99_PGR_val.ndpi,99_50,37586.71903472955,8316.142361105765,0.9109542245502164,0.9109542245502164,PGR,23612.689181930884,12424.147270022951
71,71_HE_val.ndpi,71_ER_val.ndpi,71_1,18056.383438299752,10856.706805280934,0.919793966151582,0.919793966151582,ER,7864.57777666438,14507.631096550103
71,71_HE_val.ndpi,71_ER_val.ndpi,71_2,19203.050788391512,9981.788218242735,0.919793966151582,0.919793966151582,ER,9255.245984983052,13590.926842294442
71,71_HE_val.ndpi,71_ER_val.ndpi,71_3,17781.514777437867,12386.735582295833,0.919793966151582,0.919793966151582,ER,7709.49968355709,15599.916816439025
71,71_HE_val.ndpi,71_ER_val.ndpi,71_4,18020.053328120917,13920.784451420415,0.919793966151582,0.919793966151582,ER,8110.7209662144905,16933.616865171094
71,71_HE_val.ndpi,71_ER_val.ndpi,71_5,17960.414029327017,16299.122190092032,0.919793966151582,0.919793966151582,ER,8030.671038665718,19046.362002518457
71,71_HE_val.ndpi,71_ER_val.ndpi,71_6,16029.213794131318,14373.387024805119,0.919793966151582,0.919793966151582,ER,6451.934367021614,16867.17835702283
71,71_HE_val.ndpi,71_ER_val.ndpi,71_7,16475.171005650438,11973.26591414648,0.919793966151582,0.919793966151582,ER,6530.042342172543,15101.15126961365
71,71_HE_val.ndpi,71_ER_val.ndpi,71_8,26885.507959295566,6977.018162992979,0.919793966151582,0.919793966151582,ER,15446.464998607596,11074.19319311583
71,71_HE_val.ndpi,71_ER_val.ndpi,71_9,26062.01812424817,3996.694215546863,0.919793966151582,0.919793966151582,ER,12830.104204736412,7555.333259390459
71,71_HE_val.ndpi,71_ER_val.ndpi,71_10,29945.56656538411,4977.522214941004,0.919793966151582,0.919793966151582,ER,18335.34407308166,8915.296384407644
71,71_HE_val.ndpi,71_ER_val.ndpi,71_11,27591.553675385578,4727.106334027746,0.919793966151582,0.919793966151582,ER,15041.121075653873,8471.861502752468
71,71_HE_val.ndpi,71_ER_val.ndpi,71_12,29030.680670839753,4238.513700019631,0.919793966151582,0.919793966151582,ER,16860.813934726157,7816.875504011309
71,71_HE_val.ndpi,71_ER_val.ndpi,71_13,29871.018819518984,3763.956599493764,0.919793966151582,0.919793966151582,ER,17845.56989055125,7142.827974597347
71,71_HE_val.ndpi,71_ER_val.ndpi,71_14,32213.58501323687,4970.989956454122,0.919793966151582,0.919793966151582,ER,19905.40422960583,8821.265522702233
71,71_HE_val.ndpi,71_ER_val.ndpi,71_15,32942.476224015336,5608.645744267137,0.919793966151582,0.919793966151582,ER,20209.10427373279,9387.605994199688
71,71_HE_val.ndpi,71_ER_val.ndpi,71_16,33709.853267254715,3943.03722609778,0.919793966151582,0.919793966151582,ER,20399.237868534783,7813.51672594498
71,71_HE_val.ndpi,71_ER_val.ndpi,71_17,36815.25751590348,2825.0044488194417,0.919793966151582,0.919793966151582,ER,22388.5939906064,6174.641802983583
71,71_HE_val.ndpi,71_ER_val.ndpi,71_18,38647.61005754567,2498.2221115564357,0.919793966151582,0.919793966151582,ER,23620.13798074219,5551.39233514241
71,71_HE_val.ndpi,71_ER_val.ndpi,71_19,38477.9721867106,1307.7901633976962,0.919793966151582,0.919793966151582,ER,23370.76425371727,4344.146150269293
71,71_HE_val.ndpi,71_ER_val.ndpi,71_20,35125.388875600336,648.8320657992757,0.919793966151582,0.919793966151582,ER,20810.5297848962,4099.205725956314
71,71_HE_val.ndpi,71_ER_val.ndpi,71_21,36707.342828687404,1817.4770247750685,0.919793966151582,0.919793966151582,ER,22090.819421315402,5091.200058852573
71,71_HE_val.ndpi,71_ER_val.ndpi,71_22,31978.475377496576,1130.17089005296,0.919793966151582,0.919793966151582,ER,18335.317570186508,4751.2235543003835
71,71_HE_val.ndpi,71_ER_val.ndpi,71_23,31569.32118898479,2718.369704968936,0.919793966151582,0.919793966151582,ER,18916.49423242412,6514.2769562172325
71,71_HE_val.ndpi,71_ER_val.ndpi,71_24,29719.50735590185,2120.415564464797,0.919793966151582,0.919793966151582,ER,16601.185755753697,5607.80154336668
71,71_HE_val.ndpi,71_ER_val.ndpi,71_25,30678.766455072157,8593.317712222242,0.919793966151582,0.919793966151582,ER,19720.163897264814,12548.29652067593
71,71_HE_val.ndpi,71_ER_val.ndpi,71_26,29097.6407622016,12806.412064895376,0.919793966151582,0.919793966151582,ER,18570.310372161148,16501.113046005197
71,71_HE_val.ndpi,71_ER_val.ndpi,71_27,27539.31778472325,15252.320488058665,0.919793966151582,0.919793966151582,ER,16633.27319678328,19144.101491996615
71,71_HE_val.ndpi,71_ER_val.ndpi,71_28,24145.743562248048,8077.81121856253,0.919793966151582,0.919793966151582,ER,13941.6197279514,12134.97264272006
71,71_HE_val.ndpi,71_ER_val.ndpi,71_29,24073.08579170536,7611.50919408063,0.919793966151582,0.919793966151582,ER,13490.457256424954,11572.484137271014
71,71_HE_val.ndpi,71_ER_val.ndpi,71_30,19839.981041217085,12841.566365401153,0.919793966151582,0.919793966151582,ER,9706.438559174781,16324.625218635165
71,71_HE_val.ndpi,71_ER_val.ndpi,71_31,36136.314181004236,8723.157220832172,0.919793966151582,0.919793966151582,ER,22467.42484376927,12160.436350483074
71,71_HE_val.ndpi,71_ER_val.ndpi,71_32,33792.71223175307,6960.721849770531,0.919793966151582,0.919793966151582,ER,20658.507233399316,10686.057382510951
71,71_HE_val.ndpi,71_ER_val.ndpi,71_33,32464.10491660528,7968.885653566763,0.919793966151582,0.919793966151582,ER,20105.67841804159,11892.318349712423
71,71_HE_val.ndpi,71_ER_val.ndpi,71_34,31975.50200679188,6767.074077525886,0.919793966151582,0.919793966151582,ER,20182.816230848068,10700.438877492377
71,71_HE_val.ndpi,71_ER_val.ndpi,71_35,33705.905193808896,2050.6077734253336,0.919793966151582,0.919793966151582,ER,19918.17429843526,5718.094825975214
71,71_HE_val.ndpi,71_ER_val.ndpi,71_36,23924.785337543384,2169.3823457295457,0.919793966151582,0.919793966151582,ER,9406.183380558556,5737.544528181195
71,71_HE_val.ndpi,71_ER_val.ndpi,71_37,22813.37459596726,1158.6145261833815,0.919793966151582,0.919793966151582,ER,8184.596977445671,4709.839545630967
71,71_HE_val.ndpi,71_ER_val.ndpi,71_38,18353.00311257418,1634.9504347066186,0.919793966151582,0.919793966151582,ER,3860.4847357957797,5664.391583508817
71,71_HE_val.ndpi,71_ER_val.ndpi,71_39,21651.87389401852,1471.2527480068804,0.919793966151582,0.919793966151582,ER,6947.973856142802,5038.128830552824
71,71_HE_val.ndpi,71_ER_val.ndpi,71_40,27483.74105400764,2266.359768601529,0.919793966151582,0.919793966151582,ER,14223.4215573784,5560.850780339307
71,71_HE_val.ndpi,71_ER_val.ndpi,71_41,28202.83128506553,5923.1120221079445,0.919793966151582,0.919793966151582,ER,16110.006410338397,10118.633610468869
71,71_HE_val.ndpi,71_ER_val.ndpi,71_42,22473.173665671402,9697.682177885075,0.919793966151582,0.919793966151582,ER,12586.086714405727,13496.879658533937
71,71_HE_val.ndpi,71_ER_val.ndpi,71_43,24999.24594641556,10805.027543324788,0.919793966151582,0.919793966151582,ER,15247.229112944302,14926.820055655153
71,71_HE_val.ndpi,71_ER_val.ndpi,71_44,23297.771849643545,12255.460544678659,0.919793966151582,0.919793966151582,ER,13003.990003812913,16172.182715407716
71,71_HE_val.ndpi,71_ER_val.ndpi,71_45,20708.44240219965,15573.84655464119,0.919793966151582,0.919793966151582,ER,10486.687568756266,18834.70480252752
71,71_HE_val.ndpi,71_ER_val.ndpi,71_46,24061.56047681816,6199.026530980805,0.919793966151582,0.919793966151582,ER,11636.445219103822,9883.270393574585
71,71_HE_val.ndpi,71_ER_val.ndpi,71_47,25181.310409990238,2981.016028715243,0.919793966151582,0.919793966151582,ER,11493.730375706715,6774.596270807177
71,71_HE_val.ndpi,71_ER_val.ndpi,71_48,30270.213158731098,5844.122574778127,0.919793966151582,0.919793966151582,ER,19115.7238721984,9912.584913833165
71,71_HE_val.ndpi,71_ER_val.ndpi,71_49,28221.41474194676,7295.2969708767505,0.919793966151582,0.919793966151582,ER,16731.643285149665,11267.225926186129
71,71_HE_val.ndpi,71_ER_val.ndpi,71_50,29800.01034699088,11144.564997392106,0.919793966151582,0.919793966151582,ER,19017.44951421589,14981.059806949203
50,50_HE_val.ndpi,50_KI67_val.ndpi,50_0,15889.48875186034,13828.824678892737,0.9109542245502164,0.9109542245502164,KI67,24339.181456110124,8188.949774074335
50,50_HE_val.ndpi,50_KI67_val.ndpi,50_1,16643.260226426974,13762.342824417918,0.9109542245502164,0.9109542245502164,KI67,23624.024908844844,8232.812305405158
50,50_HE_val.ndpi,50_KI67_val.ndpi,50_2,17836.178321017087,3960.3627727313756,0.9109542245502164,0.9109542245502164,KI67,23184.670875754353,18862.67061636898
50,50_HE_val.ndpi,50_KI67_val.ndpi,50_3,31192.197059858965,3923.899697070752,0.9109542245502164,0.9109542245502164,KI67,8691.702760741606,19210.640894907578
50,50_HE_val.ndpi,50_KI67_val.ndpi,50_4,33422.860923577595,11994.070380223724,0.9109542245502164,0.9109542245502164,KI67,5299.518626498515,10628.23868280398
50,50_HE_val.ndpi,50_KI67_val.ndpi,50_5,33036.40444939055,12586.186462566446,0.9109542245502164,0.9109542245502164,KI67,5977.898909583042,10042.007062844412
50,50_HE_val.ndpi,50_KI67_val.ndpi,50_6,30342.79957729707,14998.062273688252,0.9109542245502164,0.9109542245502164,KI67,8723.471053164354,7924.919653599216
50,50_HE_val.ndpi,50_KI67_val.ndpi,50_7,31311.657849383915,14470.421628851083,0.9109542245502164,0.9109542245502164,KI67,7767.401000327378,8476.573840275089
50,50_HE_val.ndpi,50_KI67_val.ndpi,50_8,29113.89779745833,18266.126154731646,0.9109542245502164,0.9109542245502164,KI67,9774.337539046219,4822.008625496386
50,50_HE_val.ndpi,50_KI67_val.ndpi,50_9,27338.46975328446,17791.435605948955,0.9109542245502164,0.9109542245502164,KI67,12099.825107849347,5061.1324719968125
50,50_HE_val.ndpi,50_KI67_val.ndpi,50_10,27296.886014945067,15998.205230814607,0.9109542245502164,0.9109542245502164,KI67,12131.62020800517,6622.911362614734
50,50_HE_val.ndpi,50_KI67_val.ndpi,50_11,28376.102570826402,16881.867691457854,0.9109542245502164,0.9109542245502164,KI67,11038.749295217049,5964.289820498476
50,50_HE_val.ndpi,50_KI67_val.ndpi,50_12,34067.91851750073,9216.068118325707,0.9109542245502164,0.9109542245502164,KI67,4131.876373053977,13644.115080483438
50,50_HE_val.ndpi,50_KI67_val.ndpi,50_13,33041.4938198076,8290.20531112043,0.9109542245502164,0.9109542245502164,KI67,5145.300165466198,14351.974378655677
50,50_HE_val.ndpi,50_KI67_val.ndpi,50_14,15932.063573909694,7421.704634243024,0.9109542245502164,0.9109542245502164,KI67,24316.959108123832,15577.525335434599
50,50_HE_val.ndpi,50_KI67_val.ndpi,50_15,18220.278731075552,15287.669257502976,0.9109542245502164,0.9109542245502164,KI67,21777.039663573654,6823.60970153308
50,50_HE_val.ndpi,50_KI67_val.ndpi,50_16,15232.188610374502,19885.392582179982,0.9109542245502164,0.9109542245502164,KI67,24206.87073894261,2746.6294285622403
50,50_HE_val.ndpi,50_KI67_val.ndpi,50_17,16217.215207819705,18049.954896760042,0.9109542245502164,0.9109542245502164,KI67,23741.227345055577,4856.992018316444
50,50_HE_val.ndpi,50_KI67_val.ndpi,50_18,24912.82220964008,18924.226929721623,0.9109542245502164,0.9109542245502164,KI67,14736.987842901584,3450.4057288149447
50,50_HE_val.ndpi,50_KI67_val.ndpi,50_19,25685.66818143295,4302.016619531183,0.9109542245502164,0.9109542245502164,KI67,15963.507348408064,18440.786858476673
50,50_HE_val.ndpi,50_KI67_val.ndpi,50_20,30291.154594814034,13298.747683655845,0.9109542245502164,0.9109542245502164,KI67,8865.4011253527,9728.645220642598
50,50_HE_val.ndpi,50_KI67_val.ndpi,50_21,31467.261302768453,12965.569779418747,0.9109542245502164,0.9109542245502164,KI67,7624.756627871338,10010.06311203171
50,50_HE_val.ndpi,50_KI67_val.ndpi,50_22,33481.11166186391,15064.653321319463,0.9109542245502164,0.9109542245502164,KI67,5516.621952983475,7802.889141464359
50,50_HE_val.ndpi,50_KI67_val.ndpi,50_23,34626.18384302544,15837.473936468,0.9109542245502164,0.9109542245502164,KI67,4403.172046462096,7015.308140937226
50,50_HE_val.ndpi,50_KI67_val.ndpi,50_24,17823.274739257187,9779.204963830132,0.9109542245502164,0.9109542245502164,KI67,22156.850822839515,12939.821260410012
50,50_HE_val.ndpi,50_KI67_val.ndpi,50_25,19962.167935598707,18056.084062460257,0.9109542245502164,0.9109542245502164,KI67,19489.46824370476,4194.3428894146855
50,50_HE_val.ndpi,50_KI67_val.ndpi,50_26,25854.49799436022,18186.385866110897,0.9109542245502164,0.9109542245502164,KI67,13700.693572052736,4332.771821024822
50,50_HE_val.ndpi,50_KI67_val.ndpi,50_27,19867.241045684208,4042.569892634248,0.9109542245502164,0.9109542245502164,KI67,21483.584357453772,18708.04324373781
50,50_HE_val.ndpi,50_KI67_val.ndpi,50_28,17089.432371251794,7515.333947727024,0.9109542245502164,0.9109542245502164,KI67,22975.883778470685,15420.226142589121
50,50_HE_val.ndpi,50_KI67_val.ndpi,50_29,16874.01125185829,18620.951248511334,0.9109542245502164,0.9109542245502164,KI67,22927.626983240523,4117.517099751381
50,50_HE_val.ndpi,50_KI67_val.ndpi,50_30,16373.759255157805,15170.146702440183,0.9109542245502164,0.9109542245502164,KI67,23489.45663307824,7094.211236247465
50,50_HE_val.ndpi,50_KI67_val.ndpi,50_31,16608.871089638702,8878.409342922945,0.9109542245502164,0.9109542245502164,KI67,23313.930381289138,13957.094279807228
50,50_HE_val.ndpi,50_KI67_val.ndpi,50_32,20571.17651202439,15857.880903025054,0.9109542245502164,0.9109542245502164,KI67,19649.60248533672,6192.31453549556
50,50_HE_val.ndpi,50_KI67_val.ndpi,50_33,25548.533048831192,7704.652956116778,0.9109542245502164,0.9109542245502164,KI67,14399.598207164006,15306.858461764943
50,50_HE_val.ndpi,50_KI67_val.ndpi,50_34,26816.630875279967,15629.97401532884,0.9109542245502164,0.9109542245502164,KI67,12693.35451120064,7046.928258073011
50,50_HE_val.ndpi,50_KI67_val.ndpi,50_35,27481.75812219565,15239.489702510871,0.9109542245502164,0.9109542245502164,KI67,11789.06091781213,7489.174881237691
50,50_HE_val.ndpi,50_KI67_val.ndpi,50_36,28728.529374971466,15604.910498155254,0.9109542245502164,0.9109542245502164,KI67,10264.620018640613,7178.434018001427
50,50_HE_val.ndpi,50_KI67_val.ndpi,50_37,29025.88409921962,15079.360659554062,0.9109542245502164,0.9109542245502164,KI67,9876.8292215556,7767.310820710276
50,50_HE_val.ndpi,50_KI67_val.ndpi,50_38,29572.735203254302,16028.416905448592,0.9109542245502164,0.9109542245502164,KI67,9583.141504895417,6783.4556889221
50,50_HE_val.ndpi,50_KI67_val.ndpi,50_39,33911.821720575674,17623.237907178704,0.9109542245502164,0.9109542245502164,KI67,5256.075888055696,5334.012248148937
50,50_HE_val.ndpi,50_KI67_val.ndpi,50_40,33616.85519041248,16921.09454529242,0.9109542245502164,0.9109542245502164,KI67,5327.26999599393,5914.246000568106
50,50_HE_val.ndpi,50_KI67_val.ndpi,50_41,35338.974113979064,16398.971503337754,0.9109542245502164,0.9109542245502164,KI67,3671.8084206942035,6508.043796766505
50,50_HE_val.ndpi,50_KI67_val.ndpi,50_42,31047.559996224103,17221.54324600904,0.9109542245502164,0.9109542245502164,KI67,8089.464201663417,5562.1115781191
50,50_HE_val.ndpi,50_KI67_val.ndpi,50_43,17301.44123098578,16586.695314268607,0.9109542245502164,0.9109542245502164,KI67,22530.730434136647,5586.9197522440845
50,50_HE_val.ndpi,50_KI67_val.ndpi,50_44,14550.723004802006,19829.02061541256,0.9109542245502164,0.9109542245502164,KI67,24815.46176355189,2667.6656282651074
50,50_HE_val.ndpi,50_KI67_val.ndpi,50_45,18601.495644004266,14327.18031953829,0.9109542245502164,0.9109542245502164,KI67,21862.070948244775,7612.572057690293
50,50_HE_val.ndpi,50_KI67_val.ndpi,50_46,18282.5206229356,9458.205570849012,0.9109542245502164,0.9109542245502164,KI67,21573.70099293417,13240.166911038004
50,50_HE_val.ndpi,50_KI67_val.ndpi,50_47,16547.163046157682,10829.680598296889,0.9109542245502164,0.9109542245502164,KI67,23547.44213505451,11824.73948969131
50,50_HE_val.ndpi,50_KI67_val.ndpi,50_48,32455.44721372627,4156.710562564533,0.9109542245502164,0.9109542245502164,KI67,6750.731696144227,18801.484934930468
50,50_HE_val.ndpi,50_KI67_val.ndpi,50_49,35158.158134076024,7403.656142799915,0.9109542245502164,0.9109542245502164,KI67,3514.0251400129428,15649.560632576715
33,33_HE_val.ndpi,33_HER2_val.ndpi,33_1,40817.480830900866,18928.60266447889,0.907338096858342,0.907338096858342,HER2,32068.866095021316,18545.283532759124
33,33_HE_val.ndpi,33_HER2_val.ndpi,33_2,40251.26651523113,18074.467175520957,0.907338096858342,0.907338096858342,HER2,31669.559333910307,17612.967701821028
33,33_HE_val.ndpi,33_HER2_val.ndpi,33_3,40812.421291747705,17403.599400092357,0.907338096858342,0.907338096858342,HER2,32221.90637746555,16820.724892662867
33,33_HE_val.ndpi,33_HER2_val.ndpi,33_4,43801.19159348028,15433.186305366233,0.907338096858342,0.907338096858342,HER2,34813.900837369656,14800.597167890952
33,33_HE_val.ndpi,33_HER2_val.ndpi,33_5,43425.124737222264,17792.650981042196,0.907338096858342,0.907338096858342,HER2,34311.76105474137,17380.10223616127
33,33_HE_val.ndpi,33_HER2_val.ndpi,33_6,42994.361131755584,17375.959436107143,0.907338096858342,0.907338096858342,HER2,34015.10076849571,16860.07376728435
33,33_HE_val.ndpi,33_HER2_val.ndpi,33_7,43765.03415681139,19941.075134353043,0.907338096858342,0.907338096858342,HER2,34516.85485466036,19464.06421137503
33,33_HE_val.ndpi,33_HER2_val.ndpi,33_8,43919.964241219284,21813.231124665832,0.907338096858342,0.907338096858342,HER2,35011.08908621748,21326.370845983605
33,33_HE_val.ndpi,33_HER2_val.ndpi,33_9,39103.89982580262,20892.311735296582,0.907338096858342,0.907338096858342,HER2,30763.783839425898,20200.30497732951
33,33_HE_val.ndpi,33_HER2_val.ndpi,33_10,37885.515873049946,19070.09885141829,0.907338096858342,0.907338096858342,HER2,29265.880989008645,18373.994650366745
33,33_HE_val.ndpi,33_HER2_val.ndpi,33_11,33146.253237090226,17707.356765939283,0.907338096858342,0.907338096858342,HER2,24510.908878463408,16520.146834084404
33,33_HE_val.ndpi,33_HER2_val.ndpi,33_12,33223.33534335643,16067.108918248603,0.907338096858342,0.907338096858342,HER2,24609.83050235219,14925.181260539734
33,33_HE_val.ndpi,33_HER2_val.ndpi,33_13,25104.433616550334,13061.372586912488,0.907338096858342,0.907338096858342,HER2,16616.267458508624,12068.630735992532
33,33_HE_val.ndpi,33_HER2_val.ndpi,33_14,27190.160317755668,16083.045721857925,0.907338096858342,0.907338096858342,HER2,18924.068723148037,14856.908910958451
33,33_HE_val.ndpi,33_HER2_val.ndpi,33_15,28790.241401184023,17302.83604395125,0.907338096858342,0.907338096858342,HER2,20259.09163341258,16180.539003605436
33,33_HE_val.ndpi,33_HER2_val.ndpi,33_16,28651.30644866285,16498.51348662694,0.907338096858342,0.907338096858342,HER2,20124.62791859649,15362.28074930387
33,33_HE_val.ndpi,33_HER2_val.ndpi,33_17,27771.424121685734,16519.158242373232,0.907338096858342,0.907338096858342,HER2,19247.558872279096,15323.07373464821
33,33_HE_val.ndpi,33_HER2_val.ndpi,33_18,30072.10317882056,4224.005891107625,0.907338096858342,0.907338096858342,HER2,21334.577573091028,3521.5405047088634
33,33_HE_val.ndpi,33_HER2_val.ndpi,33_19,16983.765895136108,20843.818582176104,0.907338096858342,0.907338096858342,HER2,8793.968656920582,19770.127004150963
33,33_HE_val.ndpi,33_HER2_val.ndpi,33_20,13836.983537003212,21024.287800513903,0.907338096858342,0.907338096858342,HER2,5675.19913844849,19990.869675050242
33,33_HE_val.ndpi,33_HER2_val.ndpi,33_21,15515.42718135181,11190.690860839632,0.907338096858342,0.907338096858342,HER2,7272.288790682982,10370.503279741375
33,33_HE_val.ndpi,33_HER2_val.ndpi,33_22,39219.60088838991,10449.866645042268,0.907338096858342,0.907338096858342,HER2,30351.984594969716,9735.532653522516
33,33_HE_val.ndpi,33_HER2_val.ndpi,33_23,37984.64788026935,9680.22961874752,0.907338096858342,0.907338096858342,HER2,29100.95066018469,8522.943327666844
33,33_HE_val.ndpi,33_HER2_val.ndpi,33_24,36472.038046032096,8451.621221816918,0.907338096858342,0.907338096858342,HER2,28243.954036994954,7584.976972612469
33,33_HE_val.ndpi,33_HER2_val.ndpi,33_25,35920.432686311615,8566.311821606863,0.907338096858342,0.907338096858342,HER2,27683.372546099592,7750.3711275042315
33,33_HE_val.ndpi,33_HER2_val.ndpi,33_26,36500.23863462208,11206.824464431955,0.907338096858342,0.907338096858342,HER2,28221.354482635863,10329.80145704618
33,33_HE_val.ndpi,33_HER2_val.ndpi,33_27,37063.4620476567,12649.92898617735,0.907338096858342,0.907338096858342,HER2,28487.979161646523,12042.399104404118
33,33_HE_val.ndpi,33_HER2_val.ndpi,33_28,26482.151446482534,20851.02089490745,0.907338096858342,0.907338096858342,HER2,17986.81094995734,19710.13139513496
33,33_HE_val.ndpi,33_HER2_val.ndpi,33_29,26654.823320558866,20428.77286670389,0.907338096858342,0.907338096858342,HER2,18168.518259961027,19286.877664986416
33,33_HE_val.ndpi,33_HER2_val.ndpi,33_30,20773.06906968524,15915.938136078878,0.907338096858342,0.907338096858342,HER2,12442.660680833573,14924.117164734167
33,33_HE_val.ndpi,33_HER2_val.ndpi,33_31,18876.284694846832,15115.279375051077,0.907338096858342,0.907338096858342,HER2,10591.44543867717,14167.336955709845
33,33_HE_val.ndpi,33_HER2_val.ndpi,33_32,18365.09021160505,11875.647867135292,0.907338096858342,0.907338096858342,HER2,10071.151205646598,11008.805083505038
33,33_HE_val.ndpi,33_HER2_val.ndpi,33_33,17699.89235323499,7735.707196477891,0.907338096858342,0.907338096858342,HER2,9360.301399974624,6994.237226316062
33,33_HE_val.ndpi,33_HER2_val.ndpi,33_34,22118.099161676117,4162.823338791922,0.907338096858342,0.907338096858342,HER2,13688.087523850381,3437.1473947030913
33,33_HE_val.ndpi,33_HER2_val.ndpi,33_35,24272.224632858688,6321.868618234163,0.907338096858342,0.907338096858342,HER2,15801.486802021791,5522.606734747719
33,33_HE_val.ndpi,33_HER2_val.ndpi,33_36,24056.243035088668,10654.865742109892,0.907338096858342,0.907338096858342,HER2,15611.654048670507,9739.629619820975
33,33_HE_val.ndpi,33_HER2_val.ndpi,33_37,41080.138425152254,10143.206137194,0.907338096858342,0.907338096858342,HER2,31850.596902855894,9371.354976007913
33,33_HE_val.ndpi,33_HER2_val.ndpi,33_38,32540.51785898384,10220.556955978096,0.907338096858342,0.907338096858342,HER2,23876.937690959057,9270.436865807618
33,33_HE_val.ndpi,33_HER2_val.ndpi,33_39,32033.1013966144,9502.851649361955,0.907338096858342,0.907338096858342,HER2,23396.011610413116,8570.606321313386
33,33_HE_val.ndpi,33_HER2_val.ndpi,33_40,30261.202635877547,7287.601157031336,0.907338096858342,0.907338096858342,HER2,21606.768017186634,6419.63940579056
33,33_HE_val.ndpi,33_HER2_val.ndpi,33_41,32020.467428337008,20886.805597560047,0.907338096858342,0.907338096858342,HER2,23451.476833891345,19623.738831530776
33,33_HE_val.ndpi,33_HER2_val.ndpi,33_42,34854.755927607264,20582.0827892478,0.907338096858342,0.907338096858342,HER2,26244.536249397283,19295.80176703219
33,33_HE_val.ndpi,33_HER2_val.ndpi,33_43,35433.881940048144,19201.701063495042,0.907338096858342,0.907338096858342,HER2,26807.468737728155,17973.407274522735
33,33_HE_val.ndpi,33_HER2_val.ndpi,33_44,37670.07315373033,16525.890690485117,0.907338096858342,0.907338096858342,HER2,29171.871779720237,15271.84518816388
33,33_HE_val.ndpi,33_HER2_val.ndpi,33_45,36112.597039088665,21917.106694642353,0.907338096858342,0.907338096858342,HER2,27615.927241564423,20855.143294444435
33,33_HE_val.ndpi,33_HER2_val.ndpi,33_46,33940.99172921917,6680.375668844608,0.907338096858342,0.907338096858342,HER2,25212.143866005834,5837.81651363517
33,33_HE_val.ndpi,33_HER2_val.ndpi,33_47,40959.1482039284,15582.94995398602,0.907338096858342,0.907338096858342,HER2,32473.112904863876,14871.143055404013
33,33_HE_val.ndpi,33_HER2_val.ndpi,33_48,34704.867380159776,14641.169549375198,0.907338096858342,0.907338096858342,HER2,26017.61796353512,13553.325988925233
33,33_HE_val.ndpi,33_HER2_val.ndpi,33_49,28679.14136656023,13711.222387742138,0.907338096858342,0.907338096858342,HER2,20161.988087054055,12698.49990997288
33,33_HE_val.ndpi,33_HER2_val.ndpi,33_50,25884.83013296475,1499.467609195622,0.907338096858342,0.907338096858342,HER2,16746.539878675096,902.8599808076192
42,42_HE_val.ndpi,42_ER_val.ndpi,42_1,18452.961221395963,4164.126339637932,0.907338096858342,0.907338096858342,ER,6804.185677017362,5970.603535086479
42,42_HE_val.ndpi,42_ER_val.ndpi,42_2,18138.324254345665,1988.0323413037265,0.907338096858342,0.907338096858342,ER,6194.972717191988,3719.6072140961514
42,42_HE_val.ndpi,42_ER_val.ndpi,42_3,19643.717694757957,5548.737774322329,0.907338096858342,0.907338096858342,ER,7903.790717928744,7404.691104315973
42,42_HE_val.ndpi,42_ER_val.ndpi,42_4,21406.19022881129,6538.659885086388,0.907338096858342,0.907338096858342,ER,9450.565136571648,8361.055128217262
42,42_HE_val.ndpi,42_ER_val.ndpi,42_5,28113.762341302987,4042.056603560842,0.907338096858342,0.907338096858342,ER,15837.36172501782,6270.468903473036
42,42_HE_val.ndpi,42_ER_val.ndpi,42_6,27931.99484007228,2661.8796592383515,0.907338096858342,0.907338096858342,ER,15489.722880550999,4810.913311457831
42,42_HE_val.ndpi,42_ER_val.ndpi,42_7,31628.4977115678,6415.680106750304,0.907338096858342,0.907338096858342,ER,18698.170518958905,8637.77037822605
42,42_HE_val.ndpi,42_ER_val.ndpi,42_8,35735.95532380091,8997.585941833873,0.907338096858342,0.907338096858342,ER,22268.42136302432,10792.243195329416
42,42_HE_val.ndpi,42_ER_val.ndpi,42_9,36221.485413401024,10088.935982716586,0.907338096858342,0.907338096858342,ER,22393.71211283513,11791.839633634267
42,42_HE_val.ndpi,42_ER_val.ndpi,42_10,40559.7070059986,1509.6321139652125,0.907338096858342,0.907338096858342,ER,26183.480139949428,2759.865053809157
42,42_HE_val.ndpi,42_ER_val.ndpi,42_11,24711.889822822744,11850.003132928658,0.907338096858342,0.907338096858342,ER,12263.399352999415,13412.64001235482
42,42_HE_val.ndpi,42_ER_val.ndpi,42_12,18279.287957649205,17827.323289082087,0.907338096858342,0.907338096858342,ER,6458.252570188431,19134.83575435428
42,42_HE_val.ndpi,42_ER_val.ndpi,42_13,25568.596204661317,16929.55193326875,0.907338096858342,0.907338096858342,ER,12877.638415078703,18707.36734608989
42,42_HE_val.ndpi,42_ER_val.ndpi,42_14,26662.159667395143,17490.08312828541,0.907338096858342,0.907338096858342,ER,13745.321546116109,19312.27123319702
42,42_HE_val.ndpi,42_ER_val.ndpi,42_15,28274.487347027025,16286.394429569344,0.907338096858342,0.907338096858342,ER,15568.250462070124,18073.29762762004
42,42_HE_val.ndpi,42_ER_val.ndpi,42_16,28006.188155263408,11984.335964177473,0.907338096858342,0.907338096858342,ER,15799.373245879253,13800.49059694575
42,42_HE_val.ndpi,42_ER_val.ndpi,42_17,36983.137238504016,16999.89450071663,0.907338096858342,0.907338096858342,ER,23113.038740125234,18668.888330301794
42,42_HE_val.ndpi,42_ER_val.ndpi,42_18,36820.58935625696,17237.879786176978,0.907338096858342,0.907338096858342,ER,22951.25134495788,18895.85495253986
42,42_HE_val.ndpi,42_ER_val.ndpi,42_19,39792.86859382572,11337.506683303991,0.907338096858342,0.907338096858342,ER,25143.7040933555,12832.976965226699
42,42_HE_val.ndpi,42_ER_val.ndpi,42_20,40035.60245252694,14434.011409578166,0.907338096858342,0.907338096858342,ER,25555.199172123346,15929.557756614911
42,42_HE_val.ndpi,42_ER_val.ndpi,42_21,38382.05727958959,14646.981612119458,0.907338096858342,0.907338096858342,ER,24249.421437122226,16210.422028619152
42,42_HE_val.ndpi,42_ER_val.ndpi,42_22,37895.171133876516,12659.58696156658,0.907338096858342,0.907338096858342,ER,23795.851461572907,14221.629524814598
42,42_HE_val.ndpi,42_ER_val.ndpi,42_23,31126.43125355268,4296.228371474509,0.907338096858342,0.907338096858342,ER,19091.515919087076,6417.850508071068
42,42_HE_val.ndpi,42_ER_val.ndpi,42_24,25080.61459111936,3781.4424252155736,0.907338096858342,0.907338096858342,ER,12814.39051273193,6041.961717590066
42,42_HE_val.ndpi,42_ER_val.ndpi,42_25,16529.540772429576,4124.0037977641105,0.907338096858342,0.907338096858342,ER,4675.25176138133,5677.115664835525
42,42_HE_val.ndpi,42_ER_val.ndpi,42_26,16689.85348248087,3334.4218017606017,0.907338096858342,0.907338096858342,ER,4676.275962652529,4897.92434739735
42,42_HE_val.ndpi,42_ER_val.ndpi,42_27,26555.170205373404,3097.2253268644818,0.907338096858342,0.907338096858342,ER,14247.114334276637,5228.297981460745
42,42_HE_val.ndpi,42_ER_val.ndpi,42_28,31104.95993362998,652.3066671277704,0.907338096858342,0.907338096858342,ER,18501.9873253845,2401.97088997654
42,42_HE_val.ndpi,42_ER_val.ndpi,42_29,31942.26402732477,771.0242669716089,0.907338096858342,0.907338096858342,ER,19235.41097544659,2301.0426831341733
42,42_HE_val.ndpi,42_ER_val.ndpi,42_30,34942.35989416832,17931.871375184124,0.907338096858342,0.907338096858342,ER,21358.45552538025,19606.092027609113
42,42_HE_val.ndpi,42_ER_val.ndpi,42_31,35784.41423522603,16830.96194983223,0.907338096858342,0.907338096858342,ER,22176.038324743597,18560.113716029824
42,42_HE_val.ndpi,42_ER_val.ndpi,42_32,37348.302673377504,13427.65515481355,0.907338096858342,0.907338096858342,ER,23423.547808414707,15037.826810441153
42,42_HE_val.ndpi,42_ER_val.ndpi,42_33,39378.40519399451,14417.336588042252,0.907338096858342,0.907338096858342,ER,25033.98749609405,15941.862072860276
42,42_HE_val.ndpi,42_ER_val.ndpi,42_34,39090.609652182175,15326.32801952663,0.907338096858342,0.907338096858342,ER,24826.709580302904,16852.46698310118
42,42_HE_val.ndpi,42_ER_val.ndpi,42_35,19041.42485154346,13466.087238434211,0.907338096858342,0.907338096858342,ER,8657.49301791929,14664.588658103692
42,42_HE_val.ndpi,42_ER_val.ndpi,42_36,27426.543813435343,10910.40594552719,0.907338096858342,0.907338096858342,ER,15316.284873609313,12711.2839216919
42,42_HE_val.ndpi,42_ER_val.ndpi,42_37,27220.24780270431,10674.05954631139,0.907338096858342,0.907338096858342,ER,15076.62880998664,12511.462108753814
42,42_HE_val.ndpi,42_ER_val.ndpi,42_38,28246.974566537003,15038.314988589267,0.907338096858342,0.907338096858342,ER,15349.344648704277,17096.783168331043
42,42_HE_val.ndpi,42_ER_val.ndpi,42_39,25722.774401522143,16508.623323307253,0.907338096858342,0.907338096858342,ER,13123.451657761216,18305.6021297062
42,42_HE_val.ndpi,42_ER_val.ndpi,42_40,24324.44411925676,18573.9708944417,0.907338096858342,0.907338096858342,ER,11657.024004349618,20264.05328907644
42,42_HE_val.ndpi,42_ER_val.ndpi,42_41,16974.430291211345,11837.338995021597,0.907338096858342,0.907338096858342,ER,7005.577721782035,13277.950360416875
42,42_HE_val.ndpi,42_ER_val.ndpi,42_42,18348.151128036854,5083.592120078799,0.907338096858342,0.907338096858342,ER,6571.720706877231,6919.838367714124
42,42_HE_val.ndpi,42_ER_val.ndpi,42_43,40894.15711469659,3828.5316142223733,0.907338096858342,0.907338096858342,ER,26246.94367234645,5296.179342897511
42,42_HE_val.ndpi,42_ER_val.ndpi,42_44,21585.59135303627,13552.748329993638,0.907338096858342,0.907338096858342,ER,9986.540253129066,14940.811859087826
42,42_HE_val.ndpi,42_ER_val.ndpi,42_45,22419.22765155968,13813.486582752848,0.907338096858342,0.907338096858342,ER,10326.647353518161,15285.8045738863
42,42_HE_val.ndpi,42_ER_val.ndpi,42_46,28060.123889484155,14837.754943376012,0.907338096858342,0.907338096858342,ER,15057.125932124996,16903.957131838633
42,42_HE_val.ndpi,42_ER_val.ndpi,42_47,28077.947144266258,14369.753438777849,0.907338096858342,0.907338096858342,ER,15129.718586147354,16368.699568308055
42,42_HE_val.ndpi,42_ER_val.ndpi,42_48,17662.833957089977,6067.083977849263,0.907338096858342,0.907338096858342,ER,5828.989034862921,7562.6449273339795
42,42_HE_val.ndpi,42_ER_val.ndpi,42_49,37851.1861500361,18646.90321722816,0.907338096858342,0.907338096858342,ER,23592.463061390703,20123.527020264628
42,42_HE_val.ndpi,42_ER_val.ndpi,42_50,25408.793457047166,4927.135021783755,0.907338096858342,0.907338096858342,ER,13061.00208219983,7037.563127704083
49,49_HE_val.ndpi,49_KI67_val.ndpi,49_0,32138.0350034524,12564.994643707143,0.9109542245502164,0.9109542245502164,KI67,15780.582486525222,11466.684620778371
49,49_HE_val.ndpi,49_KI67_val.ndpi,49_1,32166.630272804487,12208.092980358218,0.9109542245502164,0.9109542245502164,KI67,15892.771882900372,11165.917424598805
49,49_HE_val.ndpi,49_KI67_val.ndpi,49_2,32554.41597076021,12233.945360221922,0.9109542245502164,0.9109542245502164,KI67,16195.318447372641,11193.068309617254
49,49_HE_val.ndpi,49_KI67_val.ndpi,49_3,31733.621767117314,11637.561979621867,0.9109542245502164,0.9109542245502164,KI67,15619.910711848874,10634.562776182542
49,49_HE_val.ndpi,49_KI67_val.ndpi,49_4,32040.740954982906,11361.44965569537,0.9109542245502164,0.9109542245502164,KI67,15781.476883651423,10401.159674176102
49,49_HE_val.ndpi,49_KI67_val.ndpi,49_5,32921.234579147414,13276.903957383242,0.9109542245502164,0.9109542245502164,KI67,16247.84881852229,12133.49478682995
49,49_HE_val.ndpi,49_KI67_val.ndpi,49_6,30128.959822975263,13011.69252638892,0.9109542245502164,0.9109542245502164,KI67,14190.424340099551,11843.272314872498
49,49_HE_val.ndpi,49_KI67_val.ndpi,49_7,28812.405169381113,13396.445069415522,0.9109542245502164,0.9109542245502164,KI67,12998.964429149177,12151.006874400247
49,49_HE_val.ndpi,49_KI67_val.ndpi,49_8,29167.628265580624,13252.347354147798,0.9109542245502164,0.9109542245502164,KI67,13320.014319694064,12037.448726945731
49,49_HE_val.ndpi,49_KI67_val.ndpi,49_9,35942.84056715525,11570.559351791217,0.9109542245502164,0.9109542245502164,KI67,17631.077262889816,10415.017016619871
49,49_HE_val.ndpi,49_KI67_val.ndpi,49_10,35283.46151734039,12526.5434025002,0.9109542245502164,0.9109542245502164,KI67,17154.767229629793,11260.808643675484
49,49_HE_val.ndpi,49_KI67_val.ndpi,49_11,36666.39313763033,12486.717458974952,0.9109542245502164,0.9109542245502164,KI67,17886.17503505041,11180.431144495344
49,49_HE_val.ndpi,49_KI67_val.ndpi,49_12,35211.76902239404,11169.315899238916,0.9109542245502164,0.9109542245502164,KI67,17083.311704620988,10107.854761271907
49,49_HE_val.ndpi,49_KI67_val.ndpi,49_13,33922.33781639665,12640.185347761828,0.9109542245502164,0.9109542245502164,KI67,16767.171462634517,11515.232396239897
49,49_HE_val.ndpi,49_KI67_val.ndpi,49_14,33998.73494621897,11887.48561646904,0.9109542245502164,0.9109542245502164,KI67,17156.92018878225,10821.97197455943
49,49_HE_val.ndpi,49_KI67_val.ndpi,49_15,32493.641958244538,19909.87970447991,0.9109542245502164,0.9109542245502164,KI67,16291.743572709769,17834.86926926912
49,49_HE_val.ndpi,49_KI67_val.ndpi,49_16,32583.28186059241,18857.666919104577,0.9109542245502164,0.9109542245502164,KI67,16358.95030497399,16735.067029834034
49,49_HE_val.ndpi,49_KI67_val.ndpi,49_17,32412.894510055517,19480.241164948427,0.9109542245502164,0.9109542245502164,KI67,16200.664230777518,17331.376775933495
49,49_HE_val.ndpi,49_KI67_val.ndpi,49_18,36300.80569547522,9152.243253184231,0.9109542245502164,0.9109542245502164,KI67,17910.749626286775,8317.811326204743
49,49_HE_val.ndpi,49_KI67_val.ndpi,49_19,36509.33111451793,9285.52814450514,0.9109542245502164,0.9109542245502164,KI67,17989.48740132995,8436.04341722129
49,49_HE_val.ndpi,49_KI67_val.ndpi,49_20,35413.404846845464,7867.483978753362,0.9109542245502164,0.9109542245502164,KI67,17794.129689611276,7082.481134967287
49,49_HE_val.ndpi,49_KI67_val.ndpi,49_21,40406.4865111366,8822.019031038804,0.9109542245502164,0.9109542245502164,KI67,19685.358072073606,7823.271237890253
49,49_HE_val.ndpi,49_KI67_val.ndpi,49_22,41503.76208009348,8946.057553060316,0.9109542245502164,0.9109542245502164,KI67,20423.912489605795,7862.332966420478
49,49_HE_val.ndpi,49_KI67_val.ndpi,49_23,43345.656951081415,8398.003736851031,0.9109542245502164,0.9109542245502164,KI67,21577.64950716129,7264.98255760719
49,49_HE_val.ndpi,49_KI67_val.ndpi,49_24,39328.13192958329,11594.195485747525,0.9109542245502164,0.9109542245502164,KI67,19111.00166610141,10292.266546338991
49,49_HE_val.ndpi,49_KI67_val.ndpi,49_25,38739.66813080984,11548.657483521374,0.9109542245502164,0.9109542245502164,KI67,18816.055946292545,10265.693603653557
49,49_HE_val.ndpi,49_KI67_val.ndpi,49_26,33841.350779861365,18666.436977389265,0.9109542245502164,0.9109542245502164,KI67,17179.378263660947,16723.251275244074
49,49_HE_val.ndpi,49_KI67_val.ndpi,49_27,36752.501636577326,16034.623446875095,0.9109542245502164,0.9109542245502164,KI67,17976.341589613017,14460.595928452954
49,49_HE_val.ndpi,49_KI67_val.ndpi,49_28,34911.14221350154,15682.993859978316,0.9109542245502164,0.9109542245502164,KI67,16889.442394115114,14052.42704445178
49,49_HE_val.ndpi,49_KI67_val.ndpi,49_29,34967.52744179257,15191.901188228847,0.9109542245502164,0.9109542245502164,KI67,17058.91741248943,13660.928905697265
49,49_HE_val.ndpi,49_KI67_val.ndpi,49_30,31178.65699285105,6603.168187170714,0.9109542245502164,0.9109542245502164,KI67,15128.703193851703,6345.003735624145
49,49_HE_val.ndpi,49_KI67_val.ndpi,49_31,32258.673867907684,6444.7194743763375,0.9109542245502164,0.9109542245502164,KI67,16029.675940589907,6199.049055942293
49,49_HE_val.ndpi,49_KI67_val.ndpi,49_32,27212.486105189462,14154.230248632928,0.9109542245502164,0.9109542245502164,KI67,11599.734203226448,12840.339728650682
49,49_HE_val.ndpi,49_KI67_val.ndpi,49_33,26379.82095624583,13041.003296669916,0.9109542245502164,0.9109542245502164,KI67,10926.733584472577,11906.678769307819
49,49_HE_val.ndpi,49_KI67_val.ndpi,49_34,22638.165792337026,8851.724901200872,0.9109542245502164,0.9109542245502164,KI67,7860.988760145604,8266.682437824675
49,49_HE_val.ndpi,49_KI67_val.ndpi,49_35,40465.52168777851,18711.67163234532,0.9109542245502164,0.9109542245502164,KI67,20205.593802581327,16327.41442719281
49,49_HE_val.ndpi,49_KI67_val.ndpi,49_36,40526.253312078035,20451.01152688935,0.9109542245502164,0.9109542245502164,KI67,20568.23548451839,17805.49643327366
49,49_HE_val.ndpi,49_KI67_val.ndpi,49_37,38695.94299329871,20071.278674332232,0.9109542245502164,0.9109542245502164,KI67,19008.027542609703,17641.160146432423
49,49_HE_val.ndpi,49_KI67_val.ndpi,49_38,41871.956711446845,17347.748405800226,0.9109542245502164,0.9109542245502164,KI67,21179.75744478169,15200.056536546848
49,49_HE_val.ndpi,49_KI67_val.ndpi,49_39,41112.22615834483,12360.063818964714,0.9109542245502164,0.9109542245502164,KI67,20352.564399078427,10891.066267451073
49,49_HE_val.ndpi,49_KI67_val.ndpi,49_40,43991.36579036413,15288.450965569617,0.9109542245502164,0.9109542245502164,KI67,22513.493764214756,13370.132935431688
49,49_HE_val.ndpi,49_KI67_val.ndpi,49_41,37985.26517230893,16576.216387401597,0.9109542245502164,0.9109542245502164,KI67,18415.964721901866,15013.073981364167
49,49_HE_val.ndpi,49_KI67_val.ndpi,49_42,35495.41179171412,13379.648015883917,0.9109542245502164,0.9109542245502164,KI67,17173.864776704897,11990.666905611357
49,49_HE_val.ndpi,49_KI67_val.ndpi,49_43,33543.64127892161,13412.506479107577,0.9109542245502164,0.9109542245502164,KI67,16587.630131925926,12252.495447477264
49,49_HE_val.ndpi,49_KI67_val.ndpi,49_44,37555.316514138,11020.791490701937,0.9109542245502164,0.9109542245502164,KI67,18408.98428293517,9755.564390100315
49,49_HE_val.ndpi,49_KI67_val.ndpi,49_45,36381.25088152856,10696.871292996224,0.9109542245502164,0.9109542245502164,KI67,17857.927727408198,9555.164552910252
49,49_HE_val.ndpi,49_KI67_val.ndpi,49_46,36268.223135964035,11382.811199374455,0.9109542245502164,0.9109542245502164,KI67,17812.36459471354,10197.664334347173
49,49_HE_val.ndpi,49_KI67_val.ndpi,49_47,35468.74183190924,14470.009023016592,0.9109542245502164,0.9109542245502164,KI67,17265.058076657613,13023.456914091452
49,49_HE_val.ndpi,49_KI67_val.ndpi,49_48,32272.51330910409,10770.312242127624,0.9109542245502164,0.9109542245502164,KI67,15786.713202013303,9790.159955094081
49,49_HE_val.ndpi,49_KI67_val.ndpi,49_49,34790.329669956685,8914.12881351078,0.9109542245502164,0.9109542245502164,KI67,17350.007238984377,8072.224934485506
82,82_HE_val.ndpi,82_HER2_val.ndpi,82_1,31983.510202608937,2562.419630111589,0.9109542245502164,0.9109542245502164,HER2,32392.25238924012,4820.158997008348
82,82_HE_val.ndpi,82_HER2_val.ndpi,82_2,25295.264168674403,2543.363967566113,0.9109542245502164,0.9109542245502164,HER2,23598.997858041777,2898.0310179127214
82,82_HE_val.ndpi,82_HER2_val.ndpi,82_3,23667.005833375933,14957.589581225395,0.9109542245502164,0.9109542245502164,HER2,25351.43576091957,19487.552178768077
82,82_HE_val.ndpi,82_HER2_val.ndpi,82_4,34862.785141462446,6098.887087202436,0.9109542245502164,0.9109542245502164,HER2,35882.23062367888,12316.766341280783
82,82_HE_val.ndpi,82_HER2_val.ndpi,82_0,35212.494899483536,5456.231595721114,0.9109542245502164,0.9109542245502164,HER2,36574.571998506945,11478.146102690476
82,82_HE_val.ndpi,82_HER2_val.ndpi,82_5,19187.2929805279,14053.649045084065,0.9109542245502164,0.9109542245502164,HER2,18711.85657816122,17453.714803442024
82,82_HE_val.ndpi,82_HER2_val.ndpi,82_6,19734.122800845482,12578.332291969444,0.9109542245502164,0.9109542245502164,HER2,20034.508663008422,14758.100691397089
82,82_HE_val.ndpi,82_HER2_val.ndpi,82_7,19299.279152899624,12119.547887582705,0.9109542245502164,0.9109542245502164,HER2,19189.010477993572,13745.888565551206
82,82_HE_val.ndpi,82_HER2_val.ndpi,82_8,20761.706659337142,10703.861769111425,0.9109542245502164,0.9109542245502164,HER2,20608.79232437835,12107.045434718631
82,82_HE_val.ndpi,82_HER2_val.ndpi,82_9,21683.841249473364,11244.522220563638,0.9109542245502164,0.9109542245502164,HER2,22663.737632719472,13658.042456833586
82,82_HE_val.ndpi,82_HER2_val.ndpi,82_10,26739.78708418563,2465.3521424758333,0.9109542245502164,0.9109542245502164,HER2,25634.099467593467,2791.909986330525
82,82_HE_val.ndpi,82_HER2_val.ndpi,82_11,25013.97659122105,15140.661392689426,0.9109542245502164,0.9109542245502164,HER2,26499.703364955603,19733.96236971051
82,82_HE_val.ndpi,82_HER2_val.ndpi,82_12,26548.11034772456,4851.133765454881,0.9109542245502164,0.9109542245502164,HER2,25455.4671900489,5564.008874122441
82,82_HE_val.ndpi,82_HER2_val.ndpi,82_13,33728.06398647452,7173.038194262375,0.9109542245502164,0.9109542245502164,HER2,35697.13614803022,13069.60601520145
82,82_HE_val.ndpi,82_HER2_val.ndpi,82_14,34321.11061383186,6805.732098967082,0.9109542245502164,0.9109542245502164,HER2,35596.33306712992,13143.089173741057
82,82_HE_val.ndpi,82_HER2_val.ndpi,82_15,32428.033348559657,3662.483070674632,0.9109542245502164,0.9109542245502164,HER2,32860.82232472344,6643.166335470038
82,82_HE_val.ndpi,82_HER2_val.ndpi,82_16,33239.0208167762,3783.628642460468,0.9109542245502164,0.9109542245502164,HER2,34298.20235793171,7609.025549630195
82,82_HE_val.ndpi,82_HER2_val.ndpi,82_17,31776.609844129733,16381.3604963426,0.9109542245502164,0.9109542245502164,HER2,35832.93263933638,26034.817459962833
82,82_HE_val.ndpi,82_HER2_val.ndpi,82_18,31250.17964513897,16719.49008179903,0.9109542245502164,0.9109542245502164,HER2,35063.36249657678,25900.193662855072
82,82_HE_val.ndpi,82_HER2_val.ndpi,82_19,33431.27249227607,16043.692062362676,0.9109542245502164,0.9109542245502164,HER2,37770.02197622038,26812.33988216211
82,82_HE_val.ndpi,82_HER2_val.ndpi,82_20,33975.819912338884,13610.753162163976,0.9109542245502164,0.9109542245502164,HER2,38791.95202963028,24389.18726387312
82,82_HE_val.ndpi,82_HER2_val.ndpi,82_21,34499.099367615,11958.687201317236,0.9109542245502164,0.9109542245502164,HER2,38942.96356973169,22710.705025741205
82,82_HE_val.ndpi,82_HER2_val.ndpi,82_22,35044.776313256785,9666.472485191303,0.9109542245502164,0.9109542245502164,HER2,37268.6940236165,19149.415669963906
82,82_HE_val.ndpi,82_HER2_val.ndpi,82_23,35056.4685905199,7548.412538358543,0.9109542245502164,0.9109542245502164,HER2,36555.92494269307,15256.604003974597
82,82_HE_val.ndpi,82_HER2_val.ndpi,82_24,32999.739588589466,4433.069119722153,0.9109542245502164,0.9109542245502164,HER2,33924.47185593073,7974.60039946815
82,82_HE_val.ndpi,82_HER2_val.ndpi,82_25,35195.70974034715,3536.330346591833,0.9109542245502164,0.9109542245502164,HER2,36888.331736401175,9126.518290078377
82,82_HE_val.ndpi,82_HER2_val.ndpi,82_26,22638.827671342733,14076.426751111643,0.9109542245502164,0.9109542245502164,HER2,24670.730100945755,18461.963003987148
82,82_HE_val.ndpi,82_HER2_val.ndpi,82_27,21230.33541356866,14111.450317105337,0.9109542245502164,0.9109542245502164,HER2,22761.871407864448,17977.778174553507
82,82_HE_val.ndpi,82_HER2_val.ndpi,82_28,19750.681624981135,13441.197252156817,0.9109542245502164,0.9109542245502164,HER2,20178.140646331125,16548.840106113003
82,82_HE_val.ndpi,82_HER2_val.ndpi,82_29,20411.39968567439,13670.926929737829,0.9109542245502164,0.9109542245502164,HER2,21337.488593240425,17205.800185727134
82,82_HE_val.ndpi,82_HER2_val.ndpi,82_30,21687.190320226346,9475.480492481622,0.9109542245502164,0.9109542245502164,HER2,21410.77366318844,10696.818248821046
82,82_HE_val.ndpi,82_HER2_val.ndpi,82_31,22377.32443936893,9461.780559595394,0.9109542245502164,0.9109542245502164,HER2,22304.963675497565,11106.39227063666
82,82_HE_val.ndpi,82_HER2_val.ndpi,82_32,25610.988498637358,13180.485717174824,0.9109542245502164,0.9109542245502164,HER2,27423.84456020081,17452.08763364056
82,82_HE_val.ndpi,82_HER2_val.ndpi,82_33,25318.969646369093,13585.526951631024,0.9109542245502164,0.9109542245502164,HER2,27195.25574494494,17879.03576037189
82,82_HE_val.ndpi,82_HER2_val.ndpi,82_34,25125.63438512848,11803.435229711666,0.9109542245502164,0.9109542245502164,HER2,27768.764761783037,16151.54795377809
82,82_HE_val.ndpi,82_HER2_val.ndpi,82_35,22014.55855710836,2487.7323478162994,0.9109542245502164,0.9109542245502164,HER2,18867.952051517805,2324.7590275785174
82,82_HE_val.ndpi,82_HER2_val.ndpi,82_36,27085.28955592501,6394.356997136718,0.9109542245502164,0.9109542245502164,HER2,27567.881967498888,7865.999141090306
82,82_HE_val.ndpi,82_HER2_val.ndpi,82_37,20931.791883439742,10296.58125677303,0.9109542245502164,0.9109542245502164,HER2,20758.76546317736,11507.219045283604
82,82_HE_val.ndpi,82_HER2_val.ndpi,82_38,26042.502199009257,15182.326023271766,0.9109542245502164,0.9109542245502164,HER2,27880.966032765464,19771.45957620849
82,82_HE_val.ndpi,82_HER2_val.ndpi,82_39,25480.971506340396,14701.872421382073,0.9109542245502164,0.9109542245502164,HER2,27085.26295461583,19224.655075251052
82,82_HE_val.ndpi,82_HER2_val.ndpi,82_40,33262.850322739265,14736.384523073171,0.9109542245502164,0.9109542245502164,HER2,37703.81703444813,25109.171478319255
82,82_HE_val.ndpi,82_HER2_val.ndpi,82_41,32770.59346674129,16364.921750401529,0.9109542245502164,0.9109542245502164,HER2,37013.75493025317,26786.51124268345
82,82_HE_val.ndpi,82_HER2_val.ndpi,82_42,32584.71072277412,15107.343611188157,0.9109542245502164,0.9109542245502164,HER2,36960.0302776302,25158.208056710053
82,82_HE_val.ndpi,82_HER2_val.ndpi,82_43,24858.827458651544,7482.891303336879,0.9109542245502164,0.9109542245502164,HER2,24541.660820801328,9150.996802282296
82,82_HE_val.ndpi,82_HER2_val.ndpi,82_44,22171.299875065353,9310.13175106044,0.9109542245502164,0.9109542245502164,HER2,21880.911502417704,10778.84018965455
82,82_HE_val.ndpi,82_HER2_val.ndpi,82_45,23416.465286494018,7817.677413560845,0.9109542245502164,0.9109542245502164,HER2,22794.561733251678,9109.21031792623
82,82_HE_val.ndpi,82_HER2_val.ndpi,82_46,24140.087197329845,2563.158193476877,0.9109542245502164,0.9109542245502164,HER2,21854.807814648604,2948.100080666983
82,82_HE_val.ndpi,82_HER2_val.ndpi,82_47,19355.425913701347,8204.903794741485,0.9109542245502164,0.9109542245502164,HER2,16494.542908613297,8322.303635426098
82,82_HE_val.ndpi,82_HER2_val.ndpi,82_48,29825.265838377996,16949.3387234187,0.9109542245502164,0.9109542245502164,HER2,33056.429785551576,25151.263375071045
82,82_HE_val.ndpi,82_HER2_val.ndpi,82_49,31141.7123620082,15375.460086186484,0.9109542245502164,0.9109542245502164,HER2,35683.17463908381,24200.465019517025
34,34_HE_val.ndpi,34_KI67_val.ndpi,34_0,29502.377675580014,9704.792803354982,0.919793966151582,0.919793966151582,KI67,15645.680924183334,7521.125540577805
34,34_HE_val.ndpi,34_KI67_val.ndpi,34_1,30955.181726517178,8957.717424329781,0.919793966151582,0.919793966151582,KI67,17226.368007717032,7043.453734283472
34,34_HE_val.ndpi,34_KI67_val.ndpi,34_2,34967.7010205606,11467.97928526387,0.919793966151582,0.919793966151582,KI67,20868.172508722062,8836.809396083834
34,34_HE_val.ndpi,34_KI67_val.ndpi,34_3,30395.055930538707,5659.765809097517,0.919793966151582,0.919793966151582,KI67,16552.80140562556,3755.9915558755815
34,34_HE_val.ndpi,34_KI67_val.ndpi,34_4,30929.773046823037,5219.37757363756,0.919793966151582,0.919793966151582,KI67,17111.53887336451,3306.824934760308
34,34_HE_val.ndpi,34_KI67_val.ndpi,34_5,31460.76584613814,4671.3006730426005,0.919793966151582,0.919793966151582,KI67,17682.34976233715,2723.757208489285
34,34_HE_val.ndpi,34_KI67_val.ndpi,34_6,32287.05367660417,5540.744268766321,0.919793966151582,0.919793966151582,KI67,18363.54093214378,3500.4341757068446
34,34_HE_val.ndpi,34_KI67_val.ndpi,34_7,33701.86188166076,5114.350745865561,0.919793966151582,0.919793966151582,KI67,19717.317224675688,2983.078631058541
34,34_HE_val.ndpi,34_KI67_val.ndpi,34_8,35480.33635164433,6632.110978812987,0.919793966151582,0.919793966151582,KI67,21117.085170517123,4860.406548951204
34,34_HE_val.ndpi,34_KI67_val.ndpi,34_9,31728.332207331998,12973.030269524796,0.919793966151582,0.919793966151582,KI67,17916.765652426722,10204.861238790101
34,34_HE_val.ndpi,34_KI67_val.ndpi,34_10,31271.657597098252,11061.55847211193,0.919793966151582,0.919793966151582,KI67,17674.528506448085,8414.784710727281
34,34_HE_val.ndpi,34_KI67_val.ndpi,34_11,31820.256961080788,10520.487090033346,0.919793966151582,0.919793966151582,KI67,18119.442705146586,8031.217714451935
34,34_HE_val.ndpi,34_KI67_val.ndpi,34_12,32599.22187073625,8843.769172731547,0.919793966151582,0.919793966151582,KI67,18692.207893672537,6874.846024348211
34,34_HE_val.ndpi,34_KI67_val.ndpi,34_13,32693.76855182939,8159.675162712196,0.919793966151582,0.919793966151582,KI67,18849.282275558442,6350.556197847133
34,34_HE_val.ndpi,34_KI67_val.ndpi,34_14,31654.245634561656,7637.526370371753,0.919793966151582,0.919793966151582,KI67,17910.800307904876,5885.959877473988
34,34_HE_val.ndpi,34_KI67_val.ndpi,34_15,30765.671691711603,15131.809116282066,0.919793966151582,0.919793966151582,KI67,17548.784960653637,11692.388042674516
34,34_HE_val.ndpi,34_KI67_val.ndpi,34_16,30222.992266458477,14383.247332145835,0.919793966151582,0.919793966151582,KI67,16965.183506782945,11277.893756986088
34,34_HE_val.ndpi,34_KI67_val.ndpi,34_17,31372.184731159614,16350.955727892944,0.919793966151582,0.919793966151582,KI67,18144.460226493233,12858.345253293615
34,34_HE_val.ndpi,34_KI67_val.ndpi,34_18,30523.641960471152,16032.194572246191,0.919793966151582,0.919793966151582,KI67,17360.309397805762,12578.033545987424
34,34_HE_val.ndpi,34_KI67_val.ndpi,34_19,27309.92757194656,15508.156077968379,0.919793966151582,0.919793966151582,KI67,14506.028638276804,12003.273513678743
34,34_HE_val.ndpi,34_KI67_val.ndpi,34_20,28289.156316528155,14600.525342984873,0.919793966151582,0.919793966151582,KI67,15444.328057407023,11229.570783951296
34,34_HE_val.ndpi,34_KI67_val.ndpi,34_21,25525.69984499377,11849.601404901035,0.919793966151582,0.919793966151582,KI67,12378.53736897439,8784.258731311502
34,34_HE_val.ndpi,34_KI67_val.ndpi,34_22,23607.883521336957,12788.741568146741,0.919793966151582,0.919793966151582,KI67,10529.136543221126,9283.238632859791
34,34_HE_val.ndpi,34_KI67_val.ndpi,34_23,22661.31433326797,12296.128782179205,0.919793966151582,0.919793966151582,KI67,9527.049777592469,9003.656800130364
34,34_HE_val.ndpi,34_KI67_val.ndpi,34_24,23241.65422601425,13930.720809127874,0.919793966151582,0.919793966151582,KI67,10258.740455221043,10502.330744168963
34,34_HE_val.ndpi,34_KI67_val.ndpi,34_25,34074.922761566166,20240.615054862883,0.919793966151582,0.919793966151582,KI67,20440.30851555936,16938.43037006684
34,34_HE_val.ndpi,34_KI67_val.ndpi,34_26,33824.816027475594,19838.19955595988,0.919793966151582,0.919793966151582,KI67,20148.54381834129,16515.8832194646
34,34_HE_val.ndpi,34_KI67_val.ndpi,34_27,29933.446756973746,19490.002933585387,0.919793966151582,0.919793966151582,KI67,16981.680364063268,15809.484199828059
34,34_HE_val.ndpi,34_KI67_val.ndpi,34_28,30312.67243407564,20042.038672450453,0.919793966151582,0.919793966151582,KI67,17211.66204004082,16276.13584924844
34,34_HE_val.ndpi,34_KI67_val.ndpi,34_29,32187.534428509796,18575.031147951842,0.919793966151582,0.919793966151582,KI67,18766.46436631359,15009.779130207875
34,34_HE_val.ndpi,34_KI67_val.ndpi,34_30,33098.03397433674,16785.2780881681,0.919793966151582,0.919793966151582,KI67,19324.940825274643,13353.73450748305
34,34_HE_val.ndpi,34_KI67_val.ndpi,34_31,36238.673506110936,13845.216399980043,0.919793966151582,0.919793966151582,KI67,21718.799767103457,11571.82229359656
34,34_HE_val.ndpi,34_KI67_val.ndpi,34_32,38750.63938215903,7981.049627865204,0.919793966151582,0.919793966151582,KI67,23490.710475168133,6576.493904556455
34,34_HE_val.ndpi,34_KI67_val.ndpi,34_33,40793.42430594125,20897.941005054585,0.919793966151582,0.919793966151582,KI67,25761.833866122455,18628.86992213701
34,34_HE_val.ndpi,34_KI67_val.ndpi,34_34,37663.60346029083,19353.846724376905,0.919793966151582,0.919793966151582,KI67,23275.662140492415,16698.14028046129
34,34_HE_val.ndpi,34_KI67_val.ndpi,34_35,39839.137738675476,18021.104079882472,0.919793966151582,0.919793966151582,KI67,24735.853243803802,15775.76715588598
34,34_HE_val.ndpi,34_KI67_val.ndpi,34_36,26210.086089618457,16327.097824366385,0.919793966151582,0.919793966151582,KI67,13575.481400196799,13007.098432196512
34,34_HE_val.ndpi,34_KI67_val.ndpi,34_37,30503.078378408914,11060.335109588903,0.919793966151582,0.919793966151582,KI67,17004.14207675677,8565.48027474912
34,34_HE_val.ndpi,34_KI67_val.ndpi,34_38,25698.554078905123,9108.518426079392,0.919793966151582,0.919793966151582,KI67,11768.282181366307,6833.860878103473
34,34_HE_val.ndpi,34_KI67_val.ndpi,34_39,24343.048959298707,8820.108871780398,0.919793966151582,0.919793966151582,KI67,10142.546647763356,6009.6523383278645
34,34_HE_val.ndpi,34_KI67_val.ndpi,34_40,24192.048602309736,9733.492117444965,0.919793966151582,0.919793966151582,KI67,10623.498058545107,7030.042158072299
34,34_HE_val.ndpi,34_KI67_val.ndpi,34_41,23025.503609665247,10780.42696912528,0.919793966151582,0.919793966151582,KI67,9977.61810393219,7848.799590513217
34,34_HE_val.ndpi,34_KI67_val.ndpi,34_42,22733.21348191044,10342.103700046651,0.919793966151582,0.919793966151582,KI67,9662.4374685541,7260.393339795846
34,34_HE_val.ndpi,34_KI67_val.ndpi,34_43,22175.522357698705,8588.341707451493,0.919793966151582,0.919793966151582,KI67,8964.661265153394,5444.840362108936
34,34_HE_val.ndpi,34_KI67_val.ndpi,34_44,33354.11217940019,8731.798130906294,0.919793966151582,0.919793966151582,KI67,19394.48780886752,6671.877343243286
34,34_HE_val.ndpi,34_KI67_val.ndpi,34_45,33891.3189308932,8266.60393301459,0.919793966151582,0.919793966151582,KI67,19932.524471793393,6207.117700391703
34,34_HE_val.ndpi,34_KI67_val.ndpi,34_46,32839.65482695491,6610.855442450366,0.919793966151582,0.919793966151582,KI67,18929.88175207293,4644.998732998019
34,34_HE_val.ndpi,34_KI67_val.ndpi,34_47,33801.98723818906,14717.388222365193,0.919793966151582,0.919793966151582,KI67,19535.231139073458,12104.323143106429
34,34_HE_val.ndpi,34_KI67_val.ndpi,34_48,35207.95984138727,14351.978414331003,0.919793966151582,0.919793966151582,KI67,20977.50004472244,11856.598731702208
34,34_HE_val.ndpi,34_KI67_val.ndpi,34_49,31891.528893994346,12299.106312263484,0.919793966151582,0.919793966151582,KI67,18079.59842939385,9395.17781846847
59,59_HE_val.ndpi,59_HER2_val.ndpi,59_0,21770.68325624526,12988.095044262487,0.919793966151582,0.919793966151582,HER2,16086.450713875407,10486.301667562444
59,59_HE_val.ndpi,59_HER2_val.ndpi,59_1,20015.384680860847,14250.750425312604,0.919793966151582,0.919793966151582,HER2,14222.321754983455,11485.747007016187
59,59_HE_val.ndpi,59_HER2_val.ndpi,59_2,22652.52478672644,11836.189468181103,0.919793966151582,0.919793966151582,HER2,17073.743643831855,9412.06749941774
59,59_HE_val.ndpi,59_HER2_val.ndpi,59_3,25158.550699579577,14234.471502294626,0.919793966151582,0.919793966151582,HER2,23074.276090236293,12534.469188389765
59,59_HE_val.ndpi,59_HER2_val.ndpi,59_4,19655.50604179463,15576.343513353782,0.919793966151582,0.919793966151582,HER2,14014.288414742205,12914.554995094208
59,59_HE_val.ndpi,59_HER2_val.ndpi,59_5,25091.243820317988,17296.438008813995,0.919793966151582,0.919793966151582,HER2,26162.094701785736,15718.939856646584
59,59_HE_val.ndpi,59_HER2_val.ndpi,59_6,28113.95611121833,13012.100968508435,0.919793966151582,0.919793966151582,HER2,28268.88311386406,11329.79182743535
59,59_HE_val.ndpi,59_HER2_val.ndpi,59_7,30000.090569875912,14733.597755957217,0.919793966151582,0.919793966151582,HER2,32305.25078173193,13045.954746943773
59,59_HE_val.ndpi,59_HER2_val.ndpi,59_8,23529.2955916638,9325.779672476809,0.919793966151582,0.919793966151582,HER2,18574.97084424257,7227.240388182207
59,59_HE_val.ndpi,59_HER2_val.ndpi,59_9,23849.085370658086,8876.665773190844,0.919793966151582,0.919793966151582,HER2,18915.73638223617,6917.059342159352
59,59_HE_val.ndpi,59_HER2_val.ndpi,59_10,18455.502702778103,14879.523858720533,0.919793966151582,0.919793966151582,HER2,12689.67911987206,12254.060349485457
59,59_HE_val.ndpi,59_HER2_val.ndpi,59_11,20738.220836737528,15167.171553848564,0.919793966151582,0.919793966151582,HER2,15063.966293278962,12539.12471042449
59,59_HE_val.ndpi,59_HER2_val.ndpi,59_12,21780.73055750809,15030.209241685254,0.919793966151582,0.919793966151582,HER2,16161.490797655088,12429.943930067706
59,59_HE_val.ndpi,59_HER2_val.ndpi,59_13,21809.75952126229,14770.408117890136,0.919793966151582,0.919793966151582,HER2,16186.7809737306,12183.607607372967
59,59_HE_val.ndpi,59_HER2_val.ndpi,59_14,24444.7165320076,10199.218666788063,0.919793966151582,0.919793966151582,HER2,20962.185563611216,8130.193770160555
59,59_HE_val.ndpi,59_HER2_val.ndpi,59_15,24699.29540617761,9596.237208664224,0.919793966151582,0.919793966151582,HER2,21423.074099739402,7719.810152870961
59,59_HE_val.ndpi,59_HER2_val.ndpi,59_16,22401.30169744823,12676.378891911867,0.919793966151582,0.919793966151582,HER2,16759.553250422327,10181.539550700523
59,59_HE_val.ndpi,59_HER2_val.ndpi,59_17,23359.683069361632,11290.41811464049,0.919793966151582,0.919793966151582,HER2,18205.186018094155,8891.19652951578
59,59_HE_val.ndpi,59_HER2_val.ndpi,59_18,23401.396503643453,10918.14876302549,0.919793966151582,0.919793966151582,HER2,18385.456328549648,8542.213763087675
59,59_HE_val.ndpi,59_HER2_val.ndpi,59_19,20264.83379341292,10586.773344801448,0.919793966151582,0.919793966151582,HER2,14859.761188982073,8194.396726668994
59,59_HE_val.ndpi,59_HER2_val.ndpi,59_20,26877.75621627521,15436.523470041599,0.919793966151582,0.919793966151582,HER2,26973.63096027058,13508.77269522394
59,59_HE_val.ndpi,59_HER2_val.ndpi,59_21,28274.523746543702,11799.23435534418,0.919793966151582,0.919793966151582,HER2,28076.802132106877,10054.955492869245
59,59_HE_val.ndpi,59_HER2_val.ndpi,59_22,27127.43369837373,11883.555272904036,0.919793966151582,0.919793966151582,HER2,26384.432969290076,10056.109093976202
59,59_HE_val.ndpi,59_HER2_val.ndpi,59_23,25440.657243781254,11956.059190581529,0.919793966151582,0.919793966151582,HER2,22929.577377877205,9926.988756284545
59,59_HE_val.ndpi,59_HER2_val.ndpi,59_24,15283.121618260822,15842.93850793599,0.919793966151582,0.919793966151582,HER2,9540.405503473385,13246.204708021454
59,59_HE_val.ndpi,59_HER2_val.ndpi,59_25,24488.70665029045,15170.541039067737,0.919793966151582,0.919793966151582,HER2,21265.144948867666,12992.249734748313
59,59_HE_val.ndpi,59_HER2_val.ndpi,59_26,23708.59826327564,15051.86359400532,0.919793966151582,0.919793966151582,HER2,19198.181677742054,12620.885732480758
59,59_HE_val.ndpi,59_HER2_val.ndpi,59_27,21026.54748745585,13845.53005652498,0.919793966151582,0.919793966151582,HER2,15302.338001366788,11244.007362930739
59,59_HE_val.ndpi,59_HER2_val.ndpi,59_28,21567.226070818768,13505.831902369859,0.919793966151582,0.919793966151582,HER2,15865.007787805565,10956.749138871415
59,59_HE_val.ndpi,59_HER2_val.ndpi,59_29,19210.257869673416,13749.28880372145,0.919793966151582,0.919793966151582,HER2,13525.912046384823,11182.489317257096
59,59_HE_val.ndpi,59_HER2_val.ndpi,59_30,17796.618278965234,12837.198259590898,0.919793966151582,0.919793966151582,HER2,11919.128655980134,10371.57490261823
59,59_HE_val.ndpi,59_HER2_val.ndpi,59_31,21974.97359478569,12580.724792546096,0.919793966151582,0.919793966151582,HER2,16291.308262626431,10092.971261146466
59,59_HE_val.ndpi,59_HER2_val.ndpi,59_32,26955.70552574402,13753.558180834292,0.919793966151582,0.919793966151582,HER2,27040.1296280408,12215.91355451609
59,59_HE_val.ndpi,59_HER2_val.ndpi,59_33,25627.326191121283,10551.831726996234,0.919793966151582,0.919793966151582,HER2,23550.306087845805,8578.856808517894
59,59_HE_val.ndpi,59_HER2_val.ndpi,59_34,26338.557792860815,17306.134741720773,0.919793966151582,0.919793966151582,HER2,28460.399676775553,15682.386216968918
59,59_HE_val.ndpi,59_HER2_val.ndpi,59_35,28627.433622486118,15927.922059055949,0.919793966151582,0.919793966151582,HER2,30948.739249715873,13890.077672970678
59,59_HE_val.ndpi,59_HER2_val.ndpi,59_36,30848.737733917227,14685.075943472839,0.919793966151582,0.919793966151582,HER2,32927.56539206865,13013.445667661566
59,59_HE_val.ndpi,59_HER2_val.ndpi,59_37,25047.54072830046,16934.21996930375,0.919793966151582,0.919793966151582,HER2,25595.36374525175,15381.692463150204
59,59_HE_val.ndpi,59_HER2_val.ndpi,59_38,20183.575578378517,14612.936946237394,0.919793966151582,0.919793966151582,HER2,14381.10139991408,11771.060098515023
59,59_HE_val.ndpi,59_HER2_val.ndpi,59_39,19702.13869781098,14724.768799285583,0.919793966151582,0.919793966151582,HER2,13887.470509400184,11963.517009444402
59,59_HE_val.ndpi,59_HER2_val.ndpi,59_40,18482.241566722794,15415.403633153192,0.919793966151582,0.919793966151582,HER2,12794.510709518832,12749.403790226981
59,59_HE_val.ndpi,59_HER2_val.ndpi,59_41,18678.977175237476,14026.965991063027,0.919793966151582,0.919793966151582,HER2,12958.885094597075,11473.393316921942
59,59_HE_val.ndpi,59_HER2_val.ndpi,59_42,18562.750952795563,15585.594206179587,0.919793966151582,0.919793966151582,HER2,12865.808912521568,12935.007605329565
59,59_HE_val.ndpi,59_HER2_val.ndpi,59_43,27105.388988683782,11633.297100626647,0.919793966151582,0.919793966151582,HER2,26314.187280680366,9785.552836270921
59,59_HE_val.ndpi,59_HER2_val.ndpi,59_44,23475.091791125466,8814.209241347611,0.919793966151582,0.919793966151582,HER2,18352.292948175247,6761.243016173649
59,59_HE_val.ndpi,59_HER2_val.ndpi,59_45,21957.829256765875,13250.432794871951,0.919793966151582,0.919793966151582,HER2,16287.74342206504,10726.197326360681
59,59_HE_val.ndpi,59_HER2_val.ndpi,59_46,21670.124252147718,13337.887648110556,0.919793966151582,0.919793966151582,HER2,15976.643567771276,10805.575200716134
59,59_HE_val.ndpi,59_HER2_val.ndpi,59_47,20286.809341823187,14404.199540877129,0.919793966151582,0.919793966151582,HER2,14500.219619800757,11615.103951554625
59,59_HE_val.ndpi,59_HER2_val.ndpi,59_48,19840.711771512433,14536.053627510437,0.919793966151582,0.919793966151582,HER2,13998.784837327219,11726.644684713765
59,59_HE_val.ndpi,59_HER2_val.ndpi,59_49,18436.330682996024,10674.943876086028,0.919793966151582,0.919793966151582,HER2,12770.575282710082,8181.387663881377
4,4_HE_val.ndpi,4_HER2_val.ndpi,4_0,41284.367347945736,11965.479611959658,0.9097732390201744,0.9097732390201744,HER2,30310.495975952337,12844.1817928773
4,4_HE_val.ndpi,4_HER2_val.ndpi,4_1,41613.914235609685,11885.779098414056,0.9097732390201744,0.9097732390201744,HER2,30697.78547061999,12780.754353522776
4,4_HE_val.ndpi,4_HER2_val.ndpi,4_2,41448.47109810623,10810.83929398288,0.9097732390201744,0.9097732390201744,HER2,30535.489793941902,11722.036998319905
4,4_HE_val.ndpi,4_HER2_val.ndpi,4_3,41838.67831088363,8102.525075857158,0.9097732390201744,0.9097732390201744,HER2,30512.194933040133,9586.125832750418
4,4_HE_val.ndpi,4_HER2_val.ndpi,4_4,42320.363040633776,8243.055592926628,0.9097732390201744,0.9097732390201744,HER2,31011.194053949264,9645.147922736105
4,4_HE_val.ndpi,4_HER2_val.ndpi,4_5,38745.46331252391,5997.654857726902,0.9097732390201744,0.9097732390201744,HER2,26886.025536349058,8011.264734019992
4,4_HE_val.ndpi,4_HER2_val.ndpi,4_6,38821.907838164676,6721.653117688227,0.9097732390201744,0.9097732390201744,HER2,26988.89488049561,8726.272928929051
4,4_HE_val.ndpi,4_HER2_val.ndpi,4_7,40536.017947305474,6456.068204296359,0.9097732390201744,0.9097732390201744,HER2,29091.813361764176,8690.203101990768
4,4_HE_val.ndpi,4_HER2_val.ndpi,4_8,40513.76265120445,2575.396758627518,0.9097732390201744,0.9097732390201744,HER2,28236.89127650692,3321.62824880069
4,4_HE_val.ndpi,4_HER2_val.ndpi,4_9,31154.69648285428,15862.410220719355,0.9097732390201744,0.9097732390201744,HER2,17654.651981146428,16421.025288107798
4,4_HE_val.ndpi,4_HER2_val.ndpi,4_10,34955.45195838366,15480.086793058095,0.9097732390201744,0.9097732390201744,HER2,22087.042015732466,16233.743162850333
4,4_HE_val.ndpi,4_HER2_val.ndpi,4_11,31825.893552452075,17442.563520878273,0.9097732390201744,0.9097732390201744,HER2,18392.73435077565,18463.237716992073
4,4_HE_val.ndpi,4_HER2_val.ndpi,4_12,27676.74416340596,15745.655306705847,0.9097732390201744,0.9097732390201744,HER2,14476.03191838645,16179.96385569574
4,4_HE_val.ndpi,4_HER2_val.ndpi,4_13,25631.289197345322,13219.859101637674,0.9097732390201744,0.9097732390201744,HER2,12782.498228632667,13859.913967193335
4,4_HE_val.ndpi,4_HER2_val.ndpi,4_14,27510.785765700948,11326.009045346109,0.9097732390201744,0.9097732390201744,HER2,14548.29823033501,11821.129414760535
4,4_HE_val.ndpi,4_HER2_val.ndpi,4_15,26607.66202439853,11545.064989449542,0.9097732390201744,0.9097732390201744,HER2,13736.206346114228,12047.88291961348
4,4_HE_val.ndpi,4_HER2_val.ndpi,4_16,24452.981492510447,10644.471290172904,0.9097732390201744,0.9097732390201744,HER2,11751.902664070467,11398.041218702656
4,4_HE_val.ndpi,4_HER2_val.ndpi,4_17,24631.06506221868,9364.523435466586,0.9097732390201744,0.9097732390201744,HER2,11955.882533125032,10158.470094845938
4,4_HE_val.ndpi,4_HER2_val.ndpi,4_18,26130.827784890997,7149.717672375396,0.9097732390201744,0.9097732390201744,HER2,13296.62130523721,7964.044299897644
4,4_HE_val.ndpi,4_HER2_val.ndpi,4_19,26748.649565188392,7235.943659737023,0.9097732390201744,0.9097732390201744,HER2,13856.968863559949,8128.313334488141
4,4_HE_val.ndpi,4_HER2_val.ndpi,4_20,31068.484515829237,2932.2934389031043,0.9097732390201744,0.9097732390201744,HER2,17741.57885240294,4554.13261560865
4,4_HE_val.ndpi,4_HER2_val.ndpi,4_21,34130.52097926983,10480.916816066025,0.9097732390201744,0.9097732390201744,HER2,20616.900241930452,11234.967085175596
4,4_HE_val.ndpi,4_HER2_val.ndpi,4_22,35526.987782129865,4199.586442718022,0.9097732390201744,0.9097732390201744,HER2,22365.684153394694,5635.73935473698
4,4_HE_val.ndpi,4_HER2_val.ndpi,4_23,39963.45362564598,9451.099720904875,0.9097732390201744,0.9097732390201744,HER2,28467.10128228393,10527.947179173625
4,4_HE_val.ndpi,4_HER2_val.ndpi,4_24,26094.13963126212,19124.103218581302,0.9097732390201744,0.9097732390201744,HER2,13108.946565373175,19424.12735925511
4,4_HE_val.ndpi,4_HER2_val.ndpi,4_25,29505.81051386355,13718.023325300732,0.9097732390201744,0.9097732390201744,HER2,16198.346001845202,14405.913794928176
4,4_HE_val.ndpi,4_HER2_val.ndpi,4_26,28121.569473155483,9041.091148120506,0.9097732390201744,0.9097732390201744,HER2,14666.797194836916,10104.837263531646
4,4_HE_val.ndpi,4_HER2_val.ndpi,4_27,27813.69562145967,7805.256751262893,0.9097732390201744,0.9097732390201744,HER2,14680.72292251884,8789.890857226854
4,4_HE_val.ndpi,4_HER2_val.ndpi,4_28,27210.08557238083,6335.490973367932,0.9097732390201744,0.9097732390201744,HER2,14322.319770016124,7719.641897180227
4,4_HE_val.ndpi,4_HER2_val.ndpi,4_29,27807.16897663563,5237.830308604689,0.9097732390201744,0.9097732390201744,HER2,14916.41548792652,6957.291541952811
4,4_HE_val.ndpi,4_HER2_val.ndpi,4_30,26787.884061893936,4775.251053976749,0.9097732390201744,0.9097732390201744,HER2,14012.518451123162,6398.343854960863
4,4_HE_val.ndpi,4_HER2_val.ndpi,4_31,34158.33365477775,8312.496882870942,0.9097732390201744,0.9097732390201744,HER2,21438.47951106944,9450.798747438344
4,4_HE_val.ndpi,4_HER2_val.ndpi,4_32,40163.92428953688,13006.165788185072,0.9097732390201744,0.9097732390201744,HER2,28655.051125233425,13839.540435893208
4,4_HE_val.ndpi,4_HER2_val.ndpi,4_33,45501.56061679569,11430.433614915122,0.9097732390201744,0.9097732390201744,HER2,33595.757834431235,12284.198892050532
4,4_HE_val.ndpi,4_HER2_val.ndpi,4_34,41302.16745232986,14976.894233233259,0.9097732390201744,0.9097732390201744,HER2,30296.91027532166,15718.851343947734
4,4_HE_val.ndpi,4_HER2_val.ndpi,4_35,36001.03849061817,17335.946232829745,0.9097732390201744,0.9097732390201744,HER2,23646.25567934363,18521.941419452043
4,4_HE_val.ndpi,4_HER2_val.ndpi,4_36,37368.00863572753,16181.268674830393,0.9097732390201744,0.9097732390201744,HER2,25129.285105919207,17270.368010620798
4,4_HE_val.ndpi,4_HER2_val.ndpi,4_37,38643.48114108516,14551.64294314728,0.9097732390201744,0.9097732390201744,HER2,26421.988195239162,15479.024822613406
4,4_HE_val.ndpi,4_HER2_val.ndpi,4_38,39214.17172130859,13212.600406251748,0.9097732390201744,0.9097732390201744,HER2,27505.183797122678,14015.98598641147
4,4_HE_val.ndpi,4_HER2_val.ndpi,4_39,36748.14917531853,11731.128947251498,0.9097732390201744,0.9097732390201744,HER2,24372.90885241913,12526.089391560301
4,4_HE_val.ndpi,4_HER2_val.ndpi,4_40,35189.486807579866,11709.169298484669,0.9097732390201744,0.9097732390201744,HER2,22481.080632403533,12577.261185649813
4,4_HE_val.ndpi,4_HER2_val.ndpi,4_41,32406.78976811782,10590.48853679823,0.9097732390201744,0.9097732390201744,HER2,18859.452748819185,11364.996641632073
4,4_HE_val.ndpi,4_HER2_val.ndpi,4_42,42782.2373611789,4242.785395225237,0.9097732390201744,0.9097732390201744,HER2,31765.314238964263,5531.807755245957
4,4_HE_val.ndpi,4_HER2_val.ndpi,4_43,41260.498933156814,4623.0930188761295,0.9097732390201744,0.9097732390201744,HER2,30277.240119454305,6308.619093558631
4,4_HE_val.ndpi,4_HER2_val.ndpi,4_44,41363.87028693203,2973.246811481498,0.9097732390201744,0.9097732390201744,HER2,29602.339631216317,3812.0476305083066
4,4_HE_val.ndpi,4_HER2_val.ndpi,4_45,41994.01646682327,2598.4470676182887,0.9097732390201744,0.9097732390201744,HER2,30341.132366224327,3275.7072869637086
4,4_HE_val.ndpi,4_HER2_val.ndpi,4_46,39477.03179447336,4301.901258431802,0.9097732390201744,0.9097732390201744,HER2,27479.349195181214,6029.033953965688
4,4_HE_val.ndpi,4_HER2_val.ndpi,4_47,36675.017814754065,4596.216748911803,0.9097732390201744,0.9097732390201744,HER2,24089.039865072697,6149.958512319191
4,4_HE_val.ndpi,4_HER2_val.ndpi,4_48,36342.12445496066,5369.462959694755,0.9097732390201744,0.9097732390201744,HER2,23719.025513700195,6841.549549214576
4,4_HE_val.ndpi,4_HER2_val.ndpi,4_49,29381.665364784585,15292.49436435334,0.9097732390201744,0.9097732390201744,HER2,16085.82126750994,15801.924863574197
25,25_HE_val.ndpi,25_PGR_val.ndpi,25_1,17846.45647661887,13741.171878487527,0.9097732390201744,0.9097732390201744,PGR,35616.671850702274,10788.451187073179
25,25_HE_val.ndpi,25_PGR_val.ndpi,25_2,22780.063441800718,15057.905006023482,0.9097732390201744,0.9097732390201744,PGR,28003.109946537115,10298.96934147776
25,25_HE_val.ndpi,25_PGR_val.ndpi,25_3,25540.340886650763,21742.96010041913,0.9097732390201744,0.9097732390201744,PGR,23906.223109024188,4522.267269319862
25,25_HE_val.ndpi,25_PGR_val.ndpi,25_4,12686.122763354952,22072.023768621144,0.9097732390201744,0.9097732390201744,PGR,41906.831019470774,3078.6279230295854
25,25_HE_val.ndpi,25_PGR_val.ndpi,25_5,12986.512940711591,18980.058772556997,0.9097732390201744,0.9097732390201744,PGR,42582.25784646945,6327.123882763396
25,25_HE_val.ndpi,25_PGR_val.ndpi,25_6,11323.897869936938,18949.60950403221,0.9097732390201744,0.9097732390201744,PGR,45390.095611686585,6287.104570261648
25,25_HE_val.ndpi,25_PGR_val.ndpi,25_7,12210.850240136831,14576.187332464617,0.9097732390201744,0.9097732390201744,PGR,44090.37929443204,11089.343637165164
25,25_HE_val.ndpi,25_PGR_val.ndpi,25_8,11422.776109129778,12011.382990383352,0.9097732390201744,0.9097732390201744,PGR,44313.259202711866,13743.944659527659
25,25_HE_val.ndpi,25_PGR_val.ndpi,25_9,9731.560458694934,9770.555046445568,0.9097732390201744,0.9097732390201744,PGR,45752.097152807066,15139.770973022922
25,25_HE_val.ndpi,25_PGR_val.ndpi,25_10,19881.961732554508,7407.9338938510045,0.9097732390201744,0.9097732390201744,PGR,31430.621905497035,16613.30509310738
25,25_HE_val.ndpi,25_PGR_val.ndpi,25_11,17567.722926936905,7112.977073469053,0.9097732390201744,0.9097732390201744,PGR,34388.08972924207,17261.89428517837
25,25_HE_val.ndpi,25_PGR_val.ndpi,25_12,10921.897031319812,2122.4737248709966,0.9097732390201744,0.9097732390201744,PGR,44207.72065302362,23059.601513159414
25,25_HE_val.ndpi,25_PGR_val.ndpi,25_13,8853.367943644798,5741.735700242442,0.9097732390201744,0.9097732390201744,PGR,46927.51284791996,19001.726191916227
25,25_HE_val.ndpi,25_PGR_val.ndpi,25_14,10703.697774811397,3700.865365560948,0.9097732390201744,0.9097732390201744,PGR,45117.572595030826,21404.841411323527
25,25_HE_val.ndpi,25_PGR_val.ndpi,25_15,12775.826544926602,3539.462080487121,0.9097732390201744,0.9097732390201744,PGR,42354.78754057287,21585.183197585207
25,25_HE_val.ndpi,25_PGR_val.ndpi,25_16,16563.514242929836,11077.055267539728,0.9097732390201744,0.9097732390201744,PGR,37738.84888517817,13853.590469315755
25,25_HE_val.ndpi,25_PGR_val.ndpi,25_17,14892.221809106271,9306.763015372931,0.9097732390201744,0.9097732390201744,PGR,38575.56691227496,15549.816530232547
25,25_HE_val.ndpi,25_PGR_val.ndpi,25_18,15338.264500291743,7892.103341285273,0.9097732390201744,0.9097732390201744,PGR,37779.10747346303,16880.79752937175
25,25_HE_val.ndpi,25_PGR_val.ndpi,25_19,14079.019589534002,8794.49911405688,0.9097732390201744,0.9097732390201744,PGR,39779.26489589059,16034.789682498158
25,25_HE_val.ndpi,25_PGR_val.ndpi,25_20,13374.123396142051,9076.656119028825,0.9097732390201744,0.9097732390201744,PGR,40806.43509355867,15884.530825905244
25,25_HE_val.ndpi,25_PGR_val.ndpi,25_21,12546.059247257268,10149.015390521046,0.9097732390201744,0.9097732390201744,PGR,42533.55519532441,15142.0727367983
25,25_HE_val.ndpi,25_PGR_val.ndpi,25_22,10371.567467262752,9098.465437844914,0.9097732390201744,0.9097732390201744,PGR,44683.03453203416,15637.497767712695
25,25_HE_val.ndpi,25_PGR_val.ndpi,25_23,14675.326311533692,4880.246360556339,0.9097732390201744,0.9097732390201744,PGR,40083.16569425989,20831.663742951212
25,25_HE_val.ndpi,25_PGR_val.ndpi,25_24,13907.850747629482,5528.005697587149,0.9097732390201744,0.9097732390201744,PGR,41006.390566857095,19799.067420078994
25,25_HE_val.ndpi,25_PGR_val.ndpi,25_25,17444.26848413808,3958.2949916728426,0.9097732390201744,0.9097732390201744,PGR,34340.32840904852,21641.8631785672
25,25_HE_val.ndpi,25_PGR_val.ndpi,25_26,21154.493153121082,20593.80021428491,0.9097732390201744,0.9097732390201744,PGR,29639.724882341903,5377.328766342855
25,25_HE_val.ndpi,25_PGR_val.ndpi,25_27,21470.919197933465,21852.683558321405,0.9097732390201744,0.9097732390201744,PGR,30392.957172768492,3890.722686152968
25,25_HE_val.ndpi,25_PGR_val.ndpi,25_28,29899.970887347743,18434.672229578584,0.9097732390201744,0.9097732390201744,PGR,16805.624768805967,7276.589440707133
25,25_HE_val.ndpi,25_PGR_val.ndpi,25_29,25879.523465789032,13444.487997931345,0.9097732390201744,0.9097732390201744,PGR,22956.29994065169,11989.443908560206
25,25_HE_val.ndpi,25_PGR_val.ndpi,25_30,27009.1584900178,13380.62295451248,0.9097732390201744,0.9097732390201744,PGR,21631.332692247604,12053.425079290488
25,25_HE_val.ndpi,25_PGR_val.ndpi,25_31,22436.04257468047,7776.975242342618,0.9097732390201744,0.9097732390201744,PGR,28654.18499673015,16101.05325813351
25,25_HE_val.ndpi,25_PGR_val.ndpi,25_32,22191.36215134134,8672.485066676478,0.9097732390201744,0.9097732390201744,PGR,29024.691895396438,15013.209992668071
25,25_HE_val.ndpi,25_PGR_val.ndpi,25_33,17984.811036575837,11626.779085577213,0.9097732390201744,0.9097732390201744,PGR,35627.592221927116,12885.192906118677
25,25_HE_val.ndpi,25_PGR_val.ndpi,25_34,21288.66506342396,16365.38969875308,0.9097732390201744,0.9097732390201744,PGR,29816.679479173814,8894.341717045432
25,25_HE_val.ndpi,25_PGR_val.ndpi,25_35,21291.1983871205,14410.838093512857,0.9097732390201744,0.9097732390201744,PGR,30488.360308442414,10404.166102289346
25,25_HE_val.ndpi,25_PGR_val.ndpi,25_36,13807.162095716378,14855.234768486258,0.9097732390201744,0.9097732390201744,PGR,41525.866815949055,10412.255414079309
25,25_HE_val.ndpi,25_PGR_val.ndpi,25_37,17073.575667473182,14346.438780542214,0.9097732390201744,0.9097732390201744,PGR,36540.51480135974,10362.38117313965
25,25_HE_val.ndpi,25_PGR_val.ndpi,25_38,31317.54297006885,18296.68354550926,0.9097732390201744,0.9097732390201744,PGR,15016.137937175186,7349.029039216668
25,25_HE_val.ndpi,25_PGR_val.ndpi,25_39,15930.105609049851,17119.118432679315,0.9097732390201744,0.9097732390201744,PGR,37783.10779110695,7713.610232647308
25,25_HE_val.ndpi,25_PGR_val.ndpi,25_40,16689.350008943908,17761.154667738796,0.9097732390201744,0.9097732390201744,PGR,35920.90944269289,7038.093294205745
25,25_HE_val.ndpi,25_PGR_val.ndpi,25_41,11929.266340808288,16108.371202563112,0.9097732390201744,0.9097732390201744,PGR,44145.963304827965,9337.863555825725
25,25_HE_val.ndpi,25_PGR_val.ndpi,25_42,10228.040529117989,13529.665897273891,0.9097732390201744,0.9097732390201744,PGR,46113.7914584817,12081.255917912082
25,25_HE_val.ndpi,25_PGR_val.ndpi,25_43,18774.026257635145,4664.281749050047,0.9097732390201744,0.9097732390201744,PGR,32128.718495783778,20431.064787510797
25,25_HE_val.ndpi,25_PGR_val.ndpi,25_44,15488.310447865844,5600.412902121956,0.9097732390201744,0.9097732390201744,PGR,37991.154749690766,19842.150150511443
25,25_HE_val.ndpi,25_PGR_val.ndpi,25_45,14603.248810002628,20400.514993291898,0.9097732390201744,0.9097732390201744,PGR,39114.44063995184,5220.57598197792
25,25_HE_val.ndpi,25_PGR_val.ndpi,25_46,14923.0293718046,21883.43156497139,0.9097732390201744,0.9097732390201744,PGR,38668.36492741419,3429.704951957236
25,25_HE_val.ndpi,25_PGR_val.ndpi,25_47,27142.355921827533,11370.661243992805,0.9097732390201744,0.9097732390201744,PGR,22297.352458392696,12867.552537127194
25,25_HE_val.ndpi,25_PGR_val.ndpi,25_48,25882.61723016337,12238.804032931665,0.9097732390201744,0.9097732390201744,PGR,23925.913279492022,12561.43578983199
25,25_HE_val.ndpi,25_PGR_val.ndpi,25_49,10153.600674388532,22344.992977865077,0.9097732390201744,0.9097732390201744,PGR,46147.56855028269,2913.803577000268
25,25_HE_val.ndpi,25_PGR_val.ndpi,25_50,16109.571457729824,14632.516192419807,0.9097732390201744,0.9097732390201744,PGR,37789.65590914323,10152.542514774634
41,41_HE_val.ndpi,41_HER2_val.ndpi,41_1,17856.69880475576,5041.523100700159,0.907338096858342,0.907338096858342,HER2,7167.0288803383155,5502.964773663395
41,41_HE_val.ndpi,41_HER2_val.ndpi,41_2,17292.407904338892,5836.553470171003,0.907338096858342,0.907338096858342,HER2,7103.184754403418,6449.89333829907
41,41_HE_val.ndpi,41_HER2_val.ndpi,41_3,20335.15957722644,3649.3506579449268,0.907338096858342,0.907338096858342,HER2,10171.534903466158,4384.237971585621
41,41_HE_val.ndpi,41_HER2_val.ndpi,41_4,19577.62505793689,5396.763889525292,0.907338096858342,0.907338096858342,HER2,9381.144691274549,6091.507380983164
41,41_HE_val.ndpi,41_HER2_val.ndpi,41_5,20357.684815332137,7063.899665920965,0.907338096858342,0.907338096858342,HER2,10104.830209339283,7699.982376957945
41,41_HE_val.ndpi,41_HER2_val.ndpi,41_6,18343.185947164286,7655.307899104322,0.907338096858342,0.907338096858342,HER2,8145.6611085834265,8248.534720380716
41,41_HE_val.ndpi,41_HER2_val.ndpi,41_7,21601.15752923652,3686.505902668657,0.907338096858342,0.907338096858342,HER2,11372.049854235747,4418.349426521059
41,41_HE_val.ndpi,41_HER2_val.ndpi,41_8,22394.225247022117,6563.234925303636,0.907338096858342,0.907338096858342,HER2,12384.25166024092,7325.16618901337
41,41_HE_val.ndpi,41_HER2_val.ndpi,41_9,21397.784566284467,7946.392091787769,0.907338096858342,0.907338096858342,HER2,11192.502068292453,8556.762302312662
41,41_HE_val.ndpi,41_HER2_val.ndpi,41_10,19986.357861541688,9508.01541882736,0.907338096858342,0.907338096858342,HER2,9734.012802451085,9977.0737527052
41,41_HE_val.ndpi,41_HER2_val.ndpi,41_11,17041.984225781383,11682.921272383344,0.907338096858342,0.907338096858342,HER2,6754.494005950858,12223.25961183818
41,41_HE_val.ndpi,41_HER2_val.ndpi,41_12,17272.07900460244,9859.151558804688,0.907338096858342,0.907338096858342,HER2,7039.699346283341,10415.690097884399
41,41_HE_val.ndpi,41_HER2_val.ndpi,41_13,13315.337489427066,13234.783833680363,0.907338096858342,0.907338096858342,HER2,2974.1761649068503,13549.747214193334
41,41_HE_val.ndpi,41_HER2_val.ndpi,41_14,14621.624866064181,12519.818452308315,0.907338096858342,0.907338096858342,HER2,4631.558386911414,12722.278253765475
41,41_HE_val.ndpi,41_HER2_val.ndpi,41_15,16904.857957025983,16120.754273573977,0.907338096858342,0.907338096858342,HER2,6455.244195570983,16535.94305309801
41,41_HE_val.ndpi,41_HER2_val.ndpi,41_16,14447.082026013948,15679.506108083691,0.907338096858342,0.907338096858342,HER2,4169.00701480779,16113.547528065064
41,41_HE_val.ndpi,41_HER2_val.ndpi,41_17,20962.70886044466,17425.210091166464,0.907338096858342,0.907338096858342,HER2,10488.963934535863,17791.92670960911
41,41_HE_val.ndpi,41_HER2_val.ndpi,41_18,18651.126205039447,17120.071756023975,0.907338096858342,0.907338096858342,HER2,8266.085012327194,17547.117613502913
41,41_HE_val.ndpi,41_HER2_val.ndpi,41_19,18055.614073689794,15907.45653020106,0.907338096858342,0.907338096858342,HER2,7626.437394168145,16351.653883227951
41,41_HE_val.ndpi,41_HER2_val.ndpi,41_20,18757.846043671227,15428.626251678303,0.907338096858342,0.907338096858342,HER2,8354.250040514977,15894.009265630491
41,41_HE_val.ndpi,41_HER2_val.ndpi,41_21,17868.131100979892,12816.563182648091,0.907338096858342,0.907338096858342,HER2,7631.349090967953,13340.595618819714
41,41_HE_val.ndpi,41_HER2_val.ndpi,41_22,20106.89420235809,14678.692491371106,0.907338096858342,0.907338096858342,HER2,9632.11784086416,15121.234995383142
41,41_HE_val.ndpi,41_HER2_val.ndpi,41_23,20537.46893738193,15872.346078901614,0.907338096858342,0.907338096858342,HER2,10090.120415702957,16294.201427375938
41,41_HE_val.ndpi,41_HER2_val.ndpi,41_24,25246.710133174318,14988.687054109334,0.907338096858342,0.907338096858342,HER2,14344.845306713303,15618.887912361424
41,41_HE_val.ndpi,41_HER2_val.ndpi,41_25,26963.42474475039,15530.453088246817,0.907338096858342,0.907338096858342,HER2,16252.774640630512,16162.771625863108
41,41_HE_val.ndpi,41_HER2_val.ndpi,41_26,27010.25709394368,17208.875726101385,0.907338096858342,0.907338096858342,HER2,16432.87432085387,17697.243569760525
41,41_HE_val.ndpi,41_HER2_val.ndpi,41_27,26950.03047335335,22798.21792423541,0.907338096858342,0.907338096858342,HER2,15659.795676536465,23212.994985975518
41,41_HE_val.ndpi,41_HER2_val.ndpi,41_28,40379.748505206735,12943.010921075092,0.907338096858342,0.907338096858342,HER2,27371.00708426163,13124.31448813547
41,41_HE_val.ndpi,41_HER2_val.ndpi,41_29,41347.000392296315,17903.084872903568,0.907338096858342,0.907338096858342,HER2,28033.807454095906,17861.284334385386
41,41_HE_val.ndpi,41_HER2_val.ndpi,41_30,40978.99175308696,19471.58831924984,0.907338096858342,0.907338096858342,HER2,27671.428916032928,19435.5457889908
41,41_HE_val.ndpi,41_HER2_val.ndpi,41_31,39990.345509493796,20090.70043746522,0.907338096858342,0.907338096858342,HER2,26841.46510344908,20098.398800310748
41,41_HE_val.ndpi,41_HER2_val.ndpi,41_32,39062.986704422234,21689.844248088848,0.907338096858342,0.907338096858342,HER2,26010.734955442564,21820.319399762564
41,41_HE_val.ndpi,41_HER2_val.ndpi,41_33,30152.563751405916,21208.30028744565,0.907338096858342,0.907338096858342,HER2,18871.233734468173,21825.335418695096
41,41_HE_val.ndpi,41_HER2_val.ndpi,41_34,35379.31264372556,15676.421329991066,0.907338096858342,0.907338096858342,HER2,23534.038320302978,16690.35075378066
41,41_HE_val.ndpi,41_HER2_val.ndpi,41_35,32689.045191489648,12345.41490470876,0.907338096858342,0.907338096858342,HER2,20473.768385042607,12585.84821627516
41,41_HE_val.ndpi,41_HER2_val.ndpi,41_36,24495.336495734027,10004.06575458548,0.907338096858342,0.907338096858342,HER2,14019.838799571962,10624.812957089891
41,41_HE_val.ndpi,41_HER2_val.ndpi,41_37,21298.10048154788,13521.500691439787,0.907338096858342,0.907338096858342,HER2,10750.559529832899,13971.926174032222
41,41_HE_val.ndpi,41_HER2_val.ndpi,41_38,22392.35513354772,15395.660219698157,0.907338096858342,0.907338096858342,HER2,11845.420379657478,15769.95736202186
41,41_HE_val.ndpi,41_HER2_val.ndpi,41_39,25077.083204014267,11608.599368613815,0.907338096858342,0.907338096858342,HER2,14418.38126763823,12282.041392953355
41,41_HE_val.ndpi,41_HER2_val.ndpi,41_40,25381.9842628694,13517.559939954406,0.907338096858342,0.907338096858342,HER2,14866.797258979743,14003.666086917947
41,41_HE_val.ndpi,41_HER2_val.ndpi,41_41,22448.88114578537,9637.837131338249,0.907338096858342,0.907338096858342,HER2,12125.076043913945,10188.495880165288
41,41_HE_val.ndpi,41_HER2_val.ndpi,41_42,21289.640423877332,11041.67521276619,0.907338096858342,0.907338096858342,HER2,11269.34482622579,11599.345916610218
41,41_HE_val.ndpi,41_HER2_val.ndpi,41_43,23641.17486213955,12387.749672861662,0.907338096858342,0.907338096858342,HER2,13159.46909711589,13003.320175641597
41,41_HE_val.ndpi,41_HER2_val.ndpi,41_44,23387.9884897456,14331.49844838702,0.907338096858342,0.907338096858342,HER2,12770.352622425959,14747.04193645058
41,41_HE_val.ndpi,41_HER2_val.ndpi,41_45,27074.30867541485,6300.593381104084,0.907338096858342,0.907338096858342,HER2,15565.9032784997,6216.190251144145
41,41_HE_val.ndpi,41_HER2_val.ndpi,41_46,27201.86958815553,3762.468753662108,0.907338096858342,0.907338096858342,HER2,16178.434996563627,3808.7538825755914
41,41_HE_val.ndpi,41_HER2_val.ndpi,41_47,27638.3298950864,9236.350663324947,0.907338096858342,0.907338096858342,HER2,16526.25672461176,9664.277031715937
41,41_HE_val.ndpi,41_HER2_val.ndpi,41_48,29892.37591796123,13625.355875515319,0.907338096858342,0.907338096858342,HER2,19292.820401324945,14295.749184046783
41,41_HE_val.ndpi,41_HER2_val.ndpi,41_49,29008.131704205807,15283.543555454236,0.907338096858342,0.907338096858342,HER2,18189.43809633824,15939.159942273736
41,41_HE_val.ndpi,41_HER2_val.ndpi,41_50,30566.025713774183,11519.899510188001,0.907338096858342,0.907338096858342,HER2,18823.93832057233,11377.613062621944
80,80_HE_val.ndpi,80_ER_val.ndpi,80_1,16645.150893036505,4251.329583918506,0.9109542245502164,0.9109542245502164,ER,19002.79512724836,5514.923728618222
80,80_HE_val.ndpi,80_ER_val.ndpi,80_2,16891.495249402382,4562.334189530548,0.9109542245502164,0.9109542245502164,ER,19297.872169131817,5853.640317542841
80,80_HE_val.ndpi,80_ER_val.ndpi,80_3,18140.61169071087,3802.0024426470973,0.9109542245502164,0.9109542245502164,ER,20627.741165048654,5124.14521914418
80,80_HE_val.ndpi,80_ER_val.ndpi,80_4,17235.45484918294,5594.212988872406,0.9109542245502164,0.9109542245502164,ER,19488.264975485825,7234.637160278251
80,80_HE_val.ndpi,80_ER_val.ndpi,80_5,18258.282080109515,5458.439462643215,0.9109542245502164,0.9109542245502164,ER,20808.014294426925,7212.375840003245
80,80_HE_val.ndpi,80_ER_val.ndpi,80_6,17853.115774704795,9047.818400833803,0.9109542245502164,0.9109542245502164,ER,19533.974360180877,11785.706604953779
80,80_HE_val.ndpi,80_ER_val.ndpi,80_7,16836.064651302957,9468.275822481415,0.9109542245502164,0.9109542245502164,ER,18405.702225529072,12242.35569501476
80,80_HE_val.ndpi,80_ER_val.ndpi,80_8,16556.140915370346,11180.125820190393,0.9109542245502164,0.9109542245502164,ER,17982.870072765698,13910.025708125217
80,80_HE_val.ndpi,80_ER_val.ndpi,80_9,17273.025133860472,12347.778145761424,0.9109542245502164,0.9109542245502164,ER,18166.552928806672,15010.499946177786
80,80_HE_val.ndpi,80_ER_val.ndpi,80_10,15177.211948728183,13065.574762347806,0.9109542245502164,0.9109542245502164,ER,16196.629889960517,16118.952862489925
80,80_HE_val.ndpi,80_ER_val.ndpi,80_11,15568.239704268251,14922.956601163127,0.9109542245502164,0.9109542245502164,ER,15558.613268973439,18324.991182756137
80,80_HE_val.ndpi,80_ER_val.ndpi,80_12,18459.23269031948,15590.72964804089,0.9109542245502164,0.9109542245502164,ER,18546.85264073604,18340.063110750692
80,80_HE_val.ndpi,80_ER_val.ndpi,80_13,19572.258800504318,15783.699029356418,0.9109542245502164,0.9109542245502164,ER,20555.45911126199,18180.479934893392
80,80_HE_val.ndpi,80_ER_val.ndpi,80_14,19499.685336410228,16825.481652566323,0.9109542245502164,0.9109542245502164,ER,20401.15893032535,19088.326300439356
80,80_HE_val.ndpi,80_ER_val.ndpi,80_15,20247.836958904903,18557.168151344682,0.9109542245502164,0.9109542245502164,ER,22735.552122624078,20593.953641013202
80,80_HE_val.ndpi,80_ER_val.ndpi,80_16,21057.21422894848,15616.599190917383,0.9109542245502164,0.9109542245502164,ER,22922.278464160616,17622.789350940828
80,80_HE_val.ndpi,80_ER_val.ndpi,80_17,23421.710011221367,17618.277174856496,0.9109542245502164,0.9109542245502164,ER,26893.04627189178,19382.94083348895
80,80_HE_val.ndpi,80_ER_val.ndpi,80_18,22499.662951076367,15976.168409507349,0.9109542245502164,0.9109542245502164,ER,24918.310151637725,17835.26636875003
80,80_HE_val.ndpi,80_ER_val.ndpi,80_19,21330.64998156517,11753.889538211122,0.9109542245502164,0.9109542245502164,ER,22822.33771921004,13428.238990088541
80,80_HE_val.ndpi,80_ER_val.ndpi,80_20,22475.153151185983,11692.657580883497,0.9109542245502164,0.9109542245502164,ER,24253.469260157923,13128.285075513288
80,80_HE_val.ndpi,80_ER_val.ndpi,80_21,23883.401193884227,12083.685336423554,0.9109542245502164,0.9109542245502164,ER,26494.49666472648,13217.577737316231
80,80_HE_val.ndpi,80_ER_val.ndpi,80_22,22998.478127818864,9460.235570674047,0.9109542245502164,0.9109542245502164,ER,25072.73117689668,10900.044513972643
80,80_HE_val.ndpi,80_ER_val.ndpi,80_23,21449.26428450252,7707.070563784378,0.9109542245502164,0.9109542245502164,ER,23858.16011217339,9028.149535749797
80,80_HE_val.ndpi,80_ER_val.ndpi,80_24,21476.50357135835,4801.3989669514485,0.9109542245502164,0.9109542245502164,ER,23834.386680314172,6070.785399563566
80,80_HE_val.ndpi,80_ER_val.ndpi,80_25,21039.01109795316,6049.76111089207,0.9109542245502164,0.9109542245502164,ER,23827.36367708882,7550.431122132501
80,80_HE_val.ndpi,80_ER_val.ndpi,80_26,22637.266205477445,6306.694683509454,0.9109542245502164,0.9109542245502164,ER,25805.339075494914,7530.681064408694
80,80_HE_val.ndpi,80_ER_val.ndpi,80_27,24639.81591599112,5335.3774012610465,0.9109542245502164,0.9109542245502164,ER,28187.2216688131,5857.68337452417
80,80_HE_val.ndpi,80_ER_val.ndpi,80_28,25627.87562564354,5913.497444142794,0.9109542245502164,0.9109542245502164,ER,29266.804871644286,6526.019743999614
80,80_HE_val.ndpi,80_ER_val.ndpi,80_29,25501.728762926083,8074.493557312554,0.9109542245502164,0.9109542245502164,ER,28668.89698852706,8647.323490380357
80,80_HE_val.ndpi,80_ER_val.ndpi,80_30,25931.0610640466,7167.337513338039,0.9109542245502164,0.9109542245502164,ER,29253.44748002236,7663.358780668415
80,80_HE_val.ndpi,80_ER_val.ndpi,80_31,24086.399090625986,7209.11649917575,0.9109542245502164,0.9109542245502164,ER,27212.174564545396,7983.964215721979
80,80_HE_val.ndpi,80_ER_val.ndpi,80_32,24516.858762926502,9514.102818632697,0.9109542245502164,0.9109542245502164,ER,27412.627148664287,10692.55874224931
80,80_HE_val.ndpi,80_ER_val.ndpi,80_33,25806.559104343887,10155.61879163365,0.9109542245502164,0.9109542245502164,ER,28882.895785560086,11065.387321341246
80,80_HE_val.ndpi,80_ER_val.ndpi,80_34,27907.3342441954,10733.988976214056,0.9109542245502164,0.9109542245502164,ER,31639.974833487548,11258.982831820127
80,80_HE_val.ndpi,80_ER_val.ndpi,80_35,27028.02230748848,10004.320319099335,0.9109542245502164,0.9109542245502164,ER,30432.129488816932,10465.537661970951
80,80_HE_val.ndpi,80_ER_val.ndpi,80_36,34886.52552437278,11269.282810246765,0.9109542245502164,0.9109542245502164,ER,39713.49529180289,11483.95196943829
80,80_HE_val.ndpi,80_ER_val.ndpi,80_37,35050.182061253014,9616.750950041629,0.9109542245502164,0.9109542245502164,ER,39776.29107470258,9972.187262270447
80,80_HE_val.ndpi,80_ER_val.ndpi,80_38,33623.1141791425,3396.7706431951733,0.9109542245502164,0.9109542245502164,ER,37895.031488578265,3273.635547402398
80,80_HE_val.ndpi,80_ER_val.ndpi,80_39,29730.973163175986,3912.077337027236,0.9109542245502164,0.9109542245502164,ER,33346.87139255091,3842.3349431731485
80,80_HE_val.ndpi,80_ER_val.ndpi,80_40,31256.952055138325,10899.547420941037,0.9109542245502164,0.9109542245502164,ER,35776.33977848852,11586.795776284323
80,80_HE_val.ndpi,80_ER_val.ndpi,80_41,27046.34364824937,16953.266655223117,0.9109542245502164,0.9109542245502164,ER,31716.562436313296,17617.35428995704
80,80_HE_val.ndpi,80_ER_val.ndpi,80_42,25604.36829677148,18765.963712854995,0.9109542245502164,0.9109542245502164,ER,30349.133574089657,20267.79416137538
80,80_HE_val.ndpi,80_ER_val.ndpi,80_43,20249.13044106392,21149.74810612205,0.9109542245502164,0.9109542245502164,ER,23476.621574676396,22456.23066488473
80,80_HE_val.ndpi,80_ER_val.ndpi,80_44,21678.98722556697,18778.149339093747,0.9109542245502164,0.9109542245502164,ER,24777.115833963035,20882.133783042016
80,80_HE_val.ndpi,80_ER_val.ndpi,80_45,18397.719708479806,19539.097553547013,0.9109542245502164,0.9109542245502164,ER,18898.525745950552,21478.106487720386
80,80_HE_val.ndpi,80_ER_val.ndpi,80_46,17344.413879003285,15780.707176813941,0.9109542245502164,0.9109542245502164,ER,16758.095876015323,18618.796301446662
80,80_HE_val.ndpi,80_ER_val.ndpi,80_47,27231.651426834174,14490.361832249593,0.9109542245502164,0.9109542245502164,ER,31347.54391016067,15236.798251801623
80,80_HE_val.ndpi,80_ER_val.ndpi,80_48,28152.247388145355,13163.546396664604,0.9109542245502164,0.9109542245502164,ER,31983.20223914221,13977.10400526809
80,80_HE_val.ndpi,80_ER_val.ndpi,80_49,29165.787489211412,11711.234338652437,0.9109542245502164,0.9109542245502164,ER,33004.854939051766,12320.108469307164
80,80_HE_val.ndpi,80_ER_val.ndpi,80_50,29331.404711235908,10384.227305170603,0.9109542245502164,0.9109542245502164,ER,33032.76749166028,10928.07153179533
18,18_HE_val.ndpi,18_PGR_val.ndpi,18_1,23331.695310764284,5793.5694406717175,0.907338096858342,0.907338096858342,PGR,9949.800833215624,6164.988391590845
18,18_HE_val.ndpi,18_PGR_val.ndpi,18_2,23241.955887083925,6886.684336463702,0.907338096858342,0.907338096858342,PGR,9942.051877840364,6994.5527562663665
18,18_HE_val.ndpi,18_PGR_val.ndpi,18_3,22614.915037782514,6268.772448680669,0.907338096858342,0.907338096858342,PGR,9366.952611816394,6481.9831228690855
18,18_HE_val.ndpi,18_PGR_val.ndpi,18_4,25041.666039632593,4798.454386058095,0.907338096858342,0.907338096858342,PGR,11556.620614574475,5262.233901996546
18,18_HE_val.ndpi,18_PGR_val.ndpi,18_5,25286.022814812823,4031.445669251695,0.907338096858342,0.907338096858342,PGR,11931.697712346591,4681.117219212489
18,18_HE_val.ndpi,18_PGR_val.ndpi,18_6,25960.860021351808,5145.656203536861,0.907338096858342,0.907338096858342,PGR,12432.77755714984,5589.790529961044
18,18_HE_val.ndpi,18_PGR_val.ndpi,18_7,24370.768534755738,5744.083088008687,0.907338096858342,0.907338096858342,PGR,10834.338462393362,6204.448183842606
18,18_HE_val.ndpi,18_PGR_val.ndpi,18_8,25499.114617813866,6205.995452887563,0.907338096858342,0.907338096858342,PGR,11919.802782192526,6868.015222742089
18,18_HE_val.ndpi,18_PGR_val.ndpi,18_9,27368.49472014603,6389.448813439161,0.907338096858342,0.907338096858342,PGR,13843.077643785115,6839.8351372512725
18,18_HE_val.ndpi,18_PGR_val.ndpi,18_10,27359.83997249536,5143.127117024376,0.907338096858342,0.907338096858342,PGR,13930.613705637203,5540.953499598969
18,18_HE_val.ndpi,18_PGR_val.ndpi,18_11,28026.275615476075,4338.211021423158,0.907338096858342,0.907338096858342,PGR,14567.364297249018,4539.258465012636
18,18_HE_val.ndpi,18_PGR_val.ndpi,18_12,26608.22926391893,2483.327652261669,0.907338096858342,0.907338096858342,PGR,13150.838158013059,3219.5708014405973
18,18_HE_val.ndpi,18_PGR_val.ndpi,18_13,27920.95933765644,1589.3503427328465,0.907338096858342,0.907338096858342,PGR,14581.902539412906,2171.466662817295
18,18_HE_val.ndpi,18_PGR_val.ndpi,18_14,28437.650054973146,551.6128362226515,0.907338096858342,0.907338096858342,PGR,14905.200154350612,1315.6727245033558
18,18_HE_val.ndpi,18_PGR_val.ndpi,18_15,25932.223705789467,1637.8023042735938,0.907338096858342,0.907338096858342,PGR,12619.38353853315,2172.318783130078
18,18_HE_val.ndpi,18_PGR_val.ndpi,18_16,32238.4561066758,863.7030163973342,0.907338096858342,0.907338096858342,PGR,18914.172706088553,1736.0272111027255
18,18_HE_val.ndpi,18_PGR_val.ndpi,18_17,31533.059341003485,2288.0469232846185,0.907338096858342,0.907338096858342,PGR,18768.791483365385,2786.8040678029147
18,18_HE_val.ndpi,18_PGR_val.ndpi,18_18,33862.70000584988,2473.501643911225,0.907338096858342,0.907338096858342,PGR,20517.016444331966,3026.7961640771814
18,18_HE_val.ndpi,18_PGR_val.ndpi,18_19,35754.39478375636,1314.536072627253,0.907338096858342,0.907338096858342,PGR,21638.606786558175,2072.593597865341
18,18_HE_val.ndpi,18_PGR_val.ndpi,18_20,35414.66664965766,2371.8885020169205,0.907338096858342,0.907338096858342,PGR,21481.693291171385,3018.649747966804
18,18_HE_val.ndpi,18_PGR_val.ndpi,18_21,36993.458010375514,934.43338298306,0.907338096858342,0.907338096858342,PGR,22566.559651939566,1711.5653759919064
18,18_HE_val.ndpi,18_PGR_val.ndpi,18_22,36860.15822738456,2189.2297124005763,0.907338096858342,0.907338096858342,PGR,22539.519941100785,2851.2790210361177
18,18_HE_val.ndpi,18_PGR_val.ndpi,18_23,39343.000533982784,1299.6460007723988,0.907338096858342,0.907338096858342,PGR,24348.398612481036,2028.9768111394724
18,18_HE_val.ndpi,18_PGR_val.ndpi,18_24,40414.859509536516,2285.900533423797,0.907338096858342,0.907338096858342,PGR,25230.62258335914,2909.0273790593237
18,18_HE_val.ndpi,18_PGR_val.ndpi,18_25,39364.125844815855,3932.5066914863673,0.907338096858342,0.907338096858342,PGR,24412.513665462397,4441.326450612491
18,18_HE_val.ndpi,18_PGR_val.ndpi,18_26,41678.74318652222,3797.627415728493,0.907338096858342,0.907338096858342,PGR,26174.003248383546,4289.004269040053
18,18_HE_val.ndpi,18_PGR_val.ndpi,18_27,42997.27367369255,4008.679920458645,0.907338096858342,0.907338096858342,PGR,27153.27731956739,4483.756718750123
18,18_HE_val.ndpi,18_PGR_val.ndpi,18_28,42294.45088744546,7316.923386331967,0.907338096858342,0.907338096858342,PGR,26546.856808468634,7801.843380549537
18,18_HE_val.ndpi,18_PGR_val.ndpi,18_29,21540.668760438148,13390.064927397163,0.907338096858342,0.907338096858342,PGR,8357.599427947041,13403.704615308381
18,18_HE_val.ndpi,18_PGR_val.ndpi,18_30,22475.026859741214,12331.666927227927,0.907338096858342,0.907338096858342,PGR,9457.1058967303,12067.152066096973
18,18_HE_val.ndpi,18_PGR_val.ndpi,18_31,22308.27888695524,16249.948616275336,0.907338096858342,0.907338096858342,PGR,9373.49851963458,16350.289194676383
18,18_HE_val.ndpi,18_PGR_val.ndpi,18_32,23335.84364191855,19099.965711818983,0.907338096858342,0.907338096858342,PGR,10143.849637939806,18731.896844016723
18,18_HE_val.ndpi,18_PGR_val.ndpi,18_33,26631.570743431865,19323.134384121,0.907338096858342,0.907338096858342,PGR,13279.391169435812,19172.726405011646
18,18_HE_val.ndpi,18_PGR_val.ndpi,18_34,28939.104357624467,16877.982103301896,0.907338096858342,0.907338096858342,PGR,15478.17137925109,17047.684968763522
18,18_HE_val.ndpi,18_PGR_val.ndpi,18_35,32000.486107153134,19416.27479008148,0.907338096858342,0.907338096858342,PGR,18975.71943763372,19607.61808995388
18,18_HE_val.ndpi,18_PGR_val.ndpi,18_36,32448.54666244554,16470.41699641758,0.907338096858342,0.907338096858342,PGR,18939.927860289037,16609.50176217294
18,18_HE_val.ndpi,18_PGR_val.ndpi,18_37,34430.788272287406,15743.371527765108,0.907338096858342,0.907338096858342,PGR,20332.19926206057,15771.641135674887
18,18_HE_val.ndpi,18_PGR_val.ndpi,18_38,34543.671967353934,14080.052157718856,0.907338096858342,0.907338096858342,PGR,20410.78550473968,14203.94201092771
18,18_HE_val.ndpi,18_PGR_val.ndpi,18_39,34852.72229295972,9513.538234364056,0.907338096858342,0.907338096858342,PGR,20732.229718097275,9882.989313248543
18,18_HE_val.ndpi,18_PGR_val.ndpi,18_40,36316.84354331041,12118.602135425572,0.907338096858342,0.907338096858342,PGR,21858.6576644807,12312.2652940848
18,18_HE_val.ndpi,18_PGR_val.ndpi,18_41,41598.956357215415,13913.371657440524,0.907338096858342,0.907338096858342,PGR,25819.11558074946,13972.543086683278
18,18_HE_val.ndpi,18_PGR_val.ndpi,18_42,41408.02381470068,21356.25644035673,0.907338096858342,0.907338096858342,PGR,25622.151151343438,21149.89185326315
18,18_HE_val.ndpi,18_PGR_val.ndpi,18_43,41037.95791123532,19611.69298816264,0.907338096858342,0.907338096858342,PGR,25406.627054137938,19432.8631498584
18,18_HE_val.ndpi,18_PGR_val.ndpi,18_44,38522.79527874427,19527.362312992882,0.907338096858342,0.907338096858342,PGR,23510.320275012175,19373.217233171756
18,18_HE_val.ndpi,18_PGR_val.ndpi,18_45,37425.83937774631,17358.325130187004,0.907338096858342,0.907338096858342,PGR,22659.75276536724,17300.42010708094
18,18_HE_val.ndpi,18_PGR_val.ndpi,18_46,39792.39277073433,15640.735310164473,0.907338096858342,0.907338096858342,PGR,24434.435106850793,15629.320259758322
18,18_HE_val.ndpi,18_PGR_val.ndpi,18_47,27200.959912520866,9541.014115875534,0.907338096858342,0.907338096858342,PGR,13495.03365667533,9768.85048803618
18,18_HE_val.ndpi,18_PGR_val.ndpi,18_48,28408.500053086333,12656.604708818908,0.907338096858342,0.907338096858342,PGR,14481.262027479443,12980.755482830431
18,18_HE_val.ndpi,18_PGR_val.ndpi,18_49,25379.484650781225,13225.406260324065,0.907338096858342,0.907338096858342,PGR,11858.274704612555,13217.642991942655
18,18_HE_val.ndpi,18_PGR_val.ndpi,18_50,26894.463713146088,15276.109645410908,0.907338096858342,0.907338096858342,PGR,13479.110701768088,15137.019583580672
31,31_HE_val.ndpi,31_KI67_val.ndpi,31_1,26623.221962128693,4207.662319924337,0.9109542245502164,0.9109542245502164,KI67,14404.820705438355,3591.5801747965215
31,31_HE_val.ndpi,31_KI67_val.ndpi,31_2,30287.034410390297,3008.7239622274883,0.9109542245502164,0.9109542245502164,KI67,17751.297655815466,2755.4436340696634
31,31_HE_val.ndpi,31_KI67_val.ndpi,31_3,31187.96235915459,4209.961227246575,0.9109542245502164,0.9109542245502164,KI67,18235.48984479061,3415.233049649605
31,31_HE_val.ndpi,31_KI67_val.ndpi,31_4,31823.643147077564,5617.261429929595,0.9109542245502164,0.9109542245502164,KI67,19216.239030326553,4893.747850152653
31,31_HE_val.ndpi,31_KI67_val.ndpi,31_5,33923.83077419355,5541.831693135596,0.9109542245502164,0.9109542245502164,KI67,21134.986550918577,5160.071984769021
31,31_HE_val.ndpi,31_KI67_val.ndpi,31_6,36226.16464083892,2853.0769089357677,0.9109542245502164,0.9109542245502164,KI67,22925.206335780797,2593.872591300326
31,31_HE_val.ndpi,31_KI67_val.ndpi,31_7,37591.81068427558,5421.897784057741,0.9109542245502164,0.9109542245502164,KI67,24734.681843988346,5120.74802976686
31,31_HE_val.ndpi,31_KI67_val.ndpi,31_8,37688.321644596384,2765.053423286653,0.9109542245502164,0.9109542245502164,KI67,24082.283847239218,2463.7058001968553
31,31_HE_val.ndpi,31_KI67_val.ndpi,31_9,36268.51492604023,10135.904601802524,0.9109542245502164,0.9109542245502164,KI67,23337.980328490336,9341.864451019519
31,31_HE_val.ndpi,31_KI67_val.ndpi,31_10,36422.39158909997,11308.082711581204,0.9109542245502164,0.9109542245502164,KI67,23757.324537072513,10445.898284054161
31,31_HE_val.ndpi,31_KI67_val.ndpi,31_11,36116.40553142705,13416.961373085222,0.9109542245502164,0.9109542245502164,KI67,23725.057160382876,11987.826606092178
31,31_HE_val.ndpi,31_KI67_val.ndpi,31_12,38921.65655166237,13476.725862141844,0.9109542245502164,0.9109542245502164,KI67,25720.130427483837,12331.686958366286
31,31_HE_val.ndpi,31_KI67_val.ndpi,31_13,40000.913606792696,12371.47069106318,0.9109542245502164,0.9109542245502164,KI67,26751.967756925995,11493.438340600389
31,31_HE_val.ndpi,31_KI67_val.ndpi,31_14,38663.716185613484,11621.217195123572,0.9109542245502164,0.9109542245502164,KI67,25374.590429257623,10748.998826028612
31,31_HE_val.ndpi,31_KI67_val.ndpi,31_15,34031.772939331946,13556.837839317282,0.9109542245502164,0.9109542245502164,KI67,21884.140436815975,11910.750873311878
31,31_HE_val.ndpi,31_KI67_val.ndpi,31_16,30724.96695494529,12849.334115997393,0.9109542245502164,0.9109542245502164,KI67,18994.684302385616,11290.761785373632
31,31_HE_val.ndpi,31_KI67_val.ndpi,31_17,28762.745882536605,12897.984225230666,0.9109542245502164,0.9109542245502164,KI67,16759.337950826524,11476.853502010405
31,31_HE_val.ndpi,31_KI67_val.ndpi,31_18,33359.31781579667,8218.0264051572,0.9109542245502164,0.9109542245502164,KI67,20862.54489693527,7250.257497340188
31,31_HE_val.ndpi,31_KI67_val.ndpi,31_19,32297.083313589086,10207.634459091507,0.9109542245502164,0.9109542245502164,KI67,20090.369418231672,9392.616563002792
31,31_HE_val.ndpi,31_KI67_val.ndpi,31_20,30654.869324762836,9331.09264251375,0.9109542245502164,0.9109542245502164,KI67,18167.71951346207,8397.434107523683
31,31_HE_val.ndpi,31_KI67_val.ndpi,31_21,28351.61157056372,6072.215190808747,0.9109542245502164,0.9109542245502164,KI67,15954.891235943665,4838.331826388557
31,31_HE_val.ndpi,31_KI67_val.ndpi,31_22,24269.97001157521,7212.977667267026,0.9109542245502164,0.9109542245502164,KI67,12221.314517749104,6395.9917140854495
31,31_HE_val.ndpi,31_KI67_val.ndpi,31_23,28761.987518480044,9254.831802776607,0.9109542245502164,0.9109542245502164,KI67,16221.70574995895,8070.534824807692
31,31_HE_val.ndpi,31_KI67_val.ndpi,31_24,27360.923252652243,10108.706425871158,0.9109542245502164,0.9109542245502164,KI67,15403.323437539379,8971.887914502191
31,31_HE_val.ndpi,31_KI67_val.ndpi,31_25,26987.640274094152,11993.27097561495,0.9109542245502164,0.9109542245502164,KI67,14981.115372793347,10813.291500215675
31,31_HE_val.ndpi,31_KI67_val.ndpi,31_26,25720.710346144326,10718.520492554337,0.9109542245502164,0.9109542245502164,KI67,13552.119462678736,9422.567997077282
31,31_HE_val.ndpi,31_KI67_val.ndpi,31_27,23624.80157644957,12165.323188052584,0.9109542245502164,0.9109542245502164,KI67,11788.643443145364,11122.872525621851
31,31_HE_val.ndpi,31_KI67_val.ndpi,31_28,23139.927159579904,13479.176446667196,0.9109542245502164,0.9109542245502164,KI67,11252.658394185164,12718.71481585299
31,31_HE_val.ndpi,31_KI67_val.ndpi,31_29,17210.382274570333,12345.6339066872,0.9109542245502164,0.9109542245502164,KI67,5844.644098708566,11309.309599527247
31,31_HE_val.ndpi,31_KI67_val.ndpi,31_30,18846.69266151351,10420.275802848806,0.9109542245502164,0.9109542245502164,KI67,7198.888787793161,9427.990527572849
31,31_HE_val.ndpi,31_KI67_val.ndpi,31_31,20997.432212040658,11886.23885836853,0.9109542245502164,0.9109542245502164,KI67,9120.123904961945,10812.965019167523
31,31_HE_val.ndpi,31_KI67_val.ndpi,31_32,21748.410671561654,10641.64820126761,0.9109542245502164,0.9109542245502164,KI67,9727.879991453814,9340.174926724978
31,31_HE_val.ndpi,31_KI67_val.ndpi,31_33,22333.89628855664,11832.683745244785,0.9109542245502164,0.9109542245502164,KI67,10585.565498330776,10617.587672746855
31,31_HE_val.ndpi,31_KI67_val.ndpi,31_34,24288.644038501432,9663.001072338138,0.9109542245502164,0.9109542245502164,KI67,12241.168950712681,8501.146195715295
31,31_HE_val.ndpi,31_KI67_val.ndpi,31_35,26439.60951617625,7253.018809393606,0.9109542245502164,0.9109542245502164,KI67,14473.83867504188,6106.938192811296
31,31_HE_val.ndpi,31_KI67_val.ndpi,31_36,26272.363606108793,9382.594545860858,0.9109542245502164,0.9109542245502164,KI67,14297.554895040355,8263.806459164669
31,31_HE_val.ndpi,31_KI67_val.ndpi,31_37,30309.508523718236,7116.461661933149,0.9109542245502164,0.9109542245502164,KI67,17962.575569542434,5728.379037785351
31,31_HE_val.ndpi,31_KI67_val.ndpi,31_38,28041.547541585765,8458.990289287372,0.9109542245502164,0.9109542245502164,KI67,15634.454625493136,7194.028918111133
31,31_HE_val.ndpi,31_KI67_val.ndpi,31_39,28926.790932600088,7090.393144897137,0.9109542245502164,0.9109542245502164,KI67,16483.22235949498,5695.0822338857815
31,31_HE_val.ndpi,31_KI67_val.ndpi,31_40,29412.8251088277,12296.303224105026,0.9109542245502164,0.9109542245502164,KI67,17192.42605436354,10979.285567711448
31,31_HE_val.ndpi,31_KI67_val.ndpi,31_41,30597.494383019464,10475.019040129842,0.9109542245502164,0.9109542245502164,KI67,18218.856629438895,9559.226199608645
31,31_HE_val.ndpi,31_KI67_val.ndpi,31_42,28802.68664009696,10494.748321398094,0.9109542245502164,0.9109542245502164,KI67,16494.372484618754,9177.412444496018
31,31_HE_val.ndpi,31_KI67_val.ndpi,31_43,26944.30863635053,14052.604552248345,0.9109542245502164,0.9109542245502164,KI67,15020.982383200837,12890.819024195049
31,31_HE_val.ndpi,31_KI67_val.ndpi,31_44,28539.701878953998,20238.6636448922,0.9109542245502164,0.9109542245502164,KI67,16111.78838556165,18377.679665246837
31,31_HE_val.ndpi,31_KI67_val.ndpi,31_45,27483.926938995824,16742.87551036401,0.9109542245502164,0.9109542245502164,KI67,15284.327286830086,15305.878307752755
31,31_HE_val.ndpi,31_KI67_val.ndpi,31_46,25591.35260218195,13763.244013148716,0.9109542245502164,0.9109542245502164,KI67,13376.078965177474,12767.327793285851
31,31_HE_val.ndpi,31_KI67_val.ndpi,31_47,23800.44548180844,15155.302822871352,0.9109542245502164,0.9109542245502164,KI67,12004.598829992854,14361.997109728862
31,31_HE_val.ndpi,31_KI67_val.ndpi,31_48,21031.968972584775,17391.981584560537,0.9109542245502164,0.9109542245502164,KI67,9206.728871575311,16023.473251021862
31,31_HE_val.ndpi,31_KI67_val.ndpi,31_49,20751.002254595558,16031.925097835032,0.9109542245502164,0.9109542245502164,KI67,9066.100238482362,15346.712493174056
31,31_HE_val.ndpi,31_KI67_val.ndpi,31_50,33998.879937160025,17013.044201441793,0.9109542245502164,0.9109542245502164,KI67,20875.07045408428,15612.819694854736
5,5_HE_val.ndpi,5_ER_val.ndpi,5_1,24924.564686355778,7316.159080556446,0.9109542245502164,0.9109542245502164,ER,21811.295427118555,7081.388708745269
5,5_HE_val.ndpi,5_ER_val.ndpi,5_2,23789.42185809132,8628.974137831801,0.9109542245502164,0.9109542245502164,ER,20920.691490688812,8327.355833152958
5,5_HE_val.ndpi,5_ER_val.ndpi,5_3,25122.23214229453,10020.469867586447,0.9109542245502164,0.9109542245502164,ER,22214.426212504615,9957.962104511318
5,5_HE_val.ndpi,5_ER_val.ndpi,5_4,24144.66275344437,11529.837003971104,0.9109542245502164,0.9109542245502164,ER,21052.988783963403,11288.38582599631
5,5_HE_val.ndpi,5_ER_val.ndpi,5_5,23135.811144150997,10638.293721339749,0.9109542245502164,0.9109542245502164,ER,20100.50758174779,10332.395992352198
5,5_HE_val.ndpi,5_ER_val.ndpi,5_6,26662.8814991224,8612.769947642206,0.9109542245502164,0.9109542245502164,ER,23699.712520514247,8774.347599125065
5,5_HE_val.ndpi,5_ER_val.ndpi,5_7,27006.985923997658,10215.98374535648,0.9109542245502164,0.9109542245502164,ER,24087.223215297054,10243.28386437261
5,5_HE_val.ndpi,5_ER_val.ndpi,5_8,26849.419631945108,6541.634694476351,0.9109542245502164,0.9109542245502164,ER,23336.778395126275,6472.676616698767
5,5_HE_val.ndpi,5_ER_val.ndpi,5_9,30250.412628219838,7810.685306714441,0.9109542245502164,0.9109542245502164,ER,27418.946516006305,8064.073599709241
5,5_HE_val.ndpi,5_ER_val.ndpi,5_10,32419.7805602792,11746.08237328142,0.9109542245502164,0.9109542245502164,ER,29465.160855880826,12316.526394632687
5,5_HE_val.ndpi,5_ER_val.ndpi,5_11,29337.309639259034,12586.75626083238,0.9109542245502164,0.9109542245502164,ER,25918.677972803365,12849.564986406329
5,5_HE_val.ndpi,5_ER_val.ndpi,5_12,31205.473833816708,14384.864298094146,0.9109542245502164,0.9109542245502164,ER,27649.61186456384,14877.538490360934
5,5_HE_val.ndpi,5_ER_val.ndpi,5_13,23409.980226909775,13572.028355353788,0.9109542245502164,0.9109542245502164,ER,20044.59883074495,13151.516014698711
5,5_HE_val.ndpi,5_ER_val.ndpi,5_14,21186.393364126267,12918.320608600041,0.9109542245502164,0.9109542245502164,ER,17761.846399267397,12405.113949690547
5,5_HE_val.ndpi,5_ER_val.ndpi,5_15,20710.642928219186,11093.524416079728,0.9109542245502164,0.9109542245502164,ER,17641.573809221554,10635.691850643994
5,5_HE_val.ndpi,5_ER_val.ndpi,5_16,23904.036265129707,16431.05327920159,0.9109542245502164,0.9109542245502164,ER,20485.347358084084,16457.38068670168
5,5_HE_val.ndpi,5_ER_val.ndpi,5_17,20928.471456572017,16904.634814491277,0.9109542245502164,0.9109542245502164,ER,18141.298519057204,16210.701788370838
5,5_HE_val.ndpi,5_ER_val.ndpi,5_18,22536.62784511632,20837.185310847504,0.9109542245502164,0.9109542245502164,ER,20722.589818448294,20356.196010560205
5,5_HE_val.ndpi,5_ER_val.ndpi,5_19,24151.301362919614,17805.468916594265,0.9109542245502164,0.9109542245502164,ER,20522.660740924337,17512.47613413836
5,5_HE_val.ndpi,5_ER_val.ndpi,5_20,21102.442311863502,19163.26326752477,0.9109542245502164,0.9109542245502164,ER,17605.99964816587,18540.836939957077
5,5_HE_val.ndpi,5_ER_val.ndpi,5_21,26342.89201754332,18788.24158144481,0.9109542245502164,0.9109542245502164,ER,22707.64231456011,18566.850001548388
5,5_HE_val.ndpi,5_ER_val.ndpi,5_22,27470.40334542184,15738.150010903248,0.9109542245502164,0.9109542245502164,ER,23941.38724530854,15762.505633347908
5,5_HE_val.ndpi,5_ER_val.ndpi,5_23,26291.956053897808,12991.35424934734,0.9109542245502164,0.9109542245502164,ER,23262.60559777181,12901.291615051832
5,5_HE_val.ndpi,5_ER_val.ndpi,5_24,29085.761985562447,9975.103701461967,0.9109542245502164,0.9109542245502164,ER,26194.117316042757,10183.30704567058
5,5_HE_val.ndpi,5_ER_val.ndpi,5_25,35234.811458586584,8261.827039855847,0.9109542245502164,0.9109542245502164,ER,32628.013513958605,9163.885483862456
5,5_HE_val.ndpi,5_ER_val.ndpi,5_26,36905.28203025377,5089.8098869148325,0.9109542245502164,0.9109542245502164,ER,36012.91892719508,5376.669919247074
5,5_HE_val.ndpi,5_ER_val.ndpi,5_27,41147.151122352414,3306.7233216521263,0.9109542245502164,0.9109542245502164,ER,40686.13457350062,3630.1108417309683
5,5_HE_val.ndpi,5_ER_val.ndpi,5_28,41456.845104740154,5634.120522626604,0.9109542245502164,0.9109542245502164,ER,40207.29270072761,6200.560772360639
5,5_HE_val.ndpi,5_ER_val.ndpi,5_29,42433.380728820666,10368.311279795129,0.9109542245502164,0.9109542245502164,ER,40338.70114177677,10601.681859168306
5,5_HE_val.ndpi,5_ER_val.ndpi,5_30,38572.14403512531,9998.7743262803,0.9109542245502164,0.9109542245502164,ER,35260.70114485562,11377.571932503739
5,5_HE_val.ndpi,5_ER_val.ndpi,5_31,37575.206780858025,13663.78676051806,0.9109542245502164,0.9109542245502164,ER,33784.70363179159,14452.743073556921
5,5_HE_val.ndpi,5_ER_val.ndpi,5_32,38698.280204396346,17003.017809134835,0.9109542245502164,0.9109542245502164,ER,35516.60803317261,18155.138426000027
5,5_HE_val.ndpi,5_ER_val.ndpi,5_33,34452.97006804893,18229.332987542548,0.9109542245502164,0.9109542245502164,ER,30655.66909685639,18850.704292974548
5,5_HE_val.ndpi,5_ER_val.ndpi,5_34,35902.458029350026,14404.052978952524,0.9109542245502164,0.9109542245502164,ER,32410.918863617204,15194.23056019638
5,5_HE_val.ndpi,5_ER_val.ndpi,5_35,31524.037526473847,17908.688073002286,0.9109542245502164,0.9109542245502164,ER,27764.9080459017,17909.892522060396
5,5_HE_val.ndpi,5_ER_val.ndpi,5_36,31630.17983833879,16391.170180291032,0.9109542245502164,0.9109542245502164,ER,28125.44899546388,16828.911654856238
5,5_HE_val.ndpi,5_ER_val.ndpi,5_37,29591.830354259528,15433.934234728948,0.9109542245502164,0.9109542245502164,ER,25913.429536825264,15665.478457393625
5,5_HE_val.ndpi,5_ER_val.ndpi,5_38,28116.56083815796,19082.692427224418,0.9109542245502164,0.9109542245502164,ER,24404.41751684299,19058.520315011396
5,5_HE_val.ndpi,5_ER_val.ndpi,5_39,29967.03741646063,17420.576815267294,0.9109542245502164,0.9109542245502164,ER,26408.91180785369,17781.789241562616
5,5_HE_val.ndpi,5_ER_val.ndpi,5_40,28466.830467312247,17308.88046102275,0.9109542245502164,0.9109542245502164,ER,24701.815630904835,17601.705921195433
5,5_HE_val.ndpi,5_ER_val.ndpi,5_41,31208.8792932652,19691.887891488997,0.9109542245502164,0.9109542245502164,ER,27412.483291572196,20150.346122519757
5,5_HE_val.ndpi,5_ER_val.ndpi,5_42,29895.886295712746,19145.22674449116,0.9109542245502164,0.9109542245502164,ER,26202.47709044669,19471.981709409436
5,5_HE_val.ndpi,5_ER_val.ndpi,5_43,33293.246294472825,16867.903202678877,0.9109542245502164,0.9109542245502164,ER,29520.66889133502,17340.33566657955
5,5_HE_val.ndpi,5_ER_val.ndpi,5_44,20949.044169709858,15353.330596701118,0.9109542245502164,0.9109542245502164,ER,17536.05861931684,14713.918317808533
5,5_HE_val.ndpi,5_ER_val.ndpi,5_45,19673.9089153378,13296.189882801631,0.9109542245502164,0.9109542245502164,ER,16707.817672866568,12306.439292076246
5,5_HE_val.ndpi,5_ER_val.ndpi,5_46,42608.43677654003,15979.309401589453,0.9109542245502164,0.9109542245502164,ER,40296.68449572276,17048.87694092013
5,5_HE_val.ndpi,5_ER_val.ndpi,5_47,42887.17479723944,17453.14108610554,0.9109542245502164,0.9109542245502164,ER,40706.689874691525,18675.243087349412
5,5_HE_val.ndpi,5_ER_val.ndpi,5_48,41151.305235750115,18103.099013462914,0.9109542245502164,0.9109542245502164,ER,38511.049507074415,19327.233332620035
5,5_HE_val.ndpi,5_ER_val.ndpi,5_49,40301.7114268248,12614.365711423423,0.9109542245502164,0.9109542245502164,ER,36843.26275716444,13369.619073848784
5,5_HE_val.ndpi,5_ER_val.ndpi,5_50,35174.16865106929,11978.560154250272,0.9109542245502164,0.9109542245502164,ER,32064.76414227109,12886.995848365217
10,10_HE_val.ndpi,10_ER_val.ndpi,10_1,13810.89006123624,4517.941451422215,0.9109542245502164,0.9109542245502164,ER,26673.15275817959,17918.498109526685
10,10_HE_val.ndpi,10_ER_val.ndpi,10_2,15661.23870973979,5382.782901062521,0.9109542245502164,0.9109542245502164,ER,24568.381849968235,17028.103594367924
10,10_HE_val.ndpi,10_ER_val.ndpi,10_3,16420.403810027514,6721.766330787432,0.9109542245502164,0.9109542245502164,ER,23436.8195616985,15320.401494183556
10,10_HE_val.ndpi,10_ER_val.ndpi,10_4,17422.373330823368,8366.63761872524,0.9109542245502164,0.9109542245502164,ER,22276.777448016648,13810.062942169978
10,10_HE_val.ndpi,10_ER_val.ndpi,10_5,19655.98643490912,4504.5346828071115,0.9109542245502164,0.9109542245502164,ER,20605.151932294913,17711.774020766174
10,10_HE_val.ndpi,10_ER_val.ndpi,10_6,19319.640000703774,7009.114380371905,0.9109542245502164,0.9109542245502164,ER,20499.673119044226,15182.922065119774
10,10_HE_val.ndpi,10_ER_val.ndpi,10_7,19685.641979889268,10241.193396563884,0.9109542245502164,0.9109542245502164,ER,20352.891053250376,12320.003536632048
10,10_HE_val.ndpi,10_ER_val.ndpi,10_8,21412.733370558635,9676.340769427741,0.9109542245502164,0.9109542245502164,ER,18821.56554154145,12927.77830964784
10,10_HE_val.ndpi,10_ER_val.ndpi,10_9,22273.515803087506,5437.266222355355,0.9109542245502164,0.9109542245502164,ER,18085.12103675053,16944.516839997676
10,10_HE_val.ndpi,10_ER_val.ndpi,10_10,24241.267972482965,7667.672242638887,0.9109542245502164,0.9109542245502164,ER,16316.656028889503,15180.750591475571
10,10_HE_val.ndpi,10_ER_val.ndpi,10_11,24607.269951668462,8746.908847929471,0.9109542245502164,0.9109542245502164,ER,15858.611375429224,14061.932440866542
10,10_HE_val.ndpi,10_ER_val.ndpi,10_12,27817.60782465241,9596.481818132852,0.9109542245502164,0.9109542245502164,ER,12217.408275887776,13508.79989422354
10,10_HE_val.ndpi,10_ER_val.ndpi,10_13,26721.687368458784,10050.595384900047,0.9109542245502164,0.9109542245502164,ER,13540.513888907577,12983.115825394203
10,10_HE_val.ndpi,10_ER_val.ndpi,10_14,28744.6042904527,4495.394404527502,0.9109542245502164,0.9109542245502164,ER,12185.598339889179,18215.43857021847
10,10_HE_val.ndpi,10_ER_val.ndpi,10_15,32221.935914919344,6588.035625339042,0.9109542245502164,0.9109542245502164,ER,8382.445392747239,16402.151593956703
10,10_HE_val.ndpi,10_ER_val.ndpi,10_16,37197.22542433069,10206.970600152776,0.9109542245502164,0.9109542245502164,ER,4327.4999619598975,12676.294023160852
10,10_HE_val.ndpi,10_ER_val.ndpi,10_17,35855.79167469199,11422.493412507583,0.9109542245502164,0.9109542245502164,ER,5180.170012307604,11538.228251289014
10,10_HE_val.ndpi,10_ER_val.ndpi,10_18,35473.52294087601,9662.86851257728,0.9109542245502164,0.9109542245502164,ER,5633.818597911135,13197.675203232924
10,10_HE_val.ndpi,10_ER_val.ndpi,10_19,33799.92414716455,13213.400532881084,0.9109542245502164,0.9109542245502164,ER,7251.351187895209,10323.596551808352
10,10_HE_val.ndpi,10_ER_val.ndpi,10_20,37749.304478119215,15606.49039678628,0.9109542245502164,0.9109542245502164,ER,3264.06351702867,8044.1014485356145
10,10_HE_val.ndpi,10_ER_val.ndpi,10_21,34206.593012926205,15934.953711439925,0.9109542245502164,0.9109542245502164,ER,6830.064853346455,7737.930553190785
10,10_HE_val.ndpi,10_ER_val.ndpi,10_22,30449.03351982822,15712.502366066035,0.9109542245502164,0.9109542245502164,ER,9884.850576520821,7298.453825834587
10,10_HE_val.ndpi,10_ER_val.ndpi,10_23,29871.61586748064,14578.956350283777,0.9109542245502164,0.9109542245502164,ER,10794.362509980934,8508.888016936491
10,10_HE_val.ndpi,10_ER_val.ndpi,10_24,28991.803417515534,16718.747123655812,0.9109542245502164,0.9109542245502164,ER,11987.874395471892,6436.2488944515935
10,10_HE_val.ndpi,10_ER_val.ndpi,10_25,28258.62637587791,15849.796555788997,0.9109542245502164,0.9109542245502164,ER,12794.310260388265,7187.943557505412
10,10_HE_val.ndpi,10_ER_val.ndpi,10_26,26827.609615696027,16016.779889914082,0.9109542245502164,0.9109542245502164,ER,14352.072668330384,7227.366207924286
10,10_HE_val.ndpi,10_ER_val.ndpi,10_27,25253.36083691061,16299.080205649825,0.9109542245502164,0.9109542245502164,ER,15713.098827149584,6616.761219679955
10,10_HE_val.ndpi,10_ER_val.ndpi,10_28,25558.36248623186,14328.300317727886,0.9109542245502164,0.9109542245502164,ER,16228.518379421494,8897.918025368663
10,10_HE_val.ndpi,10_ER_val.ndpi,10_29,26848.754079514118,12576.495972908422,0.9109542245502164,0.9109542245502164,ER,14914.2792476143,10943.098076346067
10,10_HE_val.ndpi,10_ER_val.ndpi,10_30,21992.18935570649,13788.682015082593,0.9109542245502164,0.9109542245502164,ER,19167.22459187558,9289.021554556686
10,10_HE_val.ndpi,10_ER_val.ndpi,10_31,24729.383644486963,12623.419303573191,0.9109542245502164,0.9109542245502164,ER,16842.59750787033,10406.474173021583
10,10_HE_val.ndpi,10_ER_val.ndpi,10_32,25378.80254088791,11546.998098122494,0.9109542245502164,0.9109542245502164,ER,15922.559608393014,11498.95365833356
10,10_HE_val.ndpi,10_ER_val.ndpi,10_33,23480.74353291471,8922.716984031778,0.9109542245502164,0.9109542245502164,ER,16896.657875739336,14041.4764023961
10,10_HE_val.ndpi,10_ER_val.ndpi,10_34,21574.195418439143,3089.9525957534997,0.9109542245502164,0.9109542245502164,ER,18929.827601564313,19203.017477282083
10,10_HE_val.ndpi,10_ER_val.ndpi,10_35,22811.928607308644,3198.9189969639942,0.9109542245502164,0.9109542245502164,ER,17584.764227517782,19313.394836805935
10,10_HE_val.ndpi,10_ER_val.ndpi,10_36,23711.29244505078,4326.382358771192,0.9109542245502164,0.9109542245502164,ER,16534.094427370906,18209.016062390638
10,10_HE_val.ndpi,10_ER_val.ndpi,10_37,25177.64652832605,4769.547148383264,0.9109542245502164,0.9109542245502164,ER,15008.50791198085,17782.26131253927
10,10_HE_val.ndpi,10_ER_val.ndpi,10_38,26135.445553856112,6466.1800837477795,0.9109542245502164,0.9109542245502164,ER,14508.936991059656,16463.576485481077
10,10_HE_val.ndpi,10_ER_val.ndpi,10_39,28408.620239395677,3214.1325835062207,0.9109542245502164,0.9109542245502164,ER,12447.41077187765,19587.121056880635
10,10_HE_val.ndpi,10_ER_val.ndpi,10_40,30080.313387668317,5588.308961968221,0.9109542245502164,0.9109542245502164,ER,10730.481490228607,17232.932949134192
10,10_HE_val.ndpi,10_ER_val.ndpi,10_41,27805.907093968617,6591.750680097227,0.9109542245502164,0.9109542245502164,ER,12749.275790219664,16375.36196934358
10,10_HE_val.ndpi,10_ER_val.ndpi,10_42,27274.588409073564,5566.028483809456,0.9109542245502164,0.9109542245502164,ER,13301.88696644442,17305.737759889907
10,10_HE_val.ndpi,10_ER_val.ndpi,10_43,27104.739530867835,7872.8508615910705,0.9109542245502164,0.9109542245502164,ER,13329.098569633436,15128.590309657662
10,10_HE_val.ndpi,10_ER_val.ndpi,10_44,25435.724451401784,7972.620869291651,0.9109542245502164,0.9109542245502164,ER,15014.66513998935,14922.82068383442
10,10_HE_val.ndpi,10_ER_val.ndpi,10_45,23300.194872582535,10908.435603638316,0.9109542245502164,0.9109542245502164,ER,17447.67529344313,11756.987213910908
10,10_HE_val.ndpi,10_ER_val.ndpi,10_46,20519.000263815477,11501.396348583357,0.9109542245502164,0.9109542245502164,ER,19809.727788132637,11092.342476315009
10,10_HE_val.ndpi,10_ER_val.ndpi,10_47,14368.042238330494,6668.514792789627,0.9109542245502164,0.9109542245502164,ER,25649.807053541306,15578.198058474698
10,10_HE_val.ndpi,10_ER_val.ndpi,10_48,20960.149414508393,7003.930585906445,0.9109542245502164,0.9109542245502164,ER,19269.890570800846,15595.604585384568
10,10_HE_val.ndpi,10_ER_val.ndpi,10_49,19748.939915202765,8782.634778563232,0.9109542245502164,0.9109542245502164,ER,20318.82730714548,13611.768527013664
10,10_HE_val.ndpi,10_ER_val.ndpi,10_50,22900.569749920498,6590.098416071489,0.9109542245502164,0.9109542245502164,ER,17557.698696402444,16140.549305431225
67,67_HE_val.ndpi,67_ER_val.ndpi,67_1,15836.354964522381,5036.200966951648,0.9097732390201744,0.9097732390201744,ER,12970.557933445813,7343.6406822015615
67,67_HE_val.ndpi,67_ER_val.ndpi,67_2,21823.23491140409,4893.217727986677,0.9097732390201744,0.9097732390201744,ER,18788.33101563255,8856.270941600502
67,67_HE_val.ndpi,67_ER_val.ndpi,67_3,24014.410312038668,4396.142974500786,0.9097732390201744,0.9097732390201744,ER,21059.66962267831,8022.792708831957
67,67_HE_val.ndpi,67_ER_val.ndpi,67_4,23933.844376666766,2891.514054593275,0.9097732390201744,0.9097732390201744,ER,22090.2083403444,5050.96059386818
67,67_HE_val.ndpi,67_ER_val.ndpi,67_5,35252.87000808143,2631.294844894629,0.9097732390201744,0.9097732390201744,ER,43383.536957308985,3853.077285027424
67,67_HE_val.ndpi,67_ER_val.ndpi,67_6,37341.27434093309,4921.721693258513,0.9097732390201744,0.9097732390201744,ER,42721.78975319461,6853.847576030243
67,67_HE_val.ndpi,67_ER_val.ndpi,67_7,39316.45625128793,6557.819411835832,0.9097732390201744,0.9097732390201744,ER,44257.353912995764,8787.369250402216
67,67_HE_val.ndpi,67_ER_val.ndpi,67_8,40591.57977925837,11461.422628231443,0.9097732390201744,0.9097732390201744,ER,46542.40504645157,14943.076123969571
67,67_HE_val.ndpi,67_ER_val.ndpi,67_9,40931.41487412663,12509.965416013909,0.9097732390201744,0.9097732390201744,ER,47203.77376944899,16258.684366957621
67,67_HE_val.ndpi,67_ER_val.ndpi,67_10,40371.31772892795,14659.439809420308,0.9097732390201744,0.9097732390201744,ER,47314.37819212248,19226.839234577947
67,67_HE_val.ndpi,67_ER_val.ndpi,67_11,40125.43849510232,17383.297558877002,0.9097732390201744,0.9097732390201744,ER,50403.59560413792,24254.111659970644
67,67_HE_val.ndpi,67_ER_val.ndpi,67_12,40371.03087743269,18390.926256626983,0.9097732390201744,0.9097732390201744,ER,51257.064030279595,25437.30548379775
67,67_HE_val.ndpi,67_ER_val.ndpi,67_13,33683.17366461543,19138.56444307529,0.9097732390201744,0.9097732390201744,ER,45073.76713235422,26834.443111389155
67,67_HE_val.ndpi,67_ER_val.ndpi,67_14,19570.17252067594,17401.565711276435,0.9097732390201744,0.9097732390201744,ER,17327.28162934268,23630.2047959418
67,67_HE_val.ndpi,67_ER_val.ndpi,67_15,23382.205932568155,14166.677253106856,0.9097732390201744,0.9097732390201744,ER,18709.860043767876,17070.940012928444
67,67_HE_val.ndpi,67_ER_val.ndpi,67_16,24113.895282275,11675.743598520152,0.9097732390201744,0.9097732390201744,ER,19582.922561079828,14627.98834894892
67,67_HE_val.ndpi,67_ER_val.ndpi,67_17,23441.71508226012,7715.023738433457,0.9097732390201744,0.9097732390201744,ER,19558.196293259574,10888.143571700855
67,67_HE_val.ndpi,67_ER_val.ndpi,67_18,33419.90808204144,16375.067704125058,0.9097732390201744,0.9097732390201744,ER,40677.49489504826,23281.534969859887
67,67_HE_val.ndpi,67_ER_val.ndpi,67_19,33398.78440488144,15313.488334251875,0.9097732390201744,0.9097732390201744,ER,39022.25660490374,21221.75642514923
67,67_HE_val.ndpi,67_ER_val.ndpi,67_20,31116.132541681007,9328.626375320362,0.9097732390201744,0.9097732390201744,ER,33588.89810716471,12689.592684611147
67,67_HE_val.ndpi,67_ER_val.ndpi,67_21,37507.55201658831,7931.917324066074,0.9097732390201744,0.9097732390201744,ER,41956.67313296062,10689.818211958625
67,67_HE_val.ndpi,67_ER_val.ndpi,67_22,38712.79421423345,11569.40535804944,0.9097732390201744,0.9097732390201744,ER,44209.37053546005,15241.022175395527
67,67_HE_val.ndpi,67_ER_val.ndpi,67_23,31972.511766611642,12208.750374541989,0.9097732390201744,0.9097732390201744,ER,35528.00563045043,16390.698816599255
67,67_HE_val.ndpi,67_ER_val.ndpi,67_24,24934.454702766685,16768.072670537495,0.9097732390201744,0.9097732390201744,ER,23621.866355137492,22833.333433894935
67,67_HE_val.ndpi,67_ER_val.ndpi,67_25,27231.639202350194,14968.980801436364,0.9097732390201744,0.9097732390201744,ER,24709.07801058448,19939.521053867295
67,67_HE_val.ndpi,67_ER_val.ndpi,67_26,27625.517156859838,8602.855478193438,0.9097732390201744,0.9097732390201744,ER,25321.529966125334,11784.124641356964
67,67_HE_val.ndpi,67_ER_val.ndpi,67_27,25793.51470176852,8635.629194017978,0.9097732390201744,0.9097732390201744,ER,21782.419397055262,11492.97159209316
67,67_HE_val.ndpi,67_ER_val.ndpi,67_28,30601.543960191495,3737.040938512739,0.9097732390201744,0.9097732390201744,ER,33620.00700746753,4911.239894198104
67,67_HE_val.ndpi,67_ER_val.ndpi,67_29,28605.34044065389,2151.00680714321,0.9097732390201744,0.9097732390201744,ER,32388.577753268994,2885.878230115084
67,67_HE_val.ndpi,67_ER_val.ndpi,67_30,33239.05922970453,1124.2643771635228,0.9097732390201744,0.9097732390201744,ER,40291.29113507879,1719.744371073902
67,67_HE_val.ndpi,67_ER_val.ndpi,67_31,19431.589920627142,5703.329348946965,0.9097732390201744,0.9097732390201744,ER,16474.253981447095,8876.827070330923
67,67_HE_val.ndpi,67_ER_val.ndpi,67_32,20491.904594885633,9052.899463627517,0.9097732390201744,0.9097732390201744,ER,16234.182614417623,12161.861420072355
67,67_HE_val.ndpi,67_ER_val.ndpi,67_33,16188.827576270469,11676.29502645181,0.9097732390201744,0.9097732390201744,ER,12024.416865536183,14442.091653847363
67,67_HE_val.ndpi,67_ER_val.ndpi,67_34,17153.078989106292,13722.640978052626,0.9097732390201744,0.9097732390201744,ER,12677.887149158032,16429.80016913707
67,67_HE_val.ndpi,67_ER_val.ndpi,67_35,18436.04980141513,14120.850492345162,0.9097732390201744,0.9097732390201744,ER,14230.709793412288,17241.103895687123
67,67_HE_val.ndpi,67_ER_val.ndpi,67_36,30211.360913846544,17698.313726026227,0.9097732390201744,0.9097732390201744,ER,35437.283568285355,25365.63950878328
67,67_HE_val.ndpi,67_ER_val.ndpi,67_37,29315.19654235844,18955.434109757294,0.9097732390201744,0.9097732390201744,ER,35987.45531121932,25968.510111315747
67,67_HE_val.ndpi,67_ER_val.ndpi,67_38,25693.23464083836,12835.717150869099,0.9097732390201744,0.9097732390201744,ER,21080.259118882932,16550.508923583584
67,67_HE_val.ndpi,67_ER_val.ndpi,67_39,34428.00976553234,7952.131322151319,0.9097732390201744,0.9097732390201744,ER,38099.97050356925,10891.766384680419
67,67_HE_val.ndpi,67_ER_val.ndpi,67_40,23873.256001234986,8636.549698301695,0.9097732390201744,0.9097732390201744,ER,19749.271642552318,11706.066019401209
67,67_HE_val.ndpi,67_ER_val.ndpi,67_41,19891.02918452796,13032.357524882098,0.9097732390201744,0.9097732390201744,ER,15232.386303455056,15584.880859667686
67,67_HE_val.ndpi,67_ER_val.ndpi,67_42,27430.879056035865,5133.049623384082,0.9097732390201744,0.9097732390201744,ER,26793.40829644966,6904.134875681374
67,67_HE_val.ndpi,67_ER_val.ndpi,67_43,37680.00941731434,17177.910313859367,0.9097732390201744,0.9097732390201744,ER,47264.034772122584,24180.667425759893
67,67_HE_val.ndpi,67_ER_val.ndpi,67_44,34385.741888527795,13415.918252496938,0.9097732390201744,0.9097732390201744,ER,39153.21712729982,17983.769066698842
67,67_HE_val.ndpi,67_ER_val.ndpi,67_45,27190.598166977183,12317.345565865886,0.9097732390201744,0.9097732390201744,ER,23466.94896162697,16161.152842041987
67,67_HE_val.ndpi,67_ER_val.ndpi,67_46,22418.138473492567,6278.122680094386,0.9097732390201744,0.9097732390201744,ER,19026.59728092069,9646.218762059363
67,67_HE_val.ndpi,67_ER_val.ndpi,67_47,26341.649600402696,2448.201301512412,0.9097732390201744,0.9097732390201744,ER,27321.195293052457,3672.937092027661
67,67_HE_val.ndpi,67_ER_val.ndpi,67_48,18639.807618287607,5115.098442691021,0.9097732390201744,0.9097732390201744,ER,15804.675931963528,8201.574319659429
67,67_HE_val.ndpi,67_ER_val.ndpi,67_49,22770.856909120397,4172.101496916588,0.9097732390201744,0.9097732390201744,ER,19481.02061270681,7830.617299761708
67,67_HE_val.ndpi,67_ER_val.ndpi,67_50,21396.73808155056,7117.31114224753,0.9097732390201744,0.9097732390201744,ER,17773.65816132011,10435.060907608666
51,51_HE_val.ndpi,51_PGR_val.ndpi,51_1,32332.490432887866,159.1645107441143,0.919793966151582,0.919793966151582,PGR,25298.84343665105,119.74164143244516
51,51_HE_val.ndpi,51_PGR_val.ndpi,51_2,31555.641155506386,1183.6344952909994,0.919793966151582,0.919793966151582,PGR,23962.19420509591,820.7744868543278
51,51_HE_val.ndpi,51_PGR_val.ndpi,51_3,32269.37142910067,2018.7474684761407,0.919793966151582,0.919793966151582,PGR,24208.14167368311,1356.1686630753557
51,51_HE_val.ndpi,51_PGR_val.ndpi,51_4,31782.86956914042,2773.3519202520442,0.919793966151582,0.919793966151582,PGR,24135.913567158288,2231.4511451323774
51,51_HE_val.ndpi,51_PGR_val.ndpi,51_5,29820.43021338456,886.1985816657483,0.919793966151582,0.919793966151582,PGR,21076.08098075453,470.87761261657755
51,51_HE_val.ndpi,51_PGR_val.ndpi,51_6,28884.82401767733,2374.362131388893,0.919793966151582,0.919793966151582,PGR,19861.52143325573,2157.222562079944
51,51_HE_val.ndpi,51_PGR_val.ndpi,51_7,27417.790768298993,5415.816545374325,0.919793966151582,0.919793966151582,PGR,18684.030603805713,5203.27598073599
51,51_HE_val.ndpi,51_PGR_val.ndpi,51_8,32440.708972627293,5929.765733263233,0.919793966151582,0.919793966151582,PGR,25333.90426876671,5463.468663554497
51,51_HE_val.ndpi,51_PGR_val.ndpi,51_9,34241.31632987793,6541.5680990899655,0.919793966151582,0.919793966151582,PGR,27887.811742681926,6033.0920308045215
51,51_HE_val.ndpi,51_PGR_val.ndpi,51_10,31910.76849773334,7013.504035099249,0.919793966151582,0.919793966151582,PGR,24218.262019061516,6481.485106132352
51,51_HE_val.ndpi,51_PGR_val.ndpi,51_11,33959.08698740522,3311.89491330401,0.919793966151582,0.919793966151582,PGR,26564.645329899548,2723.5992021884485
51,51_HE_val.ndpi,51_PGR_val.ndpi,51_12,34969.10540021487,599.2491029836676,0.919793966151582,0.919793966151582,PGR,27346.729438350514,626.3670378179438
51,51_HE_val.ndpi,51_PGR_val.ndpi,51_13,36534.87557126899,671.7384627546924,0.919793966151582,0.919793966151582,PGR,28499.262955452396,649.6364896601378
51,51_HE_val.ndpi,51_PGR_val.ndpi,51_14,36404.39472368115,2440.478841167701,0.919793966151582,0.919793966151582,PGR,28346.291705309806,2109.175989681503
51,51_HE_val.ndpi,51_PGR_val.ndpi,51_15,35838.22821328437,3837.7448106429865,0.919793966151582,0.919793966151582,PGR,28229.25948776299,3419.2411496986742
51,51_HE_val.ndpi,51_PGR_val.ndpi,51_16,35215.971942101765,5215.098579440432,0.919793966151582,0.919793966151582,PGR,28408.230964419883,4677.599421192857
51,51_HE_val.ndpi,51_PGR_val.ndpi,51_17,38405.40217740472,2555.894949883634,0.919793966151582,0.919793966151582,PGR,30154.49341199812,2348.488010138066
51,51_HE_val.ndpi,51_PGR_val.ndpi,51_18,37970.02368943169,4135.308536371791,0.919793966151582,0.919793966151582,PGR,30233.397172209046,3856.802123429522
51,51_HE_val.ndpi,51_PGR_val.ndpi,51_19,36853.30285319577,5213.186908738661,0.919793966151582,0.919793966151582,PGR,29583.066308644953,4804.39236009239
51,51_HE_val.ndpi,51_PGR_val.ndpi,51_20,35378.77279249933,6960.4234345160485,0.919793966151582,0.919793966151582,PGR,28858.152414694476,6461.550105295149
51,51_HE_val.ndpi,51_PGR_val.ndpi,51_21,38261.23427271693,6538.5511186047,0.919793966151582,0.919793966151582,PGR,31139.71954630826,6201.096571286855
51,51_HE_val.ndpi,51_PGR_val.ndpi,51_22,36684.122343899486,9252.722229322886,0.919793966151582,0.919793966151582,PGR,31414.315280038078,8711.427181782108
51,51_HE_val.ndpi,51_PGR_val.ndpi,51_23,36363.63397725998,11898.15406478675,0.919793966151582,0.919793966151582,PGR,31375.245537224422,11252.700318777976
51,51_HE_val.ndpi,51_PGR_val.ndpi,51_24,38645.30966290421,10151.023611504283,0.919793966151582,0.919793966151582,PGR,33245.79913130805,9229.986389756832
51,51_HE_val.ndpi,51_PGR_val.ndpi,51_25,40097.234943146985,8784.05460719825,0.919793966151582,0.919793966151582,PGR,34224.83429165682,8512.208703306882
51,51_HE_val.ndpi,51_PGR_val.ndpi,51_26,39350.29436294458,7172.474307526305,0.919793966151582,0.919793966151582,PGR,32278.972642249708,6902.888187655815
51,51_HE_val.ndpi,51_PGR_val.ndpi,51_27,41735.61006914464,6004.636788838651,0.919793966151582,0.919793966151582,PGR,34152.83217548847,5915.93616054967
51,51_HE_val.ndpi,51_PGR_val.ndpi,51_28,44176.39281374967,2854.6683389120367,0.919793966151582,0.919793966151582,PGR,35445.20284852299,3042.8828610005035
51,51_HE_val.ndpi,51_PGR_val.ndpi,51_29,43101.20138630444,7978.210431318822,0.919793966151582,0.919793966151582,PGR,36337.120142145475,7991.7779410118
51,51_HE_val.ndpi,51_PGR_val.ndpi,51_30,42484.18129504285,8563.226490266932,0.919793966151582,0.919793966151582,PGR,36288.583318567,8466.698267437881
51,51_HE_val.ndpi,51_PGR_val.ndpi,51_31,44196.826448830136,10217.500052517658,0.919793966151582,0.919793966151582,PGR,38312.3887668566,9903.439103118992
51,51_HE_val.ndpi,51_PGR_val.ndpi,51_32,42948.19415905182,11827.962382879372,0.919793966151582,0.919793966151582,PGR,37269.34659972575,11652.524838627256
51,51_HE_val.ndpi,51_PGR_val.ndpi,51_33,41777.731576587474,13046.994834511008,0.919793966151582,0.919793966151582,PGR,36090.13127216311,12722.634760449975
51,51_HE_val.ndpi,51_PGR_val.ndpi,51_34,40793.49975288903,12795.003941045698,0.919793966151582,0.919793966151582,PGR,35279.341543221795,12427.781006625855
51,51_HE_val.ndpi,51_PGR_val.ndpi,51_35,39365.229987703235,12171.90608314597,0.919793966151582,0.919793966151582,PGR,34090.67498817535,11738.50403632891
51,51_HE_val.ndpi,51_PGR_val.ndpi,51_36,39856.94839056105,14941.791960872073,0.919793966151582,0.919793966151582,PGR,34554.0006798598,14284.310181699862
51,51_HE_val.ndpi,51_PGR_val.ndpi,51_37,41505.81098180335,14778.653612621958,0.919793966151582,0.919793966151582,PGR,36006.7271125681,14241.306568299806
51,51_HE_val.ndpi,51_PGR_val.ndpi,51_38,43078.93076850094,17464.60998916858,0.919793966151582,0.919793966151582,PGR,37930.04524193447,18312.92618775977
51,51_HE_val.ndpi,51_PGR_val.ndpi,51_39,40929.00039334757,16176.982311908714,0.919793966151582,0.919793966151582,PGR,35616.977229959564,15868.426949137265
51,51_HE_val.ndpi,51_PGR_val.ndpi,51_40,43073.10439892062,20162.219104875967,0.919793966151582,0.919793966151582,PGR,37745.49787199835,21193.25839360938
51,51_HE_val.ndpi,51_PGR_val.ndpi,51_41,42088.44793983951,18880.41779719643,0.919793966151582,0.919793966151582,PGR,37014.34809549412,20134.242405117897
51,51_HE_val.ndpi,51_PGR_val.ndpi,51_42,37997.71190760673,20897.548858597547,0.919793966151582,0.919793966151582,PGR,33283.741227669634,21392.13446700722
51,51_HE_val.ndpi,51_PGR_val.ndpi,51_43,38842.53549675916,19056.416071203334,0.919793966151582,0.919793966151582,PGR,34143.66801674232,20063.24629706617
51,51_HE_val.ndpi,51_PGR_val.ndpi,51_44,31183.51701916952,10273.0209015343,0.919793966151582,0.919793966151582,PGR,23342.874687914813,9826.909751619452
51,51_HE_val.ndpi,51_PGR_val.ndpi,51_45,33062.938569556565,10215.80315559776,0.919793966151582,0.919793966151582,PGR,26139.625639892987,9789.231996517614
51,51_HE_val.ndpi,51_PGR_val.ndpi,51_46,38151.455900823814,15210.964179897046,0.919793966151582,0.919793966151582,PGR,33063.91195836684,14421.812794774847
51,51_HE_val.ndpi,51_PGR_val.ndpi,51_47,34360.4861173911,12064.028798141124,0.919793966151582,0.919793966151582,PGR,28251.640289841507,11443.983837997077
51,51_HE_val.ndpi,51_PGR_val.ndpi,51_48,32584.608669296933,12651.32685184156,0.919793966151582,0.919793966151582,PGR,25855.19650918603,12113.34801503941
51,51_HE_val.ndpi,51_PGR_val.ndpi,51_49,35144.72478509907,15311.731101956533,0.919793966151582,0.919793966151582,PGR,29083.22800284023,14638.309356628886
51,51_HE_val.ndpi,51_PGR_val.ndpi,51_50,33125.92050571737,19100.036760018622,0.919793966151582,0.919793966151582,PGR,25831.47654179859,19175.81319022829
96,96_HE_val.ndpi,96_ER_val.ndpi,96_1,22764.001346368823,7930.449697503387,0.9109542245502164,0.9109542245502164,ER,16291.937685532104,6233.783410060696
96,96_HE_val.ndpi,96_ER_val.ndpi,96_2,23894.184326027877,8303.935885365483,0.9109542245502164,0.9109542245502164,ER,17701.156702166198,6610.581442264625
96,96_HE_val.ndpi,96_ER_val.ndpi,96_3,23933.28710158188,7295.084276072108,0.9109542245502164,0.9109542245502164,ER,17842.773598629617,5769.068631881905
96,96_HE_val.ndpi,96_ER_val.ndpi,96_4,24057.16686691344,9048.421353143243,0.9109542245502164,0.9109542245502164,ER,17835.892276082683,7617.600687999478
96,96_HE_val.ndpi,96_ER_val.ndpi,96_5,23635.51463823499,10194.525917236795,0.9109542245502164,0.9109542245502164,ER,17305.674561183252,9008.580795401564
96,96_HE_val.ndpi,96_ER_val.ndpi,96_6,22829.970307117168,10084.358272324624,0.9109542245502164,0.9109542245502164,ER,16383.880331822822,8845.53684205555
96,96_HE_val.ndpi,96_ER_val.ndpi,96_7,21246.70865718181,11134.578185092527,0.9109542245502164,0.9109542245502164,ER,14762.855164251916,9682.905978507408
96,96_HE_val.ndpi,96_ER_val.ndpi,96_8,23382.878803187738,12781.963636673368,0.9109542245502164,0.9109542245502164,ER,17335.025209553623,11661.001825455034
96,96_HE_val.ndpi,96_ER_val.ndpi,96_9,23328.56939269606,11736.507484708603,0.9109542245502164,0.9109542245502164,ER,16624.816401471842,10539.763702725913
96,96_HE_val.ndpi,96_ER_val.ndpi,96_10,21388.369323508297,13000.80883719061,0.9109542245502164,0.9109542245502164,ER,14659.432753140212,11572.107230151025
96,96_HE_val.ndpi,96_ER_val.ndpi,96_11,22649.433835125008,14457.387226577366,0.9109542245502164,0.9109542245502164,ER,16619.346204385984,13569.2784084937
96,96_HE_val.ndpi,96_ER_val.ndpi,96_12,22382.63299066835,15140.952404493202,0.9109542245502164,0.9109542245502164,ER,16344.655356726913,14288.674167951247
96,96_HE_val.ndpi,96_ER_val.ndpi,96_13,21600.890301792628,16194.443742359035,0.9109542245502164,0.9109542245502164,ER,15101.58886105933,15040.376820198526
96,96_HE_val.ndpi,96_ER_val.ndpi,96_14,25232.59968414655,13624.661469983788,0.9109542245502164,0.9109542245502164,ER,19614.253943767904,12611.117998722151
96,96_HE_val.ndpi,96_ER_val.ndpi,96_15,27324.26102346554,12346.035119810242,0.9109542245502164,0.9109542245502164,ER,21434.90560687494,10766.615258850348
96,96_HE_val.ndpi,96_ER_val.ndpi,96_16,27511.682519077167,13933.14185669839,0.9109542245502164,0.9109542245502164,ER,21452.52541394312,12559.081960908052
96,96_HE_val.ndpi,96_ER_val.ndpi,96_17,25314.25927514177,7169.850053352926,0.9109542245502164,0.9109542245502164,ER,19654.348222943077,5812.175346506344
96,96_HE_val.ndpi,96_ER_val.ndpi,96_18,26132.550024901964,8191.214550823579,0.9109542245502164,0.9109542245502164,ER,20909.309220445553,6663.454428845629
96,96_HE_val.ndpi,96_ER_val.ndpi,96_19,27125.145017321513,7425.089800154367,0.9109542245502164,0.9109542245502164,ER,21653.111882392936,6155.986045707106
96,96_HE_val.ndpi,96_ER_val.ndpi,96_20,27794.92487377849,8263.576409362719,0.9109542245502164,0.9109542245502164,ER,22004.032144983426,6570.956336492741
96,96_HE_val.ndpi,96_ER_val.ndpi,96_21,27619.700991768168,9725.672634855417,0.9109542245502164,0.9109542245502164,ER,21526.58133566155,8251.352732442847
96,96_HE_val.ndpi,96_ER_val.ndpi,96_22,31680.348009876674,11008.118544145058,0.9109542245502164,0.9109542245502164,ER,25886.238365720754,9148.159751313566
96,96_HE_val.ndpi,96_ER_val.ndpi,96_23,31085.98582145576,9279.77586465797,0.9109542245502164,0.9109542245502164,ER,25169.51301415469,7341.053174167955
96,96_HE_val.ndpi,96_ER_val.ndpi,96_24,32730.179327950616,8949.435616777706,0.9109542245502164,0.9109542245502164,ER,26538.507839967046,7094.15508147155
96,96_HE_val.ndpi,96_ER_val.ndpi,96_25,36315.624353130384,9184.198591722356,0.9109542245502164,0.9109542245502164,ER,28727.389169532562,7210.864133422912
96,96_HE_val.ndpi,96_ER_val.ndpi,96_26,34269.75868801426,10019.785078410448,0.9109542245502164,0.9109542245502164,ER,27675.533990153934,8231.461941762433
96,96_HE_val.ndpi,96_ER_val.ndpi,96_27,36891.05991314089,13202.191339974172,0.9109542245502164,0.9109542245502164,ER,31276.047377490544,14292.583639681978
96,96_HE_val.ndpi,96_ER_val.ndpi,96_28,36621.660093856575,11745.809067903081,0.9109542245502164,0.9109542245502164,ER,30282.747953629238,11361.166944497569
96,96_HE_val.ndpi,96_ER_val.ndpi,96_29,34879.13179634904,14892.604930611766,0.9109542245502164,0.9109542245502164,ER,29503.595289814708,16159.672042493488
96,96_HE_val.ndpi,96_ER_val.ndpi,96_30,30898.06634153785,17652.545159106932,0.9109542245502164,0.9109542245502164,ER,24528.95355962556,17367.599509081752
96,96_HE_val.ndpi,96_ER_val.ndpi,96_31,32882.17174264976,13453.147498245904,0.9109542245502164,0.9109542245502164,ER,26629.84080277176,12912.529286001822
96,96_HE_val.ndpi,96_ER_val.ndpi,96_32,32687.680356867408,11896.62135517437,0.9109542245502164,0.9109542245502164,ER,26782.483088596713,10654.067431729554
96,96_HE_val.ndpi,96_ER_val.ndpi,96_33,30481.450559611912,11865.253450841277,0.9109542245502164,0.9109542245502164,ER,24495.11042448468,10250.998886215113
96,96_HE_val.ndpi,96_ER_val.ndpi,96_34,29585.586854757108,11965.815362159361,0.9109542245502164,0.9109542245502164,ER,23379.217268310935,10479.53053819857
96,96_HE_val.ndpi,96_ER_val.ndpi,96_35,28815.580646726332,13498.754134398296,0.9109542245502164,0.9109542245502164,ER,22785.083052070106,12140.324791907115
96,96_HE_val.ndpi,96_ER_val.ndpi,96_36,30626.92195769676,15170.885246463156,0.9109542245502164,0.9109542245502164,ER,24446.558474689802,14480.813903045188
96,96_HE_val.ndpi,96_ER_val.ndpi,96_37,32011.732174882392,14197.54137112439,0.9109542245502164,0.9109542245502164,ER,25574.075657409063,13657.428981047513
96,96_HE_val.ndpi,96_ER_val.ndpi,96_38,33099.797317942444,16287.576034980346,0.9109542245502164,0.9109542245502164,ER,27324.15922604376,16965.52054719692
96,96_HE_val.ndpi,96_ER_val.ndpi,96_39,28550.655284909903,5837.402519090939,0.9109542245502164,0.9109542245502164,ER,22485.264752605362,4132.475874456874
96,96_HE_val.ndpi,96_ER_val.ndpi,96_40,30400.672767662567,6846.855152527088,0.9109542245502164,0.9109542245502164,ER,24639.701201434742,5022.611576389783
96,96_HE_val.ndpi,96_ER_val.ndpi,96_41,22481.556817743007,18789.798345825977,0.9109542245502164,0.9109542245502164,ER,15867.308528480737,17463.76980099489
96,96_HE_val.ndpi,96_ER_val.ndpi,96_42,23192.10493834244,19690.429403146267,0.9109542245502164,0.9109542245502164,ER,16346.871905627077,18473.939154255022
96,96_HE_val.ndpi,96_ER_val.ndpi,96_43,25953.325188954048,20931.5805221794,0.9109542245502164,0.9109542245502164,ER,18918.48253822341,20246.7497908523
96,96_HE_val.ndpi,96_ER_val.ndpi,96_44,27697.154265307592,20358.444794186158,0.9109542245502164,0.9109542245502164,ER,20664.133005499745,19496.79656722978
96,96_HE_val.ndpi,96_ER_val.ndpi,96_45,25497.649268987392,16013.214311766737,0.9109542245502164,0.9109542245502164,ER,19600.42838723779,14742.216084718786
96,96_HE_val.ndpi,96_ER_val.ndpi,96_46,27570.096373349694,16333.85707130958,0.9109542245502164,0.9109542245502164,ER,21797.439128622496,15081.560049871774
96,96_HE_val.ndpi,96_ER_val.ndpi,96_47,26592.526984499546,17546.043113483778,0.9109542245502164,0.9109542245502164,ER,20533.685807587874,16256.113731011266
96,96_HE_val.ndpi,96_ER_val.ndpi,96_48,37025.313478062184,14601.953472119932,0.9109542245502164,0.9109542245502164,ER,31633.231183165044,16754.292341931578
96,96_HE_val.ndpi,96_ER_val.ndpi,96_49,35461.465921714065,13122.19878076728,0.9109542245502164,0.9109542245502164,ER,29766.108694030198,13444.10128113513
96,96_HE_val.ndpi,96_ER_val.ndpi,96_50,28890.306196732974,8387.353166471423,0.9109542245502164,0.9109542245502164,ER,22861.191576239962,6840.264976505107
72,72_HE_val.ndpi,72_KI67_val.ndpi,72_1,30470.011604845917,6777.515143815059,0.919793966151582,0.919793966151582,KI67,18160.017561345227,3817.314370624192
72,72_HE_val.ndpi,72_KI67_val.ndpi,72_2,20047.644360804312,13544.3889980552,0.919793966151582,0.919793966151582,KI67,7880.811281528188,9186.576512461015
72,72_HE_val.ndpi,72_KI67_val.ndpi,72_3,17383.777767791667,15142.84884931462,0.919793966151582,0.919793966151582,KI67,4746.28047990114,11392.72726777844
72,72_HE_val.ndpi,72_KI67_val.ndpi,72_4,18850.450006263636,15466.613076536423,0.919793966151582,0.919793966151582,KI67,5765.009530204819,11843.349723169626
72,72_HE_val.ndpi,72_KI67_val.ndpi,72_5,17443.256040919594,8494.405843013243,0.919793966151582,0.919793966151582,KI67,5732.537571646698,4638.496575016829
72,72_HE_val.ndpi,72_KI67_val.ndpi,72_6,19235.611460566768,3384.1804659696973,0.919793966151582,0.919793966151582,KI67,7666.81912604643,152.82938464693908
72,72_HE_val.ndpi,72_KI67_val.ndpi,72_7,18949.60572084396,4258.073076040802,0.919793966151582,0.919793966151582,KI67,7683.422373851705,941.4713494925685
72,72_HE_val.ndpi,72_KI67_val.ndpi,72_8,22177.182017438085,15041.3281276433,0.919793966151582,0.919793966151582,KI67,9797.74335888909,11559.841022753593
72,72_HE_val.ndpi,72_KI67_val.ndpi,72_9,22194.49458368832,14350.643372449951,0.919793966151582,0.919793966151582,KI67,9823.543285121954,10472.722171732077
72,72_HE_val.ndpi,72_KI67_val.ndpi,72_10,22348.635936458646,12720.849738838308,0.919793966151582,0.919793966151582,KI67,10381.342136408446,8170.046624073601
72,72_HE_val.ndpi,72_KI67_val.ndpi,72_11,23626.936805819638,8717.193896794286,0.919793966151582,0.919793966151582,KI67,11565.157523045542,4835.619078565031
72,72_HE_val.ndpi,72_KI67_val.ndpi,72_12,20135.82131479817,11121.934134661506,0.919793966151582,0.919793966151582,KI67,8673.618525128219,6592.071604827661
72,72_HE_val.ndpi,72_KI67_val.ndpi,72_13,16940.132162216192,12195.798596691035,0.919793966151582,0.919793966151582,KI67,5286.757745637885,7481.095330578351
72,72_HE_val.ndpi,72_KI67_val.ndpi,72_14,45320.37385917357,6656.070126662801,0.919793966151582,0.919793966151582,KI67,30245.071791621336,4537.124494919835
72,72_HE_val.ndpi,72_KI67_val.ndpi,72_15,44899.094108721016,4949.153490010732,0.919793966151582,0.919793966151582,KI67,30069.64549513554,2871.9759865302044
72,72_HE_val.ndpi,72_KI67_val.ndpi,72_16,31812.80563347001,6532.575157771848,0.919793966151582,0.919793966151582,KI67,19335.79271896755,3581.0472153441947
72,72_HE_val.ndpi,72_KI67_val.ndpi,72_17,30927.05531430264,5974.26393403913,0.919793966151582,0.919793966151582,KI67,18596.527857857884,2995.812692168936
72,72_HE_val.ndpi,72_KI67_val.ndpi,72_18,28091.23546626938,7474.582090646916,0.919793966151582,0.919793966151582,KI67,16358.81657193423,4280.61913895425
72,72_HE_val.ndpi,72_KI67_val.ndpi,72_19,29022.546739333353,6933.2099558174905,0.919793966151582,0.919793966151582,KI67,17037.690866430745,3843.2298700469155
72,72_HE_val.ndpi,72_KI67_val.ndpi,72_20,22944.667028176504,10297.375030278785,0.919793966151582,0.919793966151582,KI67,11292.760263813796,6181.009036509983
72,72_HE_val.ndpi,72_KI67_val.ndpi,72_21,19301.686213524183,8061.794111588806,0.919793966151582,0.919793966151582,KI67,7750.740853339549,4331.640826249402
72,72_HE_val.ndpi,72_KI67_val.ndpi,72_22,16671.63540110379,9186.976509861011,0.919793966151582,0.919793966151582,KI67,5080.325348592053,5078.263890843567
72,72_HE_val.ndpi,72_KI67_val.ndpi,72_23,21090.64830839754,6704.330228006413,0.919793966151582,0.919793966151582,KI67,8866.593064244953,3319.1513360176828
72,72_HE_val.ndpi,72_KI67_val.ndpi,72_24,21801.33982523207,8029.990038375277,0.919793966151582,0.919793966151582,KI67,9848.156802737669,4384.5831441943365
72,72_HE_val.ndpi,72_KI67_val.ndpi,72_25,19205.755606824525,9660.56038236978,0.919793966151582,0.919793966151582,KI67,7374.52621524346,5307.393056712427
72,72_HE_val.ndpi,72_KI67_val.ndpi,72_26,24538.553867768656,11598.002761934167,0.919793966151582,0.919793966151582,KI67,12851.817806263754,7443.879933475497
72,72_HE_val.ndpi,72_KI67_val.ndpi,72_27,24000.769326533293,13597.878594617749,0.919793966151582,0.919793966151582,KI67,12329.002826646138,9801.382548428266
72,72_HE_val.ndpi,72_KI67_val.ndpi,72_28,17603.823140232642,14363.647389861982,0.919793966151582,0.919793966151582,KI67,5307.891685627894,10291.362645383273
72,72_HE_val.ndpi,72_KI67_val.ndpi,72_29,18795.79067562538,16809.786654940326,0.919793966151582,0.919793966151582,KI67,5254.277860644521,14127.05248696484
72,72_HE_val.ndpi,72_KI67_val.ndpi,72_30,17794.201488795756,16345.307048416336,0.919793966151582,0.919793966151582,KI67,4284.70917693721,13392.217839378038
72,72_HE_val.ndpi,72_KI67_val.ndpi,72_31,19497.06093422592,15585.828622794774,0.919793966151582,0.919793966151582,KI67,6359.775491134534,12045.339804040585
72,72_HE_val.ndpi,72_KI67_val.ndpi,72_32,18930.79679082821,13650.520944088428,0.919793966151582,0.919793966151582,KI67,6731.586999787046,9171.636004622424
72,72_HE_val.ndpi,72_KI67_val.ndpi,72_33,18810.023570542955,2451.417598005165,0.919793966151582,0.919793966151582,KI67,7550.600056896734,-471.91372540907287
72,72_HE_val.ndpi,72_KI67_val.ndpi,72_34,16702.68887894468,11592.520700812542,0.919793966151582,0.919793966151582,KI67,5361.0488827436375,7102.3180372445495
72,72_HE_val.ndpi,72_KI67_val.ndpi,72_35,18879.280760470734,10801.108496345,0.919793966151582,0.919793966151582,KI67,7697.5559463287145,6479.650425134124
72,72_HE_val.ndpi,72_KI67_val.ndpi,72_36,31687.955484002116,5390.376264074598,0.919793966151582,0.919793966151582,KI67,19331.63095387988,2443.051490828846
72,72_HE_val.ndpi,72_KI67_val.ndpi,72_37,44368.5245393377,7637.429869993785,0.919793966151582,0.919793966151582,KI67,29410.18267654993,5397.907410487014
72,72_HE_val.ndpi,72_KI67_val.ndpi,72_38,20266.119982051943,10308.420595979534,0.919793966151582,0.919793966151582,KI67,8418.602250544562,5756.4819536425375
72,72_HE_val.ndpi,72_KI67_val.ndpi,72_39,23295.83868283349,13894.93278299711,0.919793966151582,0.919793966151582,KI67,11523.649873105083,9994.500726695553
72,72_HE_val.ndpi,72_KI67_val.ndpi,72_40,16608.88005955909,15990.917779998894,0.919793966151582,0.919793966151582,KI67,3348.2532755054917,12926.834984854933
72,72_HE_val.ndpi,72_KI67_val.ndpi,72_41,17348.030784278144,10981.295171145335,0.919793966151582,0.919793966151582,KI67,6051.170790805613,6598.619551896771
72,72_HE_val.ndpi,72_KI67_val.ndpi,72_42,23594.274064175792,10309.241884116176,0.919793966151582,0.919793966151582,KI67,11895.642727609831,6224.668781730966
72,72_HE_val.ndpi,72_KI67_val.ndpi,72_43,22550.26902875236,11825.424869821987,0.919793966151582,0.919793966151582,KI67,10654.371459008345,7282.31658889155
72,72_HE_val.ndpi,72_KI67_val.ndpi,72_44,18840.866623962796,6354.536410244707,0.919793966151582,0.919793966151582,KI67,7024.220814179002,3036.481189823422
72,72_HE_val.ndpi,72_KI67_val.ndpi,72_45,19949.93413117264,4929.708920421334,0.919793966151582,0.919793966151582,KI67,8639.625329411192,1601.5869064118856
72,72_HE_val.ndpi,72_KI67_val.ndpi,72_46,19509.65336666713,14248.619121294469,0.919793966151582,0.919793966151582,KI67,6869.577765628451,9945.346520093164
72,72_HE_val.ndpi,72_KI67_val.ndpi,72_47,17891.980082496044,12163.123955567346,0.919793966151582,0.919793966151582,KI67,6121.383122614936,7367.128393493792
72,72_HE_val.ndpi,72_KI67_val.ndpi,72_48,27909.64225267216,6898.89509279997,0.919793966151582,0.919793966151582,KI67,16116.800690066479,3551.487453757292
72,72_HE_val.ndpi,72_KI67_val.ndpi,72_49,24305.943522545716,12769.10615725434,0.919793966151582,0.919793966151582,KI67,12532.028220922448,8742.60313012941
72,72_HE_val.ndpi,72_KI67_val.ndpi,72_50,17697.053392491882,9183.179003954512,0.919793966151582,0.919793966151582,KI67,5884.962132920519,4997.564405754075
1,1_HE_val.ndpi,1_PGR_val.ndpi,1_1,36096.235023955014,11030.853354288558,0.9097732390201744,0.9097732390201744,PGR,17238.76942547481,14268.53076269563
1,1_HE_val.ndpi,1_PGR_val.ndpi,1_2,35396.004590393866,10458.49473662397,0.9097732390201744,0.9097732390201744,PGR,17962.06513325622,14846.589270368644
1,1_HE_val.ndpi,1_PGR_val.ndpi,1_3,36497.65826430564,9301.133236246793,0.9097732390201744,0.9097732390201744,PGR,16767.912565258255,16014.729587770722
1,1_HE_val.ndpi,1_PGR_val.ndpi,1_4,35703.16735203108,13194.14340420737,0.9097732390201744,0.9097732390201744,PGR,17789.86029859282,12153.969161440386
1,1_HE_val.ndpi,1_PGR_val.ndpi,1_5,37443.13708779415,12579.62327099864,0.9097732390201744,0.9097732390201744,PGR,15891.835916798065,12675.251567134108
1,1_HE_val.ndpi,1_PGR_val.ndpi,1_6,37271.4040476273,14221.025048294907,0.9097732390201744,0.9097732390201744,PGR,16083.275229911469,10935.570263511747
1,1_HE_val.ndpi,1_PGR_val.ndpi,1_7,35624.634539932675,15679.860160813174,0.9097732390201744,0.9097732390201744,PGR,17952.481515706815,9565.193047646353
1,1_HE_val.ndpi,1_PGR_val.ndpi,1_8,38824.353198637466,13664.352312310779,0.9097732390201744,0.9097732390201744,PGR,14509.665165124017,11462.673688710518
1,1_HE_val.ndpi,1_PGR_val.ndpi,1_9,40215.33503642504,13097.000660476127,0.9097732390201744,0.9097732390201744,PGR,13026.243757595728,11987.032642857843
1,1_HE_val.ndpi,1_PGR_val.ndpi,1_10,39251.79269774923,12868.567908645728,0.9097732390201744,0.9097732390201744,PGR,14042.967628910752,12264.347388523878
1,1_HE_val.ndpi,1_PGR_val.ndpi,1_11,38361.51427940223,12160.209497033364,0.9097732390201744,0.9097732390201744,PGR,14932.664931615496,13065.394707778385
1,1_HE_val.ndpi,1_PGR_val.ndpi,1_12,39058.67518116679,11390.124113940465,0.9097732390201744,0.9097732390201744,PGR,14238.009938113022,13821.698463250206
1,1_HE_val.ndpi,1_PGR_val.ndpi,1_13,40626.98615502142,11956.284059598816,0.9097732390201744,0.9097732390201744,PGR,12840.611319562238,13163.91355942851
1,1_HE_val.ndpi,1_PGR_val.ndpi,1_14,41235.7626696989,11205.278220554756,0.9097732390201744,0.9097732390201744,PGR,12253.498999862959,13920.09258207764
1,1_HE_val.ndpi,1_PGR_val.ndpi,1_15,40392.81766726712,10840.794601076022,0.9097732390201744,0.9097732390201744,PGR,12897.282703044251,14327.573971058526
1,1_HE_val.ndpi,1_PGR_val.ndpi,1_16,39875.41993649748,9795.06759265054,0.9097732390201744,0.9097732390201744,PGR,13345.783046259856,15408.453710820311
1,1_HE_val.ndpi,1_PGR_val.ndpi,1_17,42037.953634595564,10906.562096356169,0.9097732390201744,0.9097732390201744,PGR,11119.686244620796,14171.496317722687
1,1_HE_val.ndpi,1_PGR_val.ndpi,1_18,41596.56422276972,9885.76766467004,0.9097732390201744,0.9097732390201744,PGR,11523.703851862094,15251.314192849308
1,1_HE_val.ndpi,1_PGR_val.ndpi,1_19,42651.07123900969,11937.905760450592,0.9097732390201744,0.9097732390201744,PGR,10420.396187516504,13090.285218022249
1,1_HE_val.ndpi,1_PGR_val.ndpi,1_20,42066.12913198565,12495.496989396126,0.9097732390201744,0.9097732390201744,PGR,11133.647061704263,12590.689105523306
1,1_HE_val.ndpi,1_PGR_val.ndpi,1_21,42802.66757896479,10242.324712604179,0.9097732390201744,0.9097732390201744,PGR,10255.171982717136,14828.560557966468
1,1_HE_val.ndpi,1_PGR_val.ndpi,1_22,42300.94761030652,9924.539969983804,0.9097732390201744,0.9097732390201744,PGR,10789.7089053643,15182.517312337386
1,1_HE_val.ndpi,1_PGR_val.ndpi,1_23,41659.21270302885,7555.887430582775,0.9097732390201744,0.9097732390201744,PGR,11417.105185222666,17564.325383979765
1,1_HE_val.ndpi,1_PGR_val.ndpi,1_24,40452.227437637244,8433.458199051473,0.9097732390201744,0.9097732390201744,PGR,12697.690096071206,16728.327040920252
1,1_HE_val.ndpi,1_PGR_val.ndpi,1_25,41147.12178987623,5807.991614949759,0.9097732390201744,0.9097732390201744,PGR,11829.364635284584,19385.175682188637
1,1_HE_val.ndpi,1_PGR_val.ndpi,1_26,41024.56417769676,6905.312248799797,0.9097732390201744,0.9097732390201744,PGR,12036.451507329957,18250.608110919846
1,1_HE_val.ndpi,1_PGR_val.ndpi,1_27,39787.79873875803,6722.194139043123,0.9097732390201744,0.9097732390201744,PGR,13280.247293354063,18492.330119737697
1,1_HE_val.ndpi,1_PGR_val.ndpi,1_28,39917.11982713838,3353.1778746836753,0.9097732390201744,0.9097732390201744,PGR,12836.987516082008,21936.249136400063
1,1_HE_val.ndpi,1_PGR_val.ndpi,1_29,43292.50195581165,3920.4851609026064,0.9097732390201744,0.9097732390201744,PGR,9464.850525032802,21221.14407726835
1,1_HE_val.ndpi,1_PGR_val.ndpi,1_30,38375.130863132996,8528.86801891397,0.9097732390201744,0.9097732390201744,PGR,14804.446391762956,16722.765462056548
1,1_HE_val.ndpi,1_PGR_val.ndpi,1_31,38527.46503104334,9665.809737825191,0.9097732390201744,0.9097732390201744,PGR,14693.040413011746,15573.026854289461
1,1_HE_val.ndpi,1_PGR_val.ndpi,1_32,39079.637387006536,7886.259436890279,0.9097732390201744,0.9097732390201744,PGR,14065.182800522694,17344.4731714532
1,1_HE_val.ndpi,1_PGR_val.ndpi,1_33,36912.4502282312,10296.17108263713,0.9097732390201744,0.9097732390201744,PGR,16377.845373230417,14996.286982166412
1,1_HE_val.ndpi,1_PGR_val.ndpi,1_34,38093.70910610514,10891.012390562371,0.9097732390201744,0.9097732390201744,PGR,15205.355635441638,14388.716110170744
1,1_HE_val.ndpi,1_PGR_val.ndpi,1_35,36964.42883122803,11691.017882704957,0.9097732390201744,0.9097732390201744,PGR,16374.030361649904,13606.219125784648
1,1_HE_val.ndpi,1_PGR_val.ndpi,1_36,33037.54240622115,8293.014156060955,0.9097732390201744,0.9097732390201744,PGR,20050.604603239182,16305.320041137164
1,1_HE_val.ndpi,1_PGR_val.ndpi,1_37,34782.54218899658,8838.43583736582,0.9097732390201744,0.9097732390201744,PGR,18459.911946975815,16381.875711184406
1,1_HE_val.ndpi,1_PGR_val.ndpi,1_38,36088.636180659436,5624.394188948381,0.9097732390201744,0.9097732390201744,PGR,17021.606559967095,19617.304695825496
1,1_HE_val.ndpi,1_PGR_val.ndpi,1_39,34317.93871703487,3797.9320832732255,0.9097732390201744,0.9097732390201744,PGR,19004.91150434661,21088.067644005565
1,1_HE_val.ndpi,1_PGR_val.ndpi,1_40,33827.983704216014,19113.90871285993,0.9097732390201744,0.9097732390201744,PGR,19977.309537492758,6116.969594010161
1,1_HE_val.ndpi,1_PGR_val.ndpi,1_41,27556.910395311625,18941.68534007749,0.9097732390201744,0.9097732390201744,PGR,26168.79884795996,6459.207424624948
1,1_HE_val.ndpi,1_PGR_val.ndpi,1_42,30564.255588149434,18950.4910518399,0.9097732390201744,0.9097732390201744,PGR,23229.558990220714,6361.3703333543
1,1_HE_val.ndpi,1_PGR_val.ndpi,1_43,34537.061361286986,12858.89994573067,0.9097732390201744,0.9097732390201744,PGR,18966.048588683014,12453.451133393943
1,1_HE_val.ndpi,1_PGR_val.ndpi,1_44,35459.5294509898,12212.180392976641,0.9097732390201744,0.9097732390201744,PGR,17966.884078258026,13104.848837251773
1,1_HE_val.ndpi,1_PGR_val.ndpi,1_45,36554.02558759636,12245.248264142856,0.9097732390201744,0.9097732390201744,PGR,16821.45896293994,13065.253352627215
1,1_HE_val.ndpi,1_PGR_val.ndpi,1_46,35618.76079999112,14309.817068725672,0.9097732390201744,0.9097732390201744,PGR,17956.37114999379,10997.488287320977
1,1_HE_val.ndpi,1_PGR_val.ndpi,1_47,32808.44643962179,11296.459727580232,0.9097732390201744,0.9097732390201744,PGR,20649.68980335491,14007.77410772672
1,1_HE_val.ndpi,1_PGR_val.ndpi,1_48,30359.454482480014,15317.9501748966,0.9097732390201744,0.9097732390201744,PGR,23577.95969117731,10024.96568800999
1,1_HE_val.ndpi,1_PGR_val.ndpi,1_49,47506.27900930023,15994.6423238901,0.9097732390201744,0.9097732390201744,PGR,5530.33390558258,8861.931585208145
1,1_HE_val.ndpi,1_PGR_val.ndpi,1_50,49212.359970258214,17750.460834094352,0.9097732390201744,0.9097732390201744,PGR,3849.112707074437,7061.183206917601
47,47_HE_val.ndpi,47_ER_val.ndpi,47_1,38459.844337820934,1979.478437626912,0.907338096858342,0.907338096858342,ER,2164.674551138223,17432.720025563303
47,47_HE_val.ndpi,47_ER_val.ndpi,47_0,38736.1174410532,2018.2192795361639,0.907338096858342,0.907338096858342,ER,2081.506782988881,17382.61968807629
47,47_HE_val.ndpi,47_ER_val.ndpi,47_2,38822.92396201223,6592.617172816846,0.907338096858342,0.907338096858342,ER,2458.773507475836,12496.09166630693
47,47_HE_val.ndpi,47_ER_val.ndpi,47_3,38190.562518735314,9142.974491852992,0.907338096858342,0.907338096858342,ER,4424.4577636146905,10365.904284752321
47,47_HE_val.ndpi,47_ER_val.ndpi,47_4,37701.00243720668,9730.443585039806,0.907338096858342,0.907338096858342,ER,5333.803424434203,9834.488997032187
47,47_HE_val.ndpi,47_ER_val.ndpi,47_5,37436.20376702433,10503.607950470256,0.907338096858342,0.907338096858342,ER,5609.094773233632,9065.178933644791
47,47_HE_val.ndpi,47_ER_val.ndpi,47_6,36391.94887787765,17251.482418196323,0.907338096858342,0.907338096858342,ER,6290.071941004793,916.2845511365592
47,47_HE_val.ndpi,47_ER_val.ndpi,47_7,30709.099531169966,13122.980900549841,0.907338096858342,0.907338096858342,ER,10448.11270774929,5906.648665926651
47,47_HE_val.ndpi,47_ER_val.ndpi,47_8,22401.004990027446,16218.796510445909,0.907338096858342,0.907338096858342,ER,16974.58733038826,3773.4231722771624
47,47_HE_val.ndpi,47_ER_val.ndpi,47_9,22466.895895795045,15356.478220413215,0.907338096858342,0.907338096858342,ER,16884.741379015362,4912.044405731371
47,47_HE_val.ndpi,47_ER_val.ndpi,47_10,23411.034297382397,13517.874843736106,0.907338096858342,0.907338096858342,ER,16053.951161917943,6608.270960778125
47,47_HE_val.ndpi,47_ER_val.ndpi,47_11,23164.882909866632,13313.061857177196,0.907338096858342,0.907338096858342,ER,16224.698103988272,6878.256026346706
47,47_HE_val.ndpi,47_ER_val.ndpi,47_12,26054.61536487754,16436.256385824265,0.907338096858342,0.907338096858342,ER,13726.777876344282,2782.04150002178
47,47_HE_val.ndpi,47_ER_val.ndpi,47_13,23213.370512306105,12286.171049352572,0.907338096858342,0.907338096858342,ER,16039.75716874891,7839.7449499543045
47,47_HE_val.ndpi,47_ER_val.ndpi,47_14,25042.094618239455,12788.073041949086,0.907338096858342,0.907338096858342,ER,14727.233613285232,6883.172629276941
47,47_HE_val.ndpi,47_ER_val.ndpi,47_15,23771.671767440283,8803.196419215883,0.907338096858342,0.907338096858342,ER,16861.508820188013,10863.223278273574
47,47_HE_val.ndpi,47_ER_val.ndpi,47_16,22527.89777435004,3641.277558287271,0.907338096858342,0.907338096858342,ER,16980.389621930994,15996.643192233325
47,47_HE_val.ndpi,47_ER_val.ndpi,47_17,38141.24835515259,2200.803107949986,0.907338096858342,0.907338096858342,ER,2240.852879020016,17185.418229242714
47,47_HE_val.ndpi,47_ER_val.ndpi,47_18,38651.40666928607,5949.993922225286,0.907338096858342,0.907338096858342,ER,2366.43785505532,13182.957311398473
47,47_HE_val.ndpi,47_ER_val.ndpi,47_19,38105.66921437144,6259.870304326696,0.907338096858342,0.907338096858342,ER,3011.325365728691,13016.122570924901
47,47_HE_val.ndpi,47_ER_val.ndpi,47_20,36101.0055785987,5029.740550842689,0.907338096858342,0.907338096858342,ER,3853.6072943031404,14286.367190436002
47,47_HE_val.ndpi,47_ER_val.ndpi,47_21,32590.135037219512,6305.550869822315,0.907338096858342,0.907338096858342,ER,7236.4372369023795,12565.702796317215
47,47_HE_val.ndpi,47_ER_val.ndpi,47_22,31091.625821654863,5130.6884674661715,0.907338096858342,0.907338096858342,ER,8280.51802266865,13666.410276379476
47,47_HE_val.ndpi,47_ER_val.ndpi,47_23,30653.055628505568,5787.9738618746005,0.907338096858342,0.907338096858342,ER,8792.455239877316,13093.207191454907
47,47_HE_val.ndpi,47_ER_val.ndpi,47_24,29489.975893526695,5506.250925200821,0.907338096858342,0.907338096858342,ER,10098.612254437801,13391.480809853496
47,47_HE_val.ndpi,47_ER_val.ndpi,47_25,29662.208138103946,4201.223319388705,0.907338096858342,0.907338096858342,ER,9408.70605406932,14689.766808085327
47,47_HE_val.ndpi,47_ER_val.ndpi,47_26,28832.88662639815,4247.243154655385,0.907338096858342,0.907338096858342,ER,10289.905496858073,14935.871096884857
47,47_HE_val.ndpi,47_ER_val.ndpi,47_27,23985.48093152668,7315.712660353828,0.907338096858342,0.907338096858342,ER,16781.76001771753,12079.594614503549
47,47_HE_val.ndpi,47_ER_val.ndpi,47_28,25278.310043828817,7664.872050659477,0.907338096858342,0.907338096858342,ER,15923.841183642553,11178.414574036642
47,47_HE_val.ndpi,47_ER_val.ndpi,47_29,25954.380592750953,7098.129081689732,0.907338096858342,0.907338096858342,ER,15128.828184173948,11590.64865784626
47,47_HE_val.ndpi,47_ER_val.ndpi,47_30,30385.087162008647,9570.394964074427,0.907338096858342,0.907338096858342,ER,10889.780370954171,9279.770107503447
47,47_HE_val.ndpi,47_ER_val.ndpi,47_31,30523.28318566109,10607.641044908067,0.907338096858342,0.907338096858342,ER,11054.708947425535,8281.286241641437
47,47_HE_val.ndpi,47_ER_val.ndpi,47_32,30769.50973390585,11438.317421953614,0.907338096858342,0.907338096858342,ER,11006.05311969743,7735.310783182088
47,47_HE_val.ndpi,47_ER_val.ndpi,47_33,31809.95730048177,12394.059688732716,0.907338096858342,0.907338096858342,ER,9700.28903106703,6808.035341478563
47,47_HE_val.ndpi,47_ER_val.ndpi,47_34,28969.606248663735,10812.795475074126,0.907338096858342,0.907338096858342,ER,12436.755464406335,8314.025252467589
47,47_HE_val.ndpi,47_ER_val.ndpi,47_35,35629.13867981324,17408.37415112826,0.907338096858342,0.907338096858342,ER,7192.015314869649,1016.9798811736845
47,47_HE_val.ndpi,47_ER_val.ndpi,47_36,34831.53905569676,15237.633371172891,0.907338096858342,0.907338096858342,ER,7748.799950141044,3280.4314335580607
47,47_HE_val.ndpi,47_ER_val.ndpi,47_37,37102.6385001893,11143.402215458138,0.907338096858342,0.907338096858342,ER,5354.341067035298,8378.434342304397
47,47_HE_val.ndpi,47_ER_val.ndpi,47_38,37657.759171127014,14028.818485869795,0.907338096858342,0.907338096858342,ER,4542.290810972862,4649.52777914766
47,47_HE_val.ndpi,47_ER_val.ndpi,47_39,22833.78022348769,2908.6792031320656,0.907338096858342,0.907338096858342,ER,16681.535320784125,16546.371988449715
47,47_HE_val.ndpi,47_ER_val.ndpi,47_40,24123.10999976252,3030.8245168996473,0.907338096858342,0.907338096858342,ER,14988.075038875668,16372.699856710673
47,47_HE_val.ndpi,47_ER_val.ndpi,47_41,20333.914038385337,11721.980243676406,0.907338096858342,0.907338096858342,ER,17368.9266755039,8781.013265480744
47,47_HE_val.ndpi,47_ER_val.ndpi,47_42,21891.378099050595,15446.079421766768,0.907338096858342,0.907338096858342,ER,17537.493825552756,4939.227676446111
47,47_HE_val.ndpi,47_ER_val.ndpi,47_43,32307.77247533436,9241.12959502349,0.907338096858342,0.907338096858342,ER,9174.697752450444,10063.763203055178
47,47_HE_val.ndpi,47_ER_val.ndpi,47_44,33765.69151676293,6313.540641419493,0.907338096858342,0.907338096858342,ER,6505.166638531351,12959.097825170044
47,47_HE_val.ndpi,47_ER_val.ndpi,47_45,30109.809387981102,2848.0975909662084,0.907338096858342,0.907338096858342,ER,8805.619846838463,15793.089367541364
47,47_HE_val.ndpi,47_ER_val.ndpi,47_46,33705.19068688026,2751.081058939213,0.907338096858342,0.907338096858342,ER,5440.12551638642,16030.52507161041
47,47_HE_val.ndpi,47_ER_val.ndpi,47_47,27510.419729978086,3344.178205151741,0.907338096858342,0.907338096858342,ER,11118.394896303109,15843.407843337196
47,47_HE_val.ndpi,47_ER_val.ndpi,47_48,25306.652516018214,2755.9840572216353,0.907338096858342,0.907338096858342,ER,13262.0699664157,16678.56126157427
47,47_HE_val.ndpi,47_ER_val.ndpi,47_49,35404.05667249702,16842.455048264368,0.907338096858342,0.907338096858342,ER,7712.297668792724,1626.8203703896052
52,52_HE_val.ndpi,52_HER2_val.ndpi,52_1,17807.653722756033,3515.8812650278774,0.907338096858342,0.907338096858342,HER2,25102.416176561695,18311.341230501203
52,52_HE_val.ndpi,52_HER2_val.ndpi,52_2,17841.128181090287,3338.7150052308757,0.907338096858342,0.907338096858342,HER2,25071.34334514348,18510.537128699158
52,52_HE_val.ndpi,52_HER2_val.ndpi,52_3,18104.53976375978,4291.676949708726,0.907338096858342,0.907338096858342,HER2,24671.785315034864,17369.355020506457
52,52_HE_val.ndpi,52_HER2_val.ndpi,52_4,17510.996906492157,3105.0989795366136,0.907338096858342,0.907338096858342,HER2,25493.08345107949,18809.628548018256
52,52_HE_val.ndpi,52_HER2_val.ndpi,52_5,17838.325816279794,2963.775876706675,0.907338096858342,0.907338096858342,HER2,25114.842410501686,18945.169719102214
52,52_HE_val.ndpi,52_HER2_val.ndpi,52_6,17376.231008778068,2652.080043373299,0.907338096858342,0.907338096858342,HER2,25708.792244056942,19360.26795450025
52,52_HE_val.ndpi,52_HER2_val.ndpi,52_7,17041.21353938104,2192.327348527908,0.907338096858342,0.907338096858342,HER2,26153.84035175654,19924.12090261793
52,52_HE_val.ndpi,52_HER2_val.ndpi,52_8,16449.995335706073,857.7706408989769,0.907338096858342,0.907338096858342,HER2,27070.049440715902,21299.33814538112
52,52_HE_val.ndpi,52_HER2_val.ndpi,52_9,25400.95422991956,16481.038013882964,0.907338096858342,0.907338096858342,HER2,16730.237506052952,5705.448751680398
52,52_HE_val.ndpi,52_HER2_val.ndpi,52_10,25762.214162823817,15049.020842356618,0.907338096858342,0.907338096858342,HER2,16478.4435610485,7293.578956878645
52,52_HE_val.ndpi,52_HER2_val.ndpi,52_11,23852.735597511444,12236.271637387326,0.907338096858342,0.907338096858342,HER2,18596.740850158396,9958.347694923274
52,52_HE_val.ndpi,52_HER2_val.ndpi,52_12,22666.219082328706,11877.434456642348,0.907338096858342,0.907338096858342,HER2,19957.05734037666,10172.404130054112
52,52_HE_val.ndpi,52_HER2_val.ndpi,52_13,22533.966760648334,11708.891068187226,0.907338096858342,0.907338096858342,HER2,20066.578027261457,10312.29216364824
52,52_HE_val.ndpi,52_HER2_val.ndpi,52_14,21533.587324462533,10997.039489916553,0.907338096858342,0.907338096858342,HER2,21070.501974093717,11002.638097018476
52,52_HE_val.ndpi,52_HER2_val.ndpi,52_15,22641.423788464916,9369.587302400716,0.907338096858342,0.907338096858342,HER2,20173.499343443866,12806.092440782139
52,52_HE_val.ndpi,52_HER2_val.ndpi,52_16,23110.45274011152,11890.219500751997,0.907338096858342,0.907338096858342,HER2,19460.570713740803,10199.013816200944
52,52_HE_val.ndpi,52_HER2_val.ndpi,52_17,38415.323656654684,13555.620035069422,0.907338096858342,0.907338096858342,HER2,3097.916500409291,9316.612233510812
52,52_HE_val.ndpi,52_HER2_val.ndpi,52_18,38830.26581818292,15587.285691383137,0.907338096858342,0.907338096858342,HER2,2689.463153081444,7056.995496944695
52,52_HE_val.ndpi,52_HER2_val.ndpi,52_19,39243.0022270286,13406.567901185344,0.907338096858342,0.907338096858342,HER2,2437.179344810777,9593.417243062444
52,52_HE_val.ndpi,52_HER2_val.ndpi,52_20,38081.63730263134,11869.609413858903,0.907338096858342,0.907338096858342,HER2,3430.137221982945,10903.936245767138
52,52_HE_val.ndpi,52_HER2_val.ndpi,52_21,38262.09572849808,10348.48379308999,0.907338096858342,0.907338096858342,HER2,3413.6026356221173,12827.122684418197
52,52_HE_val.ndpi,52_HER2_val.ndpi,52_22,37844.37914172623,10106.330211041914,0.907338096858342,0.907338096858342,HER2,3885.6168061944727,13024.122819160451
52,52_HE_val.ndpi,52_HER2_val.ndpi,52_23,36936.272786626854,9545.995159821585,0.907338096858342,0.907338096858342,HER2,4979.696635445534,13613.217863266202
52,52_HE_val.ndpi,52_HER2_val.ndpi,52_24,37816.46081825283,7603.44134590653,0.907338096858342,0.907338096858342,HER2,3801.283525486779,15566.984738545747
52,52_HE_val.ndpi,52_HER2_val.ndpi,52_25,38189.49227880151,7482.396945291527,0.907338096858342,0.907338096858342,HER2,3355.245024500298,15766.616146465985
52,52_HE_val.ndpi,52_HER2_val.ndpi,52_26,38491.45982295784,7311.010425285555,0.907338096858342,0.907338096858342,HER2,3088.1052930736696,15835.59704346023
52,52_HE_val.ndpi,52_HER2_val.ndpi,52_27,38719.80462845032,7280.698371773527,0.907338096858342,0.907338096858342,HER2,2890.213583290894,15810.526933498322
52,52_HE_val.ndpi,52_HER2_val.ndpi,52_28,39599.950754706464,6172.898217599622,0.907338096858342,0.907338096858342,HER2,1870.274660697451,16903.93497055474
52,52_HE_val.ndpi,52_HER2_val.ndpi,52_29,40141.07257011738,5688.596937913213,0.907338096858342,0.907338096858342,HER2,1439.5094670937851,17513.30918392409
52,52_HE_val.ndpi,52_HER2_val.ndpi,52_30,39541.988100069284,3821.8326239240632,0.907338096858342,0.907338096858342,HER2,2154.1117985946885,19686.895607837738
52,52_HE_val.ndpi,52_HER2_val.ndpi,52_31,40509.24534131752,5350.172166423074,0.907338096858342,0.907338096858342,HER2,1148.1446729650024,17930.770594316593
52,52_HE_val.ndpi,52_HER2_val.ndpi,52_32,32023.904733651845,2029.8419569245846,0.907338096858342,0.907338096858342,HER2,10337.871378074748,20770.998086342537
52,52_HE_val.ndpi,52_HER2_val.ndpi,52_33,24865.490479266435,16147.286244973213,0.907338096858342,0.907338096858342,HER2,17412.837000133368,6045.9973092665805
52,52_HE_val.ndpi,52_HER2_val.ndpi,52_34,27800.718267525033,11615.9213349262,0.907338096858342,0.907338096858342,HER2,14574.468201416303,10756.585659068194
52,52_HE_val.ndpi,52_HER2_val.ndpi,52_35,26338.5618625999,10655.318458259395,0.907338096858342,0.907338096858342,HER2,16219.890681308305,11715.210682214916
52,52_HE_val.ndpi,52_HER2_val.ndpi,52_36,25028.892854961832,11345.660659385589,0.907338096858342,0.907338096858342,HER2,17465.263184001673,10950.593824708903
52,52_HE_val.ndpi,52_HER2_val.ndpi,52_37,18486.937086685884,901.9906285488396,0.907338096858342,0.907338096858342,HER2,24922.06100118858,21435.793192247664
52,52_HE_val.ndpi,52_HER2_val.ndpi,52_38,16568.60996014762,4088.108206472876,0.907338096858342,0.907338096858342,HER2,26802.414158241765,17899.02675757368
52,52_HE_val.ndpi,52_HER2_val.ndpi,52_39,35579.122208106965,4816.28787730997,0.907338096858342,0.907338096858342,HER2,6419.05764693383,18244.106687504853
52,52_HE_val.ndpi,52_HER2_val.ndpi,52_40,37533.142612795964,5846.38729919745,0.907338096858342,0.907338096858342,HER2,4399.719212294098,17315.154570122573
52,52_HE_val.ndpi,52_HER2_val.ndpi,52_41,40366.69851499942,4418.68785297955,0.907338096858342,0.907338096858342,HER2,1433.7324296679956,19158.4100589817
52,52_HE_val.ndpi,52_HER2_val.ndpi,52_42,37915.09508789579,8040.655274090911,0.907338096858342,0.907338096858342,HER2,3712.662278118498,15245.997850381636
52,52_HE_val.ndpi,52_HER2_val.ndpi,52_43,38074.141497837794,9211.66694576893,0.907338096858342,0.907338096858342,HER2,3670.7592220987804,14072.94884841741
52,52_HE_val.ndpi,52_HER2_val.ndpi,52_44,38049.52780324395,9859.806314370682,0.907338096858342,0.907338096858342,HER2,3733.399256864973,13353.89469423265
52,52_HE_val.ndpi,52_HER2_val.ndpi,52_45,40495.13754492846,9786.313627332924,0.907338096858342,0.907338096858342,HER2,1324.6937725059581,13554.921802825405
52,52_HE_val.ndpi,52_HER2_val.ndpi,52_46,40509.65717928677,9195.813999668226,0.907338096858342,0.907338096858342,HER2,1388.4797746923764,14155.607697059657
52,52_HE_val.ndpi,52_HER2_val.ndpi,52_47,41048.86035742773,6285.314230607746,0.907338096858342,0.907338096858342,HER2,641.2272333901375,16898.36182307833
52,52_HE_val.ndpi,52_HER2_val.ndpi,52_48,26858.74688779703,17895.636458000965,0.907338096858342,0.907338096858342,HER2,15320.512960738213,4325.017111215464
52,52_HE_val.ndpi,52_HER2_val.ndpi,52_49,26259.94970488223,17234.083718717753,0.907338096858342,0.907338096858342,HER2,15714.262585678649,4933.268878890372
52,52_HE_val.ndpi,52_HER2_val.ndpi,52_50,32444.6066163477,2683.720487194126,0.907338096858342,0.907338096858342,HER2,10020.607667832743,20125.030222405727
55,55_HE_val.ndpi,55_PGR_val.ndpi,55_1,28739.860221411167,6582.129886647333,0.9097732390201744,0.9097732390201744,PGR,22140.736263820854,16960.78264343322
55,55_HE_val.ndpi,55_PGR_val.ndpi,55_2,48398.543334046444,17349.95700345661,0.9097732390201744,0.9097732390201744,PGR,2029.3119801939606,7305.264913492194
55,55_HE_val.ndpi,55_PGR_val.ndpi,55_3,44172.50717978328,18339.016298770846,0.9097732390201744,0.9097732390201744,PGR,6981.080607375675,6203.212472447775
55,55_HE_val.ndpi,55_PGR_val.ndpi,55_4,42381.947533173865,7162.8821846904575,0.9097732390201744,0.9097732390201744,PGR,8816.4840900463,16396.74278730766
55,55_HE_val.ndpi,55_PGR_val.ndpi,55_5,43345.7673303091,6113.663928257251,0.9097732390201744,0.9097732390201744,PGR,7976.951352504644,17173.642533282138
55,55_HE_val.ndpi,55_PGR_val.ndpi,55_6,38347.32108259181,7059.311447300944,0.9097732390201744,0.9097732390201744,PGR,12242.317938951877,16161.860174677944
55,55_HE_val.ndpi,55_PGR_val.ndpi,55_7,40400.71859057424,7258.607846918188,0.9097732390201744,0.9097732390201744,PGR,10345.033228956996,16237.05791447015
55,55_HE_val.ndpi,55_PGR_val.ndpi,55_8,40880.735200930765,11823.46645708285,0.9097732390201744,0.9097732390201744,PGR,10651.744005210281,13054.670967196611
55,55_HE_val.ndpi,55_PGR_val.ndpi,55_9,32047.924263682446,22093.204528529648,0.9097732390201744,0.9097732390201744,PGR,17523.307284184764,2609.866200846248
55,55_HE_val.ndpi,55_PGR_val.ndpi,55_10,30533.301649531688,21920.090853124264,0.9097732390201744,0.9097732390201744,PGR,19273.62384870213,2577.0806522243606
55,55_HE_val.ndpi,55_PGR_val.ndpi,55_11,34047.523273598264,22090.26891733309,0.9097732390201744,0.9097732390201744,PGR,15405.123948543078,2729.563820887412
55,55_HE_val.ndpi,55_PGR_val.ndpi,55_12,36148.06907578428,19424.11286378683,0.9097732390201744,0.9097732390201744,PGR,13596.450315071203,5400.533776264206
55,55_HE_val.ndpi,55_PGR_val.ndpi,55_13,37540.88181344662,20850.58526744277,0.9097732390201744,0.9097732390201744,PGR,12508.682066141797,4188.377402760858
55,55_HE_val.ndpi,55_PGR_val.ndpi,55_14,37923.398456194845,17085.090653383984,0.9097732390201744,0.9097732390201744,PGR,13165.863326932082,7917.639252246711
55,55_HE_val.ndpi,55_PGR_val.ndpi,55_15,39753.396535540334,16000.50312272632,0.9097732390201744,0.9097732390201744,PGR,11606.889898157568,9355.76600034061
55,55_HE_val.ndpi,55_PGR_val.ndpi,55_16,42239.496221547495,14433.324015354152,0.9097732390201744,0.9097732390201744,PGR,8933.669799962172,10897.37165376758
55,55_HE_val.ndpi,55_PGR_val.ndpi,55_17,43958.456789444135,12219.0083036704,0.9097732390201744,0.9097732390201744,PGR,6937.975355357728,12330.196384988618
55,55_HE_val.ndpi,55_PGR_val.ndpi,55_18,45222.47520964606,14734.941841283697,0.9097732390201744,0.9097732390201744,PGR,5145.653304778015,10172.392335754652
55,55_HE_val.ndpi,55_PGR_val.ndpi,55_19,33885.181541896534,10570.45003227903,0.9097732390201744,0.9097732390201744,PGR,16928.591154638234,13849.854945281291
55,55_HE_val.ndpi,55_PGR_val.ndpi,55_20,27812.68508874583,9594.823820010612,0.9097732390201744,0.9097732390201744,PGR,22130.44148064696,14243.504333499328
55,55_HE_val.ndpi,55_PGR_val.ndpi,55_21,29384.958293170333,8475.72577161109,0.9097732390201744,0.9097732390201744,PGR,20897.33451888052,15224.958114534602
55,55_HE_val.ndpi,55_PGR_val.ndpi,55_22,27602.907164273944,7788.263941658736,0.9097732390201744,0.9097732390201744,PGR,22870.573217290166,15848.455932073164
55,55_HE_val.ndpi,55_PGR_val.ndpi,55_23,33106.720854523424,8127.1529659052585,0.9097732390201744,0.9097732390201744,PGR,18040.90169615686,15376.279790189346
55,55_HE_val.ndpi,55_PGR_val.ndpi,55_24,38180.65252814895,10464.838782567109,0.9097732390201744,0.9097732390201744,PGR,13583.87728389717,13764.824372215084
55,55_HE_val.ndpi,55_PGR_val.ndpi,55_25,37006.393794961536,6563.829527830277,0.9097732390201744,0.9097732390201744,PGR,13560.154943615238,16415.039119860852
55,55_HE_val.ndpi,55_PGR_val.ndpi,55_26,45634.986603985126,9392.5158836887,0.9097732390201744,0.9097732390201744,PGR,5361.968730066423,14624.080547043819
55,55_HE_val.ndpi,55_PGR_val.ndpi,55_27,32841.321153310986,17614.808234290893,0.9097732390201744,0.9097732390201744,PGR,16791.456858289628,7456.961648895717
55,55_HE_val.ndpi,55_PGR_val.ndpi,55_28,35724.14961896662,18383.01519433083,0.9097732390201744,0.9097732390201744,PGR,14008.493651913614,6510.223008412233
55,55_HE_val.ndpi,55_PGR_val.ndpi,55_29,39419.82093373921,12613.376586131828,0.9097732390201744,0.9097732390201744,PGR,12255.95936025625,12233.147779253728
55,55_HE_val.ndpi,55_PGR_val.ndpi,55_30,46004.34399806007,5314.910197259707,0.9097732390201744,0.9097732390201744,PGR,5739.4543706149125,18087.16009826136
55,55_HE_val.ndpi,55_PGR_val.ndpi,55_31,43071.56689428596,9593.381285583337,0.9097732390201744,0.9097732390201744,PGR,8111.668467030346,14330.736599231786
55,55_HE_val.ndpi,55_PGR_val.ndpi,55_32,33567.83270304963,13742.577999010933,0.9097732390201744,0.9097732390201744,PGR,16617.833448888025,11364.826105054004
55,55_HE_val.ndpi,55_PGR_val.ndpi,55_33,36772.16432026075,13381.454663396345,0.9097732390201744,0.9097732390201744,PGR,14779.151231315484,11735.254742789717
55,55_HE_val.ndpi,55_PGR_val.ndpi,55_34,35574.555313935285,10172.222589633542,0.9097732390201744,0.9097732390201744,PGR,15455.982514085325,13757.001120997696
55,55_HE_val.ndpi,55_PGR_val.ndpi,55_35,40964.605774437514,9860.98017234414,0.9097732390201744,0.9097732390201744,PGR,10114.319034830007,14030.842624383664
55,55_HE_val.ndpi,55_PGR_val.ndpi,55_36,46632.220736061994,15786.142994968655,0.9097732390201744,0.9097732390201744,PGR,3732.8576523551064,9052.398548144174
55,55_HE_val.ndpi,55_PGR_val.ndpi,55_37,46132.18083312315,16602.34848019364,0.9097732390201744,0.9097732390201744,PGR,4573.003747425061,8306.57173699392
55,55_HE_val.ndpi,55_PGR_val.ndpi,55_38,43815.574178472285,17770.329967779537,0.9097732390201744,0.9097732390201744,PGR,7297.967633484523,6993.011980056408
55,55_HE_val.ndpi,55_PGR_val.ndpi,55_39,39710.977006344336,18375.037947552748,0.9097732390201744,0.9097732390201744,PGR,11298.28554397827,6585.6965013535
55,55_HE_val.ndpi,55_PGR_val.ndpi,55_40,37900.314613525145,16164.287914865483,0.9097732390201744,0.9097732390201744,PGR,13363.50317729399,8866.116393690272
55,55_HE_val.ndpi,55_PGR_val.ndpi,55_41,36903.8023619308,15157.538658691443,0.9097732390201744,0.9097732390201744,PGR,13996.533596261168,9855.279459318399
55,55_HE_val.ndpi,55_PGR_val.ndpi,55_42,31488.676656231997,15263.53396542874,0.9097732390201744,0.9097732390201744,PGR,18670.91683467353,9542.244367803698
55,55_HE_val.ndpi,55_PGR_val.ndpi,55_43,41748.75228149641,20656.02467391328,0.9097732390201744,0.9097732390201744,PGR,9107.514554193223,4102.664953592475
55,55_HE_val.ndpi,55_PGR_val.ndpi,55_44,37686.775037455285,8766.248327043413,0.9097732390201744,0.9097732390201744,PGR,13044.151041349865,14830.786345029668
55,55_HE_val.ndpi,55_PGR_val.ndpi,55_45,30553.723078542847,7610.68488482584,0.9097732390201744,0.9097732390201744,PGR,20116.209892291066,15903.705103258095
55,55_HE_val.ndpi,55_PGR_val.ndpi,55_46,39132.394754367546,8303.753206928559,0.9097732390201744,0.9097732390201744,PGR,11546.587517680127,15076.58100414375
55,55_HE_val.ndpi,55_PGR_val.ndpi,55_47,45548.34541965982,4898.720389796686,0.9097732390201744,0.9097732390201744,PGR,6135.692671721846,18435.899253465894
55,55_HE_val.ndpi,55_PGR_val.ndpi,55_48,45101.4788141909,12983.65038808069,0.9097732390201744,0.9097732390201744,PGR,5574.551919226437,11687.572257924685
55,55_HE_val.ndpi,55_PGR_val.ndpi,55_49,35865.279639634886,16379.686232068589,0.9097732390201744,0.9097732390201744,PGR,14725.47065378383,8561.07052250566
55,55_HE_val.ndpi,55_PGR_val.ndpi,55_50,45206.74855234005,17339.051553657548,0.9097732390201744,0.9097732390201744,PGR,5623.098174593203,7455.433174222356
64,64_HE_val.ndpi,64_KI67_val.ndpi,64_1,20934.524935972317,7674.305253418293,0.9109542245502164,0.9109542245502164,KI67,16373.724377996032,16346.192199579871
64,64_HE_val.ndpi,64_KI67_val.ndpi,64_2,14560.555748120574,4432.140469655505,0.9109542245502164,0.9109542245502164,KI67,24119.912599673007,19808.69197149388
64,64_HE_val.ndpi,64_KI67_val.ndpi,64_3,16629.752262803562,4002.0802805754015,0.9109542245502164,0.9109542245502164,KI67,21684.300612991112,20311.46054640941
64,64_HE_val.ndpi,64_KI67_val.ndpi,64_4,14568.446149026277,5755.238455885287,0.9109542245502164,0.9109542245502164,KI67,24345.358587575793,18329.06614521094
64,64_HE_val.ndpi,64_KI67_val.ndpi,64_5,11969.523136506377,6163.72275344093,0.9109542245502164,0.9109542245502164,KI67,27656.1156549485,17643.144117832726
64,64_HE_val.ndpi,64_KI67_val.ndpi,64_6,12628.957552098293,7143.138248243829,0.9109542245502164,0.9109542245502164,KI67,26844.80500691462,16531.939499350843
64,64_HE_val.ndpi,64_KI67_val.ndpi,64_7,31463.97018517587,5336.191525150448,0.9109542245502164,0.9109542245502164,KI67,4655.658635862742,18895.469616864182
64,64_HE_val.ndpi,64_KI67_val.ndpi,64_8,32117.864422928436,6206.590704734918,0.9109542245502164,0.9109542245502164,KI67,3761.3769728875973,17749.56841173378
64,64_HE_val.ndpi,64_KI67_val.ndpi,64_9,28346.34509314725,4671.607027012567,0.9109542245502164,0.9109542245502164,KI67,7580.42165674902,19077.0590381841
64,64_HE_val.ndpi,64_KI67_val.ndpi,64_10,28788.028634964103,5169.07551508979,0.9109542245502164,0.9109542245502164,KI67,7166.603976750132,18546.608807041022
64,64_HE_val.ndpi,64_KI67_val.ndpi,64_11,32109.93938905569,6966.7189392872115,0.9109542245502164,0.9109542245502164,KI67,2882.0240533335946,16356.207332250411
64,64_HE_val.ndpi,64_KI67_val.ndpi,64_12,31728.96164282637,8311.408059814232,0.9109542245502164,0.9109542245502164,KI67,3255.9994822234894,14961.357036192358
64,64_HE_val.ndpi,64_KI67_val.ndpi,64_13,31996.792330754422,8531.397210556519,0.9109542245502164,0.9109542245502164,KI67,3167.571587216422,14841.237870445932
64,64_HE_val.ndpi,64_KI67_val.ndpi,64_14,30984.99412153846,12230.376900498137,0.9109542245502164,0.9109542245502164,KI67,5023.596768568203,11955.332422288788
64,64_HE_val.ndpi,64_KI67_val.ndpi,64_15,15852.718285912368,16548.051363938346,0.9109542245502164,0.9109542245502164,KI67,22177.614988490186,6970.196264266109
64,64_HE_val.ndpi,64_KI67_val.ndpi,64_16,25181.92655151919,16344.022673404643,0.9109542245502164,0.9109542245502164,KI67,11556.06749473954,7105.421172787469
64,64_HE_val.ndpi,64_KI67_val.ndpi,64_17,20706.650102007414,18597.773661393683,0.9109542245502164,0.9109542245502164,KI67,17304.41650304613,4203.852799198465
64,64_HE_val.ndpi,64_KI67_val.ndpi,64_18,29738.372812535268,19203.04921018048,0.9109542245502164,0.9109542245502164,KI67,6838.603415675561,4522.751802616922
64,64_HE_val.ndpi,64_KI67_val.ndpi,64_19,21691.55188310237,6707.191500202553,0.9109542245502164,0.9109542245502164,KI67,15963.527236602948,17436.582983261473
64,64_HE_val.ndpi,64_KI67_val.ndpi,64_20,24090.173693638608,3416.7807374713752,0.9109542245502164,0.9109542245502164,KI67,13442.343520227596,21066.475969061114
64,64_HE_val.ndpi,64_KI67_val.ndpi,64_21,25784.849656339662,5076.240417106837,0.9109542245502164,0.9109542245502164,KI67,11005.60534445201,19178.98649892239
64,64_HE_val.ndpi,64_KI67_val.ndpi,64_22,26760.61052172727,5626.717788569228,0.9109542245502164,0.9109542245502164,KI67,9880.601408366832,18402.583587658795
64,64_HE_val.ndpi,64_KI67_val.ndpi,64_23,30707.655267988008,5367.8948098864585,0.9109542245502164,0.9109542245502164,KI67,5103.9832403185865,18560.326332650988
64,64_HE_val.ndpi,64_KI67_val.ndpi,64_24,31441.239169340213,9938.156217997494,0.9109542245502164,0.9109542245502164,KI67,3877.7941070577544,13885.00051841102
64,64_HE_val.ndpi,64_KI67_val.ndpi,64_25,28391.95026071831,13327.169224718256,0.9109542245502164,0.9109542245502164,KI67,8832.200283272967,11124.575125471241
64,64_HE_val.ndpi,64_KI67_val.ndpi,64_26,28121.439407593934,12574.44257308016,0.9109542245502164,0.9109542245502164,KI67,10089.994365690312,11186.147336958385
64,64_HE_val.ndpi,64_KI67_val.ndpi,64_27,27235.029160493574,13148.59729758774,0.9109542245502164,0.9109542245502164,KI67,10745.781759542515,11051.903147229083
64,64_HE_val.ndpi,64_KI67_val.ndpi,64_28,22955.04158736771,13001.447723972238,0.9109542245502164,0.9109542245502164,KI67,16126.889941048805,11569.52067396211
64,64_HE_val.ndpi,64_KI67_val.ndpi,64_29,24624.014005619443,18536.62937284974,0.9109542245502164,0.9109542245502164,KI67,11341.764046381675,3933.3856218497917
64,64_HE_val.ndpi,64_KI67_val.ndpi,64_30,11891.5682470999,7401.977778269649,0.9109542245502164,0.9109542245502164,KI67,27575.596170050132,16139.411552382713
64,64_HE_val.ndpi,64_KI67_val.ndpi,64_31,13429.699000208457,7738.495220715038,0.9109542245502164,0.9109542245502164,KI67,25339.821827492637,15910.829032235688
64,64_HE_val.ndpi,64_KI67_val.ndpi,64_32,20044.062581115293,7757.828126404379,0.9109542245502164,0.9109542245502164,KI67,17411.387335007526,16094.075898782607
64,64_HE_val.ndpi,64_KI67_val.ndpi,64_33,16763.788576337978,8145.970180733941,0.9109542245502164,0.9109542245502164,KI67,20387.141339202386,15455.423548662262
64,64_HE_val.ndpi,64_KI67_val.ndpi,64_34,23469.636407953407,6331.442069837424,0.9109542245502164,0.9109542245502164,KI67,13311.68830209375,18242.917792353484
64,64_HE_val.ndpi,64_KI67_val.ndpi,64_35,21729.66738007256,5386.8725874498405,0.9109542245502164,0.9109542245502164,KI67,15906.912471660582,19027.69026561438
64,64_HE_val.ndpi,64_KI67_val.ndpi,64_36,15420.699207011185,5522.698012451669,0.9109542245502164,0.9109542245502164,KI67,23088.13149808939,18670.990288745725
64,64_HE_val.ndpi,64_KI67_val.ndpi,64_37,13451.871822919858,6027.780088066545,0.9109542245502164,0.9109542245502164,KI67,25605.70443779353,17998.40080731403
64,64_HE_val.ndpi,64_KI67_val.ndpi,64_38,11755.22179529458,4928.951757876143,0.9109542245502164,0.9109542245502164,KI67,27838.245664366383,19147.083075026694
64,64_HE_val.ndpi,64_KI67_val.ndpi,64_39,15547.225542304785,2838.489737919093,0.9109542245502164,0.9109542245502164,KI67,22912.717263785937,21346.419733563285
64,64_HE_val.ndpi,64_KI67_val.ndpi,64_40,19696.040663454947,2848.043524649155,0.9109542245502164,0.9109542245502164,KI67,18274.424141510983,21484.681768794162
64,64_HE_val.ndpi,64_KI67_val.ndpi,64_41,21242.75072627369,1912.8944074237354,0.9109542245502164,0.9109542245502164,KI67,17160.5715023691,22692.034533658734
64,64_HE_val.ndpi,64_KI67_val.ndpi,64_42,20199.47711769932,1624.1503103895066,0.9109542245502164,0.9109542245502164,KI67,17928.348697131798,22713.685483046447
64,64_HE_val.ndpi,64_KI67_val.ndpi,64_43,23434.25516711784,2822.7133911519954,0.9109542245502164,0.9109542245502164,KI67,14588.174872993664,21839.66234911422
64,64_HE_val.ndpi,64_KI67_val.ndpi,64_44,28747.202080871408,5548.3256700398915,0.9109542245502164,0.9109542245502164,KI67,7270.209823701792,18178.95332531301
64,64_HE_val.ndpi,64_KI67_val.ndpi,64_45,31179.44005025773,5009.147060760611,0.9109542245502164,0.9109542245502164,KI67,4673.633237761928,19053.644298278905
64,64_HE_val.ndpi,64_KI67_val.ndpi,64_46,31384.84965927418,6118.817975682873,0.9109542245502164,0.9109542245502164,KI67,4737.029623585624,17987.088932727682
64,64_HE_val.ndpi,64_KI67_val.ndpi,64_47,30654.36149997273,8304.842912611744,0.9109542245502164,0.9109542245502164,KI67,5158.881309799294,15133.422812187055
64,64_HE_val.ndpi,64_KI67_val.ndpi,64_48,31093.759235768463,16818.176397386986,0.9109542245502164,0.9109542245502164,KI67,4905.10936478007,6485.7618538672305
64,64_HE_val.ndpi,64_KI67_val.ndpi,64_49,28132.09089905876,15648.441844232731,0.9109542245502164,0.9109542245502164,KI67,8195.720503333785,7692.0300369942215
64,64_HE_val.ndpi,64_KI67_val.ndpi,64_50,28074.46142367404,17289.20057211009,0.9109542245502164,0.9109542245502164,KI67,7832.062648483465,6085.807309430787
53,53_HE_val.ndpi,53_KI67_val.ndpi,53_1,29296.14935939832,15848.527027410577,0.9097732390201744,0.9097732390201744,KI67,28881.424773575225,15019.046445759219
53,53_HE_val.ndpi,53_KI67_val.ndpi,53_2,25405.340407605523,5597.513402000484,0.9097732390201744,0.9097732390201744,KI67,25302.86432318501,4754.487491870425
53,53_HE_val.ndpi,53_KI67_val.ndpi,53_3,17999.62459048877,11473.627996267176,0.9097732390201744,0.9097732390201744,KI67,19230.333474119638,12212.68811008917
53,53_HE_val.ndpi,53_KI67_val.ndpi,53_4,23461.852930374862,14983.315895618118,0.9097732390201744,0.9097732390201744,KI67,23168.73274598963,14149.243679564288
53,53_HE_val.ndpi,53_KI67_val.ndpi,53_5,18399.76655034637,17518.95166363406,0.9097732390201744,0.9097732390201744,KI67,19658.403074346843,17120.420799257045
53,53_HE_val.ndpi,53_KI67_val.ndpi,53_6,34772.432756120455,11158.499018550096,0.9097732390201744,0.9097732390201744,KI67,34492.293870562964,10401.709290035737
53,53_HE_val.ndpi,53_KI67_val.ndpi,53_7,22855.31426698004,10093.427071655877,0.9097732390201744,0.9097732390201744,KI67,22555.451921656466,9281.78794143885
53,53_HE_val.ndpi,53_KI67_val.ndpi,53_8,22624.593338345483,6796.507916968874,0.9097732390201744,0.9097732390201744,KI67,22724.339826641968,6262.082748657734
53,53_HE_val.ndpi,53_KI67_val.ndpi,53_9,25581.816540932534,9344.342557837806,0.9097732390201744,0.9097732390201744,KI67,25292.937909091605,8365.135571382894
53,53_HE_val.ndpi,53_KI67_val.ndpi,53_10,29580.770824857413,10290.868032741015,0.9097732390201744,0.9097732390201744,KI67,29239.90931520272,9418.876266740363
53,53_HE_val.ndpi,53_KI67_val.ndpi,53_11,36684.8060428616,4893.181875937353,0.9097732390201744,0.9097732390201744,KI67,36506.970423405735,4077.007296906503
53,53_HE_val.ndpi,53_KI67_val.ndpi,53_12,34506.525841649025,4010.580106651308,0.9097732390201744,0.9097732390201744,KI67,34527.57442047651,3145.9388915265367
53,53_HE_val.ndpi,53_KI67_val.ndpi,53_13,33039.99525896736,3099.2795454953416,0.9097732390201744,0.9097732390201744,KI67,32752.89588234723,2288.3114556555006
53,53_HE_val.ndpi,53_KI67_val.ndpi,53_14,21325.53357187656,20904.319736098383,0.9097732390201744,0.9097732390201744,KI67,21889.000455214522,19880.877346481033
53,53_HE_val.ndpi,53_KI67_val.ndpi,53_15,29412.56908132322,21454.409324788376,0.9097732390201744,0.9097732390201744,KI67,28810.772088062364,20796.8697620361
53,53_HE_val.ndpi,53_KI67_val.ndpi,53_16,20701.105015784826,16269.716129815057,0.9097732390201744,0.9097732390201744,KI67,20897.59328172917,15682.774606098375
53,53_HE_val.ndpi,53_KI67_val.ndpi,53_17,16360.827612092686,14308.541657431491,0.9097732390201744,0.9097732390201744,KI67,17622.486425254872,14896.22460343965
53,53_HE_val.ndpi,53_KI67_val.ndpi,53_18,20885.929369283436,11672.016416160825,0.9097732390201744,0.9097732390201744,KI67,21374.939882807244,11590.852726456138
53,53_HE_val.ndpi,53_KI67_val.ndpi,53_19,23126.215477291087,19143.404642077152,0.9097732390201744,0.9097732390201744,KI67,22852.65128389357,18184.24226003549
53,53_HE_val.ndpi,53_KI67_val.ndpi,53_20,30049.004536345365,13470.349741234353,0.9097732390201744,0.9097732390201744,KI67,29816.20691856148,12673.26543656305
53,53_HE_val.ndpi,53_KI67_val.ndpi,53_21,16904.2353845125,7141.336289078315,0.9097732390201744,0.9097732390201744,KI67,18107.681388074,8414.735657229441
53,53_HE_val.ndpi,53_KI67_val.ndpi,53_22,18667.42695943796,4972.90667337341,0.9097732390201744,0.9097732390201744,KI67,20464.738421226706,5538.254236717324
53,53_HE_val.ndpi,53_KI67_val.ndpi,53_23,33650.39800056444,7350.008526051949,0.9097732390201744,0.9097732390201744,KI67,33262.328582466165,6558.090356060168
53,53_HE_val.ndpi,53_KI67_val.ndpi,53_24,26820.792423677653,17394.8920298649,0.9097732390201744,0.9097732390201744,KI67,26007.018260286182,16672.467392426748
53,53_HE_val.ndpi,53_KI67_val.ndpi,53_25,31403.99579318815,17821.032500966026,0.9097732390201744,0.9097732390201744,KI67,31010.57932019825,17065.853440290462
53,53_HE_val.ndpi,53_KI67_val.ndpi,53_26,29114.98616735921,7322.064388721714,0.9097732390201744,0.9097732390201744,KI67,28825.83574074798,6383.374219112092
53,53_HE_val.ndpi,53_KI67_val.ndpi,53_27,32796.442231612215,14342.889920985,0.9097732390201744,0.9097732390201744,KI67,32715.15877917573,13483.558081798988
53,53_HE_val.ndpi,53_KI67_val.ndpi,53_28,25474.960537319745,21045.247353354454,0.9097732390201744,0.9097732390201744,KI67,25329.847430538368,20242.741764981383
53,53_HE_val.ndpi,53_KI67_val.ndpi,53_29,19388.34705226824,14190.118903893655,0.9097732390201744,0.9097732390201744,KI67,19584.782421506086,14036.874577109702
53,53_HE_val.ndpi,53_KI67_val.ndpi,53_30,26641.33569124497,12101.42032721391,0.9097732390201744,0.9097732390201744,KI67,26340.48455224799,10990.224906514346
53,53_HE_val.ndpi,53_KI67_val.ndpi,53_31,16345.8330554771,10494.70640964875,0.9097732390201744,0.9097732390201744,KI67,18328.78661069864,11809.03089094731
53,53_HE_val.ndpi,53_KI67_val.ndpi,53_32,22704.516430451782,13443.286206523107,0.9097732390201744,0.9097732390201744,KI67,22407.723708515146,12415.3035546432
53,53_HE_val.ndpi,53_KI67_val.ndpi,53_33,28181.491493224326,18169.459509182576,0.9097732390201744,0.9097732390201744,KI67,27769.113476304992,17336.74252883614
53,53_HE_val.ndpi,53_KI67_val.ndpi,53_34,30094.073644029784,20129.54371991084,0.9097732390201744,0.9097732390201744,KI67,29696.730251991034,19347.18852087349
53,53_HE_val.ndpi,53_KI67_val.ndpi,53_35,23041.638986853115,3721.156763679704,0.9097732390201744,0.9097732390201744,KI67,23007.21928763891,3147.411881919317
53,53_HE_val.ndpi,53_KI67_val.ndpi,53_36,32956.679288821775,11327.101611258257,0.9097732390201744,0.9097732390201744,KI67,32574.53751879121,10564.698285916002
53,53_HE_val.ndpi,53_KI67_val.ndpi,53_37,32076.55933274811,8991.439471853058,0.9097732390201744,0.9097732390201744,KI67,31717.61887222844,8220.39813767298
53,53_HE_val.ndpi,53_KI67_val.ndpi,53_38,33492.34068348169,20299.931424464517,0.9097732390201744,0.9097732390201744,KI67,33219.91817354373,19509.144038656665
53,53_HE_val.ndpi,53_KI67_val.ndpi,53_39,19961.599840002982,9556.891095193889,0.9097732390201744,0.9097732390201744,KI67,20947.011062905938,9171.31625117528
53,53_HE_val.ndpi,53_KI67_val.ndpi,53_40,19471.514285048037,20209.071484092565,0.9097732390201744,0.9097732390201744,KI67,20550.690998674047,19306.72016630928
53,53_HE_val.ndpi,53_KI67_val.ndpi,53_41,21650.02077378047,17663.28635344531,0.9097732390201744,0.9097732390201744,KI67,21480.65707774049,16815.792677443875
53,53_HE_val.ndpi,53_KI67_val.ndpi,53_42,27273.44429452071,19421.43095443837,0.9097732390201744,0.9097732390201744,KI67,26762.485369879403,18614.334017745772
53,53_HE_val.ndpi,53_KI67_val.ndpi,53_43,28738.17537278158,4276.331613351866,0.9097732390201744,0.9097732390201744,KI67,28561.815174301883,3530.295534177014
53,53_HE_val.ndpi,53_KI67_val.ndpi,53_44,32074.88530324935,5248.824239201589,0.9097732390201744,0.9097732390201744,KI67,31837.903495661776,4395.1796830397025
53,53_HE_val.ndpi,53_KI67_val.ndpi,53_45,37978.13882495321,11353.057920053943,0.9097732390201744,0.9097732390201744,KI67,37697.84951282609,10595.055862692361
53,53_HE_val.ndpi,53_KI67_val.ndpi,53_46,36270.42266520447,6885.115543108419,0.9097732390201744,0.9097732390201744,KI67,36143.60988182301,5939.843832328682
53,53_HE_val.ndpi,53_KI67_val.ndpi,53_47,27525.22076759188,8203.299562126758,0.9097732390201744,0.9097732390201744,KI67,27194.492225350885,7244.695356110059
53,53_HE_val.ndpi,53_KI67_val.ndpi,53_48,28501.336391501485,12174.158798784507,0.9097732390201744,0.9097732390201744,KI67,28147.271056329228,11236.057504504159
53,53_HE_val.ndpi,53_KI67_val.ndpi,53_49,25087.761605818232,17086.591420988138,0.9097732390201744,0.9097732390201744,KI67,24587.46025509066,16343.222306344485
53,53_HE_val.ndpi,53_KI67_val.ndpi,53_50,23207.605333789503,11847.499665994112,0.9097732390201744,0.9097732390201744,KI67,22804.04021801871,10980.660206906725
73,73_HE_val.ndpi,73_PGR_val.ndpi,73_1,12316.849919358518,20893.952444461014,0.9097732390201744,0.9097732390201744,PGR,7277.332787262624,21103.167376336412
73,73_HE_val.ndpi,73_PGR_val.ndpi,73_2,12682.531277398006,20391.22229110829,0.9097732390201744,0.9097732390201744,PGR,7387.40065225264,20903.50886000754
73,73_HE_val.ndpi,73_PGR_val.ndpi,73_3,12075.858457548962,21177.29790908096,0.9097732390201744,0.9097732390201744,PGR,7159.599377437536,21180.417133754632
73,73_HE_val.ndpi,73_PGR_val.ndpi,73_4,11498.542952776728,20254.47629465152,0.9097732390201744,0.9097732390201744,PGR,6380.94902519956,20428.86946706491
73,73_HE_val.ndpi,73_PGR_val.ndpi,73_5,11573.331275404813,19861.904984789373,0.9097732390201744,0.9097732390201744,PGR,6349.248647010432,20097.399829396127
73,73_HE_val.ndpi,73_PGR_val.ndpi,73_6,11079.449231797676,20142.62459608179,0.9097732390201744,0.9097732390201744,PGR,6025.622385167743,20166.23740485775
73,73_HE_val.ndpi,73_PGR_val.ndpi,73_7,10921.379679546668,14280.692676938177,0.9097732390201744,0.9097732390201744,PGR,8170.309110918593,15850.47232236363
73,73_HE_val.ndpi,73_PGR_val.ndpi,73_8,11833.032642994152,13807.244618032808,0.9097732390201744,0.9097732390201744,PGR,9203.204016032794,15841.62655652214
73,73_HE_val.ndpi,73_PGR_val.ndpi,73_9,12159.593745730665,12931.11698137383,0.9097732390201744,0.9097732390201744,PGR,10415.840781973298,15403.661691537674
73,73_HE_val.ndpi,73_PGR_val.ndpi,73_10,13135.65670958518,12089.167511733896,0.9097732390201744,0.9097732390201744,PGR,12184.829139202357,14516.093875208611
73,73_HE_val.ndpi,73_PGR_val.ndpi,73_11,13187.960980204387,11267.255856781256,0.9097732390201744,0.9097732390201744,PGR,13049.855288176896,13786.919599911787
73,73_HE_val.ndpi,73_PGR_val.ndpi,73_12,13718.480062930985,11012.820897903348,0.9097732390201744,0.9097732390201744,PGR,13406.279040164762,13514.896567909796
73,73_HE_val.ndpi,73_PGR_val.ndpi,73_13,16973.54210169334,10208.507089955841,0.9097732390201744,0.9097732390201744,PGR,13560.225368614283,11708.87472967036
73,73_HE_val.ndpi,73_PGR_val.ndpi,73_14,17626.842690707592,10097.2325514263,0.9097732390201744,0.9097732390201744,PGR,13516.269062858282,11540.195178587961
73,73_HE_val.ndpi,73_PGR_val.ndpi,73_15,18861.767626047764,9841.240858600882,0.9097732390201744,0.9097732390201744,PGR,13494.564544969655,11034.179705003533
73,73_HE_val.ndpi,73_PGR_val.ndpi,73_16,35613.334267866136,16481.384003771505,0.9097732390201744,0.9097732390201744,PGR,29648.89805443084,16531.334118442104
73,73_HE_val.ndpi,73_PGR_val.ndpi,73_17,33738.74004864013,17528.093606501097,0.9097732390201744,0.9097732390201744,PGR,27338.49398568651,18206.108690088346
73,73_HE_val.ndpi,73_PGR_val.ndpi,73_18,33565.470339909014,16913.756163563867,0.9097732390201744,0.9097732390201744,PGR,26839.772634481156,17324.66452372475
73,73_HE_val.ndpi,73_PGR_val.ndpi,73_19,32991.275782855155,15580.258021562311,0.9097732390201744,0.9097732390201744,PGR,26384.399880732046,16203.083904328229
73,73_HE_val.ndpi,73_PGR_val.ndpi,73_20,33673.66304948819,15041.880214590405,0.9097732390201744,0.9097732390201744,PGR,27360.404813120815,15497.708598178719
73,73_HE_val.ndpi,73_PGR_val.ndpi,73_21,32924.16213442681,13657.521319904004,0.9097732390201744,0.9097732390201744,PGR,26949.428253457343,13530.739847154133
73,73_HE_val.ndpi,73_PGR_val.ndpi,73_22,32647.29659579838,13293.265900684904,0.9097732390201744,0.9097732390201744,PGR,26873.22473169225,13103.802590578627
73,73_HE_val.ndpi,73_PGR_val.ndpi,73_23,30194.929011011463,12590.110823703477,0.9097732390201744,0.9097732390201744,PGR,25359.68225252679,12436.989759787448
73,73_HE_val.ndpi,73_PGR_val.ndpi,73_24,30782.614938402134,12408.337622732455,0.9097732390201744,0.9097732390201744,PGR,25866.625954860305,12135.952013109194
73,73_HE_val.ndpi,73_PGR_val.ndpi,73_25,29813.96748161291,12228.752677992801,0.9097732390201744,0.9097732390201744,PGR,25076.98927926543,12040.788090986203
73,73_HE_val.ndpi,73_PGR_val.ndpi,73_26,29199.92837722061,11471.338507636838,0.9097732390201744,0.9097732390201744,PGR,24485.948191806598,10996.175804876122
73,73_HE_val.ndpi,73_PGR_val.ndpi,73_27,28223.389691460186,11105.986345119341,0.9097732390201744,0.9097732390201744,PGR,22878.055364040647,10511.270428558804
73,73_HE_val.ndpi,73_PGR_val.ndpi,73_28,29592.954326698688,9155.260713316276,0.9097732390201744,0.9097732390201744,PGR,23797.058730841243,8697.002696367652
73,73_HE_val.ndpi,73_PGR_val.ndpi,73_29,30073.268714269925,9125.941721088497,0.9097732390201744,0.9097732390201744,PGR,24384.62861414149,8750.014449732493
73,73_HE_val.ndpi,73_PGR_val.ndpi,73_30,30439.148915067733,9682.116837234691,0.9097732390201744,0.9097732390201744,PGR,25102.526555309694,9408.020195978617
73,73_HE_val.ndpi,73_PGR_val.ndpi,73_31,30622.001250724345,9204.79770312848,0.9097732390201744,0.9097732390201744,PGR,25137.777764412807,8803.237872971495
73,73_HE_val.ndpi,73_PGR_val.ndpi,73_32,30830.359930226787,8483.503700157302,0.9097732390201744,0.9097732390201744,PGR,25486.56836037968,7978.282602924484
73,73_HE_val.ndpi,73_PGR_val.ndpi,73_33,32238.826623505323,7539.452123399566,0.9097732390201744,0.9097732390201744,PGR,27427.86112180151,6818.438444577608
73,73_HE_val.ndpi,73_PGR_val.ndpi,73_34,32900.62176429549,7309.560728850226,0.9097732390201744,0.9097732390201744,PGR,28226.345373683776,6585.680253885614
73,73_HE_val.ndpi,73_PGR_val.ndpi,73_35,32990.684867855554,6737.380499535906,0.9097732390201744,0.9097732390201744,PGR,28003.416428009357,6080.36735414376
73,73_HE_val.ndpi,73_PGR_val.ndpi,73_36,31497.8234234009,6722.4940792582665,0.9097732390201744,0.9097732390201744,PGR,26269.505168541556,6183.8467924120005
73,73_HE_val.ndpi,73_PGR_val.ndpi,73_37,31239.609539063546,7228.846055168073,0.9097732390201744,0.9097732390201744,PGR,26047.62535158804,6692.196560245776
73,73_HE_val.ndpi,73_PGR_val.ndpi,73_38,30279.81718019439,5724.309353767647,0.9097732390201744,0.9097732390201744,PGR,24664.758470602977,5370.660341576025
73,73_HE_val.ndpi,73_PGR_val.ndpi,73_39,29842.318214114064,6690.52395820684,0.9097732390201744,0.9097732390201744,PGR,24304.696333125125,6547.007054387647
73,73_HE_val.ndpi,73_PGR_val.ndpi,73_40,30828.897059845673,2567.831793306417,0.9097732390201744,0.9097732390201744,PGR,25753.358661864106,2955.0014714774034
73,73_HE_val.ndpi,73_PGR_val.ndpi,73_41,30798.203466824987,3329.251812120205,0.9097732390201744,0.9097732390201744,PGR,25840.99485567711,3602.8120392271358
73,73_HE_val.ndpi,73_PGR_val.ndpi,73_42,28622.45713792105,4575.80755803812,0.9097732390201744,0.9097732390201744,PGR,23167.624869985746,4402.77727382009
73,73_HE_val.ndpi,73_PGR_val.ndpi,73_43,28187.631291731548,5344.7007470197395,0.9097732390201744,0.9097732390201744,PGR,22147.972960210194,4988.3003955743325
73,73_HE_val.ndpi,73_PGR_val.ndpi,73_44,27115.897102656967,4115.248255735857,0.9097732390201744,0.9097732390201744,PGR,21565.061946642043,4045.0976666651495
73,73_HE_val.ndpi,73_PGR_val.ndpi,73_45,24899.894510070244,4633.844995739037,0.9097732390201744,0.9097732390201744,PGR,18308.09320179044,4336.91889179654
73,73_HE_val.ndpi,73_PGR_val.ndpi,73_46,24025.78677355644,12368.483052300748,0.9097732390201744,0.9097732390201744,PGR,17767.055199003393,12661.23018930709
73,73_HE_val.ndpi,73_PGR_val.ndpi,73_47,23557.38761698946,13631.750497086128,0.9097732390201744,0.9097732390201744,PGR,17488.38313088833,14266.734190649966
73,73_HE_val.ndpi,73_PGR_val.ndpi,73_48,21760.34067380895,14628.723904556447,0.9097732390201744,0.9097732390201744,PGR,15637.024534787624,16230.804343783622
73,73_HE_val.ndpi,73_PGR_val.ndpi,73_49,19955.494965918435,14795.449586624181,0.9097732390201744,0.9097732390201744,PGR,14157.71391700102,17082.97567542389
73,73_HE_val.ndpi,73_PGR_val.ndpi,73_50,19097.26205133107,15200.514067151358,0.9097732390201744,0.9097732390201744,PGR,13234.237243205971,17902.30660840543
76,76_HE_val.ndpi,76_PGR_val.ndpi,76_0,32919.493468115514,7096.839606796066,0.907338096858342,0.907338096858342,PGR,35615.450110285245,8791.52918482565
76,76_HE_val.ndpi,76_PGR_val.ndpi,76_1,6016.730794885132,26484.87128639658,0.907338096858342,0.907338096858342,PGR,3408.9067317826716,26991.93288119367
76,76_HE_val.ndpi,76_PGR_val.ndpi,76_2,33337.885202975434,8829.536903711609,0.907338096858342,0.907338096858342,PGR,35619.12681855653,10606.211902359388
76,76_HE_val.ndpi,76_PGR_val.ndpi,76_3,32427.861854018847,8832.778363807267,0.907338096858342,0.907338096858342,PGR,34843.48805143294,10576.071469976756
76,76_HE_val.ndpi,76_PGR_val.ndpi,76_4,32827.97727224799,7849.050989180702,0.907338096858342,0.907338096858342,PGR,35532.92647917431,9622.585819481037
76,76_HE_val.ndpi,76_PGR_val.ndpi,76_5,32540.94898232576,7240.138082968765,0.907338096858342,0.907338096858342,PGR,35300.87869148852,8942.917830997107
76,76_HE_val.ndpi,76_PGR_val.ndpi,76_6,34930.567023168136,9392.794104193039,0.907338096858342,0.907338096858342,PGR,36689.72397257349,11274.084651129913
76,76_HE_val.ndpi,76_PGR_val.ndpi,76_7,32108.491977335194,9499.256013770135,0.907338096858342,0.907338096858342,PGR,34235.72769210139,11280.607057552568
76,76_HE_val.ndpi,76_PGR_val.ndpi,76_8,33193.06282892739,10902.640561207785,0.907338096858342,0.907338096858342,PGR,34557.686561318194,13337.485309734959
76,76_HE_val.ndpi,76_PGR_val.ndpi,76_9,33871.54290453498,10343.3036854298,0.907338096858342,0.907338096858342,PGR,35331.40796116259,12602.562320551544
76,76_HE_val.ndpi,76_PGR_val.ndpi,76_10,33865.914414273444,11856.235281113715,0.907338096858342,0.907338096858342,PGR,34548.19060884885,14351.826096293025
76,76_HE_val.ndpi,76_PGR_val.ndpi,76_11,34976.204149718586,13465.11793869874,0.907338096858342,0.907338096858342,PGR,35814.26209852157,15858.4256615816
76,76_HE_val.ndpi,76_PGR_val.ndpi,76_12,35599.13197165003,14575.984130293013,0.907338096858342,0.907338096858342,PGR,36819.88538556495,16938.888655953615
76,76_HE_val.ndpi,76_PGR_val.ndpi,76_13,34871.866280581096,15403.09848812375,0.907338096858342,0.907338096858342,PGR,36300.390267687435,17890.84370515698
76,76_HE_val.ndpi,76_PGR_val.ndpi,76_14,33189.44123535605,18103.437430788,0.907338096858342,0.907338096858342,PGR,35316.19363661132,21436.143211418672
76,76_HE_val.ndpi,76_PGR_val.ndpi,76_15,33218.79325328494,16564.231068588968,0.907338096858342,0.907338096858342,PGR,35320.693790964026,19330.96940107061
76,76_HE_val.ndpi,76_PGR_val.ndpi,76_16,31657.91898398215,16768.66750389264,0.907338096858342,0.907338096858342,PGR,33994.338701534776,19530.227288389528
76,76_HE_val.ndpi,76_PGR_val.ndpi,76_17,30730.665206629757,15947.321399062299,0.907338096858342,0.907338096858342,PGR,32977.98801314301,18511.157042781273
76,76_HE_val.ndpi,76_PGR_val.ndpi,76_18,29063.73918035615,15555.377227315532,0.907338096858342,0.907338096858342,PGR,31429.659439293533,17932.862416800934
76,76_HE_val.ndpi,76_PGR_val.ndpi,76_19,29993.5301166591,18119.50187383814,0.907338096858342,0.907338096858342,PGR,32768.8018798856,21719.796240796226
76,76_HE_val.ndpi,76_PGR_val.ndpi,76_20,36257.414382084455,18380.083962526234,0.907338096858342,0.907338096858342,PGR,37807.84059030769,21910.280014122833
76,76_HE_val.ndpi,76_PGR_val.ndpi,76_21,35963.11371680415,16988.459092748042,0.907338096858342,0.907338096858342,PGR,37809.978605775104,20035.643845444407
76,76_HE_val.ndpi,76_PGR_val.ndpi,76_22,36242.90259430434,15694.153517348039,0.907338096858342,0.907338096858342,PGR,37632.905577296,18329.423026360037
76,76_HE_val.ndpi,76_PGR_val.ndpi,76_23,35303.986407799435,17243.937393014254,0.907338096858342,0.907338096858342,PGR,37269.68402501761,20349.19681122729
76,76_HE_val.ndpi,76_PGR_val.ndpi,76_24,30369.270620400224,19979.143903285538,0.907338096858342,0.907338096858342,PGR,32336.06108426213,23809.59374427381
76,76_HE_val.ndpi,76_PGR_val.ndpi,76_25,28164.843872174093,20628.31032448213,0.907338096858342,0.907338096858342,PGR,30883.516734114855,23587.693506249252
76,76_HE_val.ndpi,76_PGR_val.ndpi,76_26,27407.201465093793,18951.96822409176,0.907338096858342,0.907338096858342,PGR,30057.38789318504,21839.78712993555
76,76_HE_val.ndpi,76_PGR_val.ndpi,76_27,27048.167834291577,17539.16067658252,0.907338096858342,0.907338096858342,PGR,29643.259069562446,20036.223497453055
76,76_HE_val.ndpi,76_PGR_val.ndpi,76_28,26235.14199334185,15444.072179631015,0.907338096858342,0.907338096858342,PGR,28290.333795435978,17487.816011805142
76,76_HE_val.ndpi,76_PGR_val.ndpi,76_29,25179.318928671302,14828.771079458427,0.907338096858342,0.907338096858342,PGR,26294.349687451784,16714.64532155436
76,76_HE_val.ndpi,76_PGR_val.ndpi,76_30,25202.524702039213,14327.22212282415,0.907338096858342,0.907338096858342,PGR,26260.74742165863,16194.211401287177
76,76_HE_val.ndpi,76_PGR_val.ndpi,76_31,26541.09787633974,14009.60168557404,0.907338096858342,0.907338096858342,PGR,28412.202772919354,16017.955824003177
76,76_HE_val.ndpi,76_PGR_val.ndpi,76_32,26965.798498766828,13510.389129385952,0.907338096858342,0.907338096858342,PGR,28889.908590558927,15670.749125635683
76,76_HE_val.ndpi,76_PGR_val.ndpi,76_33,25915.01369843503,12631.10354969588,0.907338096858342,0.907338096858342,PGR,26949.87164520498,14601.291938220766
76,76_HE_val.ndpi,76_PGR_val.ndpi,76_34,26779.22632590301,12460.275213936655,0.907338096858342,0.907338096858342,PGR,28319.589497600344,14625.478108079842
76,76_HE_val.ndpi,76_PGR_val.ndpi,76_35,27823.643057776982,9631.480685033399,0.907338096858342,0.907338096858342,PGR,29038.642189123362,11570.425320341305
76,76_HE_val.ndpi,76_PGR_val.ndpi,76_36,29340.430579654483,10658.760715935396,0.907338096858342,0.907338096858342,PGR,30979.467130732126,12895.391084852961
76,76_HE_val.ndpi,76_PGR_val.ndpi,76_37,29292.93677781433,11872.953405392294,0.907338096858342,0.907338096858342,PGR,30743.462097320386,14157.517653030654
76,76_HE_val.ndpi,76_PGR_val.ndpi,76_38,30077.12845138795,13000.542118797426,0.907338096858342,0.907338096858342,PGR,31856.643880362684,15223.029233617319
76,76_HE_val.ndpi,76_PGR_val.ndpi,76_39,30645.146827813525,14075.38087026443,0.907338096858342,0.907338096858342,PGR,32611.579249040395,16353.469079727354
76,76_HE_val.ndpi,76_PGR_val.ndpi,76_40,29195.283090678822,13917.899262132436,0.907338096858342,0.907338096858342,PGR,31903.995786890417,16059.568385571954
76,76_HE_val.ndpi,76_PGR_val.ndpi,76_41,27429.00888297866,6876.2441175705735,0.907338096858342,0.907338096858342,PGR,29166.15975992714,7886.581368217388
76,76_HE_val.ndpi,76_PGR_val.ndpi,76_42,26749.161962160444,6702.731537303881,0.907338096858342,0.907338096858342,PGR,27863.53840912804,7666.966717545221
76,76_HE_val.ndpi,76_PGR_val.ndpi,76_43,27095.48672073245,5995.908195970099,0.907338096858342,0.907338096858342,PGR,28803.12410504136,6982.633512522145
76,76_HE_val.ndpi,76_PGR_val.ndpi,76_44,22980.385169878453,7514.6099881123155,0.907338096858342,0.907338096858342,PGR,20859.300554502104,8353.44278756081
76,76_HE_val.ndpi,76_PGR_val.ndpi,76_45,20650.85946266288,7669.375737730957,0.907338096858342,0.907338096858342,PGR,17886.174152952346,8416.418804083605
76,76_HE_val.ndpi,76_PGR_val.ndpi,76_46,19143.91161923992,6974.026544312415,0.907338096858342,0.907338096858342,PGR,16404.46208692058,7687.955865976821
76,76_HE_val.ndpi,76_PGR_val.ndpi,76_47,24997.40920398462,3118.874293163164,0.907338096858342,0.907338096858342,PGR,24938.74455319724,4348.199141055945
76,76_HE_val.ndpi,76_PGR_val.ndpi,76_48,21497.278413960747,1593.4098064604175,0.907338096858342,0.907338096858342,PGR,19596.463122535908,2490.684461568129
76,76_HE_val.ndpi,76_PGR_val.ndpi,76_49,21089.11474837102,4704.062084865046,0.907338096858342,0.907338096858342,PGR,18353.049861642947,5484.881938500811
8,8_HE_val.ndpi,8_ER_val.ndpi,8_0,41134.18839983157,11580.294063902144,0.9097732390201744,0.9097732390201744,ER,38398.24325532432,9171.925140003019
8,8_HE_val.ndpi,8_ER_val.ndpi,8_1,42115.42671503008,10690.666316392757,0.9097732390201744,0.9097732390201744,ER,39105.90564427953,8213.396674511678
8,8_HE_val.ndpi,8_ER_val.ndpi,8_2,40631.13046013652,12545.565148450627,0.9097732390201744,0.9097732390201744,ER,38175.57753278622,10299.217418122977
8,8_HE_val.ndpi,8_ER_val.ndpi,8_3,24203.072293535468,4318.30494295693,0.9097732390201744,0.9097732390201744,ER,19554.44319825809,2607.963155352123
8,8_HE_val.ndpi,8_ER_val.ndpi,8_4,19124.75341479768,6739.3826638385935,0.9097732390201744,0.9097732390201744,ER,12948.758992811783,5454.9030230011485
8,8_HE_val.ndpi,8_ER_val.ndpi,8_5,17920.138640808942,6594.944938498443,0.9097732390201744,0.9097732390201744,ER,12074.42633765997,5227.601878750623
8,8_HE_val.ndpi,8_ER_val.ndpi,8_6,18392.91359405587,9313.200839521956,0.9097732390201744,0.9097732390201744,ER,13310.020088689747,8574.358193538788
8,8_HE_val.ndpi,8_ER_val.ndpi,8_7,18951.91181836519,9608.671553921176,0.9097732390201744,0.9097732390201744,ER,13869.876092359926,8943.628346803702
8,8_HE_val.ndpi,8_ER_val.ndpi,8_8,19183.767932245897,9025.146066852529,0.9097732390201744,0.9097732390201744,ER,13857.704651461392,8260.223900260831
8,8_HE_val.ndpi,8_ER_val.ndpi,8_9,27233.952087989444,21787.498101170404,0.9097732390201744,0.9097732390201744,ER,23622.640490755,21879.551311750267
8,8_HE_val.ndpi,8_ER_val.ndpi,8_10,27342.710828718373,21630.71602037939,0.9097732390201744,0.9097732390201744,ER,23911.293366878686,21682.616907725078
8,8_HE_val.ndpi,8_ER_val.ndpi,8_11,23006.990431830716,21954.133973677006,0.9097732390201744,0.9097732390201744,ER,19797.651110477946,22423.6346508301
8,8_HE_val.ndpi,8_ER_val.ndpi,8_12,24175.43523340706,21147.95856799656,0.9097732390201744,0.9097732390201744,ER,21022.319142963534,21676.713944081377
8,8_HE_val.ndpi,8_ER_val.ndpi,8_13,22012.456072747143,19837.870014752243,0.9097732390201744,0.9097732390201744,ER,18696.47257025025,20957.137715801473
8,8_HE_val.ndpi,8_ER_val.ndpi,8_14,19487.87306325917,19804.093486701844,0.9097732390201744,0.9097732390201744,ER,16318.192276591712,20506.162310120628
8,8_HE_val.ndpi,8_ER_val.ndpi,8_15,18199.042826297948,17835.730787702218,0.9097732390201744,0.9097732390201744,ER,15227.775494615613,18188.695192059186
8,8_HE_val.ndpi,8_ER_val.ndpi,8_16,18501.691565174096,17110.83824378115,0.9097732390201744,0.9097732390201744,ER,15685.07311638335,17639.705772055462
8,8_HE_val.ndpi,8_ER_val.ndpi,8_17,19179.290487179154,15411.419633853233,0.9097732390201744,0.9097732390201744,ER,15932.595259880449,15766.923581664949
8,8_HE_val.ndpi,8_ER_val.ndpi,8_18,19081.75668805756,15612.639914627569,0.9097732390201744,0.9097732390201744,ER,15891.55459613131,15992.924085885785
8,8_HE_val.ndpi,8_ER_val.ndpi,8_19,20566.891962172318,15139.070101597968,0.9097732390201744,0.9097732390201744,ER,17195.73974710389,15624.055362072104
8,8_HE_val.ndpi,8_ER_val.ndpi,8_20,18050.72930526532,11599.747655875944,0.9097732390201744,0.9097732390201744,ER,14755.137832040995,11001.786225249003
8,8_HE_val.ndpi,8_ER_val.ndpi,8_21,27736.65640776305,5306.736390996363,0.9097732390201744,0.9097732390201744,ER,23618.5686203287,3756.264929248315
8,8_HE_val.ndpi,8_ER_val.ndpi,8_22,28225.190049484463,6041.294168836391,0.9097732390201744,0.9097732390201744,ER,24034.42025028935,4504.7566170880755
8,8_HE_val.ndpi,8_ER_val.ndpi,8_23,27427.368922356676,6536.857071589702,0.9097732390201744,0.9097732390201744,ER,23240.63386865314,4956.390869386834
8,8_HE_val.ndpi,8_ER_val.ndpi,8_24,30334.87156564981,6222.2600103928135,0.9097732390201744,0.9097732390201744,ER,26284.054404526058,4681.573783219968
8,8_HE_val.ndpi,8_ER_val.ndpi,8_25,31108.214009888794,7164.449379509835,0.9097732390201744,0.9097732390201744,ER,27316.40635700033,5475.1302082821885
8,8_HE_val.ndpi,8_ER_val.ndpi,8_26,31368.882439824083,5896.253534993364,0.9097732390201744,0.9097732390201744,ER,27465.08961388737,4162.185531616298
8,8_HE_val.ndpi,8_ER_val.ndpi,8_27,34508.5023438685,4958.494308703198,0.9097732390201744,0.9097732390201744,ER,30945.46164414416,2776.326821701663
8,8_HE_val.ndpi,8_ER_val.ndpi,8_28,39351.88490819695,5906.442201429205,0.9097732390201744,0.9097732390201744,ER,36212.87990462201,3805.2766398095628
8,8_HE_val.ndpi,8_ER_val.ndpi,8_29,38271.39120691086,3558.9758393117772,0.9097732390201744,0.9097732390201744,ER,34805.89401686971,1823.42927616937
8,8_HE_val.ndpi,8_ER_val.ndpi,8_30,41386.87624491405,5870.572170662824,0.9097732390201744,0.9097732390201744,ER,37462.06066058896,3765.362989962547
8,8_HE_val.ndpi,8_ER_val.ndpi,8_31,35920.99736006792,12794.708235483597,0.9097732390201744,0.9097732390201744,ER,33521.16057698539,10953.008623228581
8,8_HE_val.ndpi,8_ER_val.ndpi,8_32,38781.21686072049,18052.52246611006,0.9097732390201744,0.9097732390201744,ER,37239.04268653732,16294.657972116886
8,8_HE_val.ndpi,8_ER_val.ndpi,8_33,37799.385863523035,17841.979197753622,0.9097732390201744,0.9097732390201744,ER,36172.3667279326,16170.47390750318
8,8_HE_val.ndpi,8_ER_val.ndpi,8_34,40451.196007811406,16296.873198153988,0.9097732390201744,0.9097732390201744,ER,38913.80485849005,14312.895394822404
8,8_HE_val.ndpi,8_ER_val.ndpi,8_35,41299.29532019796,14863.9663025612,0.9097732390201744,0.9097732390201744,ER,39368.33255826615,13019.555646231658
8,8_HE_val.ndpi,8_ER_val.ndpi,8_36,40671.47743158894,13146.485747514958,0.9097732390201744,0.9097732390201744,ER,38430.708172125866,11012.37323068005
8,8_HE_val.ndpi,8_ER_val.ndpi,8_37,25156.40710870988,12090.526605062654,0.9097732390201744,0.9097732390201744,ER,20863.453690813993,11675.014848131434
8,8_HE_val.ndpi,8_ER_val.ndpi,8_38,26561.15228707519,13211.160906213956,0.9097732390201744,0.9097732390201744,ER,22332.548570719246,13162.81785077545
8,8_HE_val.ndpi,8_ER_val.ndpi,8_39,28983.559837382203,12199.311592478274,0.9097732390201744,0.9097732390201744,ER,25584.57867816089,10990.71880042545
8,8_HE_val.ndpi,8_ER_val.ndpi,8_40,28301.108164610763,4837.349081961222,0.9097732390201744,0.9097732390201744,ER,24516.265971758956,3171.7670025125385
8,8_HE_val.ndpi,8_ER_val.ndpi,8_41,29714.15824402753,5576.941690850677,0.9097732390201744,0.9097732390201744,ER,25577.00466601504,3953.9766071556073
8,8_HE_val.ndpi,8_ER_val.ndpi,8_42,25937.522517856694,15468.290712066571,0.9097732390201744,0.9097732390201744,ER,22865.375715984632,15938.502115768291
8,8_HE_val.ndpi,8_ER_val.ndpi,8_43,34270.70466966232,20131.15941898292,0.9097732390201744,0.9097732390201744,ER,31556.373977703555,19010.16603716434
8,8_HE_val.ndpi,8_ER_val.ndpi,8_44,39520.0701511194,18238.61566707261,0.9097732390201744,0.9097732390201744,ER,37366.81776314245,16510.770173973393
8,8_HE_val.ndpi,8_ER_val.ndpi,8_45,18374.54922278708,13841.949597203125,0.9097732390201744,0.9097732390201744,ER,14667.611947628628,13816.70420193314
8,8_HE_val.ndpi,8_ER_val.ndpi,8_46,20568.376949675658,12217.533102277284,0.9097732390201744,0.9097732390201744,ER,16914.442817653453,12111.21279029941
8,8_HE_val.ndpi,8_ER_val.ndpi,8_47,22874.584380185508,10154.76409058502,0.9097732390201744,0.9097732390201744,ER,18960.15944634386,9644.453274599067
8,8_HE_val.ndpi,8_ER_val.ndpi,8_48,21761.14943272273,9709.390111599909,0.9097732390201744,0.9097732390201744,ER,17043.537534155712,9022.691935350573
8,8_HE_val.ndpi,8_ER_val.ndpi,8_49,26175.27349756365,8106.4533716448195,0.9097732390201744,0.9097732390201744,ER,22169.587438536528,6589.331618168381
26,26_HE_val.ndpi,26_KI67_val.ndpi,26_1,14246.975866324141,6492.577759409762,0.9109542245502164,0.9109542245502164,KI67,4124.082433045049,6412.682318402354
26,26_HE_val.ndpi,26_KI67_val.ndpi,26_2,14949.279871432398,6624.329544151852,0.9109542245502164,0.9109542245502164,KI67,4870.95013044891,6462.981590032208
26,26_HE_val.ndpi,26_KI67_val.ndpi,26_3,15579.43164999356,8103.678328506619,0.9109542245502164,0.9109542245502164,KI67,5641.6823251203705,7870.235937202902
26,26_HE_val.ndpi,26_KI67_val.ndpi,26_4,14868.823683491,9023.728917794188,0.9109542245502164,0.9109542245502164,KI67,4659.94672748909,9245.016768473419
26,26_HE_val.ndpi,26_KI67_val.ndpi,26_5,14545.224014330244,9051.097325100609,0.9109542245502164,0.9109542245502164,KI67,4327.310795200582,9156.558876977431
26,26_HE_val.ndpi,26_KI67_val.ndpi,26_6,15469.865170519497,9875.942802541129,0.9109542245502164,0.9109542245502164,KI67,5519.6889094031385,9994.663727384299
26,26_HE_val.ndpi,26_KI67_val.ndpi,26_7,15857.570088659952,9950.566970285849,0.9109542245502164,0.9109542245502164,KI67,6034.070672488427,10114.360203669514
26,26_HE_val.ndpi,26_KI67_val.ndpi,26_8,15666.101227367903,14300.547590921702,0.9109542245502164,0.9109542245502164,KI67,3593.7941474411127,14240.211733580432
26,26_HE_val.ndpi,26_KI67_val.ndpi,26_9,14890.28754156193,14978.982000433412,0.9109542245502164,0.9109542245502164,KI67,2958.357321124326,15000.400535754205
26,26_HE_val.ndpi,26_KI67_val.ndpi,26_10,15248.2680266609,14734.947993945345,0.9109542245502164,0.9109542245502164,KI67,3225.1858184336247,14718.644992712336
26,26_HE_val.ndpi,26_KI67_val.ndpi,26_11,16084.072419946442,19591.70819150492,0.9109542245502164,0.9109542245502164,KI67,4983.2878647047855,19089.798268888953
26,26_HE_val.ndpi,26_KI67_val.ndpi,26_12,17509.33517921611,18586.67458447041,0.9109542245502164,0.9109542245502164,KI67,5861.44650295919,18441.595079100105
26,26_HE_val.ndpi,26_KI67_val.ndpi,26_13,17035.32321043329,17328.34394071173,0.9109542245502164,0.9109542245502164,KI67,4735.573315153202,17259.884544926466
26,26_HE_val.ndpi,26_KI67_val.ndpi,26_14,18067.312319983663,16632.30781774036,0.9109542245502164,0.9109542245502164,KI67,5363.9208436867675,16805.98114442636
26,26_HE_val.ndpi,26_KI67_val.ndpi,26_15,18668.94651290559,16945.78628798128,0.9109542245502164,0.9109542245502164,KI67,6032.596744806496,16976.332857258843
26,26_HE_val.ndpi,26_KI67_val.ndpi,26_16,19433.303407826705,18089.506655003253,0.9109542245502164,0.9109542245502164,KI67,7289.943303414541,17798.944411006534
26,26_HE_val.ndpi,26_KI67_val.ndpi,26_17,18161.072315193123,20204.778717411584,0.9109542245502164,0.9109542245502164,KI67,6714.961511776193,19700.276049507236
26,26_HE_val.ndpi,26_KI67_val.ndpi,26_18,20213.59683479438,20938.377223639432,0.9109542245502164,0.9109542245502164,KI67,9018.548822014034,20231.28797455658
26,26_HE_val.ndpi,26_KI67_val.ndpi,26_19,20200.95305440376,20672.273411729908,0.9109542245502164,0.9109542245502164,KI67,8899.807396396005,20031.28712017279
26,26_HE_val.ndpi,26_KI67_val.ndpi,26_20,22004.162359136102,21130.05612597097,0.9109542245502164,0.9109542245502164,KI67,9986.546460453297,20294.60088969132
26,26_HE_val.ndpi,26_KI67_val.ndpi,26_21,24302.5463160637,19710.21750812165,0.9109542245502164,0.9109542245502164,KI67,13053.072525661162,19209.071012461296
26,26_HE_val.ndpi,26_KI67_val.ndpi,26_22,23408.62566742467,18588.809436879867,0.9109542245502164,0.9109542245502164,KI67,11831.508607718932,18341.05337234292
26,26_HE_val.ndpi,26_KI67_val.ndpi,26_23,23276.418093032535,17189.083169665668,0.9109542245502164,0.9109542245502164,KI67,11488.403613987577,16877.09331988272
26,26_HE_val.ndpi,26_KI67_val.ndpi,26_24,22867.894440938657,16497.0769877622,0.9109542245502164,0.9109542245502164,KI67,10811.362033566913,16227.05934944471
26,26_HE_val.ndpi,26_KI67_val.ndpi,26_25,22515.55597531408,16594.94657404515,0.9109542245502164,0.9109542245502164,KI67,10203.4939267446,16377.256216624157
26,26_HE_val.ndpi,26_KI67_val.ndpi,26_26,23780.032744160824,16211.116882220018,0.9109542245502164,0.9109542245502164,KI67,12308.890100276876,15868.204347636285
26,26_HE_val.ndpi,26_KI67_val.ndpi,26_27,22011.06486542784,14933.830885308047,0.9109542245502164,0.9109542245502164,KI67,9563.079885106228,14629.137262619632
26,26_HE_val.ndpi,26_KI67_val.ndpi,26_28,23291.731141073546,14596.423154097882,0.9109542245502164,0.9109542245502164,KI67,11356.408356462383,14206.171255570693
26,26_HE_val.ndpi,26_KI67_val.ndpi,26_29,24683.563821495565,13987.638750307475,0.9109542245502164,0.9109542245502164,KI67,13437.283130192664,13303.468553956174
26,26_HE_val.ndpi,26_KI67_val.ndpi,26_30,24205.151181617093,13450.186836769799,0.9109542245502164,0.9109542245502164,KI67,12902.158757183588,12779.210238472859
26,26_HE_val.ndpi,26_KI67_val.ndpi,26_31,24315.15165526968,12866.784498058665,0.9109542245502164,0.9109542245502164,KI67,13351.215708263804,12301.095421328882
26,26_HE_val.ndpi,26_KI67_val.ndpi,26_32,25688.553703931422,15141.273392238447,0.9109542245502164,0.9109542245502164,KI67,14895.735600107064,14470.508789139985
26,26_HE_val.ndpi,26_KI67_val.ndpi,26_33,25461.56181743956,14701.997058585923,0.9109542245502164,0.9109542245502164,KI67,14585.758425329126,14101.390427606564
26,26_HE_val.ndpi,26_KI67_val.ndpi,26_34,27928.151081569205,14844.137299544102,0.9109542245502164,0.9109542245502164,KI67,17983.763012286418,13773.59641345407
26,26_HE_val.ndpi,26_KI67_val.ndpi,26_35,33234.947982361824,15750.402714743028,0.9109542245502164,0.9109542245502164,KI67,23137.672720622784,14127.762643330667
26,26_HE_val.ndpi,26_KI67_val.ndpi,26_36,32882.842544111074,17214.05087375699,0.9109542245502164,0.9109542245502164,KI67,22621.995065008374,15605.562700214803
26,26_HE_val.ndpi,26_KI67_val.ndpi,26_37,33858.614426198714,18834.34822281288,0.9109542245502164,0.9109542245502164,KI67,23793.471181323683,17439.994373472964
26,26_HE_val.ndpi,26_KI67_val.ndpi,26_38,34830.866908243624,18870.913138778087,0.9109542245502164,0.9109542245502164,KI67,25381.14262732762,17589.034089718883
26,26_HE_val.ndpi,26_KI67_val.ndpi,26_39,36458.35536096968,18964.316881503248,0.9109542245502164,0.9109542245502164,KI67,27015.144988116706,17840.25899240088
26,26_HE_val.ndpi,26_KI67_val.ndpi,26_40,36191.34587591101,18061.260303468636,0.9109542245502164,0.9109542245502164,KI67,26481.727553355282,16826.240018803128
26,26_HE_val.ndpi,26_KI67_val.ndpi,26_41,36721.494899163656,18365.402506349557,0.9109542245502164,0.9109542245502164,KI67,27054.18901948105,17248.77058625963
26,26_HE_val.ndpi,26_KI67_val.ndpi,26_42,33924.189654712565,8928.176187017167,0.9109542245502164,0.9109542245502164,KI67,24469.58164923381,7834.722987566806
26,26_HE_val.ndpi,26_KI67_val.ndpi,26_43,32735.825799869315,8749.398965291763,0.9109542245502164,0.9109542245502164,KI67,23414.202735867515,7542.638835765203
26,26_HE_val.ndpi,26_KI67_val.ndpi,26_44,32433.479653086142,8477.723081049626,0.9109542245502164,0.9109542245502164,KI67,23310.995355988896,7335.305007346643
26,26_HE_val.ndpi,26_KI67_val.ndpi,26_45,30574.48438036633,8154.624026471563,0.9109542245502164,0.9109542245502164,KI67,21477.179812719238,7191.202189264266
26,26_HE_val.ndpi,26_KI67_val.ndpi,26_46,30868.640094202117,6855.3745681281835,0.9109542245502164,0.9109542245502164,KI67,21401.557428916414,5441.430347778917
26,26_HE_val.ndpi,26_KI67_val.ndpi,26_47,24430.423367130643,6965.505340413842,0.9109542245502164,0.9109542245502164,KI67,14755.158759433338,6422.233117821781
26,26_HE_val.ndpi,26_KI67_val.ndpi,26_48,23871.69392054644,5762.633243180218,0.9109542245502164,0.9109542245502164,KI67,13927.72274819478,5255.181611895585
26,26_HE_val.ndpi,26_KI67_val.ndpi,26_49,24505.17682217937,4769.803721212563,0.9109542245502164,0.9109542245502164,KI67,14583.155668379275,4080.7650068799426
26,26_HE_val.ndpi,26_KI67_val.ndpi,26_50,21632.253919078863,4483.688641025666,0.9109542245502164,0.9109542245502164,KI67,11556.634008798123,4009.156856014352
6,6_HE_val.ndpi,6_KI67_val.ndpi,6_1,36062.06531219767,18136.209254614518,0.9097732390201744,0.9097732390201744,KI67,34029.72416955583,19084.015258410516
6,6_HE_val.ndpi,6_KI67_val.ndpi,6_2,36030.631886026116,17784.829942531615,0.9097732390201744,0.9097732390201744,KI67,34012.93451209886,18709.789660905193
6,6_HE_val.ndpi,6_KI67_val.ndpi,6_3,36901.58935974219,18091.059682042454,0.9097732390201744,0.9097732390201744,KI67,34865.83963125227,19057.971997859808
6,6_HE_val.ndpi,6_KI67_val.ndpi,6_4,37967.512082632704,17830.761031913564,0.9097732390201744,0.9097732390201744,KI67,35930.38623383759,18830.97273448394
6,6_HE_val.ndpi,6_KI67_val.ndpi,6_5,38034.83671214922,17312.228298289116,0.9097732390201744,0.9097732390201744,KI67,36005.38486379909,18313.33933896863
6,6_HE_val.ndpi,6_KI67_val.ndpi,6_6,38018.745415360216,16821.286575510338,0.9097732390201744,0.9097732390201744,KI67,36002.81964386111,17828.02969356247
6,6_HE_val.ndpi,6_KI67_val.ndpi,6_7,36432.479261386434,17009.16047747854,0.9097732390201744,0.9097732390201744,KI67,34435.44689786619,17926.879810823935
6,6_HE_val.ndpi,6_KI67_val.ndpi,6_8,36430.237437581585,16839.217452878835,0.9097732390201744,0.9097732390201744,KI67,34438.073961621245,17759.663706821208
6,6_HE_val.ndpi,6_KI67_val.ndpi,6_9,36627.980602543226,16581.445112839552,0.9097732390201744,0.9097732390201744,KI67,34638.79520931414,17519.09439420348
6,6_HE_val.ndpi,6_KI67_val.ndpi,6_10,36317.98161972978,16188.719445897363,0.9097732390201744,0.9097732390201744,KI67,34346.755374256034,17112.53955383366
6,6_HE_val.ndpi,6_KI67_val.ndpi,6_11,36906.7624811626,15692.447714292062,0.9097732390201744,0.9097732390201744,KI67,34931.89720998886,16665.230824190945
6,6_HE_val.ndpi,6_KI67_val.ndpi,6_12,38143.87635493012,14583.325779174174,0.9097732390201744,0.9097732390201744,KI67,36237.19764737276,15665.035372763807
6,6_HE_val.ndpi,6_KI67_val.ndpi,6_13,39899.87081873925,8613.440060804049,0.9097732390201744,0.9097732390201744,KI67,38246.654324307834,9691.678962062633
6,6_HE_val.ndpi,6_KI67_val.ndpi,6_14,38598.56514317863,9763.88701555068,0.9097732390201744,0.9097732390201744,KI67,36822.31409835479,10806.426816613452
6,6_HE_val.ndpi,6_KI67_val.ndpi,6_15,38217.083549178366,9570.802001578975,0.9097732390201744,0.9097732390201744,KI67,36489.83935912093,10585.27271123359
6,6_HE_val.ndpi,6_KI67_val.ndpi,6_16,37887.9172548062,9319.114420305019,0.9097732390201744,0.9097732390201744,KI67,36212.349295269734,10289.908268439225
6,6_HE_val.ndpi,6_KI67_val.ndpi,6_17,37512.612319298256,8444.67789051052,0.9097732390201744,0.9097732390201744,KI67,36051.504132409915,9218.929134177715
6,6_HE_val.ndpi,6_KI67_val.ndpi,6_18,36999.481735442445,8500.592027815594,0.9097732390201744,0.9097732390201744,KI67,35492.72283006842,9322.918885253306
6,6_HE_val.ndpi,6_KI67_val.ndpi,6_19,36000.813893325736,8218.081114917119,0.9097732390201744,0.9097732390201744,KI67,34450.433598863514,9111.997907082508
6,6_HE_val.ndpi,6_KI67_val.ndpi,6_20,35401.86117252745,8080.173985470871,0.9097732390201744,0.9097732390201744,KI67,33843.79104181349,8958.812495958942
6,6_HE_val.ndpi,6_KI67_val.ndpi,6_21,26289.404269823583,4925.5599834493405,0.9097732390201744,0.9097732390201744,KI67,24858.882998138008,5546.999794434559
6,6_HE_val.ndpi,6_KI67_val.ndpi,6_22,27188.31663433174,5789.814391738136,0.9097732390201744,0.9097732390201744,KI67,25711.620486611024,6432.774639943561
6,6_HE_val.ndpi,6_KI67_val.ndpi,6_23,28276.18862452856,4463.411037809557,0.9097732390201744,0.9097732390201744,KI67,26889.14801479139,5112.56988630199
6,6_HE_val.ndpi,6_KI67_val.ndpi,6_24,27871.534453941542,5887.221433969613,0.9097732390201744,0.9097732390201744,KI67,26394.270774359375,6541.418754494359
6,6_HE_val.ndpi,6_KI67_val.ndpi,6_25,34472.91796622426,3024.7396311769958,0.9097732390201744,0.9097732390201744,KI67,33388.35416215492,3754.795884123429
6,6_HE_val.ndpi,6_KI67_val.ndpi,6_26,35634.56905373086,2467.7534371273805,0.9097732390201744,0.9097732390201744,KI67,34704.95177861475,2898.052350760331
6,6_HE_val.ndpi,6_KI67_val.ndpi,6_27,35219.672052162234,2789.0124374917805,0.9097732390201744,0.9097732390201744,KI67,34180.87053114921,3391.09023018631
6,6_HE_val.ndpi,6_KI67_val.ndpi,6_28,29592.673432980664,4932.993220072647,0.9097732390201744,0.9097732390201744,KI67,28194.84061346527,5605.839225730799
6,6_HE_val.ndpi,6_KI67_val.ndpi,6_29,30024.953745485298,5418.629166962884,0.9097732390201744,0.9097732390201744,KI67,28605.555178756927,6113.2141472572985
6,6_HE_val.ndpi,6_KI67_val.ndpi,6_30,29343.5116617849,6298.920102081346,0.9097732390201744,0.9097732390201744,KI67,27870.10440630498,6976.361114368391
6,6_HE_val.ndpi,6_KI67_val.ndpi,6_31,43191.91056699116,6090.600246580678,0.9097732390201744,0.9097732390201744,KI67,42564.11507502667,8124.303997586083
6,6_HE_val.ndpi,6_KI67_val.ndpi,6_32,38186.82171857485,1951.4499080509866,0.9097732390201744,0.9097732390201744,KI67,37313.221543900945,2172.84495078524
6,6_HE_val.ndpi,6_KI67_val.ndpi,6_33,37238.697443462166,2582.669588774086,0.9097732390201744,0.9097732390201744,KI67,36287.31689548584,3125.331374558615
6,6_HE_val.ndpi,6_KI67_val.ndpi,6_34,38081.17013017038,3814.3897115665004,0.9097732390201744,0.9097732390201744,KI67,36822.01473718741,4800.104845878057
6,6_HE_val.ndpi,6_KI67_val.ndpi,6_35,38773.13097328483,4344.447307645359,0.9097732390201744,0.9097732390201744,KI67,37475.14837284776,5381.946874494273
6,6_HE_val.ndpi,6_KI67_val.ndpi,6_36,40407.73566376246,2686.341588326596,0.9097732390201744,0.9097732390201744,KI67,38976.06241423324,3467.1634823506633
6,6_HE_val.ndpi,6_KI67_val.ndpi,6_37,40281.69793695239,2221.9747226083546,0.9097732390201744,0.9097732390201744,KI67,38696.911380409474,2652.93354643799
6,6_HE_val.ndpi,6_KI67_val.ndpi,6_38,40502.75539292906,6217.91201373651,0.9097732390201744,0.9097732390201744,KI67,38893.1960104994,7121.969507698502
6,6_HE_val.ndpi,6_KI67_val.ndpi,6_39,40072.316675076094,7429.176310033397,0.9097732390201744,0.9097732390201744,KI67,38504.84644192339,8522.330406647385
6,6_HE_val.ndpi,6_KI67_val.ndpi,6_40,40485.2201906914,7874.046502481993,0.9097732390201744,0.9097732390201744,KI67,38891.29972470319,8985.75338655491
6,6_HE_val.ndpi,6_KI67_val.ndpi,6_41,38309.17728378277,6983.286227485269,0.9097732390201744,0.9097732390201744,KI67,36778.13067108125,8014.71581104604
6,6_HE_val.ndpi,6_KI67_val.ndpi,6_42,34678.80823965973,10495.597529864495,0.9097732390201744,0.9097732390201744,KI67,32977.80710840242,11355.16625610534
6,6_HE_val.ndpi,6_KI67_val.ndpi,6_43,31976.90534437008,8944.17811246347,0.9097732390201744,0.9097732390201744,KI67,30393.844221015228,9674.875067907547
6,6_HE_val.ndpi,6_KI67_val.ndpi,6_44,31173.829323052458,6955.041165944149,0.9097732390201744,0.9097732390201744,KI67,29691.23730687101,7668.598258031361
6,6_HE_val.ndpi,6_KI67_val.ndpi,6_45,41413.56797075194,10214.340982286089,0.9097732390201744,0.9097732390201744,KI67,39732.36525881185,11494.257492709725
6,6_HE_val.ndpi,6_KI67_val.ndpi,6_46,42762.29574193167,8301.583065195418,0.9097732390201744,0.9097732390201744,KI67,41254.587437297996,9790.415764130774
6,6_HE_val.ndpi,6_KI67_val.ndpi,6_47,41529.40064433227,7359.869931135795,0.9097732390201744,0.9097732390201744,KI67,40139.068309445516,8664.67476319153
6,6_HE_val.ndpi,6_KI67_val.ndpi,6_48,41900.29807985596,6033.999930804184,0.9097732390201744,0.9097732390201744,KI67,40827.33523963527,7445.621629296552
6,6_HE_val.ndpi,6_KI67_val.ndpi,6_49,41891.07769365545,4729.978448204804,0.9097732390201744,0.9097732390201744,KI67,41114.253403850365,6202.325529368276
6,6_HE_val.ndpi,6_KI67_val.ndpi,6_50,41843.4919498606,3191.835249123045,0.9097732390201744,0.9097732390201744,KI67,40595.11307136551,4350.287522510953
92,92_HE_val.ndpi,92_KI67_val.ndpi,92_1,33777.103532332985,3171.806167400882,0.919793966151582,0.919793966151582,KI67,28180.18397325888,2577.3635032083603
92,92_HE_val.ndpi,92_KI67_val.ndpi,92_2,42359.71700819456,6300.440348778125,0.919793966151582,0.919793966151582,KI67,37577.81225624462,6606.6537610224195
92,92_HE_val.ndpi,92_KI67_val.ndpi,92_3,35517.42393020289,3334.465679788766,0.919793966151582,0.919793966151582,KI67,30088.336547064704,2641.888322840997
92,92_HE_val.ndpi,92_KI67_val.ndpi,92_4,40149.658376162515,5230.406984691824,0.919793966151582,0.919793966151582,KI67,35752.20744910093,4945.285426353193
92,92_HE_val.ndpi,92_KI67_val.ndpi,92_5,38891.912131609424,4576.049851345187,0.919793966151582,0.919793966151582,KI67,34438.70120931633,3768.5963146303443
92,92_HE_val.ndpi,92_KI67_val.ndpi,92_6,38710.498673203256,5250.831075117469,0.919793966151582,0.919793966151582,KI67,34150.036821209585,4646.580855678852
92,92_HE_val.ndpi,92_KI67_val.ndpi,92_7,39574.448610846106,6252.4909150912,0.919793966151582,0.919793966151582,KI67,35397.05528470246,6026.435028111933
92,92_HE_val.ndpi,92_KI67_val.ndpi,92_8,39826.08606367025,7085.726055694218,0.919793966151582,0.919793966151582,KI67,35204.69356800223,6863.598746290767
92,92_HE_val.ndpi,92_KI67_val.ndpi,92_9,40931.067998027815,6626.393252692987,0.919793966151582,0.919793966151582,KI67,36339.499664525,6623.73943966205
92,92_HE_val.ndpi,92_KI67_val.ndpi,92_10,40762.48971684995,9538.730532149073,0.919793966151582,0.919793966151582,KI67,36246.0052227753,9475.04327122489
92,92_HE_val.ndpi,92_KI67_val.ndpi,92_11,39926.36413983035,8218.991369193762,0.919793966151582,0.919793966151582,KI67,35053.42162625648,7596.545046751444
92,92_HE_val.ndpi,92_KI67_val.ndpi,92_12,40210.21269919146,8777.740213832476,0.919793966151582,0.919793966151582,KI67,35266.345569060635,8306.786817958047
92,92_HE_val.ndpi,92_KI67_val.ndpi,92_13,38524.79814241372,9268.404070003531,0.919793966151582,0.919793966151582,KI67,33691.232171544994,9145.216770133273
92,92_HE_val.ndpi,92_KI67_val.ndpi,92_14,38459.2074286623,7998.6916346570315,0.919793966151582,0.919793966151582,KI67,33662.72488367819,7700.637660147991
92,92_HE_val.ndpi,92_KI67_val.ndpi,92_15,36485.70978403703,7979.361770139429,0.919793966151582,0.919793966151582,KI67,31384.953550885704,7821.352099580304
92,92_HE_val.ndpi,92_KI67_val.ndpi,92_16,35337.87515852351,7812.872878895008,0.919793966151582,0.919793966151582,KI67,30125.23688596333,7618.251159263757
92,92_HE_val.ndpi,92_KI67_val.ndpi,92_17,35036.63108757662,9124.030653124177,0.919793966151582,0.919793966151582,KI67,29999.332713395514,9273.226511528244
92,92_HE_val.ndpi,92_KI67_val.ndpi,92_18,33537.221636382885,6637.387340110945,0.919793966151582,0.919793966151582,KI67,28187.75209676803,6392.679621938835
92,92_HE_val.ndpi,92_KI67_val.ndpi,92_19,30549.44709059397,6440.446112333097,0.919793966151582,0.919793966151582,KI67,24895.893055795128,6419.644691295442
92,92_HE_val.ndpi,92_KI67_val.ndpi,92_20,31335.198332268898,6422.9188544509,0.919793966151582,0.919793966151582,KI67,25758.72156930404,6360.401465217604
92,92_HE_val.ndpi,92_KI67_val.ndpi,92_21,30385.54560248888,8241.882803457669,0.919793966151582,0.919793966151582,KI67,24865.277440266807,8358.453409797592
92,92_HE_val.ndpi,92_KI67_val.ndpi,92_22,32352.46226280689,9005.966189919103,0.919793966151582,0.919793966151582,KI67,27025.625273948623,9085.151853610741
92,92_HE_val.ndpi,92_KI67_val.ndpi,92_23,30821.74994199861,10949.650422210827,0.919793966151582,0.919793966151582,KI67,25418.296601502017,11358.530532251309
92,92_HE_val.ndpi,92_KI67_val.ndpi,92_24,30715.664827357366,10372.087326738198,0.919793966151582,0.919793966151582,KI67,25282.497813034137,10682.99406931662
92,92_HE_val.ndpi,92_KI67_val.ndpi,92_25,31882.161799197762,11798.161875994021,0.919793966151582,0.919793966151582,KI67,26712.264463948966,12229.520698075341
92,92_HE_val.ndpi,92_KI67_val.ndpi,92_26,32288.527921285353,13047.084257013395,0.919793966151582,0.919793966151582,KI67,27158.696745729816,13544.7382652574
92,92_HE_val.ndpi,92_KI67_val.ndpi,92_27,34152.106511989514,13837.330595114598,0.919793966151582,0.919793966151582,KI67,29132.67363071694,14328.45906361703
92,92_HE_val.ndpi,92_KI67_val.ndpi,92_28,35280.040084090935,14223.670977204776,0.919793966151582,0.919793966151582,KI67,30257.099697652793,14577.639235512255
92,92_HE_val.ndpi,92_KI67_val.ndpi,92_29,36185.660220391714,13641.142766153294,0.919793966151582,0.919793966151582,KI67,31567.431402997485,13873.682741963168
92,92_HE_val.ndpi,92_KI67_val.ndpi,92_30,40208.83888536135,14138.08870407064,0.919793966151582,0.919793966151582,KI67,34066.12843432521,14101.77856934323
92,92_HE_val.ndpi,92_KI67_val.ndpi,92_31,38380.7803636805,13340.798494588891,0.919793966151582,0.919793966151582,KI67,33295.92002430124,13327.719642298207
92,92_HE_val.ndpi,92_KI67_val.ndpi,92_32,23702.310918867242,15752.21716701329,0.919793966151582,0.919793966151582,KI67,18765.04590202185,15546.592933601503
92,92_HE_val.ndpi,92_KI67_val.ndpi,92_33,23801.574694342027,15226.249864241174,0.919793966151582,0.919793966151582,KI67,18935.154290011305,15129.514986399701
92,92_HE_val.ndpi,92_KI67_val.ndpi,92_34,23756.70026190753,15004.56826953892,0.919793966151582,0.919793966151582,KI67,18774.03578590041,14967.640701994174
92,92_HE_val.ndpi,92_KI67_val.ndpi,92_35,22492.456923638598,13917.600506756473,0.919793966151582,0.919793966151582,KI67,17224.57434749963,13827.946865368674
92,92_HE_val.ndpi,92_KI67_val.ndpi,92_36,22355.762672848185,13360.95897003264,0.919793966151582,0.919793966151582,KI67,17443.574546603406,13344.201350887903
92,92_HE_val.ndpi,92_KI67_val.ndpi,92_37,22747.223549340488,13009.794662108368,0.919793966151582,0.919793966151582,KI67,17978.738441910977,13283.73368738587
92,92_HE_val.ndpi,92_KI67_val.ndpi,92_38,23591.429311588727,11908.041945056832,0.919793966151582,0.919793966151582,KI67,18531.803448841718,12452.328987439058
92,92_HE_val.ndpi,92_KI67_val.ndpi,92_39,27255.854593991844,11510.686420339656,0.919793966151582,0.919793966151582,KI67,21588.447610627758,12188.94758603025
92,92_HE_val.ndpi,92_KI67_val.ndpi,92_40,22696.198982608654,8422.411802391638,0.919793966151582,0.919793966151582,KI67,18966.78309869138,8171.874982399746
92,92_HE_val.ndpi,92_KI67_val.ndpi,92_41,24215.294088461666,6413.978280126496,0.919793966151582,0.919793966151582,KI67,18572.91368629739,6293.912876454175
92,92_HE_val.ndpi,92_KI67_val.ndpi,92_42,26364.134087279013,2323.9077506857097,0.919793966151582,0.919793966151582,KI67,18791.77465852966,1981.3588167008893
92,92_HE_val.ndpi,92_KI67_val.ndpi,92_43,27299.31604639438,2083.890175991019,0.919793966151582,0.919793966151582,KI67,20117.182084772172,1803.2718848495595
92,92_HE_val.ndpi,92_KI67_val.ndpi,92_44,25314.1217777728,2880.321268960069,0.919793966151582,0.919793966151582,KI67,18502.339809898247,2579.7832352330965
92,92_HE_val.ndpi,92_KI67_val.ndpi,92_45,25022.724036885542,1412.5220024848438,0.919793966151582,0.919793966151582,KI67,17273.748599420065,1326.7983497974728
92,92_HE_val.ndpi,92_KI67_val.ndpi,92_46,26821.942351734302,9467.88970734706,0.919793966151582,0.919793966151582,KI67,20894.860819246223,9801.312235293162
92,92_HE_val.ndpi,92_KI67_val.ndpi,92_47,26920.847201838067,10414.209884933372,0.919793966151582,0.919793966151582,KI67,21124.344689826736,10946.49094133247
92,92_HE_val.ndpi,92_KI67_val.ndpi,92_48,26433.383156369633,12750.164031379287,0.919793966151582,0.919793966151582,KI67,20740.634278942653,13547.922669702939
92,92_HE_val.ndpi,92_KI67_val.ndpi,92_49,27180.2528624042,5177.915709784249,0.919793966151582,0.919793966151582,KI67,21001.096136055472,4716.6579969971235
92,92_HE_val.ndpi,92_KI67_val.ndpi,92_50,29355.04346085758,3959.8179880081148,0.919793966151582,0.919793966151582,KI67,23478.522434966075,3743.789200334632
61,61_HE_val.ndpi,61_ER_val.ndpi,61_1,20603.81343407941,13696.596737841886,0.907338096858342,0.907338096858342,ER,9380.667919686579,12785.92262349631
61,61_HE_val.ndpi,61_ER_val.ndpi,61_2,22297.889123440717,14579.336746146519,0.907338096858342,0.907338096858342,ER,11568.104837221374,14093.033824513968
61,61_HE_val.ndpi,61_ER_val.ndpi,61_3,20785.301895096014,14503.451731837298,0.907338096858342,0.907338096858342,ER,9332.33418552431,13301.0444858786
61,61_HE_val.ndpi,61_ER_val.ndpi,61_4,21326.03769072144,11869.12070589612,0.907338096858342,0.907338096858342,ER,11834.771274147492,11557.496407613227
61,61_HE_val.ndpi,61_ER_val.ndpi,61_5,23088.833787237203,7656.824759568008,0.907338096858342,0.907338096858342,ER,18416.42380388115,7924.984644002079
61,61_HE_val.ndpi,61_ER_val.ndpi,61_6,20350.314631902147,8375.375727823208,0.907338096858342,0.907338096858342,ER,14848.581569423854,7384.289851770843
61,61_HE_val.ndpi,61_ER_val.ndpi,61_7,20896.29006790023,7538.525933019068,0.907338096858342,0.907338096858342,ER,16351.393006057979,6648.102463025817
61,61_HE_val.ndpi,61_ER_val.ndpi,61_8,26076.600632203408,12850.837753030513,0.907338096858342,0.907338096858342,ER,17017.758851103994,14886.888979137426
61,61_HE_val.ndpi,61_ER_val.ndpi,61_9,27626.11410003877,12742.629462356734,0.907338096858342,0.907338096858342,ER,19161.384290364473,15903.444093347467
61,61_HE_val.ndpi,61_ER_val.ndpi,61_10,30833.326399695718,11319.126755883834,0.907338096858342,0.907338096858342,ER,24698.905368867683,16548.595143754777
61,61_HE_val.ndpi,61_ER_val.ndpi,61_11,31312.336422289918,12307.314397027661,0.907338096858342,0.907338096858342,ER,24441.73458736294,17186.28302583201
61,61_HE_val.ndpi,61_ER_val.ndpi,61_12,17591.038476595368,17412.080845049826,0.907338096858342,0.907338096858342,ER,3738.78700832297,14716.532069138355
61,61_HE_val.ndpi,61_ER_val.ndpi,61_13,18963.457252269323,20178.20434500245,0.907338096858342,0.907338096858342,ER,4424.617516405203,17884.68290110569
61,61_HE_val.ndpi,61_ER_val.ndpi,61_14,24722.07193726458,10867.219655607614,0.907338096858342,0.907338096858342,ER,16563.781270057196,12699.08129937379
61,61_HE_val.ndpi,61_ER_val.ndpi,61_15,33305.98323821885,5896.4963626272465,0.907338096858342,0.907338096858342,ER,31221.041726007406,10461.978743151134
61,61_HE_val.ndpi,61_ER_val.ndpi,61_16,32113.1390376366,7909.298244895784,0.907338096858342,0.907338096858342,ER,28765.607937774133,12673.764073795275
61,61_HE_val.ndpi,61_ER_val.ndpi,61_17,23873.528362159366,10017.99370103705,0.907338096858342,0.907338096858342,ER,16273.551637874461,11234.600025752346
61,61_HE_val.ndpi,61_ER_val.ndpi,61_18,23328.531215522205,9242.004386288783,0.907338096858342,0.907338096858342,ER,16541.890434724308,9943.817877129644
61,61_HE_val.ndpi,61_ER_val.ndpi,61_19,19155.406656306674,11332.35147257106,0.907338096858342,0.907338096858342,ER,10165.630826837927,9780.602991142776
61,61_HE_val.ndpi,61_ER_val.ndpi,61_20,18414.422203887174,14347.9789955384,0.907338096858342,0.907338096858342,ER,6772.643990076349,12115.664990652198
61,61_HE_val.ndpi,61_ER_val.ndpi,61_21,35878.65848520205,17428.519694532806,0.907338096858342,0.907338096858342,ER,26460.53184987942,19425.617274247994
61,61_HE_val.ndpi,61_ER_val.ndpi,61_22,24098.4783569366,12627.086732800472,0.907338096858342,0.907338096858342,ER,14505.91097804108,13576.368920747498
61,61_HE_val.ndpi,61_ER_val.ndpi,61_23,17760.784135255082,9643.558824529588,0.907338096858342,0.907338096858342,ER,11400.78305242601,8035.100836212857
61,61_HE_val.ndpi,61_ER_val.ndpi,61_24,17088.770576221406,11538.048889529337,0.907338096858342,0.907338096858342,ER,8389.615828030728,9268.39539095416
61,61_HE_val.ndpi,61_ER_val.ndpi,61_25,22409.812020174126,11796.346424515437,0.907338096858342,0.907338096858342,ER,13234.90876932486,12058.447100103991
61,61_HE_val.ndpi,61_ER_val.ndpi,61_26,14741.393489909065,14678.815210493542,0.907338096858342,0.907338096858342,ER,2988.027728611323,11358.207442495695
61,61_HE_val.ndpi,61_ER_val.ndpi,61_27,13898.244182798036,17090.629117314485,0.907338096858342,0.907338096858342,ER,998.7710293685674,13060.603280120118
61,61_HE_val.ndpi,61_ER_val.ndpi,61_28,17761.527502044042,7185.952114366274,0.907338096858342,0.907338096858342,ER,13942.030776948599,5418.810337848357
61,61_HE_val.ndpi,61_ER_val.ndpi,61_29,29411.59764660265,5618.029564293645,0.907338096858342,0.907338096858342,ER,28694.78898563924,9451.279432803627
61,61_HE_val.ndpi,61_ER_val.ndpi,61_30,19352.059924237732,13585.366673524188,0.907338096858342,0.907338096858342,ER,8151.787170764932,12180.784603347587
61,61_HE_val.ndpi,61_ER_val.ndpi,61_31,19741.85920792523,12821.360077496685,0.907338096858342,0.907338096858342,ER,9054.80066127422,11782.185271240602
61,61_HE_val.ndpi,61_ER_val.ndpi,61_32,16457.584657867534,13450.45080070493,0.907338096858342,0.907338096858342,ER,5668.0960349907755,10657.963614279306
61,61_HE_val.ndpi,61_ER_val.ndpi,61_33,22066.004277986216,10336.726239308493,0.907338096858342,0.907338096858342,ER,14104.797478717725,10409.806010848775
61,61_HE_val.ndpi,61_ER_val.ndpi,61_34,19665.04193084807,10271.228317643716,0.907338096858342,0.907338096858342,ER,12087.354717311162,9181.537601530597
61,61_HE_val.ndpi,61_ER_val.ndpi,61_35,19481.47580331263,8879.98215485971,0.907338096858342,0.907338096858342,ER,13685.039768006682,7776.139787043886
61,61_HE_val.ndpi,61_ER_val.ndpi,61_36,21786.973443781742,8374.467720786433,0.907338096858342,0.907338096858342,ER,16091.61060834803,7964.259965373492
61,61_HE_val.ndpi,61_ER_val.ndpi,61_37,29572.921159986203,10099.17653557152,0.907338096858342,0.907338096858342,ER,24093.676548850992,15250.963957375494
61,61_HE_val.ndpi,61_ER_val.ndpi,61_38,29766.91023070325,8728.320435837655,0.907338096858342,0.907338096858342,ER,25859.000168244558,13706.533270711621
61,61_HE_val.ndpi,61_ER_val.ndpi,61_39,31086.035911579238,8482.600946262719,0.907338096858342,0.907338096858342,ER,27432.207116776513,13628.617036318716
61,61_HE_val.ndpi,61_ER_val.ndpi,61_40,31474.01405301335,10086.243930857052,0.907338096858342,0.907338096858342,ER,26303.964191258077,15150.127193220473
61,61_HE_val.ndpi,61_ER_val.ndpi,61_41,24108.03716274416,19853.511985181896,0.907338096858342,0.907338096858342,ER,10904.956339002474,18736.03288992345
61,61_HE_val.ndpi,61_ER_val.ndpi,61_42,22484.169021332484,18697.28725175259,0.907338096858342,0.907338096858342,ER,9474.025321328294,17624.804564960625
61,61_HE_val.ndpi,61_ER_val.ndpi,61_43,18442.734952104165,13124.468295547073,0.907338096858342,0.907338096858342,ER,7737.19129472474,11254.99543680013
61,61_HE_val.ndpi,61_ER_val.ndpi,61_44,22890.05667520808,13539.368652142704,0.907338096858342,0.907338096858342,ER,12228.54453252928,13704.76097349019
61,61_HE_val.ndpi,61_ER_val.ndpi,61_45,34187.52075009754,20910.248355556625,0.907338096858342,0.907338096858342,ER,24386.61654140795,22676.026985878132
61,61_HE_val.ndpi,61_ER_val.ndpi,61_46,34155.4099823547,19041.935994351334,0.907338096858342,0.907338096858342,ER,24906.052468427093,20826.72676550261
61,61_HE_val.ndpi,61_ER_val.ndpi,61_47,35681.457338662214,14567.254763144569,0.907338096858342,0.907338096858342,ER,27013.84035885517,17185.52874546086
61,61_HE_val.ndpi,61_ER_val.ndpi,61_48,19647.19541111239,16155.187914788588,0.907338096858342,0.907338096858342,ER,6814.430361527929,14347.791477914594
61,61_HE_val.ndpi,61_ER_val.ndpi,61_49,16132.716994263992,10452.200236556626,0.907338096858342,0.907338096858342,ER,8871.925699381969,8164.339730574519
61,61_HE_val.ndpi,61_ER_val.ndpi,61_50,15335.20637020498,7865.679293662542,0.907338096858342,0.907338096858342,ER,11256.44535699898,5948.522705163654
68,68_HE_val.ndpi,68_PGR_val.ndpi,68_1,20878.072419452088,13054.224811682563,0.907338096858342,0.907338096858342,PGR,21445.201011107118,10573.334236190598
68,68_HE_val.ndpi,68_PGR_val.ndpi,68_2,20153.13998055552,13504.784377050944,0.907338096858342,0.907338096858342,PGR,21347.950634536974,10135.209765549593
68,68_HE_val.ndpi,68_PGR_val.ndpi,68_3,22768.686408917216,13876.43784312324,0.907338096858342,0.907338096858342,PGR,19573.897131712067,10033.912198714983
68,68_HE_val.ndpi,68_PGR_val.ndpi,68_4,23501.91470296656,21793.423914912804,0.907338096858342,0.907338096858342,PGR,19478.000143058285,2923.265050421114
68,68_HE_val.ndpi,68_PGR_val.ndpi,68_5,19830.347099950966,22194.918096060213,0.907338096858342,0.907338096858342,PGR,23364.343446647268,2360.034774896242
68,68_HE_val.ndpi,68_PGR_val.ndpi,68_6,30028.766679292035,22874.6096814808,0.907338096858342,0.907338096858342,PGR,13173.814716306786,1498.4260601956807
68,68_HE_val.ndpi,68_PGR_val.ndpi,68_7,30492.232626249657,22792.82157319416,0.907338096858342,0.907338096858342,PGR,12739.980902668916,1487.5953983478232
68,68_HE_val.ndpi,68_PGR_val.ndpi,68_8,25193.13123058265,21586.594929921346,0.907338096858342,0.907338096858342,PGR,17949.72292244354,2854.3471185675658
68,68_HE_val.ndpi,68_PGR_val.ndpi,68_9,25209.14110600545,19965.214646710072,0.907338096858342,0.907338096858342,PGR,18565.244304006388,4096.494020686655
68,68_HE_val.ndpi,68_PGR_val.ndpi,68_10,35462.68669694783,22489.021516783283,0.907338096858342,0.907338096858342,PGR,7976.339712457185,1720.734023028979
68,68_HE_val.ndpi,68_PGR_val.ndpi,68_11,35798.99717681705,22184.579823794433,0.907338096858342,0.907338096858342,PGR,7893.4476808687605,1966.1081773736337
68,68_HE_val.ndpi,68_PGR_val.ndpi,68_12,37238.84641813123,21498.54928160465,0.907338096858342,0.907338096858342,PGR,6145.855146678616,2063.953011412815
68,68_HE_val.ndpi,68_PGR_val.ndpi,68_13,39786.18385067385,20354.11763184878,0.907338096858342,0.907338096858342,PGR,3416.748564939037,2270.438237454196
68,68_HE_val.ndpi,68_PGR_val.ndpi,68_14,35393.37529288238,20684.46981354375,0.907338096858342,0.907338096858342,PGR,8528.863844455913,3299.5798736616393
68,68_HE_val.ndpi,68_PGR_val.ndpi,68_15,32644.30558365001,19473.72744344814,0.907338096858342,0.907338096858342,PGR,11430.76045226916,4636.589966481771
68,68_HE_val.ndpi,68_PGR_val.ndpi,68_16,33546.17093697002,19571.267335552955,0.907338096858342,0.907338096858342,PGR,10303.091726937222,4595.782956718237
68,68_HE_val.ndpi,68_PGR_val.ndpi,68_17,34032.384295771764,17026.755469749914,0.907338096858342,0.907338096858342,PGR,9495.582277987123,7356.24322029512
68,68_HE_val.ndpi,68_PGR_val.ndpi,68_18,35952.71764757117,16471.63292615078,0.907338096858342,0.907338096858342,PGR,7430.407697801662,8006.261445283055
68,68_HE_val.ndpi,68_PGR_val.ndpi,68_19,29336.60169306314,16195.727674168671,0.907338096858342,0.907338096858342,PGR,13818.328890937522,8187.073395142229
68,68_HE_val.ndpi,68_PGR_val.ndpi,68_20,29474.00771088667,13696.212252386651,0.907338096858342,0.907338096858342,PGR,13595.612968857231,10750.197351200346
68,68_HE_val.ndpi,68_PGR_val.ndpi,68_21,28865.46884469344,13090.41543349671,0.907338096858342,0.907338096858342,PGR,14207.771523348969,11349.946500392245
68,68_HE_val.ndpi,68_PGR_val.ndpi,68_22,29422.266424737667,12991.370763610816,0.907338096858342,0.907338096858342,PGR,13867.906955880491,11396.20799131043
68,68_HE_val.ndpi,68_PGR_val.ndpi,68_23,36007.690637456566,12814.134719736941,0.907338096858342,0.907338096858342,PGR,7098.529467723083,11540.645442291221
68,68_HE_val.ndpi,68_PGR_val.ndpi,68_24,34867.513470226186,13926.154438456131,0.907338096858342,0.907338096858342,PGR,8668.870143819688,10684.591932034804
68,68_HE_val.ndpi,68_PGR_val.ndpi,68_25,18926.84863958172,6728.768040108885,0.907338096858342,0.907338096858342,PGR,24394.972282019447,17208.999358410347
68,68_HE_val.ndpi,68_PGR_val.ndpi,68_26,21953.007502120512,8183.280046973402,0.907338096858342,0.907338096858342,PGR,22800.934394074713,16152.510796587374
68,68_HE_val.ndpi,68_PGR_val.ndpi,68_27,22514.75128532869,8055.7405235718725,0.907338096858342,0.907338096858342,PGR,21956.804504785858,16223.341308320027
68,68_HE_val.ndpi,68_PGR_val.ndpi,68_28,24326.26625370937,8077.665875188508,0.907338096858342,0.907338096858342,PGR,19420.091790485487,15760.257787036251
68,68_HE_val.ndpi,68_PGR_val.ndpi,68_29,24205.02861120368,4523.820721119946,0.907338096858342,0.907338096858342,PGR,19446.443188462687,19218.709210655612
68,68_HE_val.ndpi,68_PGR_val.ndpi,68_30,28089.122465221226,3502.175099316214,0.907338096858342,0.907338096858342,PGR,15805.058777735292,20389.645120114317
68,68_HE_val.ndpi,68_PGR_val.ndpi,68_31,29516.96285994886,3929.3263522242682,0.907338096858342,0.907338096858342,PGR,14410.638526856013,20335.336638933437
68,68_HE_val.ndpi,68_PGR_val.ndpi,68_32,30951.730538390377,3489.798344001929,0.907338096858342,0.907338096858342,PGR,12923.428930126318,20502.78751174076
68,68_HE_val.ndpi,68_PGR_val.ndpi,68_33,32296.078220901865,3414.106848236945,0.907338096858342,0.907338096858342,PGR,11456.885374831118,20749.38381744945
68,68_HE_val.ndpi,68_PGR_val.ndpi,68_34,35445.327038135714,2198.5048640051677,0.907338096858342,0.907338096858342,PGR,7920.701518453184,22540.440330410944
68,68_HE_val.ndpi,68_PGR_val.ndpi,68_35,39025.35858587695,2367.1982002229142,0.907338096858342,0.907338096858342,PGR,4527.4933102104915,22167.548345442145
68,68_HE_val.ndpi,68_PGR_val.ndpi,68_36,41644.682772091866,3758.7599767523852,0.907338096858342,0.907338096858342,PGR,2251.205684862012,20576.783007574086
68,68_HE_val.ndpi,68_PGR_val.ndpi,68_37,38728.67110988136,5191.7396654025815,0.907338096858342,0.907338096858342,PGR,5422.323526398937,19381.81313922334
68,68_HE_val.ndpi,68_PGR_val.ndpi,68_38,35912.48158879689,1895.7353402052663,0.907338096858342,0.907338096858342,PGR,7422.192246717914,22763.92707144334
68,68_HE_val.ndpi,68_PGR_val.ndpi,68_39,31106.612809707687,19267.661595657806,0.907338096858342,0.907338096858342,PGR,13037.569502628945,4858.538789023208
68,68_HE_val.ndpi,68_PGR_val.ndpi,68_40,31932.581266765897,19329.003307953866,0.907338096858342,0.907338096858342,PGR,12220.360679332183,4786.720492530386
68,68_HE_val.ndpi,68_PGR_val.ndpi,68_41,29302.58622420638,19868.184737210468,0.907338096858342,0.907338096858342,PGR,14448.91313389175,4545.50567237143
68,68_HE_val.ndpi,68_PGR_val.ndpi,68_42,39981.68729623629,21078.569477979418,0.907338096858342,0.907338096858342,PGR,3208.615919154599,1378.2095644596634
68,68_HE_val.ndpi,68_PGR_val.ndpi,68_43,37641.45558251818,21914.660446879097,0.907338096858342,0.907338096858342,PGR,5593.492208391687,1733.8790128591997
68,68_HE_val.ndpi,68_PGR_val.ndpi,68_44,19866.770262354374,16271.193184339734,0.907338096858342,0.907338096858342,PGR,20025.880789175433,6786.383700403879
68,68_HE_val.ndpi,68_PGR_val.ndpi,68_45,21853.827334201742,16795.203896698567,0.907338096858342,0.907338096858342,PGR,19706.46044207529,6580.001426657407
68,68_HE_val.ndpi,68_PGR_val.ndpi,68_46,32052.137792304933,22329.555935042456,0.907338096858342,0.907338096858342,PGR,11394.321809747402,1807.5629303407204
68,68_HE_val.ndpi,68_PGR_val.ndpi,68_47,33942.9876506404,22169.11138150044,0.907338096858342,0.907338096858342,PGR,9590.117175679128,2046.9511540227807
68,68_HE_val.ndpi,68_PGR_val.ndpi,68_48,30260.181284247014,22096.893640679198,0.907338096858342,0.907338096858342,PGR,13011.249578504652,1708.3420638454566
68,68_HE_val.ndpi,68_PGR_val.ndpi,68_49,37477.35899531127,7920.453968882217,0.907338096858342,0.907338096858342,PGR,7852.055433559203,16026.466449604328
68,68_HE_val.ndpi,68_PGR_val.ndpi,68_50,32110.7083007104,9425.519298960726,0.907338096858342,0.907338096858342,PGR,10868.718921059415,14843.350695679192
21,21_HE_val.ndpi,21_PGR_val.ndpi,21_1,34662.512339053654,8210.897938061198,0.9109542245502164,0.9109542245502164,PGR,30382.157638526907,8669.023025872539
21,21_HE_val.ndpi,21_PGR_val.ndpi,21_2,35771.25650752636,6324.286332369375,0.9109542245502164,0.9109542245502164,PGR,30747.258231181804,7102.049269880396
21,21_HE_val.ndpi,21_PGR_val.ndpi,21_3,36528.837720173564,7031.670654405186,0.9109542245502164,0.9109542245502164,PGR,31005.614051987366,7619.383751552427
21,21_HE_val.ndpi,21_PGR_val.ndpi,21_4,35776.671494964336,5270.127383939016,0.9109542245502164,0.9109542245502164,PGR,30962.357423650094,6270.362522062788
21,21_HE_val.ndpi,21_PGR_val.ndpi,21_5,35002.235420584504,5145.7199824322115,0.9109542245502164,0.9109542245502164,PGR,30697.623329054353,6122.856958114431
21,21_HE_val.ndpi,21_PGR_val.ndpi,21_6,34629.013216064035,5332.33108469242,0.9109542245502164,0.9109542245502164,PGR,30365.853058217155,6314.982833912973
21,21_HE_val.ndpi,21_PGR_val.ndpi,21_7,34916.717772788725,6007.19147490625,0.9109542245502164,0.9109542245502164,PGR,30477.76031520496,6876.2650036998375
21,21_HE_val.ndpi,21_PGR_val.ndpi,21_8,34040.69061433842,5426.756302436089,0.9109542245502164,0.9109542245502164,PGR,29833.454238565864,6402.561031871443
21,21_HE_val.ndpi,21_PGR_val.ndpi,21_9,33834.247147636095,5172.846336236971,0.9109542245502164,0.9109542245502164,PGR,29701.00142996876,6109.360063825328
21,21_HE_val.ndpi,21_PGR_val.ndpi,21_10,33903.11309003027,4479.0426193986905,0.9109542245502164,0.9109542245502164,PGR,29890.881243765907,5328.961327218974
21,21_HE_val.ndpi,21_PGR_val.ndpi,21_11,34312.42500818816,4205.195946477986,0.9109542245502164,0.9109542245502164,PGR,30203.740510165975,5035.082844588561
21,21_HE_val.ndpi,21_PGR_val.ndpi,21_12,33889.35226025437,3980.725183791221,0.9109542245502164,0.9109542245502164,PGR,29925.27283214084,4778.797809238639
21,21_HE_val.ndpi,21_PGR_val.ndpi,21_13,33151.37833649083,4460.344744993656,0.9109542245502164,0.9109542245502164,PGR,29258.53167630224,5290.416162726648
21,21_HE_val.ndpi,21_PGR_val.ndpi,21_14,32349.021094299394,4807.8436457958505,0.9109542245502164,0.9109542245502164,PGR,28486.49067658474,5683.845155284355
21,21_HE_val.ndpi,21_PGR_val.ndpi,21_15,33061.12906052437,5470.686281024116,0.9109542245502164,0.9109542245502164,PGR,28994.36812517786,6439.990761558226
21,21_HE_val.ndpi,21_PGR_val.ndpi,21_16,33250.20077991755,5189.704216470343,0.9109542245502164,0.9109542245502164,PGR,29202.1034969361,6118.053332391597
21,21_HE_val.ndpi,21_PGR_val.ndpi,21_17,32857.86959852567,3786.985883000793,0.9109542245502164,0.9109542245502164,PGR,29094.2644603752,4584.119674977245
21,21_HE_val.ndpi,21_PGR_val.ndpi,21_18,33325.442376348874,3459.1474985500563,0.9109542245502164,0.9109542245502164,PGR,29559.838522688005,4228.378731355588
21,21_HE_val.ndpi,21_PGR_val.ndpi,21_19,32250.562427330045,3131.3091140993147,0.9109542245502164,0.9109542245502164,PGR,28507.97645509041,3895.0042208807877
21,21_HE_val.ndpi,21_PGR_val.ndpi,21_20,33013.18809239355,2887.632336767931,0.9109542245502164,0.9109542245502164,PGR,29156.103678787884,3643.368197113806
21,21_HE_val.ndpi,21_PGR_val.ndpi,21_21,31724.758691774925,3820.5551468407093,0.9109542245502164,0.9109542245502164,PGR,28062.319834105318,4641.877848542547
21,21_HE_val.ndpi,21_PGR_val.ndpi,21_22,30585.536600988646,3519.6640887022695,0.9109542245502164,0.9109542245502164,PGR,27045.108264923278,4416.480504829703
21,21_HE_val.ndpi,21_PGR_val.ndpi,21_23,31187.318717265523,4830.942298918397,0.9109542245502164,0.9109542245502164,PGR,27449.58962677059,5650.5500673901215
21,21_HE_val.ndpi,21_PGR_val.ndpi,21_24,30428.197691640733,5390.8621932504775,0.9109542245502164,0.9109542245502164,PGR,26512.036216187913,6151.359651296905
21,21_HE_val.ndpi,21_PGR_val.ndpi,21_25,23817.812857815123,18664.1660059972,0.9109542245502164,0.9109542245502164,PGR,19911.675152680567,19789.53971755437
21,21_HE_val.ndpi,21_PGR_val.ndpi,21_26,27084.914762377597,16160.40084602993,0.9109542245502164,0.9109542245502164,PGR,22472.248618526846,16699.408979497577
21,21_HE_val.ndpi,21_PGR_val.ndpi,21_27,28505.24916861331,18104.426293456567,0.9109542245502164,0.9109542245502164,PGR,23261.95149719112,18952.417773459598
21,21_HE_val.ndpi,21_PGR_val.ndpi,21_28,24020.62501935455,10094.39679629467,0.9109542245502164,0.9109542245502164,PGR,19339.850491447614,9579.861821835333
21,21_HE_val.ndpi,21_PGR_val.ndpi,21_29,26135.961685041893,7831.976136654958,0.9109542245502164,0.9109542245502164,PGR,22313.708386242382,7481.8468076141835
21,21_HE_val.ndpi,21_PGR_val.ndpi,21_30,20850.98065460679,6032.176955619931,0.9109542245502164,0.9109542245502164,PGR,16441.572762813674,6540.698326556239
21,21_HE_val.ndpi,21_PGR_val.ndpi,21_31,20098.940400646155,4199.018965528947,0.9109542245502164,0.9109542245502164,PGR,15847.44313934131,4607.939533045962
21,21_HE_val.ndpi,21_PGR_val.ndpi,21_32,18230.7711819935,3988.543537882095,0.9109542245502164,0.9109542245502164,PGR,13821.907384766266,4475.116257514473
21,21_HE_val.ndpi,21_PGR_val.ndpi,21_33,17356.52450117301,4632.866602383033,0.9109542245502164,0.9109542245502164,PGR,13090.227118371038,5240.23157436969
21,21_HE_val.ndpi,21_PGR_val.ndpi,21_34,24953.23469146916,9754.766972918762,0.9109542245502164,0.9109542245502164,PGR,20443.782319576196,9186.928232353646
21,21_HE_val.ndpi,21_PGR_val.ndpi,21_35,25939.059619068066,12836.140198171704,0.9109542245502164,0.9109542245502164,PGR,21432.158616547677,13147.069805685029
21,21_HE_val.ndpi,21_PGR_val.ndpi,21_36,12442.62182987795,12834.512063689563,0.9109542245502164,0.9109542245502164,PGR,7343.686736064976,13471.00854894111
21,21_HE_val.ndpi,21_PGR_val.ndpi,21_37,12755.776746559628,11436.95925356072,0.9109542245502164,0.9109542245502164,PGR,7973.285047563782,11942.521415753834
21,21_HE_val.ndpi,21_PGR_val.ndpi,21_38,16077.155789027776,12185.075698077815,0.9109542245502164,0.9109542245502164,PGR,11293.865388294713,12665.115218814823
21,21_HE_val.ndpi,21_PGR_val.ndpi,21_39,18785.853260555163,8708.913942950974,0.9109542245502164,0.9109542245502164,PGR,14422.475057336453,9180.112356669682
21,21_HE_val.ndpi,21_PGR_val.ndpi,21_40,28863.876068318084,3420.272419709419,0.9109542245502164,0.9109542245502164,PGR,25088.668419756654,4137.559863243917
21,21_HE_val.ndpi,21_PGR_val.ndpi,21_41,34378.51386527294,17421.58972567729,0.9109542245502164,0.9109542245502164,PGR,30890.65965262863,17507.29854929432
21,21_HE_val.ndpi,21_PGR_val.ndpi,21_42,33095.419067894254,14047.525831924584,0.9109542245502164,0.9109542245502164,PGR,28525.135656648894,15138.593828259705
21,21_HE_val.ndpi,21_PGR_val.ndpi,21_43,23599.606460045332,20019.66935446819,0.9109542245502164,0.9109542245502164,PGR,19544.577636890812,21043.889277418803
21,21_HE_val.ndpi,21_PGR_val.ndpi,21_44,20635.54569484973,17527.73518251904,0.9109542245502164,0.9109542245502164,PGR,16207.882554801537,18241.712641226426
21,21_HE_val.ndpi,21_PGR_val.ndpi,21_45,20712.99749302644,16710.34661625667,0.9109542245502164,0.9109542245502164,PGR,16362.350513982914,17500.796664641322
21,21_HE_val.ndpi,21_PGR_val.ndpi,21_46,9767.868030695236,20214.92373723329,0.9109542245502164,0.9109542245502164,PGR,4458.161682139996,20835.938675937272
21,21_HE_val.ndpi,21_PGR_val.ndpi,21_47,35419.93972720978,14353.073828288154,0.9109542245502164,0.9109542245502164,PGR,30291.54042021363,14127.103582587448
21,21_HE_val.ndpi,21_PGR_val.ndpi,21_48,27136.050219098892,12550.128119889918,0.9109542245502164,0.9109542245502164,PGR,22653.16640416477,13232.55927096358
21,21_HE_val.ndpi,21_PGR_val.ndpi,21_49,28184.002703760616,10370.151335876828,0.9109542245502164,0.9109542245502164,PGR,23476.158507907567,10324.726045373567
21,21_HE_val.ndpi,21_PGR_val.ndpi,21_50,29814.689997816786,10216.801934713922,0.9109542245502164,0.9109542245502164,PGR,25159.770164507823,10526.187040866216
30,30_HE_val.ndpi,30_KI67_val.ndpi,30_1,34044.94631025802,3864.774872186255,0.907338096858342,0.907338096858342,KI67,18364.821746808022,3645.679716265179
30,30_HE_val.ndpi,30_KI67_val.ndpi,30_2,32985.809053205965,4484.724057055121,0.907338096858342,0.907338096858342,KI67,17513.474007391284,4171.103260435218
30,30_HE_val.ndpi,30_KI67_val.ndpi,30_3,33560.02174171106,5040.186943486581,0.907338096858342,0.907338096858342,KI67,18007.275407358895,4790.246392545066
30,30_HE_val.ndpi,30_KI67_val.ndpi,30_4,31805.50901267062,5092.217644240914,0.907338096858342,0.907338096858342,KI67,16561.72063618899,4672.108475821694
30,30_HE_val.ndpi,30_KI67_val.ndpi,30_5,31468.012575345165,5024.718356775833,0.907338096858342,0.907338096858342,KI67,16280.851237698169,4570.791629297096
30,30_HE_val.ndpi,30_KI67_val.ndpi,30_6,31212.87224782013,4400.475029736714,0.907338096858342,0.907338096858342,KI67,16047.794026375475,3912.998386100407
30,30_HE_val.ndpi,30_KI67_val.ndpi,30_7,30506.720097925663,4053.13598797828,0.907338096858342,0.907338096858342,KI67,15452.673979296718,3492.060652219217
30,30_HE_val.ndpi,30_KI67_val.ndpi,30_8,29341.80052003125,3479.4726686739527,0.907338096858342,0.907338096858342,KI67,14470.893878866224,2797.008527094409
30,30_HE_val.ndpi,30_KI67_val.ndpi,30_9,31702.997525300703,2848.964057938991,0.907338096858342,0.907338096858342,KI67,16396.017781839066,2387.765273139337
30,30_HE_val.ndpi,30_KI67_val.ndpi,30_10,30846.88684323404,3472.186356404422,0.907338096858342,0.907338096858342,KI67,15712.295742167242,2936.1950981493037
30,30_HE_val.ndpi,30_KI67_val.ndpi,30_11,33084.02164776585,3316.718451834666,0.907338096858342,0.907338096858342,KI67,17552.261019196107,2996.449319323166
30,30_HE_val.ndpi,30_KI67_val.ndpi,30_12,34865.59197951461,2970.374454572368,0.907338096858342,0.907338096858342,KI67,19009.491665289293,2818.8215277517124
30,30_HE_val.ndpi,30_KI67_val.ndpi,30_13,35090.19898352167,3331.698765366385,0.907338096858342,0.907338096858342,KI67,19207.85519995046,3207.0190845439765
30,30_HE_val.ndpi,30_KI67_val.ndpi,30_14,35619.959016277186,2543.2196755024593,0.907338096858342,0.907338096858342,KI67,19616.37105940343,2459.253867214654
30,30_HE_val.ndpi,30_KI67_val.ndpi,30_15,36933.568760681854,3339.3583199273853,0.907338096858342,0.907338096858342,KI67,20728.871968565112,3394.3108545465184
30,30_HE_val.ndpi,30_KI67_val.ndpi,30_16,35611.0887106082,5156.102596901259,0.907338096858342,0.907338096858342,KI67,19703.557025772272,5107.566108207612
30,30_HE_val.ndpi,30_KI67_val.ndpi,30_17,34933.78264455147,5898.308149549155,0.907338096858342,0.907338096858342,KI67,19171.665007393345,5794.188108313491
30,30_HE_val.ndpi,30_KI67_val.ndpi,30_18,32597.82053256448,7700.852449105789,0.907338096858342,0.907338096858342,KI67,17309.98002537591,7394.440085411496
30,30_HE_val.ndpi,30_KI67_val.ndpi,30_19,34837.75457943123,8758.250504322701,0.907338096858342,0.907338096858342,KI67,19196.514404359546,8684.814380584356
30,30_HE_val.ndpi,30_KI67_val.ndpi,30_20,34151.74499107482,11076.202635593025,0.907338096858342,0.907338096858342,KI67,18715.37549353366,10967.006154372142
30,30_HE_val.ndpi,30_KI67_val.ndpi,30_21,32053.267185592118,11881.208837275239,0.907338096858342,0.907338096858342,KI67,17013.592523027546,11578.088088499628
30,30_HE_val.ndpi,30_KI67_val.ndpi,30_22,29961.635302650313,12932.39606909924,0.907338096858342,0.907338096858342,KI67,15321.610141140318,12441.39368699382
30,30_HE_val.ndpi,30_KI67_val.ndpi,30_23,28850.20753100352,13127.472776953571,0.907338096858342,0.907338096858342,KI67,14207.804706694042,12625.703981707924
30,30_HE_val.ndpi,30_KI67_val.ndpi,30_24,33856.855042169576,16521.910763795157,0.907338096858342,0.907338096858342,KI67,18672.444756871235,16455.223435342363
30,30_HE_val.ndpi,30_KI67_val.ndpi,30_25,34893.230444592504,17312.772554201307,0.907338096858342,0.907338096858342,KI67,19556.707513127254,17357.804807982426
30,30_HE_val.ndpi,30_KI67_val.ndpi,30_26,32173.298486845742,18352.031245455346,0.907338096858342,0.907338096858342,KI67,17350.97347493707,18146.499231684502
30,30_HE_val.ndpi,30_KI67_val.ndpi,30_27,31431.992765153664,18588.84909157913,0.907338096858342,0.907338096858342,KI67,16748.09719622162,18314.390019624883
30,30_HE_val.ndpi,30_KI67_val.ndpi,30_28,31152.16543605144,19340.6328945794,0.907338096858342,0.907338096858342,KI67,16544.96135491671,19049.296424427994
30,30_HE_val.ndpi,30_KI67_val.ndpi,30_29,30015.12240809873,17327.096958345897,0.907338096858342,0.907338096858342,KI67,15463.435752004716,16931.14507100959
30,30_HE_val.ndpi,30_KI67_val.ndpi,30_30,26277.046093020534,18485.724868795656,0.907338096858342,0.907338096858342,KI67,11682.388434043154,18594.34108946545
30,30_HE_val.ndpi,30_KI67_val.ndpi,30_31,25759.293787675902,17935.68900582077,0.907338096858342,0.907338096858342,KI67,11182.58875580674,18073.923163771688
30,30_HE_val.ndpi,30_KI67_val.ndpi,30_32,23458.179904795372,13848.719770913758,0.907338096858342,0.907338096858342,KI67,8741.275039348298,13465.620374887669
30,30_HE_val.ndpi,30_KI67_val.ndpi,30_33,21244.39896638216,12647.958799784248,0.907338096858342,0.907338096858342,KI67,6668.750366173272,11536.714209184078
30,30_HE_val.ndpi,30_KI67_val.ndpi,30_34,21371.26397173357,12301.11959454365,0.907338096858342,0.907338096858342,KI67,6800.506032259473,11281.919818744853
30,30_HE_val.ndpi,30_KI67_val.ndpi,30_35,21515.298921663765,11440.376814383542,0.907338096858342,0.907338096858342,KI67,6986.633219736698,10388.441846510208
30,30_HE_val.ndpi,30_KI67_val.ndpi,30_36,21815.15469730319,11353.572175153753,0.907338096858342,0.907338096858342,KI67,7335.610858680689,10308.230761916395
30,30_HE_val.ndpi,30_KI67_val.ndpi,30_37,24292.535045619854,7990.699299259294,0.907338096858342,0.907338096858342,KI67,9928.451148374194,7374.069361937839
30,30_HE_val.ndpi,30_KI67_val.ndpi,30_38,23851.133455136343,8248.509077771785,0.907338096858342,0.907338096858342,KI67,9312.372680839044,7780.836874173388
30,30_HE_val.ndpi,30_KI67_val.ndpi,30_39,22729.953424385592,8099.661920251165,0.907338096858342,0.907338096858342,KI67,7892.211652815465,7451.4522577340385
30,30_HE_val.ndpi,30_KI67_val.ndpi,30_40,21778.827954526867,7784.991704389243,0.907338096858342,0.907338096858342,KI67,6493.649398212082,7026.8321653026715
30,30_HE_val.ndpi,30_KI67_val.ndpi,30_41,21055.27021872025,6931.485441917775,0.907338096858342,0.907338096858342,KI67,6070.4418905090415,5930.735851023612
30,30_HE_val.ndpi,30_KI67_val.ndpi,30_42,24466.357578117182,4027.222241264562,0.907338096858342,0.907338096858342,KI67,10279.468000571977,3328.6191875326394
30,30_HE_val.ndpi,30_KI67_val.ndpi,30_43,25282.40339484432,3312.7658379272557,0.907338096858342,0.907338096858342,KI67,10817.367845804329,2576.9781087742745
30,30_HE_val.ndpi,30_KI67_val.ndpi,30_44,25620.32852046852,6256.3839885101615,0.907338096858342,0.907338096858342,KI67,11192.409116785673,5472.657974640491
30,30_HE_val.ndpi,30_KI67_val.ndpi,30_45,25659.466562181242,5819.774737484143,0.907338096858342,0.907338096858342,KI67,11201.876938225674,5060.2510249431325
30,30_HE_val.ndpi,30_KI67_val.ndpi,30_46,28024.89020233356,8135.798229113542,0.907338096858342,0.907338096858342,KI67,13298.852355016545,7518.674824181648
30,30_HE_val.ndpi,30_KI67_val.ndpi,30_47,28877.951587490566,6090.189830817561,0.907338096858342,0.907338096858342,KI67,14103.935054924737,5436.140964091089
30,30_HE_val.ndpi,30_KI67_val.ndpi,30_48,36095.683786330876,8528.236163036563,0.907338096858342,0.907338096858342,KI67,20225.9223836351,8574.110922754544
30,30_HE_val.ndpi,30_KI67_val.ndpi,30_49,37171.99979520055,7474.686352982365,0.907338096858342,0.907338096858342,KI67,21075.457373714336,7610.658084209132
30,30_HE_val.ndpi,30_KI67_val.ndpi,30_50,38327.55831393523,7460.773857292178,0.907338096858342,0.907338096858342,KI67,22028.291231071144,7709.109285811277
54,54_HE_val.ndpi,54_PGR_val.ndpi,54_1,18746.485002675985,7216.178673102199,0.919793966151582,0.919793966151582,PGR,7399.39992914339,8561.128066149726
54,54_HE_val.ndpi,54_PGR_val.ndpi,54_2,19110.5497264281,6902.292190095619,0.919793966151582,0.919793966151582,PGR,7752.869578760255,8248.090781218734
54,54_HE_val.ndpi,54_PGR_val.ndpi,54_3,19196.53257810511,6137.6093079019565,0.919793966151582,0.919793966151582,PGR,7896.452410481297,7505.2759307957795
54,54_HE_val.ndpi,54_PGR_val.ndpi,54_4,19728.944388916454,6900.991053789909,0.919793966151582,0.919793966151582,PGR,8343.170131117815,8226.77222336824
54,54_HE_val.ndpi,54_PGR_val.ndpi,54_5,20147.005907968145,6981.225459652664,0.919793966151582,0.919793966151582,PGR,8738.948824464365,8287.610953634348
54,54_HE_val.ndpi,54_PGR_val.ndpi,54_6,22076.63236522395,7414.96405115688,0.919793966151582,0.919793966151582,PGR,10686.094888636928,8711.17018681417
54,54_HE_val.ndpi,54_PGR_val.ndpi,54_7,22446.05315185621,7950.768045587757,0.919793966151582,0.919793966151582,PGR,11045.907008405093,9188.308733337437
54,54_HE_val.ndpi,54_PGR_val.ndpi,54_8,23092.52122451375,8254.874804528316,0.919793966151582,0.919793966151582,PGR,11631.73117889283,9454.6481762926
54,54_HE_val.ndpi,54_PGR_val.ndpi,54_9,25003.437884272767,8289.5800590523,0.919793966151582,0.919793966151582,PGR,13418.027897963702,9486.024524656224
54,54_HE_val.ndpi,54_PGR_val.ndpi,54_10,29185.568386584346,8697.698962797065,0.919793966151582,0.919793966151582,PGR,17297.741488671156,9891.052558214253
54,54_HE_val.ndpi,54_PGR_val.ndpi,54_11,28760.672034631552,8111.6627159806,0.919793966151582,0.919793966151582,PGR,16911.51270855743,9345.501474019815
54,54_HE_val.ndpi,54_PGR_val.ndpi,54_12,28378.17151422437,11403.979458209182,0.919793966151582,0.919793966151582,PGR,16504.090670790032,12353.818636685615
54,54_HE_val.ndpi,54_PGR_val.ndpi,54_13,23866.667805762838,10864.154197191623,0.919793966151582,0.919793966151582,PGR,12350.956934020267,11842.012405357915
54,54_HE_val.ndpi,54_PGR_val.ndpi,54_14,23619.1350783481,11296.365548035012,0.919793966151582,0.919793966151582,PGR,12095.27777529757,12240.09275862278
54,54_HE_val.ndpi,54_PGR_val.ndpi,54_15,32766.187217922343,7158.717946053461,0.919793966151582,0.919793966151582,PGR,20854.93125170268,8646.069408604657
54,54_HE_val.ndpi,54_PGR_val.ndpi,54_16,31712.23555095267,8873.611337951808,0.919793966151582,0.919793966151582,PGR,19706.613726725674,10119.272388852514
54,54_HE_val.ndpi,54_PGR_val.ndpi,54_17,30399.812106713278,9797.000692872043,0.919793966151582,0.919793966151582,PGR,18353.3263112408,10905.495230800685
54,54_HE_val.ndpi,54_PGR_val.ndpi,54_18,28746.25196612055,12555.147548891891,0.919793966151582,0.919793966151582,PGR,16827.24375660252,13407.291670926943
54,54_HE_val.ndpi,54_PGR_val.ndpi,54_19,29683.593415596624,14014.909186527675,0.919793966151582,0.919793966151582,PGR,17649.056396566015,14757.092539937445
54,54_HE_val.ndpi,54_PGR_val.ndpi,54_20,31107.183009665918,13998.902208229409,0.919793966151582,0.919793966151582,PGR,18850.022881741817,14772.93596116522
54,54_HE_val.ndpi,54_PGR_val.ndpi,54_21,33052.94422765768,15487.98215531111,0.919793966151582,0.919793966151582,PGR,20572.4894544331,16457.61953569572
54,54_HE_val.ndpi,54_PGR_val.ndpi,54_22,33316.46612096417,14410.953611879931,0.919793966151582,0.919793966151582,PGR,20950.672780129655,15575.243489893135
54,54_HE_val.ndpi,54_PGR_val.ndpi,54_23,35214.85953568957,12247.919925250788,0.919793966151582,0.919793966151582,PGR,22602.11892250741,13703.111024588334
54,54_HE_val.ndpi,54_PGR_val.ndpi,54_24,36445.617283577005,10826.573618208738,0.919793966151582,0.919793966151582,PGR,23478.433941062503,12331.223929074524
54,54_HE_val.ndpi,54_PGR_val.ndpi,54_25,37739.5812938501,11237.35916564113,0.919793966151582,0.919793966151582,PGR,24381.315450995207,12819.57488236467
54,54_HE_val.ndpi,54_PGR_val.ndpi,54_26,36463.94659418169,14264.323370247144,0.919793966151582,0.919793966151582,PGR,23350.625521082882,15628.604910682898
54,54_HE_val.ndpi,54_PGR_val.ndpi,54_27,36653.00392217365,16157.722245410569,0.919793966151582,0.919793966151582,PGR,23598.4255327228,17488.264003174983
54,54_HE_val.ndpi,54_PGR_val.ndpi,54_28,37613.50082850722,15475.475299363814,0.919793966151582,0.919793966151582,PGR,24106.912631505922,16809.08209699105
54,54_HE_val.ndpi,54_PGR_val.ndpi,54_29,39705.547579537444,15518.899310712744,0.919793966151582,0.919793966151582,PGR,25592.01600711651,16958.785879185623
54,54_HE_val.ndpi,54_PGR_val.ndpi,54_30,41710.10615960563,13171.414143159993,0.919793966151582,0.919793966151582,PGR,27166.12016333631,14874.75713838546
54,54_HE_val.ndpi,54_PGR_val.ndpi,54_31,42103.97781574717,12067.684817439309,0.919793966151582,0.919793966151582,PGR,27369.506147799566,13836.535300350057
54,54_HE_val.ndpi,54_PGR_val.ndpi,54_32,41385.84561372447,11573.470101826377,0.919793966151582,0.919793966151582,PGR,26904.893684987204,13332.327431029562
54,54_HE_val.ndpi,54_PGR_val.ndpi,54_33,39125.046695324236,5368.027017029286,0.919793966151582,0.919793966151582,PGR,26025.527486985626,7442.502213492154
54,54_HE_val.ndpi,54_PGR_val.ndpi,54_34,39310.109914203866,3926.878024576825,0.919793966151582,0.919793966151582,PGR,25723.783618961053,6115.725842727511
54,54_HE_val.ndpi,54_PGR_val.ndpi,54_35,39652.00763984966,3561.162699844645,0.919793966151582,0.919793966151582,PGR,25748.38181738553,5672.335914751401
54,54_HE_val.ndpi,54_PGR_val.ndpi,54_36,40507.74660185331,1871.5437817993115,0.919793966151582,0.919793966151582,PGR,26089.97399043194,3991.006687580644
54,54_HE_val.ndpi,54_PGR_val.ndpi,54_37,40000.38831752348,1890.588310557816,0.919793966151582,0.919793966151582,PGR,25738.56102190411,3987.1621994691773
54,54_HE_val.ndpi,54_PGR_val.ndpi,54_38,41014.750450645915,1363.2321312001613,0.919793966151582,0.919793966151582,PGR,26474.216818144712,3574.562124855878
54,54_HE_val.ndpi,54_PGR_val.ndpi,54_39,42266.39624243751,562.6078685939881,0.919793966151582,0.919793966151582,PGR,27367.421598745877,2912.921066994369
54,54_HE_val.ndpi,54_PGR_val.ndpi,54_40,34533.34873895265,1815.481523288601,0.919793966151582,0.919793966151582,PGR,21972.786009344883,3706.7976729335387
54,54_HE_val.ndpi,54_PGR_val.ndpi,54_41,33401.2184425469,2470.986413080983,0.919793966151582,0.919793966151582,PGR,21133.956113211083,4222.008277623155
54,54_HE_val.ndpi,54_PGR_val.ndpi,54_42,33590.74034522268,1910.9705653247595,0.919793966151582,0.919793966151582,PGR,21315.42837248275,3750.8884265053475
54,54_HE_val.ndpi,54_PGR_val.ndpi,54_43,25646.749628903242,14514.905628813447,0.919793966151582,0.919793966151582,PGR,13907.096805979088,15209.524383389244
54,54_HE_val.ndpi,54_PGR_val.ndpi,54_44,25624.063678536913,16267.086832997406,0.919793966151582,0.919793966151582,PGR,13745.347094427427,16847.849105123143
54,54_HE_val.ndpi,54_PGR_val.ndpi,54_45,26401.459604787648,10238.756050360107,0.919793966151582,0.919793966151582,PGR,14633.31280145109,11288.98797599911
54,54_HE_val.ndpi,54_PGR_val.ndpi,54_46,28720.210761332597,6008.310702326572,0.919793966151582,0.919793966151582,PGR,16855.547569647657,7426.852198167993
54,54_HE_val.ndpi,54_PGR_val.ndpi,54_47,28839.941484593735,5389.01681134133,0.919793966151582,0.919793966151582,PGR,16957.198904922698,6859.417211631309
54,54_HE_val.ndpi,54_PGR_val.ndpi,54_48,31292.10048654081,6024.370662444304,0.919793966151582,0.919793966151582,PGR,19376.82517399355,7494.786664930625
54,54_HE_val.ndpi,54_PGR_val.ndpi,54_49,33597.34597745133,5433.790832922833,0.919793966151582,0.919793966151582,PGR,22257.666291509784,7314.020039310941
54,54_HE_val.ndpi,54_PGR_val.ndpi,54_50,34471.863852797556,7583.3879159720345,0.919793966151582,0.919793966151582,PGR,22248.825064702796,9099.855905598939
89,89_HE_val.ndpi,89_PGR_val.ndpi,89_1,19078.01462235485,14368.713323086784,0.9109542245502164,0.9109542245502164,PGR,17498.75402696186,14669.086181819639
89,89_HE_val.ndpi,89_PGR_val.ndpi,89_2,18529.278366776598,14064.682699984505,0.9109542245502164,0.9109542245502164,PGR,16872.329451524864,14264.468601152857
89,89_HE_val.ndpi,89_PGR_val.ndpi,89_3,18938.448135850158,13293.514519014918,0.9109542245502164,0.9109542245502164,PGR,17376.956638642096,13244.965024123918
89,89_HE_val.ndpi,89_PGR_val.ndpi,89_4,19084.671565701803,11996.627437425474,0.9109542245502164,0.9109542245502164,PGR,17860.52642908524,11663.581276814668
89,89_HE_val.ndpi,89_PGR_val.ndpi,89_5,21398.07420353396,13300.263379501364,0.9109542245502164,0.9109542245502164,PGR,20010.64735363565,13261.733983960628
89,89_HE_val.ndpi,89_PGR_val.ndpi,89_6,21917.50342321676,12845.030719279424,0.9109542245502164,0.9109542245502164,PGR,20666.96260291363,12784.06054716806
89,89_HE_val.ndpi,89_PGR_val.ndpi,89_7,22823.44737733282,11438.932097014438,0.9109542245502164,0.9109542245502164,PGR,21521.160925850432,11421.552937491428
89,89_HE_val.ndpi,89_PGR_val.ndpi,89_8,21141.88474203352,10624.131820005055,0.9109542245502164,0.9109542245502164,PGR,20172.22146782575,10532.659890890827
89,89_HE_val.ndpi,89_PGR_val.ndpi,89_9,21386.361207512167,9810.339681743459,0.9109542245502164,0.9109542245502164,PGR,20412.285171704192,9722.992353423668
89,89_HE_val.ndpi,89_PGR_val.ndpi,89_10,20262.002656895893,8919.363592535368,0.9109542245502164,0.9109542245502164,PGR,19331.125987954903,9293.401573325262
89,89_HE_val.ndpi,89_PGR_val.ndpi,89_11,14408.486621875956,6000.8694766074095,0.9109542245502164,0.9109542245502164,PGR,12419.36999124854,5986.813566791449
89,89_HE_val.ndpi,89_PGR_val.ndpi,89_12,10961.223063361213,13392.022576035784,0.9109542245502164,0.9109542245502164,PGR,10215.898173178448,13598.76721042668
89,89_HE_val.ndpi,89_PGR_val.ndpi,89_13,14430.878212417892,13485.252004019887,0.9109542245502164,0.9109542245502164,PGR,12523.979586210902,13524.950564234823
89,89_HE_val.ndpi,89_PGR_val.ndpi,89_14,15807.994172865576,12274.03757558696,0.9109542245502164,0.9109542245502164,PGR,13870.473263639611,12320.946599326411
89,89_HE_val.ndpi,89_PGR_val.ndpi,89_15,16937.849154952062,12220.30960361888,0.9109542245502164,0.9109542245502164,PGR,15173.67633928246,11973.463164300358
89,89_HE_val.ndpi,89_PGR_val.ndpi,89_16,19591.657028116282,11168.543826142288,0.9109542245502164,0.9109542245502164,PGR,18747.656303490872,10959.256828632555
89,89_HE_val.ndpi,89_PGR_val.ndpi,89_17,17103.25377342788,4266.687793276543,0.9109542245502164,0.9109542245502164,PGR,16388.00319008616,4315.460468709766
89,89_HE_val.ndpi,89_PGR_val.ndpi,89_18,17907.871799581993,3473.853520535697,0.9109542245502164,0.9109542245502164,PGR,17697.277462228703,3402.277275525014
89,89_HE_val.ndpi,89_PGR_val.ndpi,89_19,20481.81667760924,3115.336626322194,0.9109542245502164,0.9109542245502164,PGR,19748.09503686509,2747.727726392334
89,89_HE_val.ndpi,89_PGR_val.ndpi,89_20,21510.72302694873,4388.143300445853,0.9109542245502164,0.9109542245502164,PGR,20430.099984084583,4004.298221472581
89,89_HE_val.ndpi,89_PGR_val.ndpi,89_21,21145.13430284161,5157.98275864785,0.9109542245502164,0.9109542245502164,PGR,20021.325153487567,4863.174332393183
89,89_HE_val.ndpi,89_PGR_val.ndpi,89_22,24893.112116201333,5484.502323745757,0.9109542245502164,0.9109542245502164,PGR,23615.551612203977,5073.199138002126
89,89_HE_val.ndpi,89_PGR_val.ndpi,89_23,26242.135838188413,5010.761137928568,0.9109542245502164,0.9109542245502164,PGR,24939.95746800957,4581.267891943468
89,89_HE_val.ndpi,89_PGR_val.ndpi,89_24,25705.316920507044,6018.530971203703,0.9109542245502164,0.9109542245502164,PGR,24357.602565111472,5571.304592364257
89,89_HE_val.ndpi,89_PGR_val.ndpi,89_25,26637.59333988096,6809.165266251884,0.9109542245502164,0.9109542245502164,PGR,25253.21012365233,6422.55240990515
89,89_HE_val.ndpi,89_PGR_val.ndpi,89_26,27562.145432489287,7527.321721125721,0.9109542245502164,0.9109542245502164,PGR,26164.800588187725,7273.052049100406
89,89_HE_val.ndpi,89_PGR_val.ndpi,89_27,25861.64749673253,7481.204530012515,0.9109542245502164,0.9109542245502164,PGR,24408.536688748252,7161.560049747661
89,89_HE_val.ndpi,89_PGR_val.ndpi,89_28,26255.126233137675,7896.104391579604,0.9109542245502164,0.9109542245502164,PGR,24773.830973175205,7596.641390971478
89,89_HE_val.ndpi,89_PGR_val.ndpi,89_29,26293.592448761792,8980.365111062578,0.9109542245502164,0.9109542245502164,PGR,24834.04206434178,8710.412390945909
89,89_HE_val.ndpi,89_PGR_val.ndpi,89_30,26735.92365597148,8944.698640026949,0.9109542245502164,0.9109542245502164,PGR,25284.800950780835,8686.155438431826
89,89_HE_val.ndpi,89_PGR_val.ndpi,89_31,26439.297293485033,10301.806325097812,0.9109542245502164,0.9109542245502164,PGR,24989.36429784915,10080.322106093428
89,89_HE_val.ndpi,89_PGR_val.ndpi,89_32,25735.957380838667,12839.163266650703,0.9109542245502164,0.9109542245502164,PGR,24302.59449132791,12803.448571423492
89,89_HE_val.ndpi,89_PGR_val.ndpi,89_33,25853.46959636505,13784.489871645847,0.9109542245502164,0.9109542245502164,PGR,24488.783087468866,13661.022841585556
89,89_HE_val.ndpi,89_PGR_val.ndpi,89_34,27430.95065892474,14698.811557921166,0.9109542245502164,0.9109542245502164,PGR,26569.200440691533,14436.101046544562
89,89_HE_val.ndpi,89_PGR_val.ndpi,89_35,26981.69717928665,16073.21925937486,0.9109542245502164,0.9109542245502164,PGR,26214.010337312633,15911.191321950095
89,89_HE_val.ndpi,89_PGR_val.ndpi,89_36,26697.67678206692,17673.31589616872,0.9109542245502164,0.9109542245502164,PGR,25783.74558297135,17608.224718680933
89,89_HE_val.ndpi,89_PGR_val.ndpi,89_37,21060.519118074437,18761.65625152631,0.9109542245502164,0.9109542245502164,PGR,19589.72385559971,19012.25303027827
89,89_HE_val.ndpi,89_PGR_val.ndpi,89_38,22410.41890692982,17443.886559070692,0.9109542245502164,0.9109542245502164,PGR,21035.679344935194,17648.289435045976
89,89_HE_val.ndpi,89_PGR_val.ndpi,89_39,22567.043574452156,16052.903193598508,0.9109542245502164,0.9109542245502164,PGR,20816.29886031803,16273.883528017954
89,89_HE_val.ndpi,89_PGR_val.ndpi,89_40,20691.091371961105,15563.34869808405,0.9109542245502164,0.9109542245502164,PGR,19303.343134928004,15590.587231554953
89,89_HE_val.ndpi,89_PGR_val.ndpi,89_41,20334.809006949017,17788.103743026506,0.9109542245502164,0.9109542245502164,PGR,19078.662015057827,17929.347909555247
89,89_HE_val.ndpi,89_PGR_val.ndpi,89_42,19160.126103153558,16791.519072036488,0.9109542245502164,0.9109542245502164,PGR,17675.740055739378,16812.162476062593
89,89_HE_val.ndpi,89_PGR_val.ndpi,89_43,18698.314588796435,15613.293658893392,0.9109542245502164,0.9109542245502164,PGR,17375.62869969675,15813.00982212664
89,89_HE_val.ndpi,89_PGR_val.ndpi,89_44,24404.336058951103,14225.075711026124,0.9109542245502164,0.9109542245502164,PGR,22744.534325639706,14184.638395804992
89,89_HE_val.ndpi,89_PGR_val.ndpi,89_45,24973.90795198888,13801.270336701302,0.9109542245502164,0.9109542245502164,PGR,23408.387689008425,13721.344269013061
89,89_HE_val.ndpi,89_PGR_val.ndpi,89_46,25154.45570139416,12604.012586116842,0.9109542245502164,0.9109542245502164,PGR,23701.936227387498,12577.527974444283
89,89_HE_val.ndpi,89_PGR_val.ndpi,89_47,24767.15128466864,12413.021079981088,0.9109542245502164,0.9109542245502164,PGR,23307.086926798413,12374.150446325411
89,89_HE_val.ndpi,89_PGR_val.ndpi,89_48,22446.66528364765,6940.386652601687,0.9109542245502164,0.9109542245502164,PGR,21117.72998010294,6545.093608343414
89,89_HE_val.ndpi,89_PGR_val.ndpi,89_49,22604.907728443053,8209.766264112619,0.9109542245502164,0.9109542245502164,PGR,21141.43656813997,8056.896182851335
89,89_HE_val.ndpi,89_PGR_val.ndpi,89_50,20174.593921951964,5459.119301596337,0.9109542245502164,0.9109542245502164,PGR,18781.499657410648,5134.187728284143
86,86_HE_val.ndpi,86_KI67_val.ndpi,86_1,42328.22801468653,8407.678523390337,0.907338096858342,0.907338096858342,KI67,41992.63162852236,3344.7536012100354
86,86_HE_val.ndpi,86_KI67_val.ndpi,86_2,41984.24741147389,8000.976223733629,0.907338096858342,0.907338096858342,KI67,41704.52941248182,3038.9548586500414
86,86_HE_val.ndpi,86_KI67_val.ndpi,86_3,43165.00679050039,7758.581346196011,0.907338096858342,0.907338096858342,KI67,42633.83763607174,2758.1594453628254
86,86_HE_val.ndpi,86_KI67_val.ndpi,86_4,42708.705296544686,6728.601599383222,0.907338096858342,0.907338096858342,KI67,42084.316652793925,1950.7409323355305
86,86_HE_val.ndpi,86_KI67_val.ndpi,86_5,40821.85891231169,7518.699511492211,0.907338096858342,0.907338096858342,KI67,40707.218775100715,2728.9234566965947
86,86_HE_val.ndpi,86_KI67_val.ndpi,86_6,39951.47417868892,8585.506567468547,0.907338096858342,0.907338096858342,KI67,40051.45491989676,3657.046625337502
86,86_HE_val.ndpi,86_KI67_val.ndpi,86_7,39999.236274682604,9594.188729737843,0.907338096858342,0.907338096858342,KI67,40088.8381048408,4416.919338203746
86,86_HE_val.ndpi,86_KI67_val.ndpi,86_8,40126.50926106941,10674.834139793007,0.907338096858342,0.907338096858342,KI67,40734.624989525524,5252.692602356203
86,86_HE_val.ndpi,86_KI67_val.ndpi,86_9,37218.5932278916,12317.206434999622,0.907338096858342,0.907338096858342,KI67,38750.3713163631,7192.9787653291605
86,86_HE_val.ndpi,86_KI67_val.ndpi,86_10,36507.0915307313,11883.664813023548,0.907338096858342,0.907338096858342,KI67,38263.5169810683,6807.2280323189625
86,86_HE_val.ndpi,86_KI67_val.ndpi,86_11,37774.45120309895,10518.68265496445,0.907338096858342,0.907338096858342,KI67,38840.6002184642,5300.348136685139
86,86_HE_val.ndpi,86_KI67_val.ndpi,86_12,37505.880388836384,9860.9814574408,0.907338096858342,0.907338096858342,KI67,38280.57463893647,4784.18651622087
86,86_HE_val.ndpi,86_KI67_val.ndpi,86_13,37258.00232460433,8972.526871983788,0.907338096858342,0.907338096858342,KI67,37843.64001221727,4128.229797501396
86,86_HE_val.ndpi,86_KI67_val.ndpi,86_14,38686.23574100511,8116.604027039211,0.907338096858342,0.907338096858342,KI67,39008.758148311375,3365.863777849269
86,86_HE_val.ndpi,86_KI67_val.ndpi,86_15,37899.33931697901,6683.485241343641,0.907338096858342,0.907338096858342,KI67,38205.50784057793,2255.698986640259
86,86_HE_val.ndpi,86_KI67_val.ndpi,86_16,37148.78598844772,6285.812103365465,0.907338096858342,0.907338096858342,KI67,37534.79623747155,1984.4709562649616
86,86_HE_val.ndpi,86_KI67_val.ndpi,86_17,34945.31781795666,5492.128657327135,0.907338096858342,0.907338096858342,KI67,35636.46450718163,1492.631923159996
86,86_HE_val.ndpi,86_KI67_val.ndpi,86_18,34279.475785101706,6794.458951860274,0.907338096858342,0.907338096858342,KI67,35317.811587514545,2602.9188641991295
86,86_HE_val.ndpi,86_KI67_val.ndpi,86_19,34403.62492010034,8068.666919846827,0.907338096858342,0.907338096858342,KI67,35504.902159712154,3629.5903987845695
86,86_HE_val.ndpi,86_KI67_val.ndpi,86_20,33161.45746155389,10493.02110428539,0.907338096858342,0.907338096858342,KI67,35318.011684624085,5668.805664287804
86,86_HE_val.ndpi,86_KI67_val.ndpi,86_21,31365.66763769446,12097.173596041228,0.907338096858342,0.907338096858342,KI67,33672.69653963841,7567.100854436771
86,86_HE_val.ndpi,86_KI67_val.ndpi,86_22,30632.534121200533,11806.39812970599,0.907338096858342,0.907338096858342,KI67,32885.70796750218,7385.77654591957
86,86_HE_val.ndpi,86_KI67_val.ndpi,86_23,29755.953150654503,11406.86350663415,0.907338096858342,0.907338096858342,KI67,31581.144383298408,7082.069184488201
86,86_HE_val.ndpi,86_KI67_val.ndpi,86_24,24739.529526500228,13687.669458459737,0.907338096858342,0.907338096858342,KI67,24456.699531351904,10711.022153171687
86,86_HE_val.ndpi,86_KI67_val.ndpi,86_25,19424.41439604494,12126.70260699628,0.907338096858342,0.907338096858342,KI67,17593.744791377863,9382.960718965805
86,86_HE_val.ndpi,86_KI67_val.ndpi,86_26,21184.05524129685,2830.7580394102692,0.907338096858342,0.907338096858342,KI67,20532.845174016515,-100.90425439367391
86,86_HE_val.ndpi,86_KI67_val.ndpi,86_27,32853.09806043285,2658.126068458518,0.907338096858342,0.907338096858342,KI67,33410.37246309003,-891.0278688078685
86,86_HE_val.ndpi,86_KI67_val.ndpi,86_28,28624.188987870923,14359.37806680308,0.907338096858342,0.907338096858342,KI67,30288.097093167184,10618.309717124615
86,86_HE_val.ndpi,86_KI67_val.ndpi,86_29,35734.45016859783,13618.904326613865,0.907338096858342,0.907338096858342,KI67,36791.91527055049,8448.843028530238
86,86_HE_val.ndpi,86_KI67_val.ndpi,86_30,42837.77208512411,10373.332226571585,0.907338096858342,0.907338096858342,KI67,42673.055535840846,4820.726548512533
86,86_HE_val.ndpi,86_KI67_val.ndpi,86_31,27137.6769964281,9040.649837545683,0.907338096858342,0.907338096858342,KI67,28149.266987691513,5981.811417176193
86,86_HE_val.ndpi,86_KI67_val.ndpi,86_32,35476.945509918834,9953.213723355428,0.907338096858342,0.907338096858342,KI67,36748.994811020435,4988.274297336716
86,86_HE_val.ndpi,86_KI67_val.ndpi,86_33,35965.582352461264,10789.438480575753,0.907338096858342,0.907338096858342,KI67,37651.54479520798,5720.0441133435015
86,86_HE_val.ndpi,86_KI67_val.ndpi,86_34,36254.80240259879,5072.496499066419,0.907338096858342,0.907338096858342,KI67,36632.50662083719,1034.7515088235991
86,86_HE_val.ndpi,86_KI67_val.ndpi,86_35,40396.10801443025,5793.247865144854,0.907338096858342,0.907338096858342,KI67,40076.18851250713,1350.8903720684577
86,86_HE_val.ndpi,86_KI67_val.ndpi,86_36,31008.460895780318,9181.012537012202,0.907338096858342,0.907338096858342,KI67,33023.085780307236,5172.03588259881
86,86_HE_val.ndpi,86_KI67_val.ndpi,86_37,29702.251783443764,9957.828400754346,0.907338096858342,0.907338096858342,KI67,31823.032808325646,6218.112102878792
86,86_HE_val.ndpi,86_KI67_val.ndpi,86_38,28933.73774680265,16757.870117227732,0.907338096858342,0.907338096858342,KI67,31256.665293955855,12137.602000195442
86,86_HE_val.ndpi,86_KI67_val.ndpi,86_39,36415.7137627652,8116.651021138559,0.907338096858342,0.907338096858342,KI67,37151.532136848306,3526.3509327153047
86,86_HE_val.ndpi,86_KI67_val.ndpi,86_40,36885.9491380568,8502.429976611396,0.907338096858342,0.907338096858342,KI67,37539.92927814613,3798.3074819934986
86,86_HE_val.ndpi,86_KI67_val.ndpi,86_41,36253.23838678987,6759.880433791129,0.907338096858342,0.907338096858342,KI67,36897.12888774358,2434.7231898304963
86,86_HE_val.ndpi,86_KI67_val.ndpi,86_42,39151.166116392655,12347.777171682368,0.907338096858342,0.907338096858342,KI67,40399.52558656042,7057.678681936541
86,86_HE_val.ndpi,86_KI67_val.ndpi,86_43,38770.13850531125,12059.770385841497,0.907338096858342,0.907338096858342,KI67,40120.6281140464,6784.8264677826455
86,86_HE_val.ndpi,86_KI67_val.ndpi,86_44,40291.84622048659,12377.589916220437,0.907338096858342,0.907338096858342,KI67,41343.30402118412,6983.266227214
86,86_HE_val.ndpi,86_KI67_val.ndpi,86_45,39158.491211798864,6868.175105086393,0.907338096858342,0.907338096858342,KI67,39251.099862828,2316.862953422213
86,86_HE_val.ndpi,86_KI67_val.ndpi,86_46,41454.09511411476,9303.869688442905,0.907338096858342,0.907338096858342,KI67,41282.07234283886,4102.615833196292
86,86_HE_val.ndpi,86_KI67_val.ndpi,86_47,38860.39945052605,9724.732042224829,0.907338096858342,0.907338096858342,KI67,39266.68744137867,4591.25622342672
86,86_HE_val.ndpi,86_KI67_val.ndpi,86_48,33978.42663265083,9323.242601659826,0.907338096858342,0.907338096858342,KI67,35277.79455806055,4609.131515148128
86,86_HE_val.ndpi,86_KI67_val.ndpi,86_49,34757.17180592018,9249.18263574375,0.907338096858342,0.907338096858342,KI67,35846.81547586053,4501.45471458674
86,86_HE_val.ndpi,86_KI67_val.ndpi,86_50,38424.00122813636,6505.987588869049,0.907338096858342,0.907338096858342,KI67,38596.55318520365,2073.6718254856
95,95_HE_val.ndpi,95_KI67_val.ndpi,95_1,34345.196405236835,3208.7682004152034,0.9109542245502164,0.9109542245502164,KI67,14257.450081039304,14828.127230400441
95,95_HE_val.ndpi,95_KI67_val.ndpi,95_2,34752.04428716875,2953.6675768846167,0.9109542245502164,0.9109542245502164,KI67,13990.687468728554,15112.699187670834
95,95_HE_val.ndpi,95_KI67_val.ndpi,95_3,34107.87510445795,3511.360228266385,0.9109542245502164,0.9109542245502164,KI67,14312.136672431967,14532.647058747276
95,95_HE_val.ndpi,95_KI67_val.ndpi,95_4,34379.31382788754,3965.078659475538,0.9109542245502164,0.9109542245502164,KI67,14323.391756181656,14165.685730822235
95,95_HE_val.ndpi,95_KI67_val.ndpi,95_5,34429.869566143665,2821.8776786886488,0.9109542245502164,0.9109542245502164,KI67,14318.852987004666,15182.728284332452
95,95_HE_val.ndpi,95_KI67_val.ndpi,95_6,33860.68041329533,2755.295990181634,0.9109542245502164,0.9109542245502164,KI67,14890.318278725594,15170.444883650105
95,95_HE_val.ndpi,95_KI67_val.ndpi,95_7,33601.79016680835,2417.1536212532965,0.9109542245502164,0.9109542245502164,KI67,15190.094600426779,15588.033575759939
95,95_HE_val.ndpi,95_KI67_val.ndpi,95_8,31585.78527535562,312.4191827785036,0.9109542245502164,0.9109542245502164,KI67,17374.035734718316,17375.923623920087
95,95_HE_val.ndpi,95_KI67_val.ndpi,95_9,30571.273373884083,46.9622822944332,0.9109542245502164,0.9109542245502164,KI67,18123.432176708884,17787.214616931487
95,95_HE_val.ndpi,95_KI67_val.ndpi,95_10,30292.230790119334,162.79709715426162,0.9109542245502164,0.9109542245502164,KI67,18304.651360144653,17733.208029651953
95,95_HE_val.ndpi,95_KI67_val.ndpi,95_11,29673.173497396256,606.774109679712,0.9109542245502164,0.9109542245502164,KI67,19040.49493705213,17414.34421493705
95,95_HE_val.ndpi,95_KI67_val.ndpi,95_12,29312.660919466,1894.0254554405883,0.9109542245502164,0.9109542245502164,KI67,19590.98634722093,16147.703436113143
95,95_HE_val.ndpi,95_KI67_val.ndpi,95_13,29169.337423059605,2627.268419209434,0.9109542245502164,0.9109542245502164,KI67,19468.048323038696,15489.992604008234
95,95_HE_val.ndpi,95_KI67_val.ndpi,95_14,29459.6687083082,2383.341445909556,0.9109542245502164,0.9109542245502164,KI67,19277.128395832828,15710.922690077541
95,95_HE_val.ndpi,95_KI67_val.ndpi,95_15,30102.56234638605,2444.207072316659,0.9109542245502164,0.9109542245502164,KI67,18639.918767151765,15661.732201914141
95,95_HE_val.ndpi,95_KI67_val.ndpi,95_16,27021.729265929418,6654.304548515734,0.9109542245502164,0.9109542245502164,KI67,21407.52089638792,11529.817600646502
95,95_HE_val.ndpi,95_KI67_val.ndpi,95_17,27578.63024546784,6373.632102924952,0.9109542245502164,0.9109542245502164,KI67,20913.44837009161,11693.011007936733
95,95_HE_val.ndpi,95_KI67_val.ndpi,95_18,26703.686886272557,7012.721370662912,0.9109542245502164,0.9109542245502164,KI67,21776.97577565245,11233.199476923552
95,95_HE_val.ndpi,95_KI67_val.ndpi,95_19,28286.066857506547,6899.326938720241,0.9109542245502164,0.9109542245502164,KI67,20221.74976568138,11357.62578292218
95,95_HE_val.ndpi,95_KI67_val.ndpi,95_20,29594.853862949352,7206.47249795747,0.9109542245502164,0.9109542245502164,KI67,19105.65663584026,11058.573849557935
95,95_HE_val.ndpi,95_KI67_val.ndpi,95_21,31104.98829316142,7039.466496957691,0.9109542245502164,0.9109542245502164,KI67,17638.471463564612,11263.45804187435
95,95_HE_val.ndpi,95_KI67_val.ndpi,95_22,30874.916274318875,7625.60219029788,0.9109542245502164,0.9109542245502164,KI67,17933.79152670702,10755.084009061384
95,95_HE_val.ndpi,95_KI67_val.ndpi,95_23,31729.47015883761,7055.900123032637,0.9109542245502164,0.9109542245502164,KI67,17021.45920119029,11251.134593866364
95,95_HE_val.ndpi,95_KI67_val.ndpi,95_24,32257.73951256373,6333.990298229635,0.9109542245502164,0.9109542245502164,KI67,16463.694323107953,11911.965707289053
95,95_HE_val.ndpi,95_KI67_val.ndpi,95_25,32250.981796863714,5420.595860165577,0.9109542245502164,0.9109542245502164,KI67,16549.67146809296,12865.107138354964
95,95_HE_val.ndpi,95_KI67_val.ndpi,95_26,31081.61850886538,5291.439571768671,0.9109542245502164,0.9109542245502164,KI67,17633.13503627256,12928.642334985532
95,95_HE_val.ndpi,95_KI67_val.ndpi,95_27,32267.758648380986,4852.911163445761,0.9109542245502164,0.9109542245502164,KI67,16520.972893556416,13461.183285350964
95,95_HE_val.ndpi,95_KI67_val.ndpi,95_28,36452.8537532469,10290.20078021718,0.9109542245502164,0.9109542245502164,KI67,12314.03647400668,8176.042878885518
95,95_HE_val.ndpi,95_KI67_val.ndpi,95_29,36973.27624564867,10958.560374797105,0.9109542245502164,0.9109542245502164,KI67,11743.046066156312,7463.032272888779
95,95_HE_val.ndpi,95_KI67_val.ndpi,95_30,36823.468460031945,6545.019718504559,0.9109542245502164,0.9109542245502164,KI67,11801.639219238443,11631.674326504632
95,95_HE_val.ndpi,95_KI67_val.ndpi,95_31,36737.87620407401,5733.4779423796945,0.9109542245502164,0.9109542245502164,KI67,12005.285141334038,12513.662569182436
95,95_HE_val.ndpi,95_KI67_val.ndpi,95_32,36408.187326346255,6002.935128448074,0.9109542245502164,0.9109542245502164,KI67,12226.724294528427,12197.407443255588
95,95_HE_val.ndpi,95_KI67_val.ndpi,95_33,36069.58063220203,5385.513137491229,0.9109542245502164,0.9109542245502164,KI67,12691.791275371146,12830.642575037939
95,95_HE_val.ndpi,95_KI67_val.ndpi,95_34,35872.483838472115,5066.958323708931,0.9109542245502164,0.9109542245502164,KI67,12943.527205528626,13135.297225675922
95,95_HE_val.ndpi,95_KI67_val.ndpi,95_35,36297.96861036467,4270.441403936675,0.9109542245502164,0.9109542245502164,KI67,12604.771495566403,13917.961264971791
95,95_HE_val.ndpi,95_KI67_val.ndpi,95_36,35388.154341480964,4723.763520115499,0.9109542245502164,0.9109542245502164,KI67,13536.14463167769,13495.12112089503
95,95_HE_val.ndpi,95_KI67_val.ndpi,95_37,34114.654843388904,15430.438741053435,0.9109542245502164,0.9109542245502164,KI67,14665.968974608655,3084.20324547894
95,95_HE_val.ndpi,95_KI67_val.ndpi,95_38,34721.123959822886,7745.807888455363,0.9109542245502164,0.9109542245502164,KI67,14106.124358626817,10551.22419723488
95,95_HE_val.ndpi,95_KI67_val.ndpi,95_39,34440.43933851503,7821.024030178039,0.9109542245502164,0.9109542245502164,KI67,14364.645947263687,10467.688515144751
95,95_HE_val.ndpi,95_KI67_val.ndpi,95_40,34145.078307259784,7868.722073830772,0.9109542245502164,0.9109542245502164,KI67,14637.687105274104,10417.705536779351
95,95_HE_val.ndpi,95_KI67_val.ndpi,95_41,38124.523690357695,1450.5231801580844,0.9109542245502164,0.9109542245502164,KI67,10770.734335770163,16627.775212450764
95,95_HE_val.ndpi,95_KI67_val.ndpi,95_42,38913.34213023164,1034.202197580911,0.9109542245502164,0.9109542245502164,KI67,9865.553980804852,16800.268473470176
95,95_HE_val.ndpi,95_KI67_val.ndpi,95_43,36738.61312728887,1499.824528555415,0.9109542245502164,0.9109542245502164,KI67,12114.71304002189,16578.641849879663
95,95_HE_val.ndpi,95_KI67_val.ndpi,95_44,35637.55391130101,1647.7277901265688,0.9109542245502164,0.9109542245502164,KI67,13144.80797334637,16406.289172569715
95,95_HE_val.ndpi,95_KI67_val.ndpi,95_45,35215.75502724484,3181.541771490713,0.9109542245502164,0.9109542245502164,KI67,13562.001763528866,14961.420707007828
95,95_HE_val.ndpi,95_KI67_val.ndpi,95_46,32717.827347482147,10874.281151453228,0.9109542245502164,0.9109542245502164,KI67,15927.728147116948,7406.2060668261565
95,95_HE_val.ndpi,95_KI67_val.ndpi,95_47,32928.17838813808,12576.81490585368,0.9109542245502164,0.9109542245502164,KI67,15720.539025231257,5580.187449715749
95,95_HE_val.ndpi,95_KI67_val.ndpi,95_48,34321.757652811924,10453.578035761848,0.9109542245502164,0.9109542245502164,KI67,14413.669291258984,7970.216515909039
95,95_HE_val.ndpi,95_KI67_val.ndpi,95_49,37641.12694806649,12359.58462151295,0.9109542245502164,0.9109542245502164,KI67,11030.500328030925,6090.927942922739
95,95_HE_val.ndpi,95_KI67_val.ndpi,95_50,37994.3429425708,7579.883062015474,0.9109542245502164,0.9109542245502164,KI67,10812.100796155206,10783.937368326002
57,57_HE_val.ndpi,57_PGR_val.ndpi,57_1,7335.947096808129,4962.510159079287,0.919793966151582,0.919793966151582,PGR,26316.37834153294,15286.975265647456
57,57_HE_val.ndpi,57_PGR_val.ndpi,57_2,7702.382410422178,5064.557262162048,0.919793966151582,0.919793966151582,PGR,26203.013809877782,15147.086807764446
57,57_HE_val.ndpi,57_PGR_val.ndpi,57_3,7870.7151929457095,4775.106096705968,0.919793966151582,0.919793966151582,PGR,26251.65529617308,15464.485739970845
57,57_HE_val.ndpi,57_PGR_val.ndpi,57_4,7554.48789732114,4604.509792487467,0.919793966151582,0.919793966151582,PGR,26549.44631463614,15680.565065352577
57,57_HE_val.ndpi,57_PGR_val.ndpi,57_5,6998.201550821649,4348.966699821515,0.919793966151582,0.919793966151582,PGR,26932.106143420187,16063.221299637413
57,57_HE_val.ndpi,57_PGR_val.ndpi,57_6,6615.823881587533,4335.482348765395,0.919793966151582,0.919793966151582,PGR,27028.202656128335,16076.612872127524
57,57_HE_val.ndpi,57_PGR_val.ndpi,57_7,6114.096863267686,3795.006442405919,0.919793966151582,0.919793966151582,PGR,27987.672498452343,16216.031451069326
57,57_HE_val.ndpi,57_PGR_val.ndpi,57_8,5751.762148515121,3295.7813182863733,0.919793966151582,0.919793966151582,PGR,28652.91909941816,16420.649067655304
57,57_HE_val.ndpi,57_PGR_val.ndpi,57_9,4851.679403916405,3051.7869943992214,0.919793966151582,0.919793966151582,PGR,29858.17560331579,16473.5823109551
57,57_HE_val.ndpi,57_PGR_val.ndpi,57_10,4433.815900970892,2754.5638718636405,0.919793966151582,0.919793966151582,PGR,30775.519912624313,16593.758392504693
57,57_HE_val.ndpi,57_PGR_val.ndpi,57_11,4616.898696267678,1543.8879910087119,0.919793966151582,0.919793966151582,PGR,30351.792797189108,17606.77131267977
57,57_HE_val.ndpi,57_PGR_val.ndpi,57_12,5035.761166787907,1571.6272274670098,0.919793966151582,0.919793966151582,PGR,29564.071148884672,17411.170222759898
57,57_HE_val.ndpi,57_PGR_val.ndpi,57_13,2695.5396610149132,644.8689738759605,0.919793966151582,0.919793966151582,PGR,33693.30601059507,18740.11585220326
57,57_HE_val.ndpi,57_PGR_val.ndpi,57_14,1063.3660839515394,962.0564347389039,0.919793966151582,0.919793966151582,PGR,36375.734484220884,18093.870535267582
57,57_HE_val.ndpi,57_PGR_val.ndpi,57_15,1454.4893180134757,1271.6263136134585,0.919793966151582,0.919793966151582,PGR,35826.90280565574,17816.051821825036
57,57_HE_val.ndpi,57_PGR_val.ndpi,57_16,2649.0326320646664,3478.463152355321,0.919793966151582,0.919793966151582,PGR,34383.744051371265,15854.399852000155
57,57_HE_val.ndpi,57_PGR_val.ndpi,57_17,2967.789746054209,3523.9998829252513,0.919793966151582,0.919793966151582,PGR,33836.24879291463,15935.812641300947
57,57_HE_val.ndpi,57_PGR_val.ndpi,57_18,4152.22605436463,2492.821015560553,0.919793966151582,0.919793966151582,PGR,31366.946630044436,16847.45347166536
57,57_HE_val.ndpi,57_PGR_val.ndpi,57_19,7872.573301548576,3724.476478700664,0.919793966151582,0.919793966151582,PGR,26681.675024488624,16317.175454953176
57,57_HE_val.ndpi,57_PGR_val.ndpi,57_20,8237.066868610544,3842.645626013,0.919793966151582,0.919793966151582,PGR,26689.332012297637,16173.157905816666
57,57_HE_val.ndpi,57_PGR_val.ndpi,57_21,9898.739274802803,4002.2831980616243,0.919793966151582,0.919793966151582,PGR,25277.75839505848,16132.661135855895
57,57_HE_val.ndpi,57_PGR_val.ndpi,57_22,8958.04628802915,3900.42472178677,0.919793966151582,0.919793966151582,PGR,26111.323424935777,15993.190349765084
57,57_HE_val.ndpi,57_PGR_val.ndpi,57_23,11891.14561312582,3005.181466674004,0.919793966151582,0.919793966151582,PGR,23513.700122363352,17466.053219152327
57,57_HE_val.ndpi,57_PGR_val.ndpi,57_24,13349.451216547388,2667.102079454163,0.919793966151582,0.919793966151582,PGR,20341.24012664139,18310.15700410257
57,57_HE_val.ndpi,57_PGR_val.ndpi,57_25,14050.882148790894,1965.9412312110726,0.919793966151582,0.919793966151582,PGR,18098.847244122582,19191.482358389534
57,57_HE_val.ndpi,57_PGR_val.ndpi,57_26,15589.286044661585,1275.8376026139056,0.919793966151582,0.919793966151582,PGR,14164.5335923831,20378.102234752245
57,57_HE_val.ndpi,57_PGR_val.ndpi,57_27,15940.77545767191,1567.634397904903,0.919793966151582,0.919793966151582,PGR,13829.741558360605,19843.139123579673
57,57_HE_val.ndpi,57_PGR_val.ndpi,57_28,15797.62393538412,3929.8817658547173,0.919793966151582,0.919793966151582,PGR,16556.50298542956,20129.605921882172
57,57_HE_val.ndpi,57_PGR_val.ndpi,57_29,16116.27841419877,3705.2902673357953,0.919793966151582,0.919793966151582,PGR,15862.592561718913,20236.345134558098
57,57_HE_val.ndpi,57_PGR_val.ndpi,57_30,14131.866253478649,4425.634077293252,0.919793966151582,0.919793966151582,PGR,20050.925627212702,19107.15167676078
57,57_HE_val.ndpi,57_PGR_val.ndpi,57_31,14312.633611065216,4699.0196632766665,0.919793966151582,0.919793966151582,PGR,19988.095410307786,19156.435986592478
57,57_HE_val.ndpi,57_PGR_val.ndpi,57_32,14521.528862634199,5085.668250284151,0.919793966151582,0.919793966151582,PGR,19849.232988836262,19240.00260079479
57,57_HE_val.ndpi,57_PGR_val.ndpi,57_33,16871.084982120672,7553.051499980931,0.919793966151582,0.919793966151582,PGR,15249.72673921723,19573.793611349192
57,57_HE_val.ndpi,57_PGR_val.ndpi,57_34,17456.271914444846,7449.195798681087,0.919793966151582,0.919793966151582,PGR,14476.863801382227,19474.285707388575
57,57_HE_val.ndpi,57_PGR_val.ndpi,57_35,17779.822368494362,6714.216989482135,0.919793966151582,0.919793966151582,PGR,14469.218675380784,20151.471401358896
57,57_HE_val.ndpi,57_PGR_val.ndpi,57_36,18028.277161603997,6988.566544753836,0.919793966151582,0.919793966151582,PGR,13812.888963125457,19935.12662125507
57,57_HE_val.ndpi,57_PGR_val.ndpi,57_37,14508.731485251341,6571.938075304398,0.919793966151582,0.919793966151582,PGR,19618.693567364946,18995.87705818542
57,57_HE_val.ndpi,57_PGR_val.ndpi,57_38,14156.212021927178,6601.796281214364,0.919793966151582,0.919793966151582,PGR,20220.39436393277,18717.25090214312
57,57_HE_val.ndpi,57_PGR_val.ndpi,57_39,16937.510238100167,11874.146093928744,0.919793966151582,0.919793966151582,PGR,16478.12433967666,11367.425578645254
57,57_HE_val.ndpi,57_PGR_val.ndpi,57_40,16340.180177624019,11669.310695365037,0.919793966151582,0.919793966151582,PGR,17136.061340228633,10962.346953541612
57,57_HE_val.ndpi,57_PGR_val.ndpi,57_41,15352.315842554397,12140.088678122836,0.919793966151582,0.919793966151582,PGR,18701.171592464594,9054.033560063226
57,57_HE_val.ndpi,57_PGR_val.ndpi,57_42,15914.080207440968,11957.23163138978,0.919793966151582,0.919793966151582,PGR,17938.454429005356,9851.26849116792
57,57_HE_val.ndpi,57_PGR_val.ndpi,57_43,12985.510870478389,11110.849719366133,0.919793966151582,0.919793966151582,PGR,19236.619609875703,10102.227846248692
57,57_HE_val.ndpi,57_PGR_val.ndpi,57_44,13627.486845903994,10383.522998238946,0.919793966151582,0.919793966151582,PGR,18495.066825815218,12339.101048108529
57,57_HE_val.ndpi,57_PGR_val.ndpi,57_45,2227.5836122073274,10021.205846848465,0.919793966151582,0.919793966151582,PGR,36678.69658469286,8969.994593945617
57,57_HE_val.ndpi,57_PGR_val.ndpi,57_46,2830.814721675728,9019.581557358928,0.919793966151582,0.919793966151582,PGR,35425.31923780677,10183.921155972617
57,57_HE_val.ndpi,57_PGR_val.ndpi,57_47,6058.066976268138,12368.680214690638,0.919793966151582,0.919793966151582,PGR,25672.0423989652,9013.096853477808
57,57_HE_val.ndpi,57_PGR_val.ndpi,57_48,8174.990770259885,12400.904833420529,0.919793966151582,0.919793966151582,PGR,23335.49792945573,9681.319299076444
57,57_HE_val.ndpi,57_PGR_val.ndpi,57_49,11107.094205178459,13254.553736109361,0.919793966151582,0.919793966151582,PGR,22950.578018920834,7111.845094627437
57,57_HE_val.ndpi,57_PGR_val.ndpi,57_50,11239.821520211555,13623.900744910301,0.919793966151582,0.919793966151582,PGR,23498.41819655794,6586.482852760424
91,91_HE_val.ndpi,91_HER2_val.ndpi,91_1,34545.047082934274,14406.1997328117,0.9109542245502164,0.9109542245502164,HER2,25733.780777209486,14944.781563923398
91,91_HE_val.ndpi,91_HER2_val.ndpi,91_2,34207.37022651813,14661.921424812224,0.9109542245502164,0.9109542245502164,HER2,25473.057733575868,15145.156698694755
91,91_HE_val.ndpi,91_HER2_val.ndpi,91_3,33903.806456968196,14642.586080047777,0.9109542245502164,0.9109542245502164,HER2,25226.27795967163,15151.951332007584
91,91_HE_val.ndpi,91_HER2_val.ndpi,91_4,33582.841052305994,14180.47325789038,0.9109542245502164,0.9109542245502164,HER2,24988.161868476673,14710.193025200448
91,91_HE_val.ndpi,91_HER2_val.ndpi,91_5,33186.467849161265,14364.158295570754,0.9109542245502164,0.9109542245502164,HER2,24650.785797472345,14944.861836617309
91,91_HE_val.ndpi,91_HER2_val.ndpi,91_6,33317.9476772522,13786.033699859392,0.9109542245502164,0.9109542245502164,HER2,24766.56101957123,14305.545879704921
91,91_HE_val.ndpi,91_HER2_val.ndpi,91_7,33989.96448734033,13319.286727100496,0.9109542245502164,0.9109542245502164,HER2,25313.125643208772,13796.40414960036
91,91_HE_val.ndpi,91_HER2_val.ndpi,91_8,34177.94839466877,13500.886709314742,0.9109542245502164,0.9109542245502164,HER2,25497.24802246198,13964.45548694464
91,91_HE_val.ndpi,91_HER2_val.ndpi,91_9,32957.142999616335,12136.36883383769,0.9109542245502164,0.9109542245502164,HER2,24069.10091533127,12736.95183402418
91,91_HE_val.ndpi,91_HER2_val.ndpi,91_10,33266.955515158814,12350.998802143535,0.9109542245502164,0.9109542245502164,HER2,24432.332225371414,12958.602735834154
91,91_HE_val.ndpi,91_HER2_val.ndpi,91_11,33598.73442455881,11525.284278269963,0.9109542245502164,0.9109542245502164,HER2,24470.704657525614,12150.654561565347
91,91_HE_val.ndpi,91_HER2_val.ndpi,91_12,33772.833032785566,9199.521290672355,0.9109542245502164,0.9109542245502164,HER2,23811.425507341046,9669.25018074081
91,91_HE_val.ndpi,91_HER2_val.ndpi,91_13,33617.624919309696,10051.264941865997,0.9109542245502164,0.9109542245502164,HER2,24350.46736255572,10751.747723770302
91,91_HE_val.ndpi,91_HER2_val.ndpi,91_14,32566.52091376953,8937.862827236091,0.9109542245502164,0.9109542245502164,HER2,22960.768208885358,9582.776842921474
91,91_HE_val.ndpi,91_HER2_val.ndpi,91_15,33146.84466945089,8424.244849150171,0.9109542245502164,0.9109542245502164,HER2,23134.282381647736,8805.90098248087
91,91_HE_val.ndpi,91_HER2_val.ndpi,91_16,33342.190621644266,7741.401525598625,0.9109542245502164,0.9109542245502164,HER2,23043.37297307152,8051.869471529831
91,91_HE_val.ndpi,91_HER2_val.ndpi,91_17,32239.882603099744,7825.953010181491,0.9109542245502164,0.9109542245502164,HER2,22309.541222889347,8111.110786393967
91,91_HE_val.ndpi,91_HER2_val.ndpi,91_18,30583.99950005965,6549.636119494033,0.9109542245502164,0.9109542245502164,HER2,20653.74429712986,6328.854092201002
91,91_HE_val.ndpi,91_HER2_val.ndpi,91_19,29450.050197283683,6454.828620983482,0.9109542245502164,0.9109542245502164,HER2,19807.995067733238,6364.103971781852
91,91_HE_val.ndpi,91_HER2_val.ndpi,91_20,30024.363147291275,6980.569929613467,0.9109542245502164,0.9109542245502164,HER2,20407.16140113567,6892.703807699487
91,91_HE_val.ndpi,91_HER2_val.ndpi,91_21,29753.20487241119,8145.76569820788,0.9109542245502164,0.9109542245502164,HER2,20622.226393231813,8589.202393705209
91,91_HE_val.ndpi,91_HER2_val.ndpi,91_22,29281.682829901543,7572.069774801263,0.9109542245502164,0.9109542245502164,HER2,19941.700797841535,7986.178197772535
91,91_HE_val.ndpi,91_HER2_val.ndpi,91_23,27870.053223545845,6823.0986746180515,0.9109542245502164,0.9109542245502164,HER2,18551.15100121784,7468.89714169218
91,91_HE_val.ndpi,91_HER2_val.ndpi,91_24,26282.568710002543,8455.521751565431,0.9109542245502164,0.9109542245502164,HER2,17309.399353293546,9360.883267985315
91,91_HE_val.ndpi,91_HER2_val.ndpi,91_25,27488.65447040184,8439.245125028845,0.9109542245502164,0.9109542245502164,HER2,18425.65237814519,9382.678428799922
91,91_HE_val.ndpi,91_HER2_val.ndpi,91_26,27223.818599157246,7781.514704784881,0.9109542245502164,0.9109542245502164,HER2,18407.973730392834,8757.718964671203
91,91_HE_val.ndpi,91_HER2_val.ndpi,91_27,26488.83274887429,7169.709484420143,0.9109542245502164,0.9109542245502164,HER2,17437.87586182244,8153.127835894709
91,91_HE_val.ndpi,91_HER2_val.ndpi,91_28,25893.411486107598,6880.982741407084,0.9109542245502164,0.9109542245502164,HER2,16741.145469745778,7886.693051402173
91,91_HE_val.ndpi,91_HER2_val.ndpi,91_29,24948.531260258656,7995.295055983497,0.9109542245502164,0.9109542245502164,HER2,16026.157034844753,8918.982637404235
91,91_HE_val.ndpi,91_HER2_val.ndpi,91_30,25155.031951286397,6900.145244232039,0.9109542245502164,0.9109542245502164,HER2,16013.772617260383,7880.749285835599
91,91_HE_val.ndpi,91_HER2_val.ndpi,91_31,26138.962216039938,10848.24740637306,0.9109542245502164,0.9109542245502164,HER2,17126.88086260689,11694.354993311088
91,91_HE_val.ndpi,91_HER2_val.ndpi,91_32,26969.358233994833,11113.462797458791,0.9109542245502164,0.9109542245502164,HER2,17899.919268669746,11980.88362256427
91,91_HE_val.ndpi,91_HER2_val.ndpi,91_33,28100.38130933081,12012.131659047727,0.9109542245502164,0.9109542245502164,HER2,18937.720329818952,12810.020701357773
91,91_HE_val.ndpi,91_HER2_val.ndpi,91_34,29976.18176620625,13688.752700535892,0.9109542245502164,0.9109542245502164,HER2,20910.05919679261,14443.18521079852
91,91_HE_val.ndpi,91_HER2_val.ndpi,91_35,25677.660256594667,18549.32291294294,0.9109542245502164,0.9109542245502164,HER2,16617.332436217566,19114.76858916209
91,91_HE_val.ndpi,91_HER2_val.ndpi,91_36,24744.464833890997,18533.21017686019,0.9109542245502164,0.9109542245502164,HER2,15716.731855826398,19076.721940248604
91,91_HE_val.ndpi,91_HER2_val.ndpi,91_37,23760.094853384628,18143.137901582948,0.9109542245502164,0.9109542245502164,HER2,14787.121990560197,18699.27690469719
91,91_HE_val.ndpi,91_HER2_val.ndpi,91_38,22373.770015487735,17499.823287359293,0.9109542245502164,0.9109542245502164,HER2,13308.763342848253,18148.40816299584
91,91_HE_val.ndpi,91_HER2_val.ndpi,91_39,21819.456906672367,16494.250392194062,0.9109542245502164,0.9109542245502164,HER2,12825.08752711775,17215.49698369406
91,91_HE_val.ndpi,91_HER2_val.ndpi,91_40,24193.320143323,15442.592517381056,0.9109542245502164,0.9109542245502164,HER2,15112.814507968847,16168.358446915856
91,91_HE_val.ndpi,91_HER2_val.ndpi,91_41,21696.545834401768,13990.420725706423,0.9109542245502164,0.9109542245502164,HER2,12602.275056324355,14803.418711121158
91,91_HE_val.ndpi,91_HER2_val.ndpi,91_42,21008.236728233664,13365.83823370261,0.9109542245502164,0.9109542245502164,HER2,11932.82246219062,14193.702458982223
91,91_HE_val.ndpi,91_HER2_val.ndpi,91_43,20773.211630335536,11639.715857121098,0.9109542245502164,0.9109542245502164,HER2,11718.727563897379,12527.46031419228
91,91_HE_val.ndpi,91_HER2_val.ndpi,91_44,35449.92979421871,1977.9633954507322,0.9109542245502164,0.9109542245502164,HER2,25311.42061295758,1879.4463274302955
91,91_HE_val.ndpi,91_HER2_val.ndpi,91_45,36808.309270544814,1654.706579831998,0.9109542245502164,0.9109542245502164,HER2,26229.382385518526,1676.5047439288894
91,91_HE_val.ndpi,91_HER2_val.ndpi,91_46,42728.74751009522,7971.988396460843,0.9109542245502164,0.9109542245502164,HER2,29906.308313584606,9396.037069776252
91,91_HE_val.ndpi,91_HER2_val.ndpi,91_47,42955.04580100587,8755.307511006142,0.9109542245502164,0.9109542245502164,HER2,30132.947119219923,10155.360180647993
91,91_HE_val.ndpi,91_HER2_val.ndpi,91_48,20134.81818720848,3503.642404288727,0.9109542245502164,0.9109542245502164,HER2,11099.346133270981,4350.794150700361
91,91_HE_val.ndpi,91_HER2_val.ndpi,91_49,20527.58294751137,4856.299769005886,0.9109542245502164,0.9109542245502164,HER2,11470.987568058044,5847.48784821482
91,91_HE_val.ndpi,91_HER2_val.ndpi,91_50,20540.947426290168,6099.202078666905,0.9109542245502164,0.9109542245502164,HER2,11463.809180309156,7021.168261444864
98,98_HE_val.ndpi,98_PGR_val.ndpi,98_1,30989.675705142658,12921.345196441704,0.919793966151582,0.919793966151582,PGR,18544.15778333142,11432.591761501224
98,98_HE_val.ndpi,98_PGR_val.ndpi,98_2,30099.39114783772,13512.69433560848,0.919793966151582,0.919793966151582,PGR,17687.01960615311,11927.163834441986
98,98_HE_val.ndpi,98_PGR_val.ndpi,98_3,29275.19184121797,13174.220519686276,0.919793966151582,0.919793966151582,PGR,16911.158629865808,11593.683246826327
98,98_HE_val.ndpi,98_PGR_val.ndpi,98_4,30161.254946039247,12288.191082314706,0.919793966151582,0.919793966151582,PGR,17553.390213095838,10796.035099457142
98,98_HE_val.ndpi,98_PGR_val.ndpi,98_5,28898.683337091188,10329.204519467348,0.919793966151582,0.919793966151582,PGR,16445.31516278062,8968.67545449093
98,98_HE_val.ndpi,98_PGR_val.ndpi,98_6,28901.133135012446,9960.640163599195,0.919793966151582,0.919793966151582,PGR,16627.65324060185,8576.172130268382
98,98_HE_val.ndpi,98_PGR_val.ndpi,98_7,30241.68196332857,7554.5526178052205,0.919793966151582,0.919793966151582,PGR,17694.800681924557,6610.842393353984
98,98_HE_val.ndpi,98_PGR_val.ndpi,98_8,29502.96067601065,7119.396414497063,0.919793966151582,0.919793966151582,PGR,16777.03774806656,5880.10300132511
98,98_HE_val.ndpi,98_PGR_val.ndpi,98_9,28379.090279732438,8195.823987147014,0.919793966151582,0.919793966151582,PGR,15926.04452718192,6759.644881315219
98,98_HE_val.ndpi,98_PGR_val.ndpi,98_10,27878.696821003577,7796.99931303381,0.919793966151582,0.919793966151582,PGR,15464.976274979957,6397.136490608381
98,98_HE_val.ndpi,98_PGR_val.ndpi,98_11,27333.39332069145,8102.401660911023,0.919793966151582,0.919793966151582,PGR,14978.099395740677,6709.51011572076
98,98_HE_val.ndpi,98_PGR_val.ndpi,98_12,28364.72431913521,7332.853573493895,0.919793966151582,0.919793966151582,PGR,15889.093436921592,5950.9763301537005
98,98_HE_val.ndpi,98_PGR_val.ndpi,98_13,29322.965636376626,6278.612721729166,0.919793966151582,0.919793966151582,PGR,16980.285313545635,5126.962378699238
98,98_HE_val.ndpi,98_PGR_val.ndpi,98_14,30832.095936785885,6256.048520707132,0.919793966151582,0.919793966151582,PGR,18558.514890878556,5567.958103072517
98,98_HE_val.ndpi,98_PGR_val.ndpi,98_15,31155.299347079468,7176.088516713913,0.919793966151582,0.919793966151582,PGR,18920.042189417196,6617.352339078265
98,98_HE_val.ndpi,98_PGR_val.ndpi,98_16,26275.68189795449,4972.339422654221,0.919793966151582,0.919793966151582,PGR,14037.119037787821,3611.111391411393
98,98_HE_val.ndpi,98_PGR_val.ndpi,98_17,27594.24497947584,6081.540407966905,0.919793966151582,0.919793966151582,PGR,15191.871573494343,4748.389604162418
98,98_HE_val.ndpi,98_PGR_val.ndpi,98_18,24763.50007172362,4680.35620655178,0.919793966151582,0.919793966151582,PGR,12541.329967924257,3385.5290194506897
98,98_HE_val.ndpi,98_PGR_val.ndpi,98_19,23667.406073651826,5220.164528029637,0.919793966151582,0.919793966151582,PGR,11445.451265191901,3984.982452723916
98,98_HE_val.ndpi,98_PGR_val.ndpi,98_20,24102.487245612734,6723.22430424226,0.919793966151582,0.919793966151582,PGR,11856.263317682233,5376.5875571641445
98,98_HE_val.ndpi,98_PGR_val.ndpi,98_21,23145.547103358458,5896.961073781788,0.919793966151582,0.919793966151582,PGR,10949.168269561336,4641.134046772908
98,98_HE_val.ndpi,98_PGR_val.ndpi,98_22,22577.205135674583,6106.110220626167,0.919793966151582,0.919793966151582,PGR,10425.175439690423,4855.729553145547
98,98_HE_val.ndpi,98_PGR_val.ndpi,98_23,19179.453099227623,8842.408320822573,0.919793966151582,0.919793966151582,PGR,7049.462798647157,7394.094163844489
98,98_HE_val.ndpi,98_PGR_val.ndpi,98_24,19522.71847844121,9966.31374381883,0.919793966151582,0.919793966151582,PGR,7436.974505983828,8598.193944772534
98,98_HE_val.ndpi,98_PGR_val.ndpi,98_25,19384.696764010296,11439.034139073785,0.919793966151582,0.919793966151582,PGR,7289.592178887464,10015.332384158914
98,98_HE_val.ndpi,98_PGR_val.ndpi,98_26,19862.656795097442,12060.671642180005,0.919793966151582,0.919793966151582,PGR,7756.3640322192205,10609.251431706498
98,98_HE_val.ndpi,98_PGR_val.ndpi,98_27,20111.44753248608,11634.36493377136,0.919793966151582,0.919793966151582,PGR,8011.138355234164,10191.169241274178
98,98_HE_val.ndpi,98_PGR_val.ndpi,98_28,25693.555494012806,12093.810948789851,0.919793966151582,0.919793966151582,PGR,13417.3414765946,10492.054178032278
98,98_HE_val.ndpi,98_PGR_val.ndpi,98_29,27604.82311408041,10135.509124874534,0.919793966151582,0.919793966151582,PGR,15316.721449662247,8636.06515128742
98,98_HE_val.ndpi,98_PGR_val.ndpi,98_30,29928.740901401103,15807.066128387449,0.919793966151582,0.919793966151582,PGR,17581.13190796014,14076.199077410938
98,98_HE_val.ndpi,98_PGR_val.ndpi,98_31,29995.133843384527,16698.772007060626,0.919793966151582,0.919793966151582,PGR,17668.48434374655,14972.84273642158
98,98_HE_val.ndpi,98_PGR_val.ndpi,98_32,30142.888561454198,15564.89473622407,0.919793966151582,0.919793966151582,PGR,17767.884475763043,13848.828496846181
98,98_HE_val.ndpi,98_PGR_val.ndpi,98_33,34290.80628070096,11879.941257983,0.919793966151582,0.919793966151582,PGR,21721.5336424597,10970.427009423358
98,98_HE_val.ndpi,98_PGR_val.ndpi,98_34,34898.05085667885,13209.037073009024,0.919793966151582,0.919793966151582,PGR,22156.478323669784,12046.200889750093
98,98_HE_val.ndpi,98_PGR_val.ndpi,98_35,32991.97945790199,13812.676088157228,0.919793966151582,0.919793966151582,PGR,20567.50427089628,12307.707749778034
98,98_HE_val.ndpi,98_PGR_val.ndpi,98_36,33048.142110717956,14796.920213846319,0.919793966151582,0.919793966151582,PGR,20739.88251037563,13220.930624737968
98,98_HE_val.ndpi,98_PGR_val.ndpi,98_37,35668.675142711625,14193.165351053918,0.919793966151582,0.919793966151582,PGR,22807.651464245668,12957.571772500261
98,98_HE_val.ndpi,98_PGR_val.ndpi,98_38,36152.02670925808,13370.564001951245,0.919793966151582,0.919793966151582,PGR,23122.742568672213,12253.317464779251
98,98_HE_val.ndpi,98_PGR_val.ndpi,98_39,35094.511868243,11738.069168042131,0.919793966151582,0.919793966151582,PGR,22330.395880377237,10896.742986904024
98,98_HE_val.ndpi,98_PGR_val.ndpi,98_40,32673.08996274618,8975.692502678348,0.919793966151582,0.919793966151582,PGR,20403.44601013048,8061.889899814264
98,98_HE_val.ndpi,98_PGR_val.ndpi,98_41,33995.440676315666,20486.241803943776,0.919793966151582,0.919793966151582,PGR,22074.55759444114,18638.032998809176
98,98_HE_val.ndpi,98_PGR_val.ndpi,98_42,35321.02860703709,21940.355500156715,0.919793966151582,0.919793966151582,PGR,23293.24839611823,20258.1151931513
98,98_HE_val.ndpi,98_PGR_val.ndpi,98_43,34878.63939214599,19973.356168639548,0.919793966151582,0.919793966151582,PGR,22773.243887706278,18283.132455032443
98,98_HE_val.ndpi,98_PGR_val.ndpi,98_44,33674.10057327344,18316.714013560697,0.919793966151582,0.919793966151582,PGR,21458.141521394915,16713.133872653805
98,98_HE_val.ndpi,98_PGR_val.ndpi,98_45,34004.534926458124,17181.083588867205,0.919793966151582,0.919793966151582,PGR,21545.842182906785,15993.187098006341
98,98_HE_val.ndpi,98_PGR_val.ndpi,98_46,22233.543216504877,14824.175979202431,0.919793966151582,0.919793966151582,PGR,10098.177148297931,13325.092998420952
98,98_HE_val.ndpi,98_PGR_val.ndpi,98_47,21924.760714397253,14787.908187322186,0.919793966151582,0.919793966151582,PGR,9793.981721355378,13300.825961133627
98,98_HE_val.ndpi,98_PGR_val.ndpi,98_48,23266.51687351075,14712.063903943146,0.919793966151582,0.919793966151582,PGR,11132.296645533315,13144.514012811647
98,98_HE_val.ndpi,98_PGR_val.ndpi,98_49,24612.012353639457,15259.931269392302,0.919793966151582,0.919793966151582,PGR,12454.285927281588,13488.687827597701
98,98_HE_val.ndpi,98_PGR_val.ndpi,98_50,25071.82863441456,16520.825043532368,0.919793966151582,0.919793966151582,PGR,12942.665384894097,14854.436213493254
46,46_HE_val.ndpi,46_KI67_val.ndpi,46_1,29605.874271621797,10353.177909018625,0.9097732390201744,0.9097732390201744,KI67,27851.428803696785,10713.798058380155
46,46_HE_val.ndpi,46_KI67_val.ndpi,46_2,30044.189611332127,10484.83873156047,0.9097732390201744,0.9097732390201744,KI67,28188.207264044966,10894.328251925594
46,46_HE_val.ndpi,46_KI67_val.ndpi,46_3,32200.72953869393,10817.783390650664,0.9097732390201744,0.9097732390201744,KI67,29874.16090590738,11506.88473401654
46,46_HE_val.ndpi,46_KI67_val.ndpi,46_4,32284.44913758941,10484.606931986451,0.9097732390201744,0.9097732390201744,KI67,29981.113293476865,11203.883811341992
46,46_HE_val.ndpi,46_KI67_val.ndpi,46_5,31674.977928127428,12576.841566406842,0.9097732390201744,0.9097732390201744,KI67,29770.218302546567,12854.133860143202
46,46_HE_val.ndpi,46_KI67_val.ndpi,46_6,32291.860089076246,12123.412474190112,0.9097732390201744,0.9097732390201744,KI67,30187.60659900934,12470.81594719043
46,46_HE_val.ndpi,46_KI67_val.ndpi,46_7,34096.685697136,11320.497938278342,0.9097732390201744,0.9097732390201744,KI67,31253.24124355214,12137.174060523848
46,46_HE_val.ndpi,46_KI67_val.ndpi,46_8,34371.88892547823,11131.271303000924,0.9097732390201744,0.9097732390201744,KI67,31439.81821553596,12010.06143190848
46,46_HE_val.ndpi,46_KI67_val.ndpi,46_9,34668.45163999295,10719.753329236142,0.9097732390201744,0.9097732390201744,KI67,31639.47491869406,11666.974087865276
46,46_HE_val.ndpi,46_KI67_val.ndpi,46_10,34992.629849255514,10456.10403723486,0.9097732390201744,0.9097732390201744,KI67,31908.685762638626,11413.696328149257
46,46_HE_val.ndpi,46_KI67_val.ndpi,46_11,36423.72042538857,10636.228460164728,0.9097732390201744,0.9097732390201744,KI67,33337.532500058114,11519.844320843587
46,46_HE_val.ndpi,46_KI67_val.ndpi,46_12,36382.411062210114,11798.063287052375,0.9097732390201744,0.9097732390201744,KI67,33401.47946381446,12654.66736267722
46,46_HE_val.ndpi,46_KI67_val.ndpi,46_13,35318.897204709036,12474.280378322017,0.9097732390201744,0.9097732390201744,KI67,32389.678454507168,13370.128192810018
46,46_HE_val.ndpi,46_KI67_val.ndpi,46_14,38856.371031282586,11136.982779733748,0.9097732390201744,0.9097732390201744,KI67,35840.021439361175,11843.051137670622
46,46_HE_val.ndpi,46_KI67_val.ndpi,46_15,38593.97095506431,11101.773777059749,0.9097732390201744,0.9097732390201744,KI67,35554.92750679475,11833.154566349362
46,46_HE_val.ndpi,46_KI67_val.ndpi,46_16,36676.212391336965,9694.549839193754,0.9097732390201744,0.9097732390201744,KI67,33535.089500543305,10572.061929929221
46,46_HE_val.ndpi,46_KI67_val.ndpi,46_17,38511.71066676495,10509.67464304948,0.9097732390201744,0.9097732390201744,KI67,35435.17093590458,11249.434999486017
46,46_HE_val.ndpi,46_KI67_val.ndpi,46_18,39380.70551514028,10424.586688950018,0.9097732390201744,0.9097732390201744,KI67,36348.28094850536,11101.632546845633
46,46_HE_val.ndpi,46_KI67_val.ndpi,46_19,36643.6980163036,8920.452732671913,0.9097732390201744,0.9097732390201744,KI67,33445.38048899974,9823.897890535905
46,46_HE_val.ndpi,46_KI67_val.ndpi,46_20,28967.13549533718,6432.787031846646,0.9097732390201744,0.9097732390201744,KI67,26798.704345314545,6612.012558989794
46,46_HE_val.ndpi,46_KI67_val.ndpi,46_21,27757.297051094047,6643.008798498899,0.9097732390201744,0.9097732390201744,KI67,26220.32688857176,6659.295341719152
46,46_HE_val.ndpi,46_KI67_val.ndpi,46_22,27020.264501974765,9408.449109821995,0.9097732390201744,0.9097732390201744,KI67,25949.367743775016,9302.680873208721
46,46_HE_val.ndpi,46_KI67_val.ndpi,46_23,26492.191509084594,9235.614678861895,0.9097732390201744,0.9097732390201744,KI67,25538.72757932267,9040.936441327536
46,46_HE_val.ndpi,46_KI67_val.ndpi,46_24,27759.01377602052,8937.08074300609,0.9097732390201744,0.9097732390201744,KI67,26427.52565470454,9009.812866274986
46,46_HE_val.ndpi,46_KI67_val.ndpi,46_25,31780.419032119415,8408.66898938116,0.9097732390201744,0.9097732390201744,KI67,29162.24939941366,9329.867329588933
46,46_HE_val.ndpi,46_KI67_val.ndpi,46_26,33449.298213424336,8548.739992500683,0.9097732390201744,0.9097732390201744,KI67,30321.61499354125,9585.866762597776
46,46_HE_val.ndpi,46_KI67_val.ndpi,46_27,35330.76043722923,6541.516326355211,0.9097732390201744,0.9097732390201744,KI67,31876.396121806232,7567.027312505574
46,46_HE_val.ndpi,46_KI67_val.ndpi,46_28,33517.436929640375,7106.155751967908,0.9097732390201744,0.9097732390201744,KI67,30258.49069246846,8202.602288632404
46,46_HE_val.ndpi,46_KI67_val.ndpi,46_29,31390.219367967453,6708.616957915672,0.9097732390201744,0.9097732390201744,KI67,28520.171572100382,7513.66519179832
46,46_HE_val.ndpi,46_KI67_val.ndpi,46_30,29625.131917882118,9033.962654101057,0.9097732390201744,0.9097732390201744,KI67,27631.891919258764,9542.775411273602
46,46_HE_val.ndpi,46_KI67_val.ndpi,46_31,30040.03145580696,12095.816791688754,0.9097732390201744,0.9097732390201744,KI67,28340.630429472974,12576.330935078888
46,46_HE_val.ndpi,46_KI67_val.ndpi,46_32,37940.280854720506,11915.71787145863,0.9097732390201744,0.9097732390201744,KI67,34929.095335096965,12687.487564298926
46,46_HE_val.ndpi,46_KI67_val.ndpi,46_33,37378.15155152536,12286.88040274459,0.9097732390201744,0.9097732390201744,KI67,34411.96899333177,13071.071306714852
46,46_HE_val.ndpi,46_KI67_val.ndpi,46_34,33344.206744782605,12688.87611588676,0.9097732390201744,0.9097732390201744,KI67,30937.483594362642,13369.408206450593
46,46_HE_val.ndpi,46_KI67_val.ndpi,46_35,34529.40359977462,12105.377228525598,0.9097732390201744,0.9097732390201744,KI67,31660.675899877053,12983.476831345391
46,46_HE_val.ndpi,46_KI67_val.ndpi,46_36,33366.66610854018,12415.295950721316,0.9097732390201744,0.9097732390201744,KI67,30909.185009820583,13049.053520408668
46,46_HE_val.ndpi,46_KI67_val.ndpi,46_37,33416.509056980794,11684.124757370002,0.9097732390201744,0.9097732390201744,KI67,30808.96312747993,12332.929506788869
46,46_HE_val.ndpi,46_KI67_val.ndpi,46_38,32593.342189432646,12813.468341897827,0.9097732390201744,0.9097732390201744,KI67,30411.967713731126,13364.177007208515
46,46_HE_val.ndpi,46_KI67_val.ndpi,46_39,25978.30354800745,10869.91984488376,0.9097732390201744,0.9097732390201744,KI67,25156.86970317315,10715.76643075492
46,46_HE_val.ndpi,46_KI67_val.ndpi,46_40,26183.902571657673,11137.821602973501,0.9097732390201744,0.9097732390201744,KI67,25358.5226118401,11091.737844617615
46,46_HE_val.ndpi,46_KI67_val.ndpi,46_41,26417.537825805717,11804.460861475845,0.9097732390201744,0.9097732390201744,KI67,25480.062395979716,11914.138937039985
46,46_HE_val.ndpi,46_KI67_val.ndpi,46_42,27436.18753389109,11399.49308761928,0.9097732390201744,0.9097732390201744,KI67,26236.916262162566,11549.197892226433
46,46_HE_val.ndpi,46_KI67_val.ndpi,46_43,25368.688736282867,7485.5099071877585,0.9097732390201744,0.9097732390201744,KI67,24362.392499922273,7296.128091912107
46,46_HE_val.ndpi,46_KI67_val.ndpi,46_44,26390.453581090205,7036.930219223562,0.9097732390201744,0.9097732390201744,KI67,25235.6548888819,7009.269173920899
46,46_HE_val.ndpi,46_KI67_val.ndpi,46_45,25839.0743813009,6884.288519846856,0.9097732390201744,0.9097732390201744,KI67,24979.798379693864,6714.2060080364345
46,46_HE_val.ndpi,46_KI67_val.ndpi,46_46,27296.95836718456,6937.24584412041,0.9097732390201744,0.9097732390201744,KI67,25968.625033590026,6991.964235001766
46,46_HE_val.ndpi,46_KI67_val.ndpi,46_47,28690.61328395493,8395.393267002295,0.9097732390201744,0.9097732390201744,KI67,27199.701672042964,8788.739784378253
46,46_HE_val.ndpi,46_KI67_val.ndpi,46_48,29090.511132329655,9461.606126752496,0.9097732390201744,0.9097732390201744,KI67,27452.719848845056,9805.775427972507
46,46_HE_val.ndpi,46_KI67_val.ndpi,46_49,29688.448952167666,8593.406613929055,0.9097732390201744,0.9097732390201744,KI67,27706.403018333283,9169.95227606688
46,46_HE_val.ndpi,46_KI67_val.ndpi,46_50,29018.84502813328,10267.449045132,0.9097732390201744,0.9097732390201744,KI67,27593.187843404914,10545.258910371147
77,77_HE_val.ndpi,77_HER2_val.ndpi,77_1,14840.511316433667,21890.16897211908,0.907338096858342,0.907338096858342,HER2,5475.497945261302,20802.986244375054
77,77_HE_val.ndpi,77_HER2_val.ndpi,77_2,15944.539385355492,21080.28916605181,0.907338096858342,0.907338096858342,HER2,6340.32817468678,20070.535966774158
77,77_HE_val.ndpi,77_HER2_val.ndpi,77_3,16536.735374130734,16985.749052612522,0.907338096858342,0.907338096858342,HER2,6799.6822701762785,16092.553670857602
77,77_HE_val.ndpi,77_HER2_val.ndpi,77_4,17799.896089880545,18501.20714529596,0.907338096858342,0.907338096858342,HER2,8152.4931177352955,17711.094238137317
77,77_HE_val.ndpi,77_HER2_val.ndpi,77_5,20450.987692236882,19142.380266589418,0.907338096858342,0.907338096858342,HER2,10621.65252247406,18185.421128804137
77,77_HE_val.ndpi,77_HER2_val.ndpi,77_6,21678.948844756258,18747.110417230982,0.907338096858342,0.907338096858342,HER2,11574.555060586072,17740.735744533904
77,77_HE_val.ndpi,77_HER2_val.ndpi,77_7,20939.110611755143,16473.739498200797,0.907338096858342,0.907338096858342,HER2,11021.130427703138,15627.308866387073
77,77_HE_val.ndpi,77_HER2_val.ndpi,77_8,14675.502093358517,15478.246359297067,0.907338096858342,0.907338096858342,HER2,5121.798997803058,14736.133162975497
77,77_HE_val.ndpi,77_HER2_val.ndpi,77_9,27814.11953577059,15278.443860950745,0.907338096858342,0.907338096858342,HER2,17525.235346102323,14559.725760846795
77,77_HE_val.ndpi,77_HER2_val.ndpi,77_10,29567.56663576521,14861.271019050359,0.907338096858342,0.907338096858342,HER2,19367.215614067172,14007.996985432854
77,77_HE_val.ndpi,77_HER2_val.ndpi,77_11,25556.10698145764,17320.318837505154,0.907338096858342,0.907338096858342,HER2,15543.497826329552,16522.690715428802
77,77_HE_val.ndpi,77_HER2_val.ndpi,77_12,26063.383457712334,17516.33089421666,0.907338096858342,0.907338096858342,HER2,16053.741798597335,16733.878389349335
77,77_HE_val.ndpi,77_HER2_val.ndpi,77_13,30619.971093779302,16218.430164257006,0.907338096858342,0.907338096858342,HER2,20307.786985224426,15337.476396739961
77,77_HE_val.ndpi,77_HER2_val.ndpi,77_14,32356.41463537346,17286.08371216879,0.907338096858342,0.907338096858342,HER2,22036.602225433657,16284.411335267128
77,77_HE_val.ndpi,77_HER2_val.ndpi,77_15,34160.04347176332,18519.727021158258,0.907338096858342,0.907338096858342,HER2,23820.19046660214,17530.81151739701
77,77_HE_val.ndpi,77_HER2_val.ndpi,77_16,37110.63128309489,18708.437362675417,0.907338096858342,0.907338096858342,HER2,25933.57571862235,17751.81697047329
77,77_HE_val.ndpi,77_HER2_val.ndpi,77_17,37915.265924166546,19084.45470074384,0.907338096858342,0.907338096858342,HER2,26675.576000877532,18325.413748186253
77,77_HE_val.ndpi,77_HER2_val.ndpi,77_18,37899.22693500419,17955.592627290484,0.907338096858342,0.907338096858342,HER2,26646.74677830903,17371.94372078809
77,77_HE_val.ndpi,77_HER2_val.ndpi,77_19,34861.39547845878,16332.168942805163,0.907338096858342,0.907338096858342,HER2,24404.087136535938,15307.622138658986
77,77_HE_val.ndpi,77_HER2_val.ndpi,77_20,39731.45692129253,17290.587849484968,0.907338096858342,0.907338096858342,HER2,28414.28326055944,16946.895038709863
77,77_HE_val.ndpi,77_HER2_val.ndpi,77_21,41545.84773743813,19997.60435086773,0.907338096858342,0.907338096858342,HER2,29433.77953466276,19235.477276840436
77,77_HE_val.ndpi,77_HER2_val.ndpi,77_22,38626.3865781653,16298.103141581092,0.907338096858342,0.907338096858342,HER2,27492.86591316993,15768.54064609213
77,77_HE_val.ndpi,77_HER2_val.ndpi,77_23,40954.6973882254,13776.14223472434,0.907338096858342,0.907338096858342,HER2,29419.72599902542,13118.612682265557
77,77_HE_val.ndpi,77_HER2_val.ndpi,77_24,40320.07295639808,11501.537569478454,0.907338096858342,0.907338096858342,HER2,28689.52827143473,10861.53760193057
77,77_HE_val.ndpi,77_HER2_val.ndpi,77_25,39236.603099403736,12814.856154424875,0.907338096858342,0.907338096858342,HER2,27880.972609525346,12119.584095505646
77,77_HE_val.ndpi,77_HER2_val.ndpi,77_26,39992.48325047801,7541.816182138551,0.907338096858342,0.907338096858342,HER2,28724.28191414161,7419.747103906295
77,77_HE_val.ndpi,77_HER2_val.ndpi,77_27,38488.21779667205,7999.055944816742,0.907338096858342,0.907338096858342,HER2,27440.732105481246,7776.23476078997
77,77_HE_val.ndpi,77_HER2_val.ndpi,77_28,38920.18816469056,7261.754712211115,0.907338096858342,0.907338096858342,HER2,27908.953085196616,7143.242284625309
77,77_HE_val.ndpi,77_HER2_val.ndpi,77_29,36860.45736011518,8636.939439223768,0.907338096858342,0.907338096858342,HER2,25498.858368459772,8217.312214496764
77,77_HE_val.ndpi,77_HER2_val.ndpi,77_30,36717.42621073023,9861.041706281358,0.907338096858342,0.907338096858342,HER2,25474.054643641142,9277.061779457388
77,77_HE_val.ndpi,77_HER2_val.ndpi,77_31,36129.102963914185,9769.24449589866,0.907338096858342,0.907338096858342,HER2,24873.819701075117,9165.456269818122
77,77_HE_val.ndpi,77_HER2_val.ndpi,77_32,35326.99624178291,12472.171697392325,0.907338096858342,0.907338096858342,HER2,24691.015895665812,11732.295297944442
77,77_HE_val.ndpi,77_HER2_val.ndpi,77_33,36327.128389922895,15604.173575141867,0.907338096858342,0.907338096858342,HER2,25322.784416964296,14914.631448844139
77,77_HE_val.ndpi,77_HER2_val.ndpi,77_34,30740.002312395143,11408.5958898534,0.907338096858342,0.907338096858342,HER2,20480.600376455845,10801.140447003087
77,77_HE_val.ndpi,77_HER2_val.ndpi,77_35,29689.030487729833,12481.01589777604,0.907338096858342,0.907338096858342,HER2,19326.960825094477,11593.537509408246
77,77_HE_val.ndpi,77_HER2_val.ndpi,77_36,29392.98751864365,11913.912234906473,0.907338096858342,0.907338096858342,HER2,19130.198904208482,11142.520131313368
77,77_HE_val.ndpi,77_HER2_val.ndpi,77_37,28191.20482738209,13808.939778566091,0.907338096858342,0.907338096858342,HER2,17666.765933574497,13053.202122182325
77,77_HE_val.ndpi,77_HER2_val.ndpi,77_38,33525.504875910425,13863.170969114954,0.907338096858342,0.907338096858342,HER2,23184.290049556515,13141.023504709416
77,77_HE_val.ndpi,77_HER2_val.ndpi,77_39,28798.28631785109,6623.2464162339475,0.907338096858342,0.907338096858342,HER2,18591.45752737866,6200.49557104208
77,77_HE_val.ndpi,77_HER2_val.ndpi,77_40,29285.05264710399,5152.313455325073,0.907338096858342,0.907338096858342,HER2,19147.986649022525,4831.478381319612
77,77_HE_val.ndpi,77_HER2_val.ndpi,77_41,31860.1638980173,9251.721926750335,0.907338096858342,0.907338096858342,HER2,21482.35582342155,8706.196917827356
77,77_HE_val.ndpi,77_HER2_val.ndpi,77_42,34176.72138921477,9666.537604763527,0.907338096858342,0.907338096858342,HER2,23746.45892299507,9094.195016825634
77,77_HE_val.ndpi,77_HER2_val.ndpi,77_43,25083.32917563465,8606.219567917546,0.907338096858342,0.907338096858342,HER2,14920.859868249552,8218.287133987102
77,77_HE_val.ndpi,77_HER2_val.ndpi,77_44,24832.385137633304,7993.358808863964,0.907338096858342,0.907338096858342,HER2,14714.68398063133,7634.99020371399
77,77_HE_val.ndpi,77_HER2_val.ndpi,77_45,21904.86189552202,8414.95207813655,0.907338096858342,0.907338096858342,HER2,11863.187985782937,7925.695915261207
77,77_HE_val.ndpi,77_HER2_val.ndpi,77_46,17988.147810605376,8032.493359669852,0.907338096858342,0.907338096858342,HER2,8206.208787657935,7479.923480709257
77,77_HE_val.ndpi,77_HER2_val.ndpi,77_47,17414.857173508855,8876.00758915736,0.907338096858342,0.907338096858342,HER2,7958.845081053755,8188.346198316952
77,77_HE_val.ndpi,77_HER2_val.ndpi,77_48,26018.38432350278,2738.425110747969,0.907338096858342,0.907338096858342,HER2,15946.484892442257,2578.3245216469268
77,77_HE_val.ndpi,77_HER2_val.ndpi,77_49,27640.89337667875,3805.3083029425893,0.907338096858342,0.907338096858342,HER2,17363.452564349103,3571.9391402758706
77,77_HE_val.ndpi,77_HER2_val.ndpi,77_50,35394.09214686038,5175.675347429634,0.907338096858342,0.907338096858342,HER2,24382.466444319172,4916.206267728464
19,19_HE_val.ndpi,19_ER_val.ndpi,19_1,28003.18942383467,3895.562407707987,0.907338096858342,0.907338096858342,ER,4877.9177482133855,25464.359095096203
19,19_HE_val.ndpi,19_ER_val.ndpi,19_2,27340.1266558055,4666.372875541865,0.907338096858342,0.907338096858342,ER,6166.895832233188,24798.90433262827
19,19_HE_val.ndpi,19_ER_val.ndpi,19_3,28367.873946250667,4724.390867744414,0.907338096858342,0.907338096858342,ER,4213.233879470636,24512.531167911933
19,19_HE_val.ndpi,19_ER_val.ndpi,19_4,27394.00050570788,3891.4182654078054,0.907338096858342,0.907338096858342,ER,6117.499197264188,25595.702455746035
19,19_HE_val.ndpi,19_ER_val.ndpi,19_5,28715.98189946598,5615.381462283575,0.907338096858342,0.907338096858342,ER,3669.2203907797343,23429.72528751743
19,19_HE_val.ndpi,19_ER_val.ndpi,19_6,28041.177394919694,5600.876964232951,0.907338096858342,0.907338096858342,ER,4973.501181118389,23527.54207980051
19,19_HE_val.ndpi,19_ER_val.ndpi,19_7,27412.64914605873,5386.762945390208,0.907338096858342,0.907338096858342,ER,6039.137843394935,23870.85122059619
19,19_HE_val.ndpi,19_ER_val.ndpi,19_8,27813.24956840968,6319.194962931184,0.907338096858342,0.907338096858342,ER,5510.197071638936,22422.64784030403
19,19_HE_val.ndpi,19_ER_val.ndpi,19_9,25717.00425490089,6650.726346945752,0.907338096858342,0.907338096858342,ER,8189.852334756384,22194.401354336227
19,19_HE_val.ndpi,19_ER_val.ndpi,19_10,26970.60730070596,6374.450193600291,0.907338096858342,0.907338096858342,ER,6807.245281200537,22407.110575757815
19,19_HE_val.ndpi,19_ER_val.ndpi,19_11,26570.00687835499,7427.7530282299085,0.907338096858342,0.907338096858342,ER,6940.003301831305,20921.344765763548
19,19_HE_val.ndpi,19_ER_val.ndpi,19_12,25962.19934099499,7451.927191647638,0.907338096858342,0.907338096858342,ER,7421.00924921335,21153.977451412204
19,19_HE_val.ndpi,19_ER_val.ndpi,19_13,27749.42609330479,7674.2067977813085,0.907338096858342,0.907338096858342,ER,5873.2601987012185,20840.362422904593
19,19_HE_val.ndpi,19_ER_val.ndpi,19_14,28396.948327708218,7957.197996520606,0.907338096858342,0.907338096858342,ER,4921.401874921827,20717.007377928603
19,19_HE_val.ndpi,19_ER_val.ndpi,19_15,28173.912891413693,7300.082840125977,0.907338096858342,0.907338096858342,ER,5418.497138109204,21299.690305095024
19,19_HE_val.ndpi,19_ER_val.ndpi,19_16,29809.98573700645,7317.350099710096,0.907338096858342,0.907338096858342,ER,2511.6278195230175,21599.72428643637
19,19_HE_val.ndpi,19_ER_val.ndpi,19_17,29438.739655948462,7936.093568140074,0.907338096858342,0.907338096858342,ER,3396.5883675517935,20911.686920323493
19,19_HE_val.ndpi,19_ER_val.ndpi,19_18,28963.890017385937,7081.364218727492,0.907338096858342,0.907338096858342,ER,3714.660259694461,21761.378866776296
19,19_HE_val.ndpi,19_ER_val.ndpi,19_19,29691.99279651515,6618.026086554354,0.907338096858342,0.907338096858342,ER,2317.1124281317957,22279.40883597497
19,19_HE_val.ndpi,19_ER_val.ndpi,19_20,31210.215188484544,6375.148522507689,0.907338096858342,0.907338096858342,ER,247.07086923904626,22592.45025907635
19,19_HE_val.ndpi,19_ER_val.ndpi,19_21,30482.75193748809,4626.358843518795,0.907338096858342,0.907338096858342,ER,267.0219977421498,24797.953601969482
19,19_HE_val.ndpi,19_ER_val.ndpi,19_22,31072.71663994457,4904.553581262501,0.907338096858342,0.907338096858342,ER,-236.62189256273464,24381.74317148459
19,19_HE_val.ndpi,19_ER_val.ndpi,19_23,29818.44208960005,4957.314652213891,0.907338096858342,0.907338096858342,ER,1598.6036817002214,24294.147065724297
19,19_HE_val.ndpi,19_ER_val.ndpi,19_24,32506.618654573565,4337.6918326014065,0.907338096858342,0.907338096858342,ER,-1927.55956921279,24968.616151251637
19,19_HE_val.ndpi,19_ER_val.ndpi,19_25,33795.27191312332,4266.415978090315,0.907338096858342,0.907338096858342,ER,-3116.5184854393597,24692.970594148705
19,19_HE_val.ndpi,19_ER_val.ndpi,19_26,35470.68849433948,2980.959393640399,0.907338096858342,0.907338096858342,ER,-5201.730164917887,25608.693558206567
19,19_HE_val.ndpi,19_ER_val.ndpi,19_27,35719.076335812984,2845.2084445464757,0.907338096858342,0.907338096858342,ER,-5426.456879663193,25556.75835053188
19,19_HE_val.ndpi,19_ER_val.ndpi,19_28,36058.66577430011,3541.654581104872,0.907338096858342,0.907338096858342,ER,-5370.514541248981,25174.78172967323
19,19_HE_val.ndpi,19_ER_val.ndpi,19_29,37454.408906911405,3763.2105534464704,0.907338096858342,0.907338096858342,ER,-6145.143261328317,24559.05017499777
19,19_HE_val.ndpi,19_ER_val.ndpi,19_30,24972.638885337958,15587.407920205293,0.907338096858342,0.907338096858342,ER,5426.924717233037,10430.398474506504
19,19_HE_val.ndpi,19_ER_val.ndpi,19_31,23325.710049691887,15576.924988229392,0.907338096858342,0.907338096858342,ER,6519.396476046206,10126.711809179857
19,19_HE_val.ndpi,19_ER_val.ndpi,19_32,23344.242231969747,16723.43968773462,0.907338096858342,0.907338096858342,ER,6803.331296228576,8357.21962975731
19,19_HE_val.ndpi,19_ER_val.ndpi,19_33,20383.371003525182,17879.640504428662,0.907338096858342,0.907338096858342,ER,10366.508524084706,6991.38275213261
19,19_HE_val.ndpi,19_ER_val.ndpi,19_34,21317.93179704404,15888.933853966091,0.907338096858342,0.907338096858342,ER,8708.72705351618,9808.372688080304
19,19_HE_val.ndpi,19_ER_val.ndpi,19_35,18771.030833762557,14798.240101057396,0.907338096858342,0.907338096858342,ER,12664.813152333048,12872.974763807053
19,19_HE_val.ndpi,19_ER_val.ndpi,19_36,23494.58432538997,12729.339607095792,0.907338096858342,0.907338096858342,ER,6526.46214320531,15111.589348768563
19,19_HE_val.ndpi,19_ER_val.ndpi,19_37,21109.255579326,11857.886191385325,0.907338096858342,0.907338096858342,ER,9111.479719854624,17048.872103058107
19,19_HE_val.ndpi,19_ER_val.ndpi,19_38,31632.045042029014,13447.958515399487,0.907338096858342,0.907338096858342,ER,1584.178809716942,13380.297098216057
19,19_HE_val.ndpi,19_ER_val.ndpi,19_39,30715.920991873012,12697.312369591034,0.907338096858342,0.907338096858342,ER,2160.3300341781633,14333.257504690677
19,19_HE_val.ndpi,19_ER_val.ndpi,19_40,29958.080154571187,12908.35665339661,0.907338096858342,0.907338096858342,ER,2154.0714786961767,14146.772383400585
19,19_HE_val.ndpi,19_ER_val.ndpi,19_41,28981.718416651915,13277.610604321071,0.907338096858342,0.907338096858342,ER,2390.504901659529,13660.836478171193
19,19_HE_val.ndpi,19_ER_val.ndpi,19_42,29588.04105922167,14142.606098463113,0.907338096858342,0.907338096858342,ER,1648.3233770970642,12179.694681271823
19,19_HE_val.ndpi,19_ER_val.ndpi,19_43,28891.37758542265,11743.42950833407,0.907338096858342,0.907338096858342,ER,3337.6265970522627,16038.18838772053
19,19_HE_val.ndpi,19_ER_val.ndpi,19_44,29731.717551848476,11176.487818656376,0.907338096858342,0.907338096858342,ER,3341.4345752919558,17014.951732278885
19,19_HE_val.ndpi,19_ER_val.ndpi,19_45,30707.317718349703,11792.353410488999,0.907338096858342,0.907338096858342,ER,2708.3747387582243,15711.137793647613
19,19_HE_val.ndpi,19_ER_val.ndpi,19_46,31541.901931580825,10949.13556746583,0.907338096858342,0.907338096858342,ER,2106.0757357460384,17463.159175843146
19,19_HE_val.ndpi,19_ER_val.ndpi,19_47,31323.183310182318,9970.657524367269,0.907338096858342,0.907338096858342,ER,2237.116526708244,18684.369411704414
19,19_HE_val.ndpi,19_ER_val.ndpi,19_48,30491.476973548546,10330.392099035857,0.907338096858342,0.907338096858342,ER,2886.9606294031005,18071.038461528125
19,19_HE_val.ndpi,19_ER_val.ndpi,19_49,29780.641454003413,9700.137124216491,0.907338096858342,0.907338096858342,ER,3605.388774623027,18584.738185674552
19,19_HE_val.ndpi,19_ER_val.ndpi,19_50,30275.636228747382,9251.188375030097,0.907338096858342,0.907338096858342,ER,3039.5294556278327,19370.963641346352
58,58_HE_val.ndpi,58_ER_val.ndpi,58_1,23643.962144782465,3402.0616187743803,0.919793966151582,0.919793966151582,ER,16653.77897101804,-1627.8576038357648
58,58_HE_val.ndpi,58_ER_val.ndpi,58_2,23490.0327602073,2713.447341227066,0.919793966151582,0.919793966151582,ER,16340.451404649722,-2027.5742510888633
58,58_HE_val.ndpi,58_ER_val.ndpi,58_3,23444.856856426948,2234.75902552018,0.919793966151582,0.919793966151582,ER,16391.882795278525,-2302.217296541643
58,58_HE_val.ndpi,58_ER_val.ndpi,58_4,22036.641459539882,2393.5656032787892,0.919793966151582,0.919793966151582,ER,14496.50756484775,-1775.9882840814926
58,58_HE_val.ndpi,58_ER_val.ndpi,58_5,21176.45819765013,3344.6439817369737,0.919793966151582,0.919793966151582,ER,13774.254254741894,-826.5980573366068
58,58_HE_val.ndpi,58_ER_val.ndpi,58_6,19232.683370463776,3753.644395780731,0.919793966151582,0.919793966151582,ER,11730.634758956887,-512.430595387472
58,58_HE_val.ndpi,58_ER_val.ndpi,58_7,20921.940662401652,5727.231705227725,0.919793966151582,0.919793966151582,ER,13505.120477810742,828.9852675509132
58,58_HE_val.ndpi,58_ER_val.ndpi,58_8,22773.68189945249,7118.2666499203515,0.919793966151582,0.919793966151582,ER,16026.926832508676,1853.9097274261603
58,58_HE_val.ndpi,58_ER_val.ndpi,58_9,16866.060429849018,11758.416516485608,0.919793966151582,0.919793966151582,ER,10117.496322881214,7686.50531350662
58,58_HE_val.ndpi,58_ER_val.ndpi,58_10,17729.755815706772,12466.999261617872,0.919793966151582,0.919793966151582,ER,11088.528183733717,8291.676524124454
58,58_HE_val.ndpi,58_ER_val.ndpi,58_11,16614.00238867011,12727.870521019819,0.919793966151582,0.919793966151582,ER,9899.249301803697,8669.394830332858
58,58_HE_val.ndpi,58_ER_val.ndpi,58_12,17006.71892265039,15127.962723761386,0.919793966151582,0.919793966151582,ER,10940.084981309774,11137.366444802996
58,58_HE_val.ndpi,58_ER_val.ndpi,58_13,17116.21907887804,14730.864407831734,0.919793966151582,0.919793966151582,ER,10886.779156730418,10754.954549444443
58,58_HE_val.ndpi,58_ER_val.ndpi,58_14,16182.64742253431,16368.640797326694,0.919793966151582,0.919793966151582,ER,10105.967762650049,12616.349345610257
58,58_HE_val.ndpi,58_ER_val.ndpi,58_15,17841.993229400854,19039.800308276637,0.919793966151582,0.919793966151582,ER,12102.408187619103,15580.439215091326
58,58_HE_val.ndpi,58_ER_val.ndpi,58_16,17072.23240786655,21666.830410868217,0.919793966151582,0.919793966151582,ER,11176.330374565008,18253.391647512162
58,58_HE_val.ndpi,58_ER_val.ndpi,58_17,18823.91868923881,20860.51082522945,0.919793966151582,0.919793966151582,ER,13279.831804660258,17420.624596057904
58,58_HE_val.ndpi,58_ER_val.ndpi,58_18,19937.92225767276,21098.125329860148,0.919793966151582,0.919793966151582,ER,14109.3615185977,17655.022039964995
58,58_HE_val.ndpi,58_ER_val.ndpi,58_19,23147.63757971521,21156.11630576774,0.919793966151582,0.919793966151582,ER,16660.3759397065,17969.93895397839
58,58_HE_val.ndpi,58_ER_val.ndpi,58_20,25815.977470492282,21216.43342726037,0.919793966151582,0.919793966151582,ER,19578.38569589891,18372.832192313057
58,58_HE_val.ndpi,58_ER_val.ndpi,58_21,27088.095722475675,20718.647030871896,0.919793966151582,0.919793966151582,ER,21036.289851035464,17870.64229287384
58,58_HE_val.ndpi,58_ER_val.ndpi,58_22,34839.491290007485,20548.325701073027,0.919793966151582,0.919793966151582,ER,30711.88637764597,18688.31031215626
58,58_HE_val.ndpi,58_ER_val.ndpi,58_23,34217.66978204866,20172.53986850736,0.919793966151582,0.919793966151582,ER,30055.545437653367,18372.702945486293
58,58_HE_val.ndpi,58_ER_val.ndpi,58_24,35793.913861239125,20236.38673830093,0.919793966151582,0.919793966151582,ER,32352.237893512352,18853.090346590885
58,58_HE_val.ndpi,58_ER_val.ndpi,58_25,37435.287623097815,20816.084980139523,0.919793966151582,0.919793966151582,ER,34549.05677509239,19284.391339679045
58,58_HE_val.ndpi,58_ER_val.ndpi,58_26,37366.756038195475,19810.95506823842,0.919793966151582,0.919793966151582,ER,34846.50684670197,19506.826509526443
58,58_HE_val.ndpi,58_ER_val.ndpi,58_27,38252.30820524643,19304.15976754079,0.919793966151582,0.919793966151582,ER,35627.04279876095,19297.455670866537
58,58_HE_val.ndpi,58_ER_val.ndpi,58_28,37228.28555803701,18252.933763091918,0.919793966151582,0.919793966151582,ER,34295.50120941107,17684.122624051335
58,58_HE_val.ndpi,58_ER_val.ndpi,58_29,37351.91080273351,17491.538375721015,0.919793966151582,0.919793966151582,ER,34264.32102240529,16421.298964820868
58,58_HE_val.ndpi,58_ER_val.ndpi,58_30,39271.50869814659,16365.956447722005,0.919793966151582,0.919793966151582,ER,35686.77988309398,15109.072388003686
58,58_HE_val.ndpi,58_ER_val.ndpi,58_31,39224.93767889517,14726.005209790268,0.919793966151582,0.919793966151582,ER,34707.167888202064,12593.97584308598
58,58_HE_val.ndpi,58_ER_val.ndpi,58_32,40579.40946000833,14187.036727176372,0.919793966151582,0.919793966151582,ER,35857.889359655455,12143.83377433621
58,58_HE_val.ndpi,58_ER_val.ndpi,58_33,41547.7988277813,10224.949656467315,0.919793966151582,0.919793966151582,ER,35679.825149259195,7391.525327066898
58,58_HE_val.ndpi,58_ER_val.ndpi,58_34,39856.243193608905,9301.988071379108,0.919793966151582,0.919793966151582,ER,33906.83046349992,6063.980378126675
58,58_HE_val.ndpi,58_ER_val.ndpi,58_35,39813.93974613831,8170.370851540974,0.919793966151582,0.919793966151582,ER,33757.46328226308,4914.572159906876
58,58_HE_val.ndpi,58_ER_val.ndpi,58_36,33278.86296427232,8830.086199440242,0.919793966151582,0.919793966151582,ER,27923.0518745606,4545.333457126494
58,58_HE_val.ndpi,58_ER_val.ndpi,58_37,32326.084484392843,9367.057814259975,0.919793966151582,0.919793966151582,ER,26948.065815056525,4756.406887746872
58,58_HE_val.ndpi,58_ER_val.ndpi,58_38,32224.875232486378,8183.86955019433,0.919793966151582,0.919793966151582,ER,26754.74245414208,3665.3873200010316
58,58_HE_val.ndpi,58_ER_val.ndpi,58_39,31495.098474315968,6897.445266755594,0.919793966151582,0.919793966151582,ER,25706.714824160408,2373.71780035049
58,58_HE_val.ndpi,58_ER_val.ndpi,58_40,26798.117178809214,3969.591260777332,0.919793966151582,0.919793966151582,ER,20414.74997787067,-1400.5741844656902
58,58_HE_val.ndpi,58_ER_val.ndpi,58_41,27490.248583258497,3244.380910597574,0.919793966151582,0.919793966151582,ER,20626.902273289248,-1886.9494363999665
58,58_HE_val.ndpi,58_ER_val.ndpi,58_42,29497.270313175926,2720.714316104487,0.919793966151582,0.919793966151582,ER,22863.949610591335,-2039.9993246260092
58,58_HE_val.ndpi,58_ER_val.ndpi,58_43,31716.18565288373,2334.4314185880066,0.919793966151582,0.919793966151582,ER,25313.681637660913,-2200.9406441763895
58,58_HE_val.ndpi,58_ER_val.ndpi,58_44,31771.50265732664,5028.671077601567,0.919793966151582,0.919793966151582,ER,25822.95493901588,455.1933651969457
58,58_HE_val.ndpi,58_ER_val.ndpi,58_45,33346.96211410852,5675.6294757955575,0.919793966151582,0.919793966151582,ER,27195.891917230427,1361.5254216591793
58,58_HE_val.ndpi,58_ER_val.ndpi,58_46,34797.37862329317,6500.072524218312,0.919793966151582,0.919793966151582,ER,28712.328218496004,2300.9550438328415
58,58_HE_val.ndpi,58_ER_val.ndpi,58_47,35527.31868273732,7493.551077516503,0.919793966151582,0.919793966151582,ER,29587.58360724816,3410.6101891950293
58,58_HE_val.ndpi,58_ER_val.ndpi,58_48,28988.033245384297,15237.472429555977,0.919793966151582,0.919793966151582,ER,23024.637999300598,9917.720980194024
58,58_HE_val.ndpi,58_ER_val.ndpi,58_49,24294.815497152144,11438.160452403008,0.919793966151582,0.919793966151582,ER,18217.116984846052,6451.58177606689
58,58_HE_val.ndpi,58_ER_val.ndpi,58_50,24944.19615815897,10400.975492372803,0.919793966151582,0.919793966151582,ER,18925.00934344163,5010.8535484959575
12,12_HE_val.ndpi,12_ER_val.ndpi,12_1,16171.17465754836,1592.5103801131622,0.919793966151582,0.919793966151582,ER,6104.336725561906,4249.086226745022
12,12_HE_val.ndpi,12_ER_val.ndpi,12_2,18698.418687577352,5326.0886907874,0.919793966151582,0.919793966151582,ER,8347.445429125199,9344.253849969948
12,12_HE_val.ndpi,12_ER_val.ndpi,12_3,17744.668781956367,5928.54463658477,0.919793966151582,0.919793966151582,ER,7356.504873237521,9877.9105212713
12,12_HE_val.ndpi,12_ER_val.ndpi,12_4,17624.063269550374,7355.550072330227,0.919793966151582,0.919793966151582,ER,7087.212123362934,11416.882016383606
12,12_HE_val.ndpi,12_ER_val.ndpi,12_5,16142.561587962231,8951.672516164235,0.919793966151582,0.919793966151582,ER,5785.999832055137,13133.35304028431
12,12_HE_val.ndpi,12_ER_val.ndpi,12_6,13718.551748744205,11256.467832661372,0.919793966151582,0.919793966151582,ER,3095.108308789472,15542.881978854359
12,12_HE_val.ndpi,12_ER_val.ndpi,12_7,13513.23816522586,12419.46327498565,0.919793966151582,0.919793966151582,ER,3243.102957405023,16505.249538507716
12,12_HE_val.ndpi,12_ER_val.ndpi,12_8,14048.561485924021,14757.388329280171,0.919793966151582,0.919793966151582,ER,4049.4828123740053,19048.090792042178
12,12_HE_val.ndpi,12_ER_val.ndpi,12_9,16968.50459103889,11391.561435444974,0.919793966151582,0.919793966151582,ER,6822.217699907596,15535.098127218016
12,12_HE_val.ndpi,12_ER_val.ndpi,12_10,16096.665172552463,11651.849725601787,0.919793966151582,0.919793966151582,ER,5893.9754734030685,15889.058569364683
12,12_HE_val.ndpi,12_ER_val.ndpi,12_11,19314.446224994397,14048.441180953354,0.919793966151582,0.919793966151582,ER,9168.597969155966,18369.746402686924
12,12_HE_val.ndpi,12_ER_val.ndpi,12_12,19703.24696750289,12775.910018043762,0.919793966151582,0.919793966151582,ER,10013.182465139722,16734.070691641336
12,12_HE_val.ndpi,12_ER_val.ndpi,12_13,19581.602531200104,11855.953222962331,0.919793966151582,0.919793966151582,ER,9687.91390280058,15636.541072238222
12,12_HE_val.ndpi,12_ER_val.ndpi,12_14,20032.178073217223,11118.799615369548,0.919793966151582,0.919793966151582,ER,10792.95608477877,15193.072069582553
12,12_HE_val.ndpi,12_ER_val.ndpi,12_15,20534.984074729506,10730.272178555551,0.919793966151582,0.919793966151582,ER,11663.085039565098,15043.03720536399
12,12_HE_val.ndpi,12_ER_val.ndpi,12_16,18747.537406364958,9588.341096087885,0.919793966151582,0.919793966151582,ER,8769.135629791357,13857.05615206076
12,12_HE_val.ndpi,12_ER_val.ndpi,12_17,23868.45043233148,9078.77709826297,0.919793966151582,0.919793966151582,ER,15229.722289179792,14338.271960260226
12,12_HE_val.ndpi,12_ER_val.ndpi,12_18,23964.33012196435,10164.679078490371,0.919793966151582,0.919793966151582,ER,15927.1926157042,15777.193561242852
12,12_HE_val.ndpi,12_ER_val.ndpi,12_19,24641.49232543665,9390.08636863778,0.919793966151582,0.919793966151582,ER,16100.446124328902,14480.394738031158
12,12_HE_val.ndpi,12_ER_val.ndpi,12_20,20916.595521016592,5695.393114385334,0.919793966151582,0.919793966151582,ER,11009.174034799353,9900.591357551106
12,12_HE_val.ndpi,12_ER_val.ndpi,12_21,25240.35870538701,4839.436483764024,0.919793966151582,0.919793966151582,ER,16258.804111723257,8417.121349398141
12,12_HE_val.ndpi,12_ER_val.ndpi,12_22,23168.10485303777,2550.578332318953,0.919793966151582,0.919793966151582,ER,14346.196786239832,6679.450909925121
12,12_HE_val.ndpi,12_ER_val.ndpi,12_23,20378.25315530217,1556.8426805254676,0.919793966151582,0.919793966151582,ER,10652.2061217762,4576.933087509537
12,12_HE_val.ndpi,12_ER_val.ndpi,12_24,25826.11189167872,2105.728145194624,0.919793966151582,0.919793966151582,ER,16821.89575940293,5275.422144888971
12,12_HE_val.ndpi,12_ER_val.ndpi,12_25,26918.441630175508,4576.0307801980125,0.919793966151582,0.919793966151582,ER,17796.117052980146,7976.395466861059
12,12_HE_val.ndpi,12_ER_val.ndpi,12_26,29040.28495290605,5041.733087807374,0.919793966151582,0.919793966151582,ER,19782.00440489755,8428.938827007169
12,12_HE_val.ndpi,12_ER_val.ndpi,12_27,32462.61193923293,1868.0907876042852,0.919793966151582,0.919793966151582,ER,23140.591797313285,4685.880020673556
12,12_HE_val.ndpi,12_ER_val.ndpi,12_28,33295.43444524707,3525.72833736145,0.919793966151582,0.919793966151582,ER,23825.603886865505,6539.006006850048
12,12_HE_val.ndpi,12_ER_val.ndpi,12_29,29917.153101436383,10147.320902808753,0.919793966151582,0.919793966151582,ER,20660.924117984636,14397.779065177556
12,12_HE_val.ndpi,12_ER_val.ndpi,12_30,27127.551395694765,12223.17709412933,0.919793966151582,0.919793966151582,ER,17918.64702802064,16671.828135818418
12,12_HE_val.ndpi,12_ER_val.ndpi,12_31,24980.691445408775,5410.710322365335,0.919793966151582,0.919793966151582,ER,16071.044101537333,9153.875780974811
12,12_HE_val.ndpi,12_ER_val.ndpi,12_32,28052.72015126558,5833.033096876336,0.919793966151582,0.919793966151582,ER,18829.977232596746,9371.072595675923
12,12_HE_val.ndpi,12_ER_val.ndpi,12_33,27918.247232647987,6175.847621727176,0.919793966151582,0.919793966151582,ER,18691.516932049883,9767.980800453557
12,12_HE_val.ndpi,12_ER_val.ndpi,12_34,28627.14012792836,7998.530076224654,0.919793966151582,0.919793966151582,ER,19312.950087211717,11835.685764419708
12,12_HE_val.ndpi,12_ER_val.ndpi,12_35,22571.230418873078,14415.53142250615,0.919793966151582,0.919793966151582,ER,13569.539217280919,19112.928416703828
12,12_HE_val.ndpi,12_ER_val.ndpi,12_36,23439.2344545586,13053.166180354641,0.919793966151582,0.919793966151582,ER,15028.939550678631,17820.210579282313
12,12_HE_val.ndpi,12_ER_val.ndpi,12_37,22471.132844194395,11994.35930725084,0.919793966151582,0.919793966151582,ER,13924.51642910133,17176.263828013372
12,12_HE_val.ndpi,12_ER_val.ndpi,12_38,21695.905800911467,11722.215558280093,0.919793966151582,0.919793966151582,ER,12689.050651918482,16552.989864313146
12,12_HE_val.ndpi,12_ER_val.ndpi,12_39,23975.447274660284,6400.843213364045,0.919793966151582,0.919793966151582,ER,15415.761774375855,10630.420934790915
12,12_HE_val.ndpi,12_ER_val.ndpi,12_40,22977.951411766142,7555.9239466090785,0.919793966151582,0.919793966151582,ER,14351.954323877628,12329.007636886863
12,12_HE_val.ndpi,12_ER_val.ndpi,12_41,23442.885697044214,7142.470625069481,0.919793966151582,0.919793966151582,ER,14976.587601402289,11717.95730605226
12,12_HE_val.ndpi,12_ER_val.ndpi,12_42,24884.001389515674,7816.528710401752,0.919793966151582,0.919793966151582,ER,15843.140744867093,12062.011320051926
12,12_HE_val.ndpi,12_ER_val.ndpi,12_43,25964.911554796894,7974.944852067975,0.919793966151582,0.919793966151582,ER,16806.813911365567,11972.621768593208
12,12_HE_val.ndpi,12_ER_val.ndpi,12_44,25912.433394894404,7210.731648487938,0.919793966151582,0.919793966151582,ER,16784.34181504642,11070.096099763903
12,12_HE_val.ndpi,12_ER_val.ndpi,12_45,30160.139961952947,6229.079774677407,0.919793966151582,0.919793966151582,ER,20800.856777122764,9743.52782676897
12,12_HE_val.ndpi,12_ER_val.ndpi,12_46,30448.64836419466,5932.979046060923,0.919793966151582,0.919793966151582,ER,21082.75959155892,9394.147289942914
12,12_HE_val.ndpi,12_ER_val.ndpi,12_47,13541.82910287733,9056.02939495967,0.919793966151582,0.919793966151582,ER,3181.5419550589218,13216.999066615657
12,12_HE_val.ndpi,12_ER_val.ndpi,12_48,13535.645567778256,4273.8255272772985,0.919793966151582,0.919793966151582,ER,3301.2859871688224,8051.077283343302
12,12_HE_val.ndpi,12_ER_val.ndpi,12_49,25927.9514528414,11337.411989189759,0.919793966151582,0.919793966151582,ER,16979.126560755954,15803.361423906405
12,12_HE_val.ndpi,12_ER_val.ndpi,12_50,27836.26045551658,10793.925226945345,0.919793966151582,0.919793966151582,ER,18692.32997078152,15147.675187733108
83,83_HE_val.ndpi,83_KI67_val.ndpi,83_1,25256.535436024707,11762.276966092993,0.9097732390201744,0.9097732390201744,KI67,6259.882953453459,14439.145886165963
83,83_HE_val.ndpi,83_KI67_val.ndpi,83_2,22080.995323377352,9269.134321996686,0.9097732390201744,0.9097732390201744,KI67,2671.811492763137,11966.637116109161
83,83_HE_val.ndpi,83_KI67_val.ndpi,83_3,20990.712248976517,9630.25617908251,0.9097732390201744,0.9097732390201744,KI67,2055.883343116246,11818.614348247067
83,83_HE_val.ndpi,83_KI67_val.ndpi,83_4,33288.79104981832,13647.187620925224,0.9097732390201744,0.9097732390201744,KI67,16855.500548257365,15054.949644834584
83,83_HE_val.ndpi,83_KI67_val.ndpi,83_5,30763.30276607041,6405.291052554844,0.9097732390201744,0.9097732390201744,KI67,13569.711823223024,9729.466603615758
83,83_HE_val.ndpi,83_KI67_val.ndpi,83_6,28999.10659249662,8278.633301613969,0.9097732390201744,0.9097732390201744,KI67,12067.481412226207,11189.471996742659
83,83_HE_val.ndpi,83_KI67_val.ndpi,83_7,30318.265977425483,10311.844200597061,0.9097732390201744,0.9097732390201744,KI67,13796.89362076971,12688.003747525518
83,83_HE_val.ndpi,83_KI67_val.ndpi,83_8,29136.965458675153,14287.200162145447,0.9097732390201744,0.9097732390201744,KI67,11298.005672290137,15830.649093504126
83,83_HE_val.ndpi,83_KI67_val.ndpi,83_9,31932.61004511672,16081.991100500603,0.9097732390201744,0.9097732390201744,KI67,15502.035877759427,17027.72163889821
83,83_HE_val.ndpi,83_KI67_val.ndpi,83_10,32934.292422365266,15636.981042808791,0.9097732390201744,0.9097732390201744,KI67,16783.883265762128,16598.084434466557
83,83_HE_val.ndpi,83_KI67_val.ndpi,83_11,30232.032533770038,13162.544675274625,0.9097732390201744,0.9097732390201744,KI67,12938.104797273245,15076.020144189173
83,83_HE_val.ndpi,83_KI67_val.ndpi,83_12,28589.976112138716,11012.769241286102,0.9097732390201744,0.9097732390201744,KI67,11433.942347624794,13742.759457217398
83,83_HE_val.ndpi,83_KI67_val.ndpi,83_13,36649.08508815686,13009.504934267195,0.9097732390201744,0.9097732390201744,KI67,19546.57932307679,14718.522950027475
83,83_HE_val.ndpi,83_KI67_val.ndpi,83_14,38312.718223770265,11811.697920258333,0.9097732390201744,0.9097732390201744,KI67,20614.626172419757,13961.98697218466
83,83_HE_val.ndpi,83_KI67_val.ndpi,83_15,20704.716606387152,11580.926893117889,0.9097732390201744,0.9097732390201744,KI67,2464.887389048351,13259.08130686353
83,83_HE_val.ndpi,83_KI67_val.ndpi,83_16,21790.88303581468,11220.89741619401,0.9097732390201744,0.9097732390201744,KI67,3088.2495370180627,13203.680763730656
83,83_HE_val.ndpi,83_KI67_val.ndpi,83_17,24898.99865861629,11005.705152725515,0.9097732390201744,0.9097732390201744,KI67,5918.715946354443,13945.888198324583
83,83_HE_val.ndpi,83_KI67_val.ndpi,83_18,23807.47466317721,10055.178116237194,0.9097732390201744,0.9097732390201744,KI67,4515.903896968453,13142.732934440644
83,83_HE_val.ndpi,83_KI67_val.ndpi,83_19,34214.34851503737,11107.751640658727,0.9097732390201744,0.9097732390201744,KI67,17253.886508907675,13244.044830097348
83,83_HE_val.ndpi,83_KI67_val.ndpi,83_20,32771.2883037452,10851.09880350522,0.9097732390201744,0.9097732390201744,KI67,16043.130554515266,13009.837351512107
83,83_HE_val.ndpi,83_KI67_val.ndpi,83_21,35005.21509503581,12258.012572173044,0.9097732390201744,0.9097732390201744,KI67,18105.6622065288,14097.867081607774
83,83_HE_val.ndpi,83_KI67_val.ndpi,83_22,24016.669755609317,12645.553139647316,0.9097732390201744,0.9097732390201744,KI67,5367.759677336052,14640.810830019407
83,83_HE_val.ndpi,83_KI67_val.ndpi,83_23,20662.53866121478,8095.0020092438635,0.9097732390201744,0.9097732390201744,KI67,2083.3567002538207,10892.017339431834
83,83_HE_val.ndpi,83_KI67_val.ndpi,83_24,35278.956133878906,14004.322332432926,0.9097732390201744,0.9097732390201744,KI67,18659.01386994808,15355.57441678418
83,83_HE_val.ndpi,83_KI67_val.ndpi,83_25,31111.509859120702,12441.987030783526,0.9097732390201744,0.9097732390201744,KI67,14337.50463648343,14376.18324043146
83,83_HE_val.ndpi,83_KI67_val.ndpi,83_26,33517.31963122897,4424.072417271776,0.9097732390201744,0.9097732390201744,KI67,15395.017895019926,8462.940163318957
83,83_HE_val.ndpi,83_KI67_val.ndpi,83_27,26613.07725722364,13520.753303117595,0.9097732390201744,0.9097732390201744,KI67,8185.216040922456,15629.713816253014
83,83_HE_val.ndpi,83_KI67_val.ndpi,83_28,31702.48057355978,14623.279164245803,0.9097732390201744,0.9097732390201744,KI67,15111.241071142587,15908.498127472836
83,83_HE_val.ndpi,83_KI67_val.ndpi,83_29,35427.147319209915,7769.519163909056,0.9097732390201744,0.9097732390201744,KI67,17549.449067798272,10940.745588838096
83,83_HE_val.ndpi,83_KI67_val.ndpi,83_30,33613.039500669016,9531.154244637995,0.9097732390201744,0.9097732390201744,KI67,16473.70793414212,12089.94460787855
83,83_HE_val.ndpi,83_KI67_val.ndpi,83_31,18919.8761124882,12302.541227908228,0.9097732390201744,0.9097732390201744,KI67,2161.1672272477103,13492.302186478413
83,83_HE_val.ndpi,83_KI67_val.ndpi,83_32,20235.948569225107,13942.922854113776,0.9097732390201744,0.9097732390201744,KI67,4167.888336292715,14829.750785181215
83,83_HE_val.ndpi,83_KI67_val.ndpi,83_33,29962.8599634558,12403.16154631094,0.9097732390201744,0.9097732390201744,KI67,12733.272024321743,14639.0661668916
83,83_HE_val.ndpi,83_KI67_val.ndpi,83_34,28475.7403765729,13002.749283637375,0.9097732390201744,0.9097732390201744,KI67,10270.796716710078,15395.48795452851
83,83_HE_val.ndpi,83_KI67_val.ndpi,83_35,33585.23108646369,12152.882572864202,0.9097732390201744,0.9097732390201744,KI67,16922.2727706179,13975.039101745078
83,83_HE_val.ndpi,83_KI67_val.ndpi,83_36,22456.644227035653,8372.668683771182,0.9097732390201744,0.9097732390201744,KI67,2825.2814510102066,11526.195096417774
83,83_HE_val.ndpi,83_KI67_val.ndpi,83_37,22968.095888813936,11385.496818262076,0.9097732390201744,0.9097732390201744,KI67,4003.395418432027,13598.101029770329
83,83_HE_val.ndpi,83_KI67_val.ndpi,83_38,24416.09827561291,15533.854465645149,0.9097732390201744,0.9097732390201744,KI67,6749.775280947223,16394.339369317993
83,83_HE_val.ndpi,83_KI67_val.ndpi,83_39,26835.92760268288,11755.788588221209,0.9097732390201744,0.9097732390201744,KI67,8343.772708507393,14711.128923186712
83,83_HE_val.ndpi,83_KI67_val.ndpi,83_40,30595.012974966943,15641.954721672446,0.9097732390201744,0.9097732390201744,KI67,13577.827372009817,16845.458312343428
83,83_HE_val.ndpi,83_KI67_val.ndpi,83_41,31276.856817150518,8537.338745150966,0.9097732390201744,0.9097732390201744,KI67,14408.892038744312,11280.501338579657
83,83_HE_val.ndpi,83_KI67_val.ndpi,83_42,28227.040111486676,16341.702885366682,0.9097732390201744,0.9097732390201744,KI67,10022.929374755971,17084.317142036336
83,83_HE_val.ndpi,83_KI67_val.ndpi,83_43,30473.972733087045,11553.913698706649,0.9097732390201744,0.9097732390201744,KI67,13726.195167301628,13789.037305110658
83,83_HE_val.ndpi,83_KI67_val.ndpi,83_44,36040.580363200985,12228.334360955225,0.9097732390201744,0.9097732390201744,KI67,18913.299827562383,14132.50983816555
83,83_HE_val.ndpi,83_KI67_val.ndpi,83_45,23294.884810974803,9001.269035854211,0.9097732390201744,0.9097732390201744,KI67,3546.486270191812,12259.41845053658
83,83_HE_val.ndpi,83_KI67_val.ndpi,83_46,27708.164622489785,10004.963121700895,0.9097732390201744,0.9097732390201744,KI67,10524.680201454572,12976.793088958066
83,83_HE_val.ndpi,83_KI67_val.ndpi,83_47,31204.578213882316,10321.866963316455,0.9097732390201744,0.9097732390201744,KI67,14647.632798028635,12612.412239310499
83,83_HE_val.ndpi,83_KI67_val.ndpi,83_48,35818.14642467462,11346.193854926916,0.9097732390201744,0.9097732390201744,KI67,18563.647636550846,13495.767534024111
83,83_HE_val.ndpi,83_KI67_val.ndpi,83_49,35544.28846164024,10601.478674742104,0.9097732390201744,0.9097732390201744,KI67,18200.963449437655,12953.552755557617
83,83_HE_val.ndpi,83_KI67_val.ndpi,83_50,30528.907082384547,5492.117403934386,0.9097732390201744,0.9097732390201744,KI67,13235.556814942604,9060.608767537145
93,93_HE_val.ndpi,93_ER_val.ndpi,93_1,17771.893670562364,853.7221579383424,0.9109542245502164,0.9109542245502164,ER,15483.679465261579,496.02477090348737
93,93_HE_val.ndpi,93_ER_val.ndpi,93_2,18031.522052901324,670.0169542768651,0.9109542245502164,0.9109542245502164,ER,15825.898390284636,325.53389059102807
93,93_HE_val.ndpi,93_ER_val.ndpi,93_3,16715.483328175033,1279.2852097979314,0.9109542245502164,0.9109542245502164,ER,14163.17970079873,918.5913978092235
93,93_HE_val.ndpi,93_ER_val.ndpi,93_4,16241.825729166165,1189.411151475143,0.9109542245502164,0.9109542245502164,ER,13618.734210082095,865.4305166123573
93,93_HE_val.ndpi,93_ER_val.ndpi,93_5,16195.032628196497,1427.1469755744015,0.9109542245502164,0.9109542245502164,ER,13635.26811257437,1125.6141067545848
93,93_HE_val.ndpi,93_ER_val.ndpi,93_6,17115.849694531888,3326.8121427981846,0.9109542245502164,0.9109542245502164,ER,15186.930382140898,3086.333335256222
93,93_HE_val.ndpi,93_ER_val.ndpi,93_7,10916.44254805886,15323.644761234724,0.9109542245502164,0.9109542245502164,ER,13493.2720499113,19777.551805440333
93,93_HE_val.ndpi,93_ER_val.ndpi,93_8,9651.966618030887,16591.48125739333,0.9109542245502164,0.9109542245502164,ER,10871.633999146143,20260.59117192181
93,93_HE_val.ndpi,93_ER_val.ndpi,93_9,1392.9763032992328,12514.982077142029,0.9109542245502164,0.9109542245502164,ER,412.83142326284974,12557.137067669624
93,93_HE_val.ndpi,93_ER_val.ndpi,93_10,1366.9609957962414,12148.11468936767,0.9109542245502164,0.9109542245502164,ER,310.43702648444,12207.86537366931
93,93_HE_val.ndpi,93_ER_val.ndpi,93_11,808.7503865596594,12381.306317555403,0.9109542245502164,0.9109542245502164,ER,-391.93558594081975,12468.909218547955
93,93_HE_val.ndpi,93_ER_val.ndpi,93_12,1954.138244147168,11199.315944294218,0.9109542245502164,0.9109542245502164,ER,780.9161306688188,11200.400523759357
93,93_HE_val.ndpi,93_ER_val.ndpi,93_13,1437.7484719562306,10156.818577412685,0.9109542245502164,0.9109542245502164,ER,-602.3291338747828,10387.34013585258
93,93_HE_val.ndpi,93_ER_val.ndpi,93_14,1925.4089154881851,9603.17844962672,0.9109542245502164,0.9109542245502164,ER,30.652749767169013,9814.673104352314
93,93_HE_val.ndpi,93_ER_val.ndpi,93_15,3090.561685246107,10136.799308096652,0.9109542245502164,0.9109542245502164,ER,1316.3370332685029,9975.133522727348
93,93_HE_val.ndpi,93_ER_val.ndpi,93_16,3483.5063771265563,11059.239839187578,0.9109542245502164,0.9109542245502164,ER,1947.3019470044962,10622.925033699894
93,93_HE_val.ndpi,93_ER_val.ndpi,93_17,3834.095094986653,12653.098704567692,0.9109542245502164,0.9109542245502164,ER,2776.5475910581335,12443.047274875127
93,93_HE_val.ndpi,93_ER_val.ndpi,93_18,3773.480808726784,12156.60160213944,0.9109542245502164,0.9109542245502164,ER,2752.816065067418,11760.551344365502
93,93_HE_val.ndpi,93_ER_val.ndpi,93_19,998.7533931677488,17345.740759777258,0.9109542245502164,0.9109542245502164,ER,1208.7108620224512,19835.10504641925
93,93_HE_val.ndpi,93_ER_val.ndpi,93_20,1736.2397299314498,17039.98244173944,0.9109542245502164,0.9109542245502164,ER,1766.84142825384,19800.046160728747
93,93_HE_val.ndpi,93_ER_val.ndpi,93_21,3572.699845936508,15147.914703219,0.9109542245502164,0.9109542245502164,ER,2585.4268735680853,17098.62605726573
93,93_HE_val.ndpi,93_ER_val.ndpi,93_22,6595.530821182173,13499.333234652586,0.9109542245502164,0.9109542245502164,ER,6421.652980051922,14608.977320115504
93,93_HE_val.ndpi,93_ER_val.ndpi,93_23,8279.153240480353,12912.258617352272,0.9109542245502164,0.9109542245502164,ER,8832.57898836756,14028.003114120329
93,93_HE_val.ndpi,93_ER_val.ndpi,93_24,8724.370422944105,12394.781054488647,0.9109542245502164,0.9109542245502164,ER,9109.624140249258,12969.503165139566
93,93_HE_val.ndpi,93_ER_val.ndpi,93_25,8576.719757917052,12153.425672079475,0.9109542245502164,0.9109542245502164,ER,8542.954310063706,12434.17534762521
93,93_HE_val.ndpi,93_ER_val.ndpi,93_26,8933.254848490047,10302.082242797138,0.9109542245502164,0.9109542245502164,ER,8027.007344765287,9860.579157910242
93,93_HE_val.ndpi,93_ER_val.ndpi,93_27,10521.44048052165,9445.955365829239,0.9109542245502164,0.9109542245502164,ER,9904.427930173186,10117.320454107012
93,93_HE_val.ndpi,93_ER_val.ndpi,93_28,11160.841247948867,10998.32330497532,0.9109542245502164,0.9109542245502164,ER,11114.767926156585,11845.506585101093
93,93_HE_val.ndpi,93_ER_val.ndpi,93_29,12867.16897807035,10837.618780166276,0.9109542245502164,0.9109542245502164,ER,12697.331028651497,11543.454892241436
93,93_HE_val.ndpi,93_ER_val.ndpi,93_30,14925.107776619072,11446.770765296491,0.9109542245502164,0.9109542245502164,ER,15102.537986880912,12013.799426167508
93,93_HE_val.ndpi,93_ER_val.ndpi,93_31,16562.918003969433,10135.114282991724,0.9109542245502164,0.9109542245502164,ER,16518.27647757224,10456.389828870833
93,93_HE_val.ndpi,93_ER_val.ndpi,93_32,15597.237589798391,9196.844467120503,0.9109542245502164,0.9109542245502164,ER,15203.31690833461,9535.143191125826
93,93_HE_val.ndpi,93_ER_val.ndpi,93_33,12027.436206091936,7118.868269028341,0.9109542245502164,0.9109542245502164,ER,10744.556365748287,7616.101682025074
93,93_HE_val.ndpi,93_ER_val.ndpi,93_34,11236.244754090176,6089.193820243893,0.9109542245502164,0.9109542245502164,ER,9544.558437876167,6566.808931111227
93,93_HE_val.ndpi,93_ER_val.ndpi,93_35,11432.966157570774,5985.774568128382,0.9109542245502164,0.9109542245502164,ER,9730.27189853417,6440.116426547652
93,93_HE_val.ndpi,93_ER_val.ndpi,93_36,11792.333490047087,5065.425312207557,0.9109542245502164,0.9109542245502164,ER,9858.250907504605,5420.557493453498
93,93_HE_val.ndpi,93_ER_val.ndpi,93_37,11482.075733700547,5012.591563844197,0.9109542245502164,0.9109542245502164,ER,9502.9354905192,5390.254770210765
93,93_HE_val.ndpi,93_ER_val.ndpi,93_38,13068.909090313726,3753.965923029676,0.9109542245502164,0.9109542245502164,ER,10878.203502517435,3900.390302550944
93,93_HE_val.ndpi,93_ER_val.ndpi,93_39,12687.644274996572,3543.1929907290387,0.9109542245502164,0.9109542245502164,ER,10400.019143707586,3706.689903750221
93,93_HE_val.ndpi,93_ER_val.ndpi,93_40,12899.574903388997,2796.191535975419,0.9109542245502164,0.9109542245502164,ER,10417.755946005798,2885.369048483317
93,93_HE_val.ndpi,93_ER_val.ndpi,93_41,10608.83060672408,1837.1420329144012,0.9109542245502164,0.9109542245502164,ER,7636.920286449474,2053.904568652824
93,93_HE_val.ndpi,93_ER_val.ndpi,93_42,9568.788624944389,1537.6559356953758,0.9109542245502164,0.9109542245502164,ER,6403.1892935884,1824.88996629975
93,93_HE_val.ndpi,93_ER_val.ndpi,93_43,9778.819526331585,734.0246773031354,0.9109542245502164,0.9109542245502164,ER,6415.0684808089145,941.4770228312324
93,93_HE_val.ndpi,93_ER_val.ndpi,93_44,10658.339687871996,831.7177752963825,0.9109542245502164,0.9109542245502164,ER,7405.340604117129,969.3421327575878
93,93_HE_val.ndpi,93_ER_val.ndpi,93_45,18862.32703527804,14325.929414161428,0.9109542245502164,0.9109542245502164,ER,20461.08558018789,14875.301084934461
93,93_HE_val.ndpi,93_ER_val.ndpi,93_46,16300.487094916565,14494.217179971158,0.9109542245502164,0.9109542245502164,ER,17468.88264904412,15172.862392812984
93,93_HE_val.ndpi,93_ER_val.ndpi,93_47,3901.083787610948,7659.951595323967,0.9109542245502164,0.9109542245502164,ER,2061.6296819740683,8116.314306154383
93,93_HE_val.ndpi,93_ER_val.ndpi,93_48,5819.306751049281,4207.510075011338,0.9109542245502164,0.9109542245502164,ER,2368.5724842557556,4943.253634277125
93,93_HE_val.ndpi,93_ER_val.ndpi,93_49,4893.941355639592,4731.5625842755435,0.9109542245502164,0.9109542245502164,ER,1527.2542847897046,5609.936470916342
93,93_HE_val.ndpi,93_ER_val.ndpi,93_50,1763.0168227276365,4919.197235345825,0.9109542245502164,0.9109542245502164,ER,-1035.514810861988,5950.592949901001
0,0_HE_val.ndpi,0_KI67_val.ndpi,0_1,30728.765760556817,11942.600556608753,0.907338096858342,0.907338096858342,KI67,21087.585852208507,13084.499225360638
0,0_HE_val.ndpi,0_KI67_val.ndpi,0_2,30154.793352581117,12676.00957563241,0.907338096858342,0.907338096858342,KI67,20547.27319224751,13841.628549239156
0,0_HE_val.ndpi,0_KI67_val.ndpi,0_3,29592.84559229396,13739.018348805224,0.907338096858342,0.907338096858342,KI67,20130.527399151484,14831.52906575595
0,0_HE_val.ndpi,0_KI67_val.ndpi,0_4,27513.79017715849,12807.907627980569,0.907338096858342,0.907338096858342,KI67,17920.999460228682,14080.449143438447
0,0_HE_val.ndpi,0_KI67_val.ndpi,0_5,26225.54108266457,12992.85418802667,0.907338096858342,0.907338096858342,KI67,16782.317684417703,14392.811142775427
0,0_HE_val.ndpi,0_KI67_val.ndpi,0_6,23581.55173674005,14228.725580453545,0.907338096858342,0.907338096858342,KI67,12979.658921549968,16423.615784949732
0,0_HE_val.ndpi,0_KI67_val.ndpi,0_7,22299.712625649707,13141.597224235564,0.907338096858342,0.907338096858342,KI67,12464.537403680977,14989.160722244993
0,0_HE_val.ndpi,0_KI67_val.ndpi,0_8,22388.288647385318,13766.057854363777,0.907338096858342,0.907338096858342,KI67,12052.603620223685,15745.987583562557
0,0_HE_val.ndpi,0_KI67_val.ndpi,0_9,23026.035725122,12494.992556996216,0.907338096858342,0.907338096858342,KI67,13714.477477909832,14410.5461001073
0,0_HE_val.ndpi,0_KI67_val.ndpi,0_10,22592.01345936453,12224.835792069778,0.907338096858342,0.907338096858342,KI67,13363.694682337753,13976.847964815315
0,0_HE_val.ndpi,0_KI67_val.ndpi,0_11,22510.715435596285,11355.932879385511,0.907338096858342,0.907338096858342,KI67,13102.226394641926,12798.671740046348
0,0_HE_val.ndpi,0_KI67_val.ndpi,0_12,24018.086509674264,10900.624799300042,0.907338096858342,0.907338096858342,KI67,14193.202605943628,12501.338749430786
0,0_HE_val.ndpi,0_KI67_val.ndpi,0_13,23376.33436218793,11453.866539727294,0.907338096858342,0.907338096858342,KI67,13942.43199397189,13078.522521965666
0,0_HE_val.ndpi,0_KI67_val.ndpi,0_14,23272.42625792521,11170.81623377806,0.907338096858342,0.907338096858342,KI67,13735.330973853686,12671.075264685662
0,0_HE_val.ndpi,0_KI67_val.ndpi,0_15,34036.58737878393,2396.5023912089664,0.907338096858342,0.907338096858342,KI67,24365.18818779652,3806.480822495605
0,0_HE_val.ndpi,0_KI67_val.ndpi,0_16,35284.23757575623,2905.9232207398372,0.907338096858342,0.907338096858342,KI67,25654.33275846541,4396.724018095932
0,0_HE_val.ndpi,0_KI67_val.ndpi,0_17,41919.37802444772,6336.400291545301,0.907338096858342,0.907338096858342,KI67,30839.969917611932,6709.355185261366
0,0_HE_val.ndpi,0_KI67_val.ndpi,0_18,41125.74080675348,6097.572253352466,0.907338096858342,0.907338096858342,KI67,30214.439039978108,6551.709028172453
0,0_HE_val.ndpi,0_KI67_val.ndpi,0_19,40811.297833165285,5321.234590280314,0.907338096858342,0.907338096858342,KI67,30403.73750812142,5793.102170622542
0,0_HE_val.ndpi,0_KI67_val.ndpi,0_20,40750.508641566936,5898.303282985535,0.907338096858342,0.907338096858342,KI67,29927.303822511556,6374.407158508827
0,0_HE_val.ndpi,0_KI67_val.ndpi,0_21,39851.63760141295,5851.417726147599,0.907338096858342,0.907338096858342,KI67,29241.90263932709,6476.137470898333
0,0_HE_val.ndpi,0_KI67_val.ndpi,0_22,39449.40343268876,6131.269835923671,0.907338096858342,0.907338096858342,KI67,29017.42423372673,6914.704367930056
0,0_HE_val.ndpi,0_KI67_val.ndpi,0_23,38834.29248533068,6090.689469061727,0.907338096858342,0.907338096858342,KI67,28565.971120704908,6979.428528036142
0,0_HE_val.ndpi,0_KI67_val.ndpi,0_24,38392.18137877592,5496.93653635961,0.907338096858342,0.907338096858342,KI67,28191.75267944271,6320.938637636898
0,0_HE_val.ndpi,0_KI67_val.ndpi,0_25,38909.04551371181,5377.331617622857,0.907338096858342,0.907338096858342,KI67,28724.671735298405,6126.758263224153
0,0_HE_val.ndpi,0_KI67_val.ndpi,0_26,38513.53873597114,7228.563385140399,0.907338096858342,0.907338096858342,KI67,28189.793585469128,8337.949564037413
0,0_HE_val.ndpi,0_KI67_val.ndpi,0_27,38245.080231066764,6690.163276408086,0.907338096858342,0.907338096858342,KI67,28162.10318798888,7816.308813314764
0,0_HE_val.ndpi,0_KI67_val.ndpi,0_28,37823.068997552014,7625.973507113252,0.907338096858342,0.907338096858342,KI67,27768.240407626297,8734.814779559789
0,0_HE_val.ndpi,0_KI67_val.ndpi,0_29,37575.42724923703,7891.621394166014,0.907338096858342,0.907338096858342,KI67,27774.81990509238,8913.773087137279
0,0_HE_val.ndpi,0_KI67_val.ndpi,0_30,37709.237686782864,8689.90057515523,0.907338096858342,0.907338096858342,KI67,28266.284498878158,9693.401678533031
0,0_HE_val.ndpi,0_KI67_val.ndpi,0_31,36930.38682155725,8324.08245104892,0.907338096858342,0.907338096858342,KI67,27581.90210920549,9358.665863535301
0,0_HE_val.ndpi,0_KI67_val.ndpi,0_32,36486.0716432506,9180.995415468558,0.907338096858342,0.907338096858342,KI67,27559.02949631994,10451.060024958664
0,0_HE_val.ndpi,0_KI67_val.ndpi,0_33,37950.69140982149,9239.292327843148,0.907338096858342,0.907338096858342,KI67,28657.082413042768,10365.98066161852
0,0_HE_val.ndpi,0_KI67_val.ndpi,0_34,37574.57347872936,9991.680334468929,0.907338096858342,0.907338096858342,KI67,29083.922793914524,10845.94418762374
0,0_HE_val.ndpi,0_KI67_val.ndpi,0_35,36731.6531159849,10995.523660325869,0.907338096858342,0.907338096858342,KI67,28298.186245479035,12027.393310689537
0,0_HE_val.ndpi,0_KI67_val.ndpi,0_36,37276.282619561316,10899.41247980078,0.907338096858342,0.907338096858342,KI67,28763.453441101177,11867.334779879528
0,0_HE_val.ndpi,0_KI67_val.ndpi,0_37,37137.45554721232,10348.375576410554,0.907338096858342,0.907338096858342,KI67,28774.90341798161,11267.34258034084
0,0_HE_val.ndpi,0_KI67_val.ndpi,0_38,38254.72782242162,11689.745675084008,0.907338096858342,0.907338096858342,KI67,29262.51052492287,12372.198599839348
0,0_HE_val.ndpi,0_KI67_val.ndpi,0_39,39417.2877645314,11265.319141846843,0.907338096858342,0.907338096858342,KI67,30364.007723912342,11924.397782020305
0,0_HE_val.ndpi,0_KI67_val.ndpi,0_40,38572.888738787864,11173.470834227994,0.907338096858342,0.907338096858342,KI67,29720.305031358457,11958.896635812376
0,0_HE_val.ndpi,0_KI67_val.ndpi,0_41,40773.60888262421,10381.68813150641,0.907338096858342,0.907338096858342,KI67,31420.435824162978,10797.626009217618
0,0_HE_val.ndpi,0_KI67_val.ndpi,0_42,40906.028662094446,9898.996795577697,0.907338096858342,0.907338096858342,KI67,31078.74228754579,10499.238585311594
0,0_HE_val.ndpi,0_KI67_val.ndpi,0_43,40677.497793757844,10099.762173062332,0.907338096858342,0.907338096858342,KI67,31112.76037975323,10638.53079733379
0,0_HE_val.ndpi,0_KI67_val.ndpi,0_44,41059.12850918348,9332.030084004251,0.907338096858342,0.907338096858342,KI67,30845.887997106278,9891.488333894986
0,0_HE_val.ndpi,0_KI67_val.ndpi,0_45,40622.62418922565,8315.14419063923,0.907338096858342,0.907338096858342,KI67,30052.26520220453,8898.707066148636
0,0_HE_val.ndpi,0_KI67_val.ndpi,0_46,40585.89661469491,7300.585277823237,0.907338096858342,0.907338096858342,KI67,29831.261845133315,8093.980016123667
0,0_HE_val.ndpi,0_KI67_val.ndpi,0_47,40745.76474318722,6941.653539161156,0.907338096858342,0.907338096858342,KI67,30085.305506318175,7694.017059819891
0,0_HE_val.ndpi,0_KI67_val.ndpi,0_48,41439.503042766126,6933.471050645094,0.907338096858342,0.907338096858342,KI67,30632.927346671015,7572.964743622169
0,0_HE_val.ndpi,0_KI67_val.ndpi,0_49,38452.34818209901,4391.561928353928,0.907338096858342,0.907338096858342,KI67,28808.43069977989,5349.668509658858
0,0_HE_val.ndpi,0_KI67_val.ndpi,0_50,39285.411991419416,3801.1897134365745,0.907338096858342,0.907338096858342,KI67,29305.448555732088,4965.675073091497
84,84_HE_val.ndpi,84_PGR_val.ndpi,84_1,30912.14365265108,15615.707804478265,0.9109542245502164,0.9109542245502164,PGR,22666.895843203252,15192.37479038694
84,84_HE_val.ndpi,84_PGR_val.ndpi,84_2,31474.133045042192,14559.181394217105,0.9109542245502164,0.9109542245502164,PGR,23333.13852957104,14045.269044187422
84,84_HE_val.ndpi,84_PGR_val.ndpi,84_3,30603.778568460584,14948.45171129337,0.9109542245502164,0.9109542245502164,PGR,22530.65196992895,14477.746998462408
84,84_HE_val.ndpi,84_PGR_val.ndpi,84_4,29462.145576230338,14802.895820035903,0.9109542245502164,0.9109542245502164,PGR,21410.470834333544,14634.299708061653
84,84_HE_val.ndpi,84_PGR_val.ndpi,84_5,28736.429356957462,14636.052895312048,0.9109542245502164,0.9109542245502164,PGR,20593.115161293415,14648.515202329776
84,84_HE_val.ndpi,84_PGR_val.ndpi,84_6,27646.079885124127,14545.413847884907,0.9109542245502164,0.9109542245502164,PGR,19781.478326696,14471.235083564427
84,84_HE_val.ndpi,84_PGR_val.ndpi,84_7,28060.312298399003,13605.510400283127,0.9109542245502164,0.9109542245502164,PGR,19842.868311078582,13523.375265745199
84,84_HE_val.ndpi,84_PGR_val.ndpi,84_8,28177.13084841391,12515.16246434364,0.9109542245502164,0.9109542245502164,PGR,19952.981732012446,12613.394929012618
84,84_HE_val.ndpi,84_PGR_val.ndpi,84_9,29305.754794883658,12403.195802987517,0.9109542245502164,0.9109542245502164,PGR,20947.04565719821,12595.657586194378
84,84_HE_val.ndpi,84_PGR_val.ndpi,84_10,29458.029454328,13384.02375646718,0.9109542245502164,0.9109542245502164,PGR,21046.523584225237,13265.394905285226
84,84_HE_val.ndpi,84_PGR_val.ndpi,84_11,28602.604161567182,13155.611767300696,0.9109542245502164,0.9109542245502164,PGR,20327.38819649779,13086.81364275085
84,84_HE_val.ndpi,84_PGR_val.ndpi,84_12,27186.151585378415,12215.558548669303,0.9109542245502164,0.9109542245502164,PGR,18919.094948029157,12302.595280135356
84,84_HE_val.ndpi,84_PGR_val.ndpi,84_13,27201.337250435907,10467.630576461808,0.9109542245502164,0.9109542245502164,PGR,18580.367691847547,10978.424143172675
84,84_HE_val.ndpi,84_PGR_val.ndpi,84_14,27472.206997588677,11326.674631717651,0.9109542245502164,0.9109542245502164,PGR,19063.291305605697,11641.065872932371
84,84_HE_val.ndpi,84_PGR_val.ndpi,84_15,21364.940021795363,12272.207343628037,0.9109542245502164,0.9109542245502164,PGR,13717.820279466183,12066.450211011244
84,84_HE_val.ndpi,84_PGR_val.ndpi,84_16,20343.76260109365,11613.88484398785,0.9109542245502164,0.9109542245502164,PGR,12787.148399154079,11368.0742262223
84,84_HE_val.ndpi,84_PGR_val.ndpi,84_17,16852.444742018786,10042.832786448476,0.9109542245502164,0.9109542245502164,PGR,9321.2676418532,10249.725605388518
84,84_HE_val.ndpi,84_PGR_val.ndpi,84_18,16793.326344822748,11117.712735467288,0.9109542245502164,0.9109542245502164,PGR,9309.88471919401,11176.404477181593
84,84_HE_val.ndpi,84_PGR_val.ndpi,84_19,17852.083094606292,10515.779964016758,0.9109542245502164,0.9109542245502164,PGR,10489.240640143127,10436.8973613984
84,84_HE_val.ndpi,84_PGR_val.ndpi,84_20,15724.082550314217,9013.896130124189,0.9109542245502164,0.9109542245502164,PGR,7835.630210656277,9428.118542318416
84,84_HE_val.ndpi,84_PGR_val.ndpi,84_21,14441.195416494473,8987.382424715057,0.9109542245502164,0.9109542245502164,PGR,6513.58437198153,9422.03939243239
84,84_HE_val.ndpi,84_PGR_val.ndpi,84_22,18458.97054841193,8353.931627396794,0.9109542245502164,0.9109542245502164,PGR,10734.902147795363,8808.195688492402
84,84_HE_val.ndpi,84_PGR_val.ndpi,84_23,19664.200080240076,6988.092140223351,0.9109542245502164,0.9109542245502164,PGR,11810.538185095405,7347.8225595383565
84,84_HE_val.ndpi,84_PGR_val.ndpi,84_24,19755.085658596065,5645.823694899033,0.9109542245502164,0.9109542245502164,PGR,11904.799514918945,6055.138125205907
84,84_HE_val.ndpi,84_PGR_val.ndpi,84_25,32316.18788357884,4252.830615379226,0.9109542245502164,0.9109542245502164,PGR,23681.292067256873,5273.792114631093
84,84_HE_val.ndpi,84_PGR_val.ndpi,84_26,32555.050094471913,3734.0517510958416,0.9109542245502164,0.9109542245502164,PGR,23944.521277215295,4778.074204081608
84,84_HE_val.ndpi,84_PGR_val.ndpi,84_27,32649.340952221948,3110.472091783122,0.9109542245502164,0.9109542245502164,PGR,24149.68983442305,4305.340202442606
84,84_HE_val.ndpi,84_PGR_val.ndpi,84_28,34653.130480594424,3396.57162254411,0.9109542245502164,0.9109542245502164,PGR,25829.44872160816,4283.648689815715
84,84_HE_val.ndpi,84_PGR_val.ndpi,84_29,33601.628275808616,3701.7954868111574,0.9109542245502164,0.9109542245502164,PGR,24940.506909943804,4686.363867382184
84,84_HE_val.ndpi,84_PGR_val.ndpi,84_30,29498.54394602301,4099.53110818867,0.9109542245502164,0.9109542245502164,PGR,21066.427210704034,5033.978731003408
84,84_HE_val.ndpi,84_PGR_val.ndpi,84_31,28962.90096731314,4032.575735849941,0.9109542245502164,0.9109542245502164,PGR,20570.685811575033,5025.291283153832
84,84_HE_val.ndpi,84_PGR_val.ndpi,84_32,30223.160247086827,5421.50765577584,0.9109542245502164,0.9109542245502164,PGR,21817.653990731415,6396.23925660642
84,84_HE_val.ndpi,84_PGR_val.ndpi,84_33,26841.41965700813,3448.453943448165,0.9109542245502164,0.9109542245502164,PGR,18477.80841631142,4173.1893153721
84,84_HE_val.ndpi,84_PGR_val.ndpi,84_34,25211.18506766292,3712.695264248617,0.9109542245502164,0.9109542245502164,PGR,17153.33570860644,4551.00525209704
84,84_HE_val.ndpi,84_PGR_val.ndpi,84_35,26405.05422703814,4194.5639453937565,0.9109542245502164,0.9109542245502164,PGR,18202.459205414332,4944.376751836532
84,84_HE_val.ndpi,84_PGR_val.ndpi,84_36,27067.896862266392,4696.174588269204,0.9109542245502164,0.9109542245502164,PGR,18764.39230671414,5496.650413951349
84,84_HE_val.ndpi,84_PGR_val.ndpi,84_37,23428.769871880762,1789.371764873443,0.9109542245502164,0.9109542245502164,PGR,15229.205344657817,2662.529177258239
84,84_HE_val.ndpi,84_PGR_val.ndpi,84_38,18218.095169591856,2579.8795644464153,0.9109542245502164,0.9109542245502164,PGR,10418.312741074802,3270.2951248541817
84,84_HE_val.ndpi,84_PGR_val.ndpi,84_39,16309.212883457536,3844.541977135185,0.9109542245502164,0.9109542245502164,PGR,8829.164746997498,4394.171826757363
84,84_HE_val.ndpi,84_PGR_val.ndpi,84_40,15939.204536809375,4703.63728824044,0.9109542245502164,0.9109542245502164,PGR,8394.920651518509,5122.76484880933
84,84_HE_val.ndpi,84_PGR_val.ndpi,84_41,22161.726121430936,20238.31992136305,0.9109542245502164,0.9109542245502164,PGR,14349.948117512047,19872.987556067666
84,84_HE_val.ndpi,84_PGR_val.ndpi,84_42,22788.41447289252,17728.515050772614,0.9109542245502164,0.9109542245502164,PGR,14951.291488267954,17881.68080918474
84,84_HE_val.ndpi,84_PGR_val.ndpi,84_43,21899.287424329035,18664.273330683514,0.9109542245502164,0.9109542245502164,PGR,14155.121122263561,18499.445794869487
84,84_HE_val.ndpi,84_PGR_val.ndpi,84_44,28125.40735724078,19342.250719059204,0.9109542245502164,0.9109542245502164,PGR,20022.568638657664,19040.315623200757
84,84_HE_val.ndpi,84_PGR_val.ndpi,84_45,29125.642865355516,19693.079591308404,0.9109542245502164,0.9109542245502164,PGR,21215.79381169665,19477.914511900934
84,84_HE_val.ndpi,84_PGR_val.ndpi,84_46,30477.97623801224,20717.15913142832,0.9109542245502164,0.9109542245502164,PGR,22183.23065780792,20167.444881288815
84,84_HE_val.ndpi,84_PGR_val.ndpi,84_47,33293.85965832241,18283.585636565607,0.9109542245502164,0.9109542245502164,PGR,25773.350852137348,17639.715950378428
84,84_HE_val.ndpi,84_PGR_val.ndpi,84_48,33591.042466627136,20057.395523634408,0.9109542245502164,0.9109542245502164,PGR,25434.174252185567,19275.883437989527
84,84_HE_val.ndpi,84_PGR_val.ndpi,84_49,33867.515394158065,11147.319347972294,0.9109542245502164,0.9109542245502164,PGR,24811.345820405564,11606.637152005782
84,84_HE_val.ndpi,84_PGR_val.ndpi,84_50,30236.5138383041,13847.101964254349,0.9109542245502164,0.9109542245502164,PGR,22032.8886039863,13577.112141107616
85,85_HE_val.ndpi,85_ER_val.ndpi,85_1,28038.035723633173,12339.098497160227,0.9097732390201744,0.9097732390201744,ER,18599.952294336872,13926.220192231338
85,85_HE_val.ndpi,85_ER_val.ndpi,85_2,27543.95668516439,12449.978672994299,0.9097732390201744,0.9097732390201744,ER,18179.346344664496,14138.160444995008
85,85_HE_val.ndpi,85_ER_val.ndpi,85_3,28184.42881421541,12821.303198412983,0.9097732390201744,0.9097732390201744,ER,18386.892254361555,14535.013485857166
85,85_HE_val.ndpi,85_ER_val.ndpi,85_4,22846.270378848883,12418.093462481922,0.9097732390201744,0.9097732390201744,ER,15149.180687097938,14384.342901794027
85,85_HE_val.ndpi,85_ER_val.ndpi,85_5,22683.590990294,12804.02435902347,0.9097732390201744,0.9097732390201744,ER,15182.258808878538,14845.259032470667
85,85_HE_val.ndpi,85_ER_val.ndpi,85_6,23092.157543015557,10871.190501678622,0.9097732390201744,0.9097732390201744,ER,15329.89508835915,11891.513704739378
85,85_HE_val.ndpi,85_ER_val.ndpi,85_7,23250.227897155954,10574.54178111055,0.9097732390201744,0.9097732390201744,ER,15340.371991009753,11404.952276506068
85,85_HE_val.ndpi,85_ER_val.ndpi,85_8,24015.305590152388,11117.82170147589,0.9097732390201744,0.9097732390201744,ER,15913.75206303781,12346.334926037409
85,85_HE_val.ndpi,85_ER_val.ndpi,85_9,24608.42769806931,10893.531714894154,0.9097732390201744,0.9097732390201744,ER,16247.20639081567,12072.983250927036
85,85_HE_val.ndpi,85_ER_val.ndpi,85_10,25361.044654044985,9176.468458315372,0.9097732390201744,0.9097732390201744,ER,17114.168605715724,9717.437736216132
85,85_HE_val.ndpi,85_ER_val.ndpi,85_11,24658.269885620877,9418.20303942059,0.9097732390201744,0.9097732390201744,ER,16537.547004492964,9999.78959237041
85,85_HE_val.ndpi,85_ER_val.ndpi,85_12,25375.997272283912,8747.825721424948,0.9097732390201744,0.9097732390201744,ER,17196.023402401126,9166.237787088854
85,85_HE_val.ndpi,85_ER_val.ndpi,85_13,23634.012803096288,9400.758302297472,0.9097732390201744,0.9097732390201744,ER,15635.194980254868,9928.602280677193
85,85_HE_val.ndpi,85_ER_val.ndpi,85_14,25969.68630918435,9746.629279621806,0.9097732390201744,0.9097732390201744,ER,17372.218806148947,10568.407260464353
85,85_HE_val.ndpi,85_ER_val.ndpi,85_15,25278.12597275064,10031.145096267626,0.9097732390201744,0.9097732390201744,ER,16797.104229555443,10916.754146330968
85,85_HE_val.ndpi,85_ER_val.ndpi,85_16,26711.709127003545,10836.72555369042,0.9097732390201744,0.9097732390201744,ER,17758.07973645797,12096.120712393651
85,85_HE_val.ndpi,85_ER_val.ndpi,85_17,28383.841628675014,11163.285553619022,0.9097732390201744,0.9097732390201744,ER,19081.50865390867,12267.964482249676
85,85_HE_val.ndpi,85_ER_val.ndpi,85_18,25434.215538037402,16359.206931885194,0.9097732390201744,0.9097732390201744,ER,16592.744409336545,18180.351860575993
85,85_HE_val.ndpi,85_ER_val.ndpi,85_19,24774.590867590283,16893.703930261876,0.9097732390201744,0.9097732390201744,ER,15952.346437826754,18617.578277866225
85,85_HE_val.ndpi,85_ER_val.ndpi,85_20,24777.08298647449,17711.115787094466,0.9097732390201744,0.9097732390201744,ER,15831.529787333531,19130.811246709236
85,85_HE_val.ndpi,85_ER_val.ndpi,85_21,30917.469239162525,18862.346789982406,0.9097732390201744,0.9097732390201744,ER,20203.706354719292,20545.87368313574
85,85_HE_val.ndpi,85_ER_val.ndpi,85_22,31508.410721269698,19982.930768605493,0.9097732390201744,0.9097732390201744,ER,21516.61620632938,21552.256321435223
85,85_HE_val.ndpi,85_ER_val.ndpi,85_23,31238.997661784735,7884.362270301274,0.9097732390201744,0.9097732390201744,ER,21305.262582426378,7784.610133307677
85,85_HE_val.ndpi,85_ER_val.ndpi,85_24,32167.830457114847,11747.169801850694,0.9097732390201744,0.9097732390201744,ER,21667.728328366004,12995.798282153512
85,85_HE_val.ndpi,85_ER_val.ndpi,85_25,32459.108243756044,12946.372796315074,0.9097732390201744,0.9097732390201744,ER,21795.770335471425,14700.626103513545
85,85_HE_val.ndpi,85_ER_val.ndpi,85_26,38646.73702558543,20454.874581554457,0.9097732390201744,0.9097732390201744,ER,29129.422936204097,22037.59748653901
85,85_HE_val.ndpi,85_ER_val.ndpi,85_27,35959.33499926522,19360.962054300417,0.9097732390201744,0.9097732390201744,ER,26458.344149458357,21186.9266298657
85,85_HE_val.ndpi,85_ER_val.ndpi,85_28,35049.83078917594,18890.706877535937,0.9097732390201744,0.9097732390201744,ER,25209.737346830614,20786.611477723105
85,85_HE_val.ndpi,85_ER_val.ndpi,85_29,38591.69132339728,18268.292279511003,0.9097732390201744,0.9097732390201744,ER,29287.66818713969,20098.514766797
85,85_HE_val.ndpi,85_ER_val.ndpi,85_30,39098.766409288786,16774.75729767954,0.9097732390201744,0.9097732390201744,ER,29645.429565118156,18870.037323485685
85,85_HE_val.ndpi,85_ER_val.ndpi,85_31,36120.56197661435,12588.538291780733,0.9097732390201744,0.9097732390201744,ER,25269.60433820043,14226.518591743901
85,85_HE_val.ndpi,85_ER_val.ndpi,85_32,34305.0947460002,4898.857149993164,0.9097732390201744,0.9097732390201744,ER,23409.283334353007,4830.791506241752
85,85_HE_val.ndpi,85_ER_val.ndpi,85_33,31113.234491443756,4386.0860015753215,0.9097732390201744,0.9097732390201744,ER,20826.688712662137,3823.4056772999957
85,85_HE_val.ndpi,85_ER_val.ndpi,85_34,31847.457891361973,5156.532562767824,0.9097732390201744,0.9097732390201744,ER,21265.529465902593,4621.369182117427
85,85_HE_val.ndpi,85_ER_val.ndpi,85_35,26630.077074171444,16455.935084818753,0.9097732390201744,0.9097732390201744,ER,17222.488162692174,18086.505145608855
85,85_HE_val.ndpi,85_ER_val.ndpi,85_36,26818.480459695602,15684.37784469681,0.9097732390201744,0.9097732390201744,ER,17366.824977082873,17466.246228012184
85,85_HE_val.ndpi,85_ER_val.ndpi,85_37,27963.853910379927,15902.686688916543,0.9097732390201744,0.9097732390201744,ER,17981.12599110089,17521.719357152837
85,85_HE_val.ndpi,85_ER_val.ndpi,85_38,25975.71355315875,14933.364489138003,0.9097732390201744,0.9097732390201744,ER,17019.27064578546,17052.519175866477
85,85_HE_val.ndpi,85_ER_val.ndpi,85_39,26475.895445483788,13879.993613590546,0.9097732390201744,0.9097732390201744,ER,17491.984605859932,15912.586950328827
85,85_HE_val.ndpi,85_ER_val.ndpi,85_40,23598.028883761068,16373.171284892302,0.9097732390201744,0.9097732390201744,ER,15136.139751394565,18123.356020592593
85,85_HE_val.ndpi,85_ER_val.ndpi,85_41,23054.932977267887,16454.055711191682,0.9097732390201744,0.9097732390201744,ER,14653.888515283057,18201.607715820857
85,85_HE_val.ndpi,85_ER_val.ndpi,85_42,25241.246095726885,12903.594522540105,0.9097732390201744,0.9097732390201744,ER,16820.88309705787,14728.759507832772
85,85_HE_val.ndpi,85_ER_val.ndpi,85_43,25075.365122114912,13208.818434506538,0.9097732390201744,0.9097732390201744,ER,16797.05208996053,15057.573940762275
85,85_HE_val.ndpi,85_ER_val.ndpi,85_44,26033.80164416027,15611.615555915969,0.9097732390201744,0.9097732390201744,ER,17097.04166194877,17593.652625617713
85,85_HE_val.ndpi,85_ER_val.ndpi,85_45,27736.537847813954,15406.6324732825,0.9097732390201744,0.9097732390201744,ER,17849.462561281005,17176.41803496121
85,85_HE_val.ndpi,85_ER_val.ndpi,85_46,35505.57370682828,6503.89076546947,0.9097732390201744,0.9097732390201744,ER,24674.288815224252,6756.8902544012535
85,85_HE_val.ndpi,85_ER_val.ndpi,85_47,36763.764940907415,6990.873864265874,0.9097732390201744,0.9097732390201744,ER,25617.43883729536,7712.341381084519
85,85_HE_val.ndpi,85_ER_val.ndpi,85_48,37201.578880635236,11193.168497475779,0.9097732390201744,0.9097732390201744,ER,26611.244563770317,13127.6410447858
85,85_HE_val.ndpi,85_ER_val.ndpi,85_49,36852.53409061565,11407.481682785368,0.9097732390201744,0.9097732390201744,ER,26022.208942531735,13266.66498372631
85,85_HE_val.ndpi,85_ER_val.ndpi,85_50,38302.55877783864,12299.836253520205,0.9097732390201744,0.9097732390201744,ER,28199.86568684512,14699.612172474139
38,38_HE_val.ndpi,38_HER2_val.ndpi,38_1,23011.22084376104,12569.548755368765,0.907338096858342,0.907338096858342,HER2,13070.846314145467,10760.01799247165
38,38_HE_val.ndpi,38_HER2_val.ndpi,38_2,24134.840993500708,13876.665083691289,0.907338096858342,0.907338096858342,HER2,14103.990503402978,12455.155253649551
38,38_HE_val.ndpi,38_HER2_val.ndpi,38_3,25996.56384551088,14769.942027907286,0.907338096858342,0.907338096858342,HER2,15960.068013276903,13177.94380502167
38,38_HE_val.ndpi,38_HER2_val.ndpi,38_4,25749.036841612466,16469.910685007766,0.907338096858342,0.907338096858342,HER2,15400.56518618578,14768.40757797857
38,38_HE_val.ndpi,38_HER2_val.ndpi,38_5,18364.12334884791,13275.266931138896,0.907338096858342,0.907338096858342,HER2,8602.12559738944,10464.811141740618
38,38_HE_val.ndpi,38_HER2_val.ndpi,38_6,23012.39060127638,17217.598033185295,0.907338096858342,0.907338096858342,HER2,12988.92605402979,15610.720154877317
38,38_HE_val.ndpi,38_HER2_val.ndpi,38_7,27947.357192802505,4534.27653176932,0.907338096858342,0.907338096858342,HER2,17404.10650512139,3438.045907786541
38,38_HE_val.ndpi,38_HER2_val.ndpi,38_8,39949.7064997728,17591.509465740197,0.907338096858342,0.907338096858342,HER2,28276.9061752355,13585.762465243803
38,38_HE_val.ndpi,38_HER2_val.ndpi,38_9,35255.081818329265,15368.774369142815,0.907338096858342,0.907338096858342,HER2,25377.856959408513,10619.7022982492
38,38_HE_val.ndpi,38_HER2_val.ndpi,38_10,32958.1363402453,15707.062050141849,0.907338096858342,0.907338096858342,HER2,23231.155533278165,12138.377440527667
38,38_HE_val.ndpi,38_HER2_val.ndpi,38_11,39340.961565296864,11703.189616692536,0.907338096858342,0.907338096858342,HER2,30140.56770735282,7433.496872489344
38,38_HE_val.ndpi,38_HER2_val.ndpi,38_12,40263.76457647501,5483.627753061322,0.907338096858342,0.907338096858342,HER2,28808.713335267854,4160.757191177391
38,38_HE_val.ndpi,38_HER2_val.ndpi,38_13,35435.22227642928,4475.2163359002025,0.907338096858342,0.907338096858342,HER2,24137.443867948212,3512.6883746147696
38,38_HE_val.ndpi,38_HER2_val.ndpi,38_14,31323.108897672555,9040.147998179542,0.907338096858342,0.907338096858342,HER2,20914.88866938172,7324.353746200282
38,38_HE_val.ndpi,38_HER2_val.ndpi,38_15,19353.151679490602,6483.143662568418,0.907338096858342,0.907338096858342,HER2,9291.478863040493,3496.669953241378
38,38_HE_val.ndpi,38_HER2_val.ndpi,38_16,37884.23497054276,20082.544664997036,0.907338096858342,0.907338096858342,HER2,26322.61455259513,17719.40756021875
38,38_HE_val.ndpi,38_HER2_val.ndpi,38_17,18081.285724042933,15766.484263591494,0.907338096858342,0.907338096858342,HER2,8591.085711374744,13280.73779465552
38,38_HE_val.ndpi,38_HER2_val.ndpi,38_18,35415.93430738476,12558.443445980174,0.907338096858342,0.907338096858342,HER2,25807.25524825594,7897.068121580016
38,38_HE_val.ndpi,38_HER2_val.ndpi,38_19,22717.436865824257,6837.182441977226,0.907338096858342,0.907338096858342,HER2,12645.660712243889,4567.990403250475
38,38_HE_val.ndpi,38_HER2_val.ndpi,38_20,22426.33131570517,5140.778609278366,0.907338096858342,0.907338096858342,HER2,12177.608618996195,2966.8359638136985
38,38_HE_val.ndpi,38_HER2_val.ndpi,38_21,43129.501460170715,8570.998457548714,0.907338096858342,0.907338096858342,HER2,32055.787030924588,5778.796665734188
38,38_HE_val.ndpi,38_HER2_val.ndpi,38_22,37594.556575618495,9448.93609029562,0.907338096858342,0.907338096858342,HER2,27442.372158959126,6475.521075587327
38,38_HE_val.ndpi,38_HER2_val.ndpi,38_23,20671.469338534524,9617.422773927156,0.907338096858342,0.907338096858342,HER2,10598.77358100822,7129.801921599992
38,38_HE_val.ndpi,38_HER2_val.ndpi,38_24,21585.748541580182,17066.238489796207,0.907338096858342,0.907338096858342,HER2,11702.73774388912,15218.544406902472
38,38_HE_val.ndpi,38_HER2_val.ndpi,38_25,31756.474932758127,4205.907843561049,0.907338096858342,0.907338096858342,HER2,20601.865690305684,3052.5665151339517
38,38_HE_val.ndpi,38_HER2_val.ndpi,38_26,38723.688836164576,14347.399172287815,0.907338096858342,0.907338096858342,HER2,29661.721942526754,9429.149182815641
38,38_HE_val.ndpi,38_HER2_val.ndpi,38_27,22873.67444908196,10741.387879892789,0.907338096858342,0.907338096858342,HER2,12582.568227037307,8887.872606032142
38,38_HE_val.ndpi,38_HER2_val.ndpi,38_28,19486.92090500276,15292.462512650545,0.907338096858342,0.907338096858342,HER2,9970.844360162233,12791.975085203541
38,38_HE_val.ndpi,38_HER2_val.ndpi,38_29,31326.815116928847,17257.986210401283,0.907338096858342,0.907338096858342,HER2,20823.05331167617,14575.560065481093
38,38_HE_val.ndpi,38_HER2_val.ndpi,38_30,28310.827902299447,15377.191833711484,0.907338096858342,0.907338096858342,HER2,18095.007663664852,12956.712599161563
38,38_HE_val.ndpi,38_HER2_val.ndpi,38_31,26116.716791342795,2444.579317783621,0.907338096858342,0.907338096858342,HER2,15505.7424712652,1324.325738119225
38,38_HE_val.ndpi,38_HER2_val.ndpi,38_32,27231.34079992024,3218.7317817389485,0.907338096858342,0.907338096858342,HER2,16502.487871937203,2158.03113796295
38,38_HE_val.ndpi,38_HER2_val.ndpi,38_33,42780.26359174734,6352.41786851785,0.907338096858342,0.907338096858342,HER2,30682.684972497605,5135.113980944596
38,38_HE_val.ndpi,38_HER2_val.ndpi,38_34,31826.16759656229,12794.930354416842,0.907338096858342,0.907338096858342,HER2,21838.434507785038,9280.294383927681
38,38_HE_val.ndpi,38_HER2_val.ndpi,38_35,37524.73362175678,5230.380056958182,0.907338096858342,0.907338096858342,HER2,26211.399756787112,4085.952345887141
38,38_HE_val.ndpi,38_HER2_val.ndpi,38_36,20267.956043584192,11033.02803905672,0.907338096858342,0.907338096858342,HER2,10068.902937576915,8692.847373910663
38,38_HE_val.ndpi,38_HER2_val.ndpi,38_37,17778.93496967265,10526.203034794013,0.907338096858342,0.907338096858342,HER2,7716.801825120839,7569.56426153521
38,38_HE_val.ndpi,38_HER2_val.ndpi,38_38,23872.964289223004,9546.041135512916,0.907338096858342,0.907338096858342,HER2,13650.084403557936,7289.8721746701185
38,38_HE_val.ndpi,38_HER2_val.ndpi,38_39,26936.162891659435,7165.440321240379,0.907338096858342,0.907338096858342,HER2,16595.727875676446,5712.46149493899
38,38_HE_val.ndpi,38_HER2_val.ndpi,38_40,25942.657643188515,4794.785903069384,0.907338096858342,0.907338096858342,HER2,15575.160864236514,3352.882264983853
38,38_HE_val.ndpi,38_HER2_val.ndpi,38_41,41729.20555337976,12731.384133750822,0.907338096858342,0.907338096858342,HER2,32013.27590846758,7888.229552017496
38,38_HE_val.ndpi,38_HER2_val.ndpi,38_42,37135.305080538994,17931.716368562433,0.907338096858342,0.907338096858342,HER2,25857.58780394163,14148.967346998625
38,38_HE_val.ndpi,38_HER2_val.ndpi,38_43,26511.40281553726,12044.547511162556,0.907338096858342,0.907338096858342,HER2,15915.58755987529,10643.102784742634
38,38_HE_val.ndpi,38_HER2_val.ndpi,38_44,41175.74306613321,16322.021979834717,0.907338096858342,0.907338096858342,HER2,29781.101904960018,12043.334952483803
38,38_HE_val.ndpi,38_HER2_val.ndpi,38_45,37643.04817508702,12246.244541656133,0.907338096858342,0.907338096858342,HER2,28886.39134460388,7802.45649222371
38,38_HE_val.ndpi,38_HER2_val.ndpi,38_46,30068.680721655597,4665.593420928383,0.907338096858342,0.907338096858342,HER2,19726.40278913442,3317.6476472181494
38,38_HE_val.ndpi,38_HER2_val.ndpi,38_47,20976.465537597694,3930.6786257302947,0.907338096858342,0.907338096858342,HER2,10166.716634896187,1986.063434341697
38,38_HE_val.ndpi,38_HER2_val.ndpi,38_48,40520.57058500863,8869.796715166063,0.907338096858342,0.907338096858342,HER2,30124.547452113402,5884.162958909443
38,38_HE_val.ndpi,38_HER2_val.ndpi,38_49,28673.716456145103,8280.833666604145,0.907338096858342,0.907338096858342,HER2,18172.68954039139,6933.590804968451
38,38_HE_val.ndpi,38_HER2_val.ndpi,38_50,29848.13709978583,13172.550655699462,0.907338096858342,0.907338096858342,HER2,19462.68703898361,10532.060305236964
22,22_HE_val.ndpi,22_PGR_val.ndpi,22_0,25659.39818398933,7015.037981592731,0.9109542245502164,0.9109542245502164,PGR,33662.799106744125,16469.93741059737
22,22_HE_val.ndpi,22_PGR_val.ndpi,22_1,27682.488983438932,11708.999283704321,0.9109542245502164,0.9109542245502164,PGR,33081.056975353684,10028.599017219705
22,22_HE_val.ndpi,22_PGR_val.ndpi,22_2,28712.26303893581,11408.86666525152,0.9109542245502164,0.9109542245502164,PGR,31959.911462881206,11298.299569587407
22,22_HE_val.ndpi,22_PGR_val.ndpi,22_3,29709.33820496885,18512.169657455765,0.9109542245502164,0.9109542245502164,PGR,29982.935311765366,2943.4427039151133
22,22_HE_val.ndpi,22_PGR_val.ndpi,22_4,23723.97981885584,4177.147887573336,0.9109542245502164,0.9109542245502164,PGR,36071.18495617146,20169.105180815546
22,22_HE_val.ndpi,22_PGR_val.ndpi,22_5,24049.816040040438,4916.972566583364,0.9109542245502164,0.9109542245502164,PGR,36004.04038602574,19258.91374481733
22,22_HE_val.ndpi,22_PGR_val.ndpi,22_6,23280.918560982256,5317.586797024184,0.9109542245502164,0.9109542245502164,PGR,37030.169022972404,18542.308564927796
22,22_HE_val.ndpi,22_PGR_val.ndpi,22_7,24419.04575657519,9115.594524272816,0.9109542245502164,0.9109542245502164,PGR,34647.97119157585,12466.302224789573
22,22_HE_val.ndpi,22_PGR_val.ndpi,22_8,26679.517367800498,13650.173669299424,0.9109542245502164,0.9109542245502164,PGR,33678.42705073116,7184.900090308065
22,22_HE_val.ndpi,22_PGR_val.ndpi,22_9,28027.101177648918,18561.874448304046,0.9109542245502164,0.9109542245502164,PGR,31407.741550757266,2636.137124666017
22,22_HE_val.ndpi,22_PGR_val.ndpi,22_10,29474.948172449087,13067.70417481124,0.9109542245502164,0.9109542245502164,PGR,30578.496434972425,9351.065990858186
22,22_HE_val.ndpi,22_PGR_val.ndpi,22_11,28647.36665827264,12892.029744700469,0.9109542245502164,0.9109542245502164,PGR,31545.819357341137,9363.451841301987
22,22_HE_val.ndpi,22_PGR_val.ndpi,22_12,27958.485749993062,14448.758226074555,0.9109542245502164,0.9109542245502164,PGR,32445.99345604206,6814.818209551432
22,22_HE_val.ndpi,22_PGR_val.ndpi,22_13,36069.40762136102,12882.06803595041,0.9109542245502164,0.9109542245502164,PGR,25327.478319147984,11099.39254548928
22,22_HE_val.ndpi,22_PGR_val.ndpi,22_14,38560.442184729305,10074.539126444874,0.9109542245502164,0.9109542245502164,PGR,22077.26394563107,15316.301698589477
22,22_HE_val.ndpi,22_PGR_val.ndpi,22_15,28261.075163849884,9342.551260710536,0.9109542245502164,0.9109542245502164,PGR,31841.240333410773,14117.484892967072
22,22_HE_val.ndpi,22_PGR_val.ndpi,22_16,28266.30213908095,8770.497934802883,0.9109542245502164,0.9109542245502164,PGR,31734.05642385152,14643.191346221396
22,22_HE_val.ndpi,22_PGR_val.ndpi,22_17,28257.310021175566,8219.249860892129,0.9109542245502164,0.9109542245502164,PGR,31541.321237295255,15208.612325414899
22,22_HE_val.ndpi,22_PGR_val.ndpi,22_18,28136.43749644964,7672.6477423409415,0.9109542245502164,0.9109542245502164,PGR,31405.828524477387,15863.539972720111
22,22_HE_val.ndpi,22_PGR_val.ndpi,22_19,27806.665285249102,8152.588948300278,0.9109542245502164,0.9109542245502164,PGR,32058.3510745183,14997.775249802922
22,22_HE_val.ndpi,22_PGR_val.ndpi,22_20,28522.933318657084,5873.116404516215,0.9109542245502164,0.9109542245502164,PGR,30055.53679400167,17977.24239985408
22,22_HE_val.ndpi,22_PGR_val.ndpi,22_21,27183.629474072382,7255.70506470788,0.9109542245502164,0.9109542245502164,PGR,32293.564399376348,16232.229232132979
22,22_HE_val.ndpi,22_PGR_val.ndpi,22_22,26987.57465607152,5293.613844477071,0.9109542245502164,0.9109542245502164,PGR,31463.69720298126,18483.870755405125
22,22_HE_val.ndpi,22_PGR_val.ndpi,22_23,22178.93447683297,11864.377578436364,0.9109542245502164,0.9109542245502164,PGR,37932.1523949067,7830.708462429732
22,22_HE_val.ndpi,22_PGR_val.ndpi,22_24,27144.49607518105,12372.70426406113,0.9109542245502164,0.9109542245502164,PGR,33259.90727198128,9209.055908953003
22,22_HE_val.ndpi,22_PGR_val.ndpi,22_25,26907.934601831603,14945.06532538229,0.9109542245502164,0.9109542245502164,PGR,33370.930391028836,5871.57673401095
22,22_HE_val.ndpi,22_PGR_val.ndpi,22_26,26142.86467340381,14757.045911334002,0.9109542245502164,0.9109542245502164,PGR,34204.3756837133,5812.5902261742385
22,22_HE_val.ndpi,22_PGR_val.ndpi,22_27,26410.118690879877,14561.404621356267,0.9109542245502164,0.9109542245502164,PGR,33918.466650062066,6017.411284196656
22,22_HE_val.ndpi,22_PGR_val.ndpi,22_28,30592.28833933234,15063.417226194888,0.9109542245502164,0.9109542245502164,PGR,30516.4458172747,6626.357532512444
22,22_HE_val.ndpi,22_PGR_val.ndpi,22_29,30429.973616121162,14510.790695066291,0.9109542245502164,0.9109542245502164,PGR,30516.45521342771,7181.853118556988
22,22_HE_val.ndpi,22_PGR_val.ndpi,22_30,29214.80718973319,14179.168729443269,0.9109542245502164,0.9109542245502164,PGR,31367.65510956789,7255.405662170073
22,22_HE_val.ndpi,22_PGR_val.ndpi,22_31,29340.51306828087,14034.791536314106,0.9109542245502164,0.9109542245502164,PGR,31197.40302530469,7531.809409023509
22,22_HE_val.ndpi,22_PGR_val.ndpi,22_32,30125.630716366148,12526.163011006136,0.9109542245502164,0.9109542245502164,PGR,30275.659176377307,10209.860406480197
22,22_HE_val.ndpi,22_PGR_val.ndpi,22_33,29548.20736342857,11976.575881621744,0.9109542245502164,0.9109542245502164,PGR,30697.850968740062,10880.098786317376
22,22_HE_val.ndpi,22_PGR_val.ndpi,22_34,31345.40687694813,12970.164403487972,0.9109542245502164,0.9109542245502164,PGR,29496.230941893395,9676.636691164995
22,22_HE_val.ndpi,22_PGR_val.ndpi,22_35,30886.83404814916,13434.00939802181,0.9109542245502164,0.9109542245502164,PGR,29545.398013269983,8714.303458737073
22,22_HE_val.ndpi,22_PGR_val.ndpi,22_36,33370.310842064435,15002.0627947111,0.9109542245502164,0.9109542245502164,PGR,26944.858877925773,7047.026491365054
22,22_HE_val.ndpi,22_PGR_val.ndpi,22_37,27758.13822526803,12508.777684032304,0.9109542245502164,0.9109542245502164,PGR,32754.828545652203,9442.047846523059
22,22_HE_val.ndpi,22_PGR_val.ndpi,22_38,28117.941237365132,15458.355530662217,0.9109542245502164,0.9109542245502164,PGR,32232.4069131277,5984.871349177995
22,22_HE_val.ndpi,22_PGR_val.ndpi,22_39,29977.612894687485,11396.534507675156,0.9109542245502164,0.9109542245502164,PGR,30800.403712691495,12053.934103257414
22,22_HE_val.ndpi,22_PGR_val.ndpi,22_40,27355.405783559654,10911.124644196236,0.9109542245502164,0.9109542245502164,PGR,33107.22517289497,11206.502727934176
22,22_HE_val.ndpi,22_PGR_val.ndpi,22_41,28957.40664987554,10347.629062549648,0.9109542245502164,0.9109542245502164,PGR,31629.24656107783,13065.753060592526
22,22_HE_val.ndpi,22_PGR_val.ndpi,22_42,26383.332119503906,11044.158415537964,0.9109542245502164,0.9109542245502164,PGR,33880.5518029159,10296.375169810075
22,22_HE_val.ndpi,22_PGR_val.ndpi,22_43,22192.90165332544,9144.130519608625,0.9109542245502164,0.9109542245502164,PGR,36917.71028432075,11478.037191725105
22,22_HE_val.ndpi,22_PGR_val.ndpi,22_44,21691.37400633836,9616.003482138847,0.9109542245502164,0.9109542245502164,PGR,37436.705175087845,10526.38395954019
22,22_HE_val.ndpi,22_PGR_val.ndpi,22_45,31773.45891812445,9490.974126417701,0.9109542245502164,0.9109542245502164,PGR,28302.82102058045,14696.24786061253
22,22_HE_val.ndpi,22_PGR_val.ndpi,22_46,27514.918236686295,13496.441522033669,0.9109542245502164,0.9109542245502164,PGR,32919.07095485596,7861.177702629791
22,22_HE_val.ndpi,22_PGR_val.ndpi,22_47,32605.473572985396,14393.517120416223,0.9109542245502164,0.9109542245502164,PGR,28322.650102015552,7898.67787364224
22,22_HE_val.ndpi,22_PGR_val.ndpi,22_48,31906.39087256564,14089.27653482119,0.9109542245502164,0.9109542245502164,PGR,29103.282065145006,8138.244665789448
22,22_HE_val.ndpi,22_PGR_val.ndpi,22_49,36549.95337523564,13528.399443292217,0.9109542245502164,0.9109542245502164,PGR,24909.508092663928,10304.896240728913
75,75_HE_val.ndpi,75_ER_val.ndpi,75_1,26957.932949058286,5661.912070532177,0.919793966151582,0.919793966151582,ER,21546.29696335401,5271.7601131139845
75,75_HE_val.ndpi,75_ER_val.ndpi,75_2,25885.832741887833,6906.0332861999905,0.919793966151582,0.919793966151582,ER,20483.225974040663,6400.259362124532
75,75_HE_val.ndpi,75_ER_val.ndpi,75_3,23028.202880413573,8380.63940221904,0.919793966151582,0.919793966151582,ER,17733.09350728966,7654.765062658389
75,75_HE_val.ndpi,75_ER_val.ndpi,75_4,21842.244640272085,7514.029791912782,0.919793966151582,0.919793966151582,ER,16622.13881925406,7095.909115981243
75,75_HE_val.ndpi,75_ER_val.ndpi,75_5,21708.796391221284,7262.9850143547,0.919793966151582,0.919793966151582,ER,16419.837530850506,6937.877333998631
75,75_HE_val.ndpi,75_ER_val.ndpi,75_6,21806.19096511871,9607.32973901273,0.919793966151582,0.919793966151582,ER,16608.801914299085,9191.009422252582
75,75_HE_val.ndpi,75_ER_val.ndpi,75_7,24574.092184102814,10547.698423150568,0.919793966151582,0.919793966151582,ER,19321.859417329917,9911.763382968475
75,75_HE_val.ndpi,75_ER_val.ndpi,75_8,24904.56153005188,9978.44840450114,0.919793966151582,0.919793966151582,ER,19638.68968367364,9277.93164706468
75,75_HE_val.ndpi,75_ER_val.ndpi,75_9,24537.687175014195,10247.278637497591,0.919793966151582,0.919793966151582,ER,19269.35586783341,9604.14573115878
75,75_HE_val.ndpi,75_ER_val.ndpi,75_10,24150.585041666367,12174.983701491312,0.919793966151582,0.919793966151582,ER,18536.29578591924,11343.52694065858
75,75_HE_val.ndpi,75_ER_val.ndpi,75_11,24591.386131070856,12074.055336438154,0.919793966151582,0.919793966151582,ER,19236.816035881555,11307.484061235496
75,75_HE_val.ndpi,75_ER_val.ndpi,75_12,27366.75876693855,9737.07537876059,0.919793966151582,0.919793966151582,ER,21459.850836659447,8787.266233449142
75,75_HE_val.ndpi,75_ER_val.ndpi,75_13,27792.296938339266,9782.832168881838,0.919793966151582,0.919793966151582,ER,21821.2838576555,8822.975734695638
75,75_HE_val.ndpi,75_ER_val.ndpi,75_14,30004.49058173939,8850.712456687448,0.919793966151582,0.919793966151582,ER,24211.843120897127,7979.702947299316
75,75_HE_val.ndpi,75_ER_val.ndpi,75_15,29597.95526816186,8704.066937703496,0.919793966151582,0.919793966151582,ER,23753.993853648266,7886.376759445881
75,75_HE_val.ndpi,75_ER_val.ndpi,75_16,33191.8515948697,8038.950812064211,0.919793966151582,0.919793966151582,ER,27021.36831393865,7510.703041852187
75,75_HE_val.ndpi,75_ER_val.ndpi,75_17,35606.08142787365,5732.053044938018,0.919793966151582,0.919793966151582,ER,30089.811221044423,5627.999747740354
75,75_HE_val.ndpi,75_ER_val.ndpi,75_18,38071.15305286782,5348.210680338654,0.919793966151582,0.919793966151582,ER,31135.093075291374,5242.441256150984
75,75_HE_val.ndpi,75_ER_val.ndpi,75_19,37410.14699526953,5212.21414281756,0.919793966151582,0.919793966151582,ER,30804.74448868437,5113.765734536268
75,75_HE_val.ndpi,75_ER_val.ndpi,75_20,40202.84850570341,5039.8789130493315,0.919793966151582,0.919793966151582,ER,32836.41516266799,5281.255392223924
75,75_HE_val.ndpi,75_ER_val.ndpi,75_21,40902.012202900565,5080.145007048874,0.919793966151582,0.919793966151582,ER,33286.12458098074,5408.597236815036
75,75_HE_val.ndpi,75_ER_val.ndpi,75_22,40764.741972175485,4844.03978500205,0.919793966151582,0.919793966151582,ER,33202.6119443805,5198.705533964843
75,75_HE_val.ndpi,75_ER_val.ndpi,75_23,41433.56205417957,5058.67092661567,0.919793966151582,0.919793966151582,ER,33677.569248149994,5408.900081128544
75,75_HE_val.ndpi,75_ER_val.ndpi,75_24,42454.402840893454,4555.136311243102,0.919793966151582,0.919793966151582,ER,34462.962423139186,5008.094855922091
75,75_HE_val.ndpi,75_ER_val.ndpi,75_25,43306.57740902966,4133.441758620662,0.919793966151582,0.919793966151582,ER,35118.68928359597,4672.335018872994
75,75_HE_val.ndpi,75_ER_val.ndpi,75_26,44215.8563129949,4970.242007573697,0.919793966151582,0.919793966151582,ER,35717.11380913825,5425.308635089892
75,75_HE_val.ndpi,75_ER_val.ndpi,75_27,38826.52834451457,2664.805934131401,0.919793966151582,0.919793966151582,ER,31707.44500188067,2840.545061872846
75,75_HE_val.ndpi,75_ER_val.ndpi,75_28,38286.344040937154,2538.97476614654,0.919793966151582,0.919793966151582,ER,31244.934207146915,2786.075856461234
75,75_HE_val.ndpi,75_ER_val.ndpi,75_29,36344.14478016348,2557.4225831076333,0.919793966151582,0.919793966151582,ER,29593.733795318316,2786.3995428088597
75,75_HE_val.ndpi,75_ER_val.ndpi,75_30,37189.25234130618,3048.9758112344734,0.919793966151582,0.919793966151582,ER,30362.54905549284,3219.9721876651593
75,75_HE_val.ndpi,75_ER_val.ndpi,75_31,29343.712304723795,4213.9734843509395,0.919793966151582,0.919793966151582,ER,23631.148714662828,3879.0225630026403
75,75_HE_val.ndpi,75_ER_val.ndpi,75_32,29244.87761013418,4777.69712468081,0.919793966151582,0.919793966151582,ER,23627.349090177075,4386.150109695528
75,75_HE_val.ndpi,75_ER_val.ndpi,75_33,40028.86085181118,15022.353359626208,0.919793966151582,0.919793966151582,ER,32284.967705907133,14298.240102847245
75,75_HE_val.ndpi,75_ER_val.ndpi,75_34,39273.17284989698,18345.94493639152,0.919793966151582,0.919793966151582,ER,31596.980142899774,17214.62359514186
75,75_HE_val.ndpi,75_ER_val.ndpi,75_35,38387.99991401061,18293.695381316757,0.919793966151582,0.919793966151582,ER,30612.446171741478,16961.515890501156
75,75_HE_val.ndpi,75_ER_val.ndpi,75_36,43052.6886596704,16878.15282473518,0.919793966151582,0.919793966151582,ER,34896.49086169314,15848.104255143751
75,75_HE_val.ndpi,75_ER_val.ndpi,75_37,45119.530072771515,15267.70495478958,0.919793966151582,0.919793966151582,ER,36109.15924008515,14662.847410958222
75,75_HE_val.ndpi,75_ER_val.ndpi,75_38,45108.79238254026,14303.517893369592,0.919793966151582,0.919793966151582,ER,35981.43197024064,13656.770009583048
75,75_HE_val.ndpi,75_ER_val.ndpi,75_39,42438.06009025672,14575.86256161537,0.919793966151582,0.919793966151582,ER,34016.71079797607,13872.872715659889
75,75_HE_val.ndpi,75_ER_val.ndpi,75_40,41452.38633459957,10570.5089140109,0.919793966151582,0.919793966151582,ER,33726.76790858087,9873.475155316879
75,75_HE_val.ndpi,75_ER_val.ndpi,75_41,31644.659996344697,13620.524544265762,0.919793966151582,0.919793966151582,ER,25412.17907244955,12201.84089391092
75,75_HE_val.ndpi,75_ER_val.ndpi,75_42,30695.847196390536,14005.32115814281,0.919793966151582,0.919793966151582,ER,24503.16131909357,12787.00010138361
75,75_HE_val.ndpi,75_ER_val.ndpi,75_43,29631.06844787708,16277.20056510897,0.919793966151582,0.919793966151582,ER,23056.225710201816,14588.181667514005
75,75_HE_val.ndpi,75_ER_val.ndpi,75_44,26775.306238360918,13969.785879856687,0.919793966151582,0.919793966151582,ER,20310.755708711968,12941.752026008522
75,75_HE_val.ndpi,75_ER_val.ndpi,75_45,26659.340236865995,13073.370119182093,0.919793966151582,0.919793966151582,ER,20688.674710486863,12048.86466966741
75,75_HE_val.ndpi,75_ER_val.ndpi,75_46,26364.59335459354,13194.168229425193,0.919793966151582,0.919793966151582,ER,20410.494934299713,12191.514789084047
75,75_HE_val.ndpi,75_ER_val.ndpi,75_47,28902.297335128154,16679.436943844663,0.919793966151582,0.919793966151582,ER,22034.757889567958,14964.665511782629
75,75_HE_val.ndpi,75_ER_val.ndpi,75_48,30738.431638045447,16784.711272188797,0.919793966151582,0.919793966151582,ER,23986.46558607457,15164.123467907311
75,75_HE_val.ndpi,75_ER_val.ndpi,75_49,40740.91507687258,13378.839448519353,0.919793966151582,0.919793966151582,ER,32834.87749657305,12329.580054533602
75,75_HE_val.ndpi,75_ER_val.ndpi,75_50,39386.221155341125,12335.145459055651,0.919793966151582,0.919793966151582,ER,31859.95506572716,11202.232791397992
13,13_HE_val.ndpi,13_KI67_val.ndpi,13_1,15969.043763457263,3514.1942681328273,0.9109542245502164,0.9109542245502164,KI67,28124.041021463847,16592.125642511808
13,13_HE_val.ndpi,13_KI67_val.ndpi,13_2,16294.845463656497,3774.4119921175347,0.9109542245502164,0.9109542245502164,KI67,27777.492800348704,16387.51960251714
13,13_HE_val.ndpi,13_KI67_val.ndpi,13_3,17119.455018920293,3904.018160417503,0.9109542245502164,0.9109542245502164,KI67,27036.783280371943,16122.314029240111
13,13_HE_val.ndpi,13_KI67_val.ndpi,13_4,18256.55120345069,4833.479009110222,0.9109542245502164,0.9109542245502164,KI67,26133.498287679307,15308.536355552535
13,13_HE_val.ndpi,13_KI67_val.ndpi,13_5,18622.069753545187,4220.700801884264,0.9109542245502164,0.9109542245502164,KI67,25831.629440276385,15793.29091701715
13,13_HE_val.ndpi,13_KI67_val.ndpi,13_6,18895.99519372219,4731.217049649697,0.9109542245502164,0.9109542245502164,KI67,25598.309463593003,15407.401453156763
13,13_HE_val.ndpi,13_KI67_val.ndpi,13_7,19780.832970713316,4312.6351637075095,0.9109542245502164,0.9109542245502164,KI67,24780.302653869432,15848.36233993777
13,13_HE_val.ndpi,13_KI67_val.ndpi,13_8,20318.807634487337,4846.305530862243,0.9109542245502164,0.9109542245502164,KI67,24292.68106796656,15350.58533579309
13,13_HE_val.ndpi,13_KI67_val.ndpi,13_9,21582.67052511037,5157.760816901266,0.9109542245502164,0.9109542245502164,KI67,23125.004982671537,15012.572082882178
13,13_HE_val.ndpi,13_KI67_val.ndpi,13_10,22405.27488655093,4674.2150065249125,0.9109542245502164,0.9109542245502164,KI67,22291.915302768874,15457.010875169586
13,13_HE_val.ndpi,13_KI67_val.ndpi,13_11,22970.45832523661,5029.895968977213,0.9109542245502164,0.9109542245502164,KI67,21741.0894305307,15123.174902566261
13,13_HE_val.ndpi,13_KI67_val.ndpi,13_12,22861.99750110696,5994.891699319094,0.9109542245502164,0.9109542245502164,KI67,21988.689305693617,14260.837029158723
13,13_HE_val.ndpi,13_KI67_val.ndpi,13_13,19571.73587493657,5655.794193703902,0.9109542245502164,0.9109542245502164,KI67,24998.54959574165,14689.729675440693
13,13_HE_val.ndpi,13_KI67_val.ndpi,13_14,18411.76473513441,7503.843728559131,0.9109542245502164,0.9109542245502164,KI67,25931.726308394213,12985.869640806422
13,13_HE_val.ndpi,13_KI67_val.ndpi,13_15,17210.695607393747,7132.140871876551,0.9109542245502164,0.9109542245502164,KI67,26909.32115001642,13444.589121919258
13,13_HE_val.ndpi,13_KI67_val.ndpi,13_16,17395.476044908744,7980.39469811581,0.9109542245502164,0.9109542245502164,KI67,26881.765962731148,12575.347496813654
13,13_HE_val.ndpi,13_KI67_val.ndpi,13_17,17903.248280109638,8322.069374332648,0.9109542245502164,0.9109542245502164,KI67,26432.200951229814,12219.784791605933
13,13_HE_val.ndpi,13_KI67_val.ndpi,13_18,18057.459647851818,9236.84098096585,0.9109542245502164,0.9109542245502164,KI67,26241.19661679478,11438.012326119813
13,13_HE_val.ndpi,13_KI67_val.ndpi,13_19,19089.89196600993,9787.805753936977,0.9109542245502164,0.9109542245502164,KI67,25346.371449644394,10950.375748193428
13,13_HE_val.ndpi,13_KI67_val.ndpi,13_20,18405.214344943503,12230.378536849112,0.9109542245502164,0.9109542245502164,KI67,26249.074184182024,8856.424767412067
13,13_HE_val.ndpi,13_KI67_val.ndpi,13_21,17699.047166839322,12318.932638239405,0.9109542245502164,0.9109542245502164,KI67,26795.64303354086,8777.040258284296
13,13_HE_val.ndpi,13_KI67_val.ndpi,13_22,31391.169669460123,13332.120402706016,0.9109542245502164,0.9109542245502164,KI67,14747.99906319273,7821.165753758891
13,13_HE_val.ndpi,13_KI67_val.ndpi,13_23,32438.6406072458,15493.685176635952,0.9109542245502164,0.9109542245502164,KI67,13550.111152323469,5868.403308860085
13,13_HE_val.ndpi,13_KI67_val.ndpi,13_24,34701.37231750134,15815.162920463037,0.9109542245502164,0.9109542245502164,KI67,11597.202683317151,5590.360520729235
13,13_HE_val.ndpi,13_KI67_val.ndpi,13_25,33937.12883186174,14261.70178339036,0.9109542245502164,0.9109542245502164,KI67,12194.8973098655,6975.811209238398
13,13_HE_val.ndpi,13_KI67_val.ndpi,13_26,36002.31911250394,15214.835187192866,0.9109542245502164,0.9109542245502164,KI67,10404.760008475138,6138.379825922256
13,13_HE_val.ndpi,13_KI67_val.ndpi,13_27,37381.31265820666,14373.598686203084,0.9109542245502164,0.9109542245502164,KI67,9028.82236406044,6936.643481246243
13,13_HE_val.ndpi,13_KI67_val.ndpi,13_28,38802.219759435706,14997.552077826504,0.9109542245502164,0.9109542245502164,KI67,7847.469754239165,6299.472747216693
13,13_HE_val.ndpi,13_KI67_val.ndpi,13_29,37923.94861043975,13533.143791360195,0.9109542245502164,0.9109542245502164,KI67,8063.729438291173,7653.5266104611865
13,13_HE_val.ndpi,13_KI67_val.ndpi,13_30,35800.219665127814,12348.761106810725,0.9109542245502164,0.9109542245502164,KI67,10621.25424312115,8655.525932659975
13,13_HE_val.ndpi,13_KI67_val.ndpi,13_31,35716.77481971749,11462.389863685965,0.9109542245502164,0.9109542245502164,KI67,10673.005285429854,9376.747692030553
13,13_HE_val.ndpi,13_KI67_val.ndpi,13_32,35593.83370804093,10750.243595326923,0.9109542245502164,0.9109542245502164,KI67,10858.62755757301,9976.240885624891
13,13_HE_val.ndpi,13_KI67_val.ndpi,13_33,35494.717062710115,10389.8559413089,0.9109542245502164,0.9109542245502164,KI67,10941.866453618062,10278.877741247225
13,13_HE_val.ndpi,13_KI67_val.ndpi,13_34,35912.297406045385,8650.197918467147,0.9109542245502164,0.9109542245502164,KI67,10553.738498276309,11804.88303478271
13,13_HE_val.ndpi,13_KI67_val.ndpi,13_35,35900.75278941314,7850.180733353411,0.9109542245502164,0.9109542245502164,KI67,10507.177981239198,12480.682449165728
13,13_HE_val.ndpi,13_KI67_val.ndpi,13_36,33455.10657865116,10093.470753307447,0.9109542245502164,0.9109542245502164,KI67,12606.223210158716,10509.236091294877
13,13_HE_val.ndpi,13_KI67_val.ndpi,13_37,33784.081595271564,6635.618710253895,0.9109542245502164,0.9109542245502164,KI67,12115.149204180263,13715.137119932775
13,13_HE_val.ndpi,13_KI67_val.ndpi,13_38,30924.83038643944,7556.064343468169,0.9109542245502164,0.9109542245502164,KI67,14643.991992980944,12778.135145785578
13,13_HE_val.ndpi,13_KI67_val.ndpi,13_39,29283.067865464447,9252.5585636009,0.9109542245502164,0.9109542245502164,KI67,16283.272479956206,11417.87991062078
13,13_HE_val.ndpi,13_KI67_val.ndpi,13_40,29646.40386666688,11551.877110268691,0.9109542245502164,0.9109542245502164,KI67,16015.050625372915,9349.062308975519
13,13_HE_val.ndpi,13_KI67_val.ndpi,13_41,25189.031411437274,9657.933206615151,0.9109542245502164,0.9109542245502164,KI67,19913.6082469282,11036.673917936045
13,13_HE_val.ndpi,13_KI67_val.ndpi,13_42,23909.29656408514,12374.279106506123,0.9109542245502164,0.9109542245502164,KI67,21199.175312208008,8654.312354412403
13,13_HE_val.ndpi,13_KI67_val.ndpi,13_43,26393.03470650967,13012.635683480694,0.9109542245502164,0.9109542245502164,KI67,18854.002493161555,8086.102278717418
13,13_HE_val.ndpi,13_KI67_val.ndpi,13_44,27770.39195226413,14045.55935505562,0.9109542245502164,0.9109542245502164,KI67,17665.731853547877,7176.683555459253
13,13_HE_val.ndpi,13_KI67_val.ndpi,13_45,28725.923333984072,15309.26192928847,0.9109542245502164,0.9109542245502164,KI67,16832.98233830804,5988.638770613568
13,13_HE_val.ndpi,13_KI67_val.ndpi,13_46,28722.07741833325,6256.508025131612,0.9109542245502164,0.9109542245502164,KI67,16719.55632589652,14029.822136314508
13,13_HE_val.ndpi,13_KI67_val.ndpi,13_47,27761.983256606123,6242.4442115310085,0.9109542245502164,0.9109542245502164,KI67,17534.23049164597,14011.401762005542
13,13_HE_val.ndpi,13_KI67_val.ndpi,13_48,27794.799047922694,7607.066379091324,0.9109542245502164,0.9109542245502164,KI67,17534.275034967373,12804.176988980484
13,13_HE_val.ndpi,13_KI67_val.ndpi,13_49,26607.513893263444,7352.63614283802,0.9109542245502164,0.9109542245502164,KI67,18627.40247771454,13093.666042297697
13,13_HE_val.ndpi,13_KI67_val.ndpi,13_50,22238.360687297587,8742.449343025422,0.9109542245502164,0.9109542245502164,KI67,22409.14291072134,11905.02768220028
28,28_HE_val.ndpi,28_ER_val.ndpi,28_1,31522.11421315444,11587.758138809893,0.907338096858342,0.907338096858342,ER,25225.182070703657,11024.019957223958
28,28_HE_val.ndpi,28_ER_val.ndpi,28_2,31199.758477998326,11767.630641470183,0.907338096858342,0.907338096858342,ER,24929.032628812467,11169.980546202976
28,28_HE_val.ndpi,28_ER_val.ndpi,28_3,31432.753507889047,12751.387434342098,0.907338096858342,0.907338096858342,ER,24954.59190703074,12097.715324940187
28,28_HE_val.ndpi,28_ER_val.ndpi,28_4,32019.21051613181,10669.785336801377,0.907338096858342,0.907338096858342,ER,25788.212304339806,9862.971476682302
28,28_HE_val.ndpi,28_ER_val.ndpi,28_5,32795.234887166924,10538.676619379808,0.907338096858342,0.907338096858342,ER,26694.40061282145,9513.59342397883
28,28_HE_val.ndpi,28_ER_val.ndpi,28_6,32777.270964609335,11161.284361941773,0.907338096858342,0.907338096858342,ER,26605.93912009475,10186.45641767103
28,28_HE_val.ndpi,28_ER_val.ndpi,28_7,32748.92789747135,12668.037971765818,0.907338096858342,0.907338096858342,ER,26091.201409971804,11811.129473738254
28,28_HE_val.ndpi,28_ER_val.ndpi,28_8,29921.03305949694,13136.699600411855,0.907338096858342,0.907338096858342,ER,23486.008671588268,12343.279139438746
28,28_HE_val.ndpi,28_ER_val.ndpi,28_9,30389.758653518165,12741.0222629841,0.907338096858342,0.907338096858342,ER,24049.982792937968,12077.320849879401
28,28_HE_val.ndpi,28_ER_val.ndpi,28_10,28780.32881245924,13063.556765095083,0.907338096858342,0.907338096858342,ER,22432.420826627622,12003.408069912553
28,28_HE_val.ndpi,28_ER_val.ndpi,28_11,27932.371878342343,12956.753569282275,0.907338096858342,0.907338096858342,ER,21584.137841650972,11630.5813039812
28,28_HE_val.ndpi,28_ER_val.ndpi,28_12,27741.544280676928,14918.696100957824,0.907338096858342,0.907338096858342,ER,20606.972652636472,13449.707871487817
28,28_HE_val.ndpi,28_ER_val.ndpi,28_13,28727.889907214303,15392.452661735633,0.907338096858342,0.907338096858342,ER,21827.748918827303,14144.155082706193
28,28_HE_val.ndpi,28_ER_val.ndpi,28_14,28325.674211481117,16277.688800635064,0.907338096858342,0.907338096858342,ER,21621.550261662454,15099.947655195678
28,28_HE_val.ndpi,28_ER_val.ndpi,28_15,26732.635415444947,15407.32292231,0.907338096858342,0.907338096858342,ER,19609.33054107768,13961.950714484447
28,28_HE_val.ndpi,28_ER_val.ndpi,28_16,25982.478912186427,15518.71884887426,0.907338096858342,0.907338096858342,ER,19004.39282890659,14075.566460589796
28,28_HE_val.ndpi,28_ER_val.ndpi,28_17,27022.13482085928,16335.16787126755,0.907338096858342,0.907338096858342,ER,20340.253327569113,15024.143291661792
28,28_HE_val.ndpi,28_ER_val.ndpi,28_18,27297.128966352997,15934.42260844639,0.907338096858342,0.907338096858342,ER,20484.705029254645,14554.064845375175
28,28_HE_val.ndpi,28_ER_val.ndpi,28_19,19616.62469629963,17195.36461513119,0.907338096858342,0.907338096858342,ER,13181.468963145222,15425.940093154148
28,28_HE_val.ndpi,28_ER_val.ndpi,28_20,20340.850914209925,17115.369654868722,0.907338096858342,0.907338096858342,ER,13733.996743411155,15525.185425197846
28,28_HE_val.ndpi,28_ER_val.ndpi,28_21,21411.785645232518,18404.97067017492,0.907338096858342,0.907338096858342,ER,14761.524607894387,17077.952446174193
28,28_HE_val.ndpi,28_ER_val.ndpi,28_22,20801.374111710564,11645.602690512093,0.907338096858342,0.907338096858342,ER,14987.797236849428,10321.58496630872
28,28_HE_val.ndpi,28_ER_val.ndpi,28_23,23169.172813628862,13670.551535896497,0.907338096858342,0.907338096858342,ER,16561.37603535291,12018.857958301935
28,28_HE_val.ndpi,28_ER_val.ndpi,28_24,27656.838648301167,5036.1939933107315,0.907338096858342,0.907338096858342,ER,21856.579518974748,4287.280470452488
28,28_HE_val.ndpi,28_ER_val.ndpi,28_25,29275.87796378397,6908.261596532134,0.907338096858342,0.907338096858342,ER,23441.109736060836,6546.383538031285
28,28_HE_val.ndpi,28_ER_val.ndpi,28_26,31031.293036943818,6890.0147046491675,0.907338096858342,0.907338096858342,ER,25092.439923012134,6616.391978935343
28,28_HE_val.ndpi,28_ER_val.ndpi,28_27,36154.16114727845,4239.22027772414,0.907338096858342,0.907338096858342,ER,30046.58065205614,4980.562965906251
28,28_HE_val.ndpi,28_ER_val.ndpi,28_28,38887.87888349114,5623.261015136834,0.907338096858342,0.907338096858342,ER,32201.452129196467,6732.997304545356
28,28_HE_val.ndpi,28_ER_val.ndpi,28_29,39038.44473035341,5803.0411307932545,0.907338096858342,0.907338096858342,ER,32269.104065748896,6908.413743650002
28,28_HE_val.ndpi,28_ER_val.ndpi,28_30,37864.27244513256,7956.866905685316,0.907338096858342,0.907338096858342,ER,30879.24254291536,8522.078860413116
28,28_HE_val.ndpi,28_ER_val.ndpi,28_31,36842.97756411159,8100.547174117931,0.907338096858342,0.907338096858342,ER,30078.00461737751,8437.563347698786
28,28_HE_val.ndpi,28_ER_val.ndpi,28_32,37033.25683852233,7436.511338929382,0.907338096858342,0.907338096858342,ER,30395.182841530248,7927.205163655574
28,28_HE_val.ndpi,28_ER_val.ndpi,28_33,42264.89897708088,7998.344792744076,0.907338096858342,0.907338096858342,ER,34232.93607094033,9339.62641528258
28,28_HE_val.ndpi,28_ER_val.ndpi,28_34,43488.205582860384,8510.933858503662,0.907338096858342,0.907338096858342,ER,35200.826956139674,10048.65648660962
28,28_HE_val.ndpi,28_ER_val.ndpi,28_35,43510.96890803445,6059.489723520406,0.907338096858342,0.907338096858342,ER,35470.95033041016,7906.067997703603
28,28_HE_val.ndpi,28_ER_val.ndpi,28_36,44542.60667311705,9596.009126754609,0.907338096858342,0.907338096858342,ER,35959.350867326684,11383.335804182172
28,28_HE_val.ndpi,28_ER_val.ndpi,28_37,44259.63021859941,11146.18654499545,0.907338096858342,0.907338096858342,ER,35603.00523070945,13070.319829001019
28,28_HE_val.ndpi,28_ER_val.ndpi,28_38,44726.10747092872,14651.19575314225,0.907338096858342,0.907338096858342,ER,35937.328388377246,16827.748354270512
28,28_HE_val.ndpi,28_ER_val.ndpi,28_39,43550.71369554498,17699.095015371866,0.907338096858342,0.907338096858342,ER,34935.51395562152,19697.905916673008
28,28_HE_val.ndpi,28_ER_val.ndpi,28_40,35533.00363338457,17784.907753849155,0.907338096858342,0.907338096858342,ER,27713.543670029467,17658.814214457878
28,28_HE_val.ndpi,28_ER_val.ndpi,28_41,34758.982331075524,15416.931414314773,0.907338096858342,0.907338096858342,ER,27449.604096634648,15100.623490087319
28,28_HE_val.ndpi,28_ER_val.ndpi,28_42,33981.542599995046,15532.667763000396,0.907338096858342,0.907338096858342,ER,26875.74507483328,15017.41960111496
28,28_HE_val.ndpi,28_ER_val.ndpi,28_43,33824.050903957184,14959.456842241449,0.907338096858342,0.907338096858342,ER,26785.63048294199,14374.012089321803
28,28_HE_val.ndpi,28_ER_val.ndpi,28_44,32266.769078508278,13941.025211254391,0.907338096858342,0.907338096858342,ER,25635.079764571226,13058.141426580563
28,28_HE_val.ndpi,28_ER_val.ndpi,28_45,32088.86852800503,14423.071576989174,0.907338096858342,0.907338096858342,ER,25195.925611363415,13468.535733619075
28,28_HE_val.ndpi,28_ER_val.ndpi,28_46,31687.526204073725,14454.315711907373,0.907338096858342,0.907338096858342,ER,24870.539411517657,13538.795830482803
28,28_HE_val.ndpi,28_ER_val.ndpi,28_47,31010.038789159433,13861.04823379758,0.907338096858342,0.907338096858342,ER,24411.188601277463,13099.490910910057
28,28_HE_val.ndpi,28_ER_val.ndpi,28_48,30614.592694526265,11221.029721147748,0.907338096858342,0.907338096858342,ER,24523.640603442942,10490.182231221084
28,28_HE_val.ndpi,28_ER_val.ndpi,28_49,30057.993456454038,10994.506775420668,0.907338096858342,0.907338096858342,ER,23945.02841629288,10127.295173917557
28,28_HE_val.ndpi,28_ER_val.ndpi,28_50,30762.340072583775,10036.261723807198,0.907338096858342,0.907338096858342,ER,24371.5693427921,9292.320552401361
62,62_HE_val.ndpi,62_PGR_val.ndpi,62_1,6632.949039657194,1147.6306037242039,0.9109542245502164,0.9109542245502164,PGR,17974.55198512367,3540.238483545898
62,62_HE_val.ndpi,62_PGR_val.ndpi,62_2,7269.098859009406,1153.3405286301095,0.9109542245502164,0.9109542245502164,PGR,18969.897771094762,4045.5490638142855
62,62_HE_val.ndpi,62_PGR_val.ndpi,62_3,9732.08191547378,447.39806867223746,0.9109542245502164,0.9109542245502164,PGR,20881.07068503578,2681.344016518965
62,62_HE_val.ndpi,62_PGR_val.ndpi,62_4,7731.167869865826,6970.256954978473,0.9109542245502164,0.9109542245502164,PGR,17883.313763104197,5008.044039819354
62,62_HE_val.ndpi,62_PGR_val.ndpi,62_5,6066.106238534514,4854.800392168781,0.9109542245502164,0.9109542245502164,PGR,16978.165456537223,5022.763831611267
62,62_HE_val.ndpi,62_PGR_val.ndpi,62_6,6503.424728725981,4934.312844930868,0.9109542245502164,0.9109542245502164,PGR,17378.95093918595,4788.059831245243
62,62_HE_val.ndpi,62_PGR_val.ndpi,62_7,3914.3919324350677,3903.974036235921,0.9109542245502164,0.9109542245502164,PGR,15195.979413543231,4572.920848074404
62,62_HE_val.ndpi,62_PGR_val.ndpi,62_8,1481.2329771204904,4805.113038160729,0.9109542245502164,0.9109542245502164,PGR,10615.769821112415,4739.879193561333
62,62_HE_val.ndpi,62_PGR_val.ndpi,62_9,2863.025480040525,8889.982368024961,0.9109542245502164,0.9109542245502164,PGR,9260.552476910225,11500.009751047386
62,62_HE_val.ndpi,62_PGR_val.ndpi,62_10,3395.037426871881,12293.92082292169,0.9109542245502164,0.9109542245502164,PGR,12466.183345207155,17002.520874284346
62,62_HE_val.ndpi,62_PGR_val.ndpi,62_11,5319.456662684943,11245.336052833502,0.9109542245502164,0.9109542245502164,PGR,16808.225708036025,18475.077611605007
62,62_HE_val.ndpi,62_PGR_val.ndpi,62_12,6441.953229601447,3556.251565119895,0.9109542245502164,0.9109542245502164,PGR,17976.30980489231,4132.735444306519
62,62_HE_val.ndpi,62_PGR_val.ndpi,62_13,7566.1147435613975,3639.5227883761877,0.9109542245502164,0.9109542245502164,PGR,20670.589282089644,3122.4968995979875
62,62_HE_val.ndpi,62_PGR_val.ndpi,62_14,6972.807277860314,3769.634074714145,0.9109542245502164,0.9109542245502164,PGR,18976.17026092618,3819.717031908848
62,62_HE_val.ndpi,62_PGR_val.ndpi,62_15,4691.584751581026,8036.630349007796,0.9109542245502164,0.9109542245502164,PGR,12398.361103773168,8163.452877242759
62,62_HE_val.ndpi,62_PGR_val.ndpi,62_16,3042.8145311064313,6934.952065327047,0.9109542245502164,0.9109542245502164,PGR,10707.483982670688,7408.761425260685
62,62_HE_val.ndpi,62_PGR_val.ndpi,62_17,3079.5274997533074,9513.180224649346,0.9109542245502164,0.9109542245502164,PGR,9391.000718454288,13802.076275822696
62,62_HE_val.ndpi,62_PGR_val.ndpi,62_18,9357.98895674848,5117.187765622603,0.9109542245502164,0.9109542245502164,PGR,20885.20337567091,4146.2218436996
62,62_HE_val.ndpi,62_PGR_val.ndpi,62_19,13673.383004263882,3471.3328132433617,0.9109542245502164,0.9109542245502164,PGR,30356.262763645016,4380.713887020197
62,62_HE_val.ndpi,62_PGR_val.ndpi,62_20,14312.957627030632,240.127561079706,0.9109542245502164,0.9109542245502164,PGR,31141.491444989922,1312.7148628609068
62,62_HE_val.ndpi,62_PGR_val.ndpi,62_21,17009.601891855433,4425.937195940936,0.9109542245502164,0.9109542245502164,PGR,38183.67552022814,6686.897210542091
62,62_HE_val.ndpi,62_PGR_val.ndpi,62_22,5215.414343219416,10017.879445188522,0.9109542245502164,0.9109542245502164,PGR,13841.20880866801,15810.512737078763
62,62_HE_val.ndpi,62_PGR_val.ndpi,62_23,8949.182674331892,4629.7780919515535,0.9109542245502164,0.9109542245502164,PGR,20366.26647573542,4357.143152051551
62,62_HE_val.ndpi,62_PGR_val.ndpi,62_24,10291.1920594985,408.3409479432472,0.9109542245502164,0.9109542245502164,PGR,22396.237082060416,2420.073040727017
62,62_HE_val.ndpi,62_PGR_val.ndpi,62_25,6046.570930768591,5633.9698271838,0.9109542245502164,0.9109542245502164,PGR,17440.77282696379,5539.13112887928
62,62_HE_val.ndpi,62_PGR_val.ndpi,62_26,5976.127074033045,6979.059341558294,0.9109542245502164,0.9109542245502164,PGR,16436.008832382366,6377.649879234924
62,62_HE_val.ndpi,62_PGR_val.ndpi,62_27,3632.310393501967,6197.437474097408,0.9109542245502164,0.9109542245502164,PGR,12851.74751820932,6572.684341946206
62,62_HE_val.ndpi,62_PGR_val.ndpi,62_28,2917.5942815216176,4733.700158787693,0.9109542245502164,0.9109542245502164,PGR,12922.281665976781,5085.2453238970065
62,62_HE_val.ndpi,62_PGR_val.ndpi,62_29,1151.5242700471842,2618.3588134633824,0.9109542245502164,0.9109542245502164,PGR,10093.525536051406,3636.154910887055
62,62_HE_val.ndpi,62_PGR_val.ndpi,62_30,6144.500548001615,1352.2513237195951,0.9109542245502164,0.9109542245502164,PGR,17372.25556597821,3357.9267132657233
62,62_HE_val.ndpi,62_PGR_val.ndpi,62_31,5906.541693408029,4499.203407629587,0.9109542245502164,0.9109542245502164,PGR,17223.047771787205,4785.061329248283
62,62_HE_val.ndpi,62_PGR_val.ndpi,62_32,8239.785478599024,5268.350094477809,0.9109542245502164,0.9109542245502164,PGR,19643.833195304473,4318.8264843255265
62,62_HE_val.ndpi,62_PGR_val.ndpi,62_33,9785.72716994042,4285.501743289726,0.9109542245502164,0.9109542245502164,PGR,21187.196764550787,4137.947613532004
62,62_HE_val.ndpi,62_PGR_val.ndpi,62_34,12061.587616585,3981.8761731114496,0.9109542245502164,0.9109542245502164,PGR,24966.544652024157,5115.4820783085
62,62_HE_val.ndpi,62_PGR_val.ndpi,62_35,12368.655541821496,2665.22620915211,0.9109542245502164,0.9109542245502164,PGR,25569.607381679692,5125.589365308353
62,62_HE_val.ndpi,62_PGR_val.ndpi,62_36,2666.7262284397502,7301.5925134559375,0.9109542245502164,0.9109542245502164,PGR,10053.645194036526,7900.406143416441
62,62_HE_val.ndpi,62_PGR_val.ndpi,62_37,2233.3342077337693,5365.779447148298,0.9109542245502164,0.9109542245502164,PGR,10970.134752119306,5412.351798770749
62,62_HE_val.ndpi,62_PGR_val.ndpi,62_38,3490.6466389894845,8392.315773790464,0.9109542245502164,0.9109542245502164,PGR,9619.776629289358,9412.66011799845
62,62_HE_val.ndpi,62_PGR_val.ndpi,62_39,3640.419186374072,7783.394953728822,0.9109542245502164,0.9109542245502164,PGR,11255.739383944838,8181.8379221952955
62,62_HE_val.ndpi,62_PGR_val.ndpi,62_40,8490.10958498473,3374.3246179282564,0.9109542245502164,0.9109542245502164,PGR,21484.99280144807,3834.540483010907
62,62_HE_val.ndpi,62_PGR_val.ndpi,62_41,2663.0044466528184,2125.9279195967842,0.9109542245502164,0.9109542245502164,PGR,13934.57214847761,3901.7526678669506
62,62_HE_val.ndpi,62_PGR_val.ndpi,62_42,4788.932366249605,1723.1205243047614,0.9109542245502164,0.9109542245502164,PGR,15644.358098770435,3798.5953758739192
62,62_HE_val.ndpi,62_PGR_val.ndpi,62_43,8646.297806696028,1120.9699744553548,0.9109542245502164,0.9109542245502164,PGR,20369.08157728278,3969.512105941547
62,62_HE_val.ndpi,62_PGR_val.ndpi,62_44,12044.968816695726,206.8457185686303,0.9109542245502164,0.9109542245502164,PGR,26115.6942260929,1392.871596061761
62,62_HE_val.ndpi,62_PGR_val.ndpi,62_45,13338.814327292132,430.4175215382513,0.9109542245502164,0.9109542245502164,PGR,28166.12825067959,2154.5579511397773
62,62_HE_val.ndpi,62_PGR_val.ndpi,62_46,14330.021408884251,2084.8623894247507,0.9109542245502164,0.9109542245502164,PGR,32258.272061442345,3793.9641003858824
62,62_HE_val.ndpi,62_PGR_val.ndpi,62_47,5110.342854194205,4829.214970341188,0.9109542245502164,0.9109542245502164,PGR,15802.039595684151,5700.991086590617
62,62_HE_val.ndpi,62_PGR_val.ndpi,62_48,1083.3840569208373,3769.3434140375293,0.9109542245502164,0.9109542245502164,PGR,9206.093063256943,4016.0169695249297
62,62_HE_val.ndpi,62_PGR_val.ndpi,62_49,1944.8821574381425,6003.864256687793,0.9109542245502164,0.9109542245502164,PGR,9813.82808165891,6186.414176933723
62,62_HE_val.ndpi,62_PGR_val.ndpi,62_50,4194.65480456509,3746.709311023752,0.9109542245502164,0.9109542245502164,PGR,15717.995314601056,4659.698644538922
39,39_HE_val.ndpi,39_HER2_val.ndpi,39_1,25091.25409243496,2596.589320693421,0.907338096858342,0.907338096858342,HER2,11191.760678080444,2689.5389121958265
39,39_HE_val.ndpi,39_HER2_val.ndpi,39_2,26166.00710945914,2243.8634748935237,0.907338096858342,0.907338096858342,HER2,11998.049603417026,2487.197765463913
39,39_HE_val.ndpi,39_HER2_val.ndpi,39_3,26537.411931610663,2802.5714279694316,0.907338096858342,0.907338096858342,HER2,12331.926822280877,3067.6744199885497
39,39_HE_val.ndpi,39_HER2_val.ndpi,39_4,27261.153377726783,2608.982507382461,0.907338096858342,0.907338096858342,HER2,12878.450388550731,2973.405313346838
39,39_HE_val.ndpi,39_HER2_val.ndpi,39_5,25308.139653949933,3545.176746888826,0.907338096858342,0.907338096858342,HER2,11437.199158225636,3623.2139192052523
39,39_HE_val.ndpi,39_HER2_val.ndpi,39_6,25850.70159008976,3277.55994433302,0.907338096858342,0.907338096858342,HER2,11836.982509410816,3435.492515853669
39,39_HE_val.ndpi,39_HER2_val.ndpi,39_7,26409.47024539294,4047.0548658676335,0.907338096858342,0.907338096858342,HER2,12333.551769212181,4240.8754512064
39,39_HE_val.ndpi,39_HER2_val.ndpi,39_8,24769.282209625733,4045.506438767026,0.907338096858342,0.907338096858342,HER2,11059.218719942262,4033.782271880426
39,39_HE_val.ndpi,39_HER2_val.ndpi,39_9,23905.559704882297,4126.120912001797,0.907338096858342,0.907338096858342,HER2,10346.983926972915,4043.9392644056356
39,39_HE_val.ndpi,39_HER2_val.ndpi,39_10,24408.336583435364,4390.066886603924,0.907338096858342,0.907338096858342,HER2,10805.754241682751,4318.888541300695
39,39_HE_val.ndpi,39_HER2_val.ndpi,39_11,23993.478251071065,4983.537822839964,0.907338096858342,0.907338096858342,HER2,10511.61192639374,4876.675198719693
39,39_HE_val.ndpi,39_HER2_val.ndpi,39_12,23812.987792451826,5720.943709278729,0.907338096858342,0.907338096858342,HER2,10456.138669579364,5581.472498812387
39,39_HE_val.ndpi,39_HER2_val.ndpi,39_13,23750.708287024994,6417.095960544771,0.907338096858342,0.907338096858342,HER2,10473.652264500193,6254.878705422012
39,39_HE_val.ndpi,39_HER2_val.ndpi,39_14,25103.802750854968,5801.500645019432,0.907338096858342,0.907338096858342,HER2,11467.997397836813,5753.64464823204
39,39_HE_val.ndpi,39_HER2_val.ndpi,39_15,25100.45807928208,5347.549473965455,0.907338096858342,0.907338096858342,HER2,11426.69531049788,5319.516842256992
39,39_HE_val.ndpi,39_HER2_val.ndpi,39_16,25683.53920419436,5765.221775717532,0.907338096858342,0.907338096858342,HER2,11915.582529986163,5791.6438313797335
39,39_HE_val.ndpi,39_HER2_val.ndpi,39_17,26255.61892308485,4835.305345757083,0.907338096858342,0.907338096858342,HER2,12280.814353980793,4974.8556048931205
39,39_HE_val.ndpi,39_HER2_val.ndpi,39_18,28023.736435006776,5374.470514304834,0.907338096858342,0.907338096858342,HER2,13701.501693727752,5711.621667395348
39,39_HE_val.ndpi,39_HER2_val.ndpi,39_19,27534.916415597134,5324.616430703213,0.907338096858342,0.907338096858342,HER2,13317.250247898597,5602.725227436187
39,39_HE_val.ndpi,39_HER2_val.ndpi,39_20,28181.50234436735,6060.084159651568,0.907338096858342,0.907338096858342,HER2,13876.860877044008,6386.317554974959
39,39_HE_val.ndpi,39_HER2_val.ndpi,39_21,26723.819163302218,7904.560713178043,0.907338096858342,0.907338096858342,HER2,12901.445406248937,7966.977014931791
39,39_HE_val.ndpi,39_HER2_val.ndpi,39_22,26467.981483422216,7712.682453268039,0.907338096858342,0.907338096858342,HER2,12686.93879644136,7751.717737626195
39,39_HE_val.ndpi,39_HER2_val.ndpi,39_23,29462.572526983116,7872.781733729063,0.907338096858342,0.907338096858342,HER2,15024.301667504455,8279.236018778638
39,39_HE_val.ndpi,39_HER2_val.ndpi,39_24,27598.497566992948,6774.589152738352,0.907338096858342,0.907338096858342,HER2,13483.179840965558,6996.4186614732735
39,39_HE_val.ndpi,39_HER2_val.ndpi,39_25,29999.74607093581,9318.6228384121,0.907338096858342,0.907338096858342,HER2,15551.151811557647,9726.508058152425
39,39_HE_val.ndpi,39_HER2_val.ndpi,39_26,29894.889001220163,7999.9496494694595,0.907338096858342,0.907338096858342,HER2,15369.255158318048,8454.559723738868
39,39_HE_val.ndpi,39_HER2_val.ndpi,39_27,31233.953167293563,7285.425449510771,0.907338096858342,0.907338096858342,HER2,16355.062252797301,7940.77375077189
39,39_HE_val.ndpi,39_HER2_val.ndpi,39_28,31517.983922609586,6557.7802791138965,0.907338096858342,0.907338096858342,HER2,16512.049330497823,7280.817212009951
39,39_HE_val.ndpi,39_HER2_val.ndpi,39_29,24015.570883097324,10250.386768996965,0.907338096858342,0.907338096858342,HER2,10862.395063558577,9970.109562914256
39,39_HE_val.ndpi,39_HER2_val.ndpi,39_30,24351.98343781771,9195.454350081243,0.907338096858342,0.907338096858342,HER2,11137.816368984906,8971.751861037235
39,39_HE_val.ndpi,39_HER2_val.ndpi,39_31,25369.576499274437,8828.917791719545,0.907338096858342,0.907338096858342,HER2,11919.377511019675,8678.972775663255
39,39_HE_val.ndpi,39_HER2_val.ndpi,39_32,26388.100504203263,8268.965571401353,0.907338096858342,0.907338096858342,HER2,12668.108061924875,8272.433256554274
39,39_HE_val.ndpi,39_HER2_val.ndpi,39_33,25722.03830301643,9787.793002903538,0.907338096858342,0.907338096858342,HER2,12266.237011376772,9638.569138754261
39,39_HE_val.ndpi,39_HER2_val.ndpi,39_34,26787.890896432888,11709.469534643835,0.907338096858342,0.907338096858342,HER2,13248.038566590101,11610.384405218703
39,39_HE_val.ndpi,39_HER2_val.ndpi,39_35,25903.95440985817,12341.710743815916,0.907338096858342,0.907338096858342,HER2,12612.514880584258,12103.967070463721
39,39_HE_val.ndpi,39_HER2_val.ndpi,39_36,20810.545474280007,7601.322660631246,0.907338096858342,0.907338096858342,HER2,9389.438772735317,7345.767645660436
39,39_HE_val.ndpi,39_HER2_val.ndpi,39_37,20603.005193706053,7147.906633644835,0.907338096858342,0.907338096858342,HER2,9152.644139363876,6880.519295027297
39,39_HE_val.ndpi,39_HER2_val.ndpi,39_38,20302.04491612724,10017.702756218328,0.907338096858342,0.907338096858342,HER2,8130.703490562366,9426.02704852793
39,39_HE_val.ndpi,39_HER2_val.ndpi,39_39,22499.695900458584,10804.451954335187,0.907338096858342,0.907338096858342,HER2,9738.759323959164,10342.949465431733
39,39_HE_val.ndpi,39_HER2_val.ndpi,39_40,23208.99060869147,11155.916216423879,0.907338096858342,0.907338096858342,HER2,10252.969268801446,10744.26302026582
39,39_HE_val.ndpi,39_HER2_val.ndpi,39_41,26368.04766290148,289.8512717669771,0.907338096858342,0.907338096858342,HER2,11995.959856323203,645.2888590636601
39,39_HE_val.ndpi,39_HER2_val.ndpi,39_42,19589.78676666116,2175.513669721249,0.907338096858342,0.907338096858342,HER2,7407.880729902961,1727.3020402365619
39,39_HE_val.ndpi,39_HER2_val.ndpi,39_43,20433.24377878772,4105.448636391267,0.907338096858342,0.907338096858342,HER2,7755.534420050209,3770.431034563506
39,39_HE_val.ndpi,39_HER2_val.ndpi,39_44,20739.542251199924,3450.545891543803,0.907338096858342,0.907338096858342,HER2,7920.79408270454,3051.5888796220293
39,39_HE_val.ndpi,39_HER2_val.ndpi,39_45,25162.147812593168,7138.218106269084,0.907338096858342,0.907338096858342,HER2,11620.184464700744,7038.5238299837065
39,39_HE_val.ndpi,39_HER2_val.ndpi,39_46,22408.976807562784,7724.268538491418,0.907338096858342,0.907338096858342,HER2,10210.08783123096,7556.683565227295
39,39_HE_val.ndpi,39_HER2_val.ndpi,39_47,31947.065854907407,2410.384009296575,0.907338096858342,0.907338096858342,HER2,16502.55112298517,3371.0498716457873
39,39_HE_val.ndpi,39_HER2_val.ndpi,39_48,31042.294927530853,1420.3095278359067,0.907338096858342,0.907338096858342,HER2,15719.324683259862,2311.4881036708903
39,39_HE_val.ndpi,39_HER2_val.ndpi,39_49,31072.77243785656,728.2781848276641,0.907338096858342,0.907338096858342,HER2,15686.741030389841,1653.9862327053193
39,39_HE_val.ndpi,39_HER2_val.ndpi,39_50,29812.2992923348,1920.9208107825666,0.907338096858342,0.907338096858342,HER2,14804.453303127306,2635.6917929804918
9,9_HE_val.ndpi,9_HER2_val.ndpi,9_0,33104.89888181401,12266.463799763911,0.919793966151582,0.919793966151582,HER2,6724.346567306773,4359.844843879858
9,9_HE_val.ndpi,9_HER2_val.ndpi,9_1,22769.421224705704,3826.2456251531135,0.919793966151582,0.919793966151582,HER2,17336.638203187584,13395.085859341147
9,9_HE_val.ndpi,9_HER2_val.ndpi,9_2,20525.590941770966,2642.6444265572713,0.919793966151582,0.919793966151582,HER2,19143.634542232412,14021.138601362652
9,9_HE_val.ndpi,9_HER2_val.ndpi,9_3,20191.593590028893,1680.7367024103312,0.919793966151582,0.919793966151582,HER2,19222.974244122666,15012.409807826314
9,9_HE_val.ndpi,9_HER2_val.ndpi,9_4,26475.29569349771,1845.0580000989253,0.919793966151582,0.919793966151582,HER2,15081.25784039489,15693.838018019576
9,9_HE_val.ndpi,9_HER2_val.ndpi,9_5,17432.659142906497,7591.428524248968,0.919793966151582,0.919793966151582,HER2,21868.58649081992,7953.131119294981
9,9_HE_val.ndpi,9_HER2_val.ndpi,9_6,15383.465541023139,8805.760748100625,0.919793966151582,0.919793966151582,HER2,23175.311764966144,6220.9538521984
9,9_HE_val.ndpi,9_HER2_val.ndpi,9_7,26823.09693160724,13009.3730308989,0.919793966151582,0.919793966151582,HER2,11780.410931707713,2827.276499108161
9,9_HE_val.ndpi,9_HER2_val.ndpi,9_8,32779.290555397754,10263.05580396865,0.919793966151582,0.919793966151582,HER2,6983.158397302533,5883.231020817333
9,9_HE_val.ndpi,9_HER2_val.ndpi,9_9,34383.965846775915,10566.084218909686,0.919793966151582,0.919793966151582,HER2,5325.142447930966,5459.936540894646
9,9_HE_val.ndpi,9_HER2_val.ndpi,9_10,33486.84845152229,4552.1964923668675,0.919793966151582,0.919793966151582,HER2,9177.464286449922,11687.82144203328
9,9_HE_val.ndpi,9_HER2_val.ndpi,9_11,24975.123867284525,4509.447674535113,0.919793966151582,0.919793966151582,HER2,16055.763448405512,12372.86692256747
9,9_HE_val.ndpi,9_HER2_val.ndpi,9_12,27393.05180105374,7089.555377038939,0.919793966151582,0.919793966151582,HER2,14353.434252268726,8302.483933509802
9,9_HE_val.ndpi,9_HER2_val.ndpi,9_13,22944.335959271426,5392.9490384504215,0.919793966151582,0.919793966151582,HER2,17210.888283950924,11183.575540655931
9,9_HE_val.ndpi,9_HER2_val.ndpi,9_14,24426.427365904765,6447.228359168765,0.919793966151582,0.919793966151582,HER2,16213.379368298642,9768.65763388885
9,9_HE_val.ndpi,9_HER2_val.ndpi,9_15,28320.390946125928,5535.348986665063,0.919793966151582,0.919793966151582,HER2,14436.054340406754,10341.579836898569
9,9_HE_val.ndpi,9_HER2_val.ndpi,9_16,29317.628583731163,6131.5555540940895,0.919793966151582,0.919793966151582,HER2,13378.533515089894,9176.668218639616
9,9_HE_val.ndpi,9_HER2_val.ndpi,9_17,30053.770872770816,6157.9960334566285,0.919793966151582,0.919793966151582,HER2,12850.800833719311,9213.027708792708
9,9_HE_val.ndpi,9_HER2_val.ndpi,9_18,29856.83512841817,5433.672314171932,0.919793966151582,0.919793966151582,HER2,13638.252159582038,10448.683607687595
9,9_HE_val.ndpi,9_HER2_val.ndpi,9_19,31147.42576508468,4786.3530533738785,0.919793966151582,0.919793966151582,HER2,12516.005465381086,11591.016121031429
9,9_HE_val.ndpi,9_HER2_val.ndpi,9_20,32996.196795652984,2357.3570435695096,0.919793966151582,0.919793966151582,HER2,9501.48192861651,14536.607627769774
9,9_HE_val.ndpi,9_HER2_val.ndpi,9_21,20999.727028662062,11384.476381674514,0.919793966151582,0.919793966151582,HER2,16306.157395171374,4063.3925795057853
9,9_HE_val.ndpi,9_HER2_val.ndpi,9_22,22225.559345189362,4839.446025285457,0.919793966151582,0.919793966151582,HER2,17755.893411119534,11806.992285388604
9,9_HE_val.ndpi,9_HER2_val.ndpi,9_23,23282.014261916112,7889.461684669468,0.919793966151582,0.919793966151582,HER2,16330.83878495073,8168.715726918819
9,9_HE_val.ndpi,9_HER2_val.ndpi,9_24,22931.584898989964,7635.422922094158,0.919793966151582,0.919793966151582,HER2,16832.634454257604,8436.263942908503
9,9_HE_val.ndpi,9_HER2_val.ndpi,9_25,22273.85765415464,9271.389429863986,0.919793966151582,0.919793966151582,HER2,16313.463925849837,6384.777375027593
9,9_HE_val.ndpi,9_HER2_val.ndpi,9_26,22404.66300478094,7896.091177159761,0.919793966151582,0.919793966151582,HER2,17416.81361900334,8234.235973306511
9,9_HE_val.ndpi,9_HER2_val.ndpi,9_27,25162.660693084723,8069.441278536929,0.919793966151582,0.919793966151582,HER2,15265.629549295501,7884.294504994908
9,9_HE_val.ndpi,9_HER2_val.ndpi,9_28,25575.733173738696,8459.011655365499,0.919793966151582,0.919793966151582,HER2,14839.40489215482,7297.382098084363
9,9_HE_val.ndpi,9_HER2_val.ndpi,9_29,25649.361253505944,9612.539410824123,0.919793966151582,0.919793966151582,HER2,13518.599575338021,5776.333289001899
9,9_HE_val.ndpi,9_HER2_val.ndpi,9_30,30618.597550161416,10310.972049538534,0.919793966151582,0.919793966151582,HER2,9622.977408575438,5484.229236682554
9,9_HE_val.ndpi,9_HER2_val.ndpi,9_31,28465.852136736103,4407.107444896922,0.919793966151582,0.919793966151582,HER2,14656.534107462141,11887.783503381042
9,9_HE_val.ndpi,9_HER2_val.ndpi,9_32,19993.808679351518,6892.630545492843,0.919793966151582,0.919793966151582,HER2,20080.964321091375,8830.34828132248
9,9_HE_val.ndpi,9_HER2_val.ndpi,9_33,26965.81794010271,9715.96572331946,0.919793966151582,0.919793966151582,HER2,12916.337490478527,5660.321998188436
9,9_HE_val.ndpi,9_HER2_val.ndpi,9_34,25397.548460802896,12162.305909147448,0.919793966151582,0.919793966151582,HER2,13483.93660001559,3239.254054506203
9,9_HE_val.ndpi,9_HER2_val.ndpi,9_35,24440.76375621777,11912.497286683696,0.919793966151582,0.919793966151582,HER2,14491.475295431457,3648.414450965375
9,9_HE_val.ndpi,9_HER2_val.ndpi,9_36,26556.437104665118,1317.9004976593899,0.919793966151582,0.919793966151582,HER2,14850.157268937768,16357.827021790656
9,9_HE_val.ndpi,9_HER2_val.ndpi,9_37,28715.69229191313,809.6867906783306,0.919793966151582,0.919793966151582,HER2,13294.85584844,16577.323185251553
9,9_HE_val.ndpi,9_HER2_val.ndpi,9_38,14989.307573712713,8795.722691165132,0.919793966151582,0.919793966151582,HER2,23390.07519899457,6048.32921239163
9,9_HE_val.ndpi,9_HER2_val.ndpi,9_39,14582.930090081734,9777.422156649463,0.919793966151582,0.919793966151582,HER2,23709.906295320598,4698.884421797252
9,9_HE_val.ndpi,9_HER2_val.ndpi,9_40,15420.65426360193,9679.638257822831,0.919793966151582,0.919793966151582,HER2,22868.059637891118,5114.184603211475
9,9_HE_val.ndpi,9_HER2_val.ndpi,9_41,14278.218192489468,8852.409662156188,0.919793966151582,0.919793966151582,HER2,24381.77426673905,5933.94879977127
9,9_HE_val.ndpi,9_HER2_val.ndpi,9_42,12809.785537543528,8992.784018600352,0.919793966151582,0.919793966151582,HER2,26062.540869151,5500.044536248258
9,9_HE_val.ndpi,9_HER2_val.ndpi,9_43,24391.738967490568,3425.5051309842997,0.919793966151582,0.919793966151582,HER2,16457.621879963575,13896.696787535391
9,9_HE_val.ndpi,9_HER2_val.ndpi,9_44,29639.1557551869,9213.595867334925,0.919793966151582,0.919793966151582,HER2,10694.925580409956,6384.426250960479
9,9_HE_val.ndpi,9_HER2_val.ndpi,9_45,29368.911308458486,8992.26777943766,0.919793966151582,0.919793966151582,HER2,11207.2016047948,6427.529974456824
9,9_HE_val.ndpi,9_HER2_val.ndpi,9_46,29899.125308452254,9233.26073520673,0.919793966151582,0.919793966151582,HER2,10334.13859893581,6493.047664387587
9,9_HE_val.ndpi,9_HER2_val.ndpi,9_47,28627.77852206875,6037.631755411329,0.919793966151582,0.919793966151582,HER2,13883.690678277153,9505.638252222092
9,9_HE_val.ndpi,9_HER2_val.ndpi,9_48,28698.50125288292,6704.860722301954,0.919793966151582,0.919793966151582,HER2,13481.22907657694,8693.982169664647
9,9_HE_val.ndpi,9_HER2_val.ndpi,9_49,25459.449141370173,7433.185538047314,0.919793966151582,0.919793966151582,HER2,15295.220378291358,8375.01281713958
40,40_HE_val.ndpi,40_PGR_val.ndpi,40_1,29032.882819129954,11514.839833097622,0.9109542245502164,0.9109542245502164,PGR,23319.489058580464,11696.30831385815
40,40_HE_val.ndpi,40_PGR_val.ndpi,40_2,26816.927232115962,11319.319301057336,0.9109542245502164,0.9109542245502164,PGR,21156.133712678373,11158.47785887911
40,40_HE_val.ndpi,40_PGR_val.ndpi,40_3,26546.97172047252,8501.368745461577,0.9109542245502164,0.9109542245502164,PGR,20245.024074070385,8514.696188832248
40,40_HE_val.ndpi,40_PGR_val.ndpi,40_4,24972.204777373227,9720.193076602152,0.9109542245502164,0.9109542245502164,PGR,18711.7262028541,9411.53700026949
40,40_HE_val.ndpi,40_PGR_val.ndpi,40_5,40549.326862987546,16768.115225114474,0.9109542245502164,0.9109542245502164,PGR,34449.9759412633,19612.05418063506
40,40_HE_val.ndpi,40_PGR_val.ndpi,40_6,40982.96968653797,16655.749932128754,0.9109542245502164,0.9109542245502164,PGR,34786.83834793237,19422.194548825675
40,40_HE_val.ndpi,40_PGR_val.ndpi,40_7,39530.71868554454,17518.416578536137,0.9109542245502164,0.9109542245502164,PGR,33284.44478029506,20980.314701763604
40,40_HE_val.ndpi,40_PGR_val.ndpi,40_8,35606.68145818626,17028.018208655954,0.9109542245502164,0.9109542245502164,PGR,28984.800227583786,19868.082605542342
40,40_HE_val.ndpi,40_PGR_val.ndpi,40_9,36845.76126972992,15154.378893277995,0.9109542245502164,0.9109542245502164,PGR,30800.631978236484,16968.04622886031
40,40_HE_val.ndpi,40_PGR_val.ndpi,40_10,38026.02452205612,15679.73794703374,0.9109542245502164,0.9109542245502164,PGR,32219.00126632162,18063.450387552428
40,40_HE_val.ndpi,40_PGR_val.ndpi,40_11,27813.9858173457,16235.346168401717,0.9109542245502164,0.9109542245502164,PGR,21127.50061233112,17346.549240846238
40,40_HE_val.ndpi,40_PGR_val.ndpi,40_12,24601.346849788617,14698.130236690815,0.9109542245502164,0.9109542245502164,PGR,17885.742276337627,15589.288742522822
40,40_HE_val.ndpi,40_PGR_val.ndpi,40_13,25993.606376957374,12778.504355459438,0.9109542245502164,0.9109542245502164,PGR,19361.800415131947,13203.80367203437
40,40_HE_val.ndpi,40_PGR_val.ndpi,40_14,29340.774601704587,7583.723408826133,0.9109542245502164,0.9109542245502164,PGR,22289.588889595965,7600.064704297706
40,40_HE_val.ndpi,40_PGR_val.ndpi,40_15,33765.61134192005,6924.203090882757,0.9109542245502164,0.9109542245502164,PGR,26669.912485495952,7655.66535942052
40,40_HE_val.ndpi,40_PGR_val.ndpi,40_16,33098.708918883734,6376.783373464445,0.9109542245502164,0.9109542245502164,PGR,25937.6998200722,7291.558575502397
40,40_HE_val.ndpi,40_PGR_val.ndpi,40_17,33462.221088916995,2534.8627024499037,0.9109542245502164,0.9109542245502164,PGR,26385.633377264763,3786.8816131479844
40,40_HE_val.ndpi,40_PGR_val.ndpi,40_18,33133.695935629505,10897.748569457042,0.9109542245502164,0.9109542245502164,PGR,26516.074259756366,11693.108137580799
40,40_HE_val.ndpi,40_PGR_val.ndpi,40_19,34862.69100254723,12505.2095226068,0.9109542245502164,0.9109542245502164,PGR,28141.986118503315,13688.61837740654
40,40_HE_val.ndpi,40_PGR_val.ndpi,40_20,33128.32074235013,13082.524953339343,0.9109542245502164,0.9109542245502164,PGR,27008.403640115077,13920.95712313305
40,40_HE_val.ndpi,40_PGR_val.ndpi,40_21,31439.860576683117,12002.741668720158,0.9109542245502164,0.9109542245502164,PGR,25302.77969920199,12405.720449508028
40,40_HE_val.ndpi,40_PGR_val.ndpi,40_22,30535.032446257384,11212.560256740897,0.9109542245502164,0.9109542245502164,PGR,24877.31909997541,11441.320116374327
40,40_HE_val.ndpi,40_PGR_val.ndpi,40_23,33314.86736210873,15747.049187716118,0.9109542245502164,0.9109542245502164,PGR,26708.63339272331,17118.90403308125
40,40_HE_val.ndpi,40_PGR_val.ndpi,40_24,33977.777676465026,16557.314594873907,0.9109542245502164,0.9109542245502164,PGR,27157.672217187686,18665.665237051395
40,40_HE_val.ndpi,40_PGR_val.ndpi,40_25,31227.075489209263,16652.722454740542,0.9109542245502164,0.9109542245502164,PGR,24365.57566877905,18503.453585791736
40,40_HE_val.ndpi,40_PGR_val.ndpi,40_26,32504.399815823417,8531.124295234498,0.9109542245502164,0.9109542245502164,PGR,25165.10608493036,9047.6141912802
40,40_HE_val.ndpi,40_PGR_val.ndpi,40_27,32638.299591468287,15428.71530891585,0.9109542245502164,0.9109542245502164,PGR,26132.8087249196,16658.188472971335
40,40_HE_val.ndpi,40_PGR_val.ndpi,40_28,29041.639546764247,9884.49125863316,0.9109542245502164,0.9109542245502164,PGR,23269.343279077795,9732.431268420922
40,40_HE_val.ndpi,40_PGR_val.ndpi,40_29,35741.52605737302,12733.06431834534,0.9109542245502164,0.9109542245502164,PGR,29543.851650217865,14033.805007392608
40,40_HE_val.ndpi,40_PGR_val.ndpi,40_30,34735.823111740116,14340.745626777472,0.9109542245502164,0.9109542245502164,PGR,28033.912066219516,15491.810275859429
40,40_HE_val.ndpi,40_PGR_val.ndpi,40_31,38047.09508171407,16645.67857823876,0.9109542245502164,0.9109542245502164,PGR,32304.607532064976,19465.805126932086
40,40_HE_val.ndpi,40_PGR_val.ndpi,40_32,29039.013494459716,5733.389472753391,0.9109542245502164,0.9109542245502164,PGR,22415.92590999348,6496.55513101407
40,40_HE_val.ndpi,40_PGR_val.ndpi,40_33,26183.706327027645,15434.618768498098,0.9109542245502164,0.9109542245502164,PGR,19407.625935822252,16364.769430204387
40,40_HE_val.ndpi,40_PGR_val.ndpi,40_34,39588.95992801583,16342.518351774668,0.9109542245502164,0.9109542245502164,PGR,33527.561028940094,18945.986421081478
40,40_HE_val.ndpi,40_PGR_val.ndpi,40_35,36030.18129079378,14156.601139272996,0.9109542245502164,0.9109542245502164,PGR,29990.812042114023,15510.760012684384
40,40_HE_val.ndpi,40_PGR_val.ndpi,40_36,33154.34179832683,8043.949801892295,0.9109542245502164,0.9109542245502164,PGR,25780.162064813998,8621.797300722528
40,40_HE_val.ndpi,40_PGR_val.ndpi,40_37,33153.18320262235,17279.724368175866,0.9109542245502164,0.9109542245502164,PGR,26436.027603044513,19854.471796313177
40,40_HE_val.ndpi,40_PGR_val.ndpi,40_38,27275.08352065921,12702.812698371541,0.9109542245502164,0.9109542245502164,PGR,20738.963814132156,13300.260866006152
40,40_HE_val.ndpi,40_PGR_val.ndpi,40_39,25827.409123453468,8411.052306944157,0.9109542245502164,0.9109542245502164,PGR,19569.882034896495,8453.188313989976
40,40_HE_val.ndpi,40_PGR_val.ndpi,40_40,27522.995105744125,11711.561164982704,0.9109542245502164,0.9109542245502164,PGR,21846.941719524577,11772.00348842674
40,40_HE_val.ndpi,40_PGR_val.ndpi,40_41,36133.36028607723,13571.1686869066,0.9109542245502164,0.9109542245502164,PGR,30194.25884283671,15038.24219646226
40,40_HE_val.ndpi,40_PGR_val.ndpi,40_42,30393.728099162607,6590.409853745092,0.9109542245502164,0.9109542245502164,PGR,23344.502269782737,7228.380902690163
40,40_HE_val.ndpi,40_PGR_val.ndpi,40_43,28645.815367486797,8958.393197029372,0.9109542245502164,0.9109542245502164,PGR,22629.919949287465,8820.226555163728
40,40_HE_val.ndpi,40_PGR_val.ndpi,40_44,35957.977699963085,15688.572921696266,0.9109542245502164,0.9109542245502164,PGR,29342.291883545142,17457.080430700833
40,40_HE_val.ndpi,40_PGR_val.ndpi,40_45,31130.339134930357,15444.341222549685,0.9109542245502164,0.9109542245502164,PGR,24492.596940565905,16662.73209651295
40,40_HE_val.ndpi,40_PGR_val.ndpi,40_46,27526.357317038997,10268.87708575123,0.9109542245502164,0.9109542245502164,PGR,21746.240869299472,9835.49204179593
40,40_HE_val.ndpi,40_PGR_val.ndpi,40_47,34167.028877520446,11918.723032601309,0.9109542245502164,0.9109542245502164,PGR,27632.630201511958,13137.463965757908
40,40_HE_val.ndpi,40_PGR_val.ndpi,40_48,30459.571835615177,10293.242178464136,0.9109542245502164,0.9109542245502164,PGR,24846.667951909094,10424.449026985018
40,40_HE_val.ndpi,40_PGR_val.ndpi,40_49,28611.380421480673,10535.868117698898,0.9109542245502164,0.9109542245502164,PGR,23170.24034862219,10097.678373592855
40,40_HE_val.ndpi,40_PGR_val.ndpi,40_50,40669.00371112491,17430.17866985714,0.9109542245502164,0.9109542245502164,PGR,34311.286378681216,20790.46354194406
48,48_HE_val.ndpi,48_PGR_val.ndpi,48_1,27790.48903747083,4166.046792693577,0.919793966151582,0.919793966151582,PGR,12467.719440761039,14284.45910253349
48,48_HE_val.ndpi,48_PGR_val.ndpi,48_2,24268.01565156428,3675.475640565187,0.919793966151582,0.919793966151582,PGR,15717.754380127315,14834.071838981785
48,48_HE_val.ndpi,48_PGR_val.ndpi,48_3,25204.94675314544,3705.1042182041706,0.919793966151582,0.919793966151582,PGR,14955.999484854621,14721.46020914719
48,48_HE_val.ndpi,48_PGR_val.ndpi,48_4,26504.17606714373,2925.3808193159994,0.919793966151582,0.919793966151582,PGR,14106.81253945408,15222.274874598326
48,48_HE_val.ndpi,48_PGR_val.ndpi,48_5,26635.58818721512,14005.532055197464,0.919793966151582,0.919793966151582,PGR,13601.391265671447,5445.131580740329
48,48_HE_val.ndpi,48_PGR_val.ndpi,48_6,28747.442474293228,16946.71951246766,0.919793966151582,0.919793966151582,PGR,11671.945606143046,2149.3809375253036
48,48_HE_val.ndpi,48_PGR_val.ndpi,48_7,34117.7052021072,3417.477051949029,0.919793966151582,0.919793966151582,PGR,6184.414564053369,15077.210124897952
48,48_HE_val.ndpi,48_PGR_val.ndpi,48_8,33048.94426054276,4538.649236053481,0.919793966151582,0.919793966151582,PGR,7435.301379083215,14016.794787433013
48,48_HE_val.ndpi,48_PGR_val.ndpi,48_9,31295.959628326313,4217.088056056057,0.919793966151582,0.919793966151582,PGR,9654.035024075467,14251.207745466567
48,48_HE_val.ndpi,48_PGR_val.ndpi,48_10,31061.722225420584,3063.2797201804797,0.919793966151582,0.919793966151582,PGR,9660.467589452128,15508.75858803411
48,48_HE_val.ndpi,48_PGR_val.ndpi,48_11,29851.22912903407,1450.1700882107389,0.919793966151582,0.919793966151582,PGR,10472.498907929174,17043.605825881852
48,48_HE_val.ndpi,48_PGR_val.ndpi,48_12,28077.861205905592,9651.93166190748,0.919793966151582,0.919793966151582,PGR,12162.59053685041,9088.532789999419
48,48_HE_val.ndpi,48_PGR_val.ndpi,48_13,27366.96177810985,1313.1416398671229,0.919793966151582,0.919793966151582,PGR,12650.59787361028,17424.745827577477
48,48_HE_val.ndpi,48_PGR_val.ndpi,48_14,26462.38190039742,1122.3783843723675,0.919793966151582,0.919793966151582,PGR,13740.662146049797,17646.824874271926
48,48_HE_val.ndpi,48_PGR_val.ndpi,48_15,25293.435728816537,1347.1894027602161,0.919793966151582,0.919793966151582,PGR,14858.977749206188,17057.638639916113
48,48_HE_val.ndpi,48_PGR_val.ndpi,48_16,23766.126603479628,2886.205988485546,0.919793966151582,0.919793966151582,PGR,16207.715253873464,15483.17937594658
48,48_HE_val.ndpi,48_PGR_val.ndpi,48_17,20838.593121566035,3684.150197745265,0.919793966151582,0.919793966151582,PGR,18346.46148103262,14978.360208122289
48,48_HE_val.ndpi,48_PGR_val.ndpi,48_18,20956.131896241874,4276.303148582219,0.919793966151582,0.919793966151582,PGR,18699.171593383908,14231.398190976988
48,48_HE_val.ndpi,48_PGR_val.ndpi,48_19,21023.578200522308,5175.412402410101,0.919793966151582,0.919793966151582,PGR,18913.086439538012,13430.313622192105
48,48_HE_val.ndpi,48_PGR_val.ndpi,48_20,19871.42126066496,5783.8666108399875,0.919793966151582,0.919793966151582,PGR,19640.546571359624,12876.832895811398
48,48_HE_val.ndpi,48_PGR_val.ndpi,48_21,18758.46668798201,6308.265606690475,0.919793966151582,0.919793966151582,PGR,20816.623962695077,12513.629915458629
48,48_HE_val.ndpi,48_PGR_val.ndpi,48_22,18551.305508637743,6769.5677728851415,0.919793966151582,0.919793966151582,PGR,20988.52907129457,12016.72478293143
48,48_HE_val.ndpi,48_PGR_val.ndpi,48_23,19712.070996801165,8180.476546770959,0.919793966151582,0.919793966151582,PGR,19844.381699577178,10293.78861464063
48,48_HE_val.ndpi,48_PGR_val.ndpi,48_24,20822.660482378647,8310.045320088333,0.919793966151582,0.919793966151582,PGR,18821.354600434744,10129.17096421685
48,48_HE_val.ndpi,48_PGR_val.ndpi,48_25,24587.996670383043,4745.524227701463,0.919793966151582,0.919793966151582,PGR,15407.279392164539,13900.252226230903
48,48_HE_val.ndpi,48_PGR_val.ndpi,48_26,23789.10232936269,4898.029395638648,0.919793966151582,0.919793966151582,PGR,16280.317817787056,13719.148755756076
48,48_HE_val.ndpi,48_PGR_val.ndpi,48_27,23964.73791041604,4301.3849952956125,0.919793966151582,0.919793966151582,PGR,15960.959873853782,14241.518984149
48,48_HE_val.ndpi,48_PGR_val.ndpi,48_28,27917.368285232988,8153.249333330935,0.919793966151582,0.919793966151582,PGR,12139.204864562285,10748.053229812042
48,48_HE_val.ndpi,48_PGR_val.ndpi,48_29,28939.542069189938,7398.811361184994,0.919793966151582,0.919793966151582,PGR,11132.129613919511,11627.984102402852
48,48_HE_val.ndpi,48_PGR_val.ndpi,48_30,28844.473834733573,6514.53787696277,0.919793966151582,0.919793966151582,PGR,11646.734702832518,12419.244789192704
48,48_HE_val.ndpi,48_PGR_val.ndpi,48_31,28614.31393060605,3740.7340218529694,0.919793966151582,0.919793966151582,PGR,11522.390509492296,14607.181839671917
48,48_HE_val.ndpi,48_PGR_val.ndpi,48_32,28745.132369262446,3072.877517255888,0.919793966151582,0.919793966151582,PGR,11582.035754087932,15429.145594816036
48,48_HE_val.ndpi,48_PGR_val.ndpi,48_33,32879.07364464156,16493.810003512765,0.919793966151582,0.919793966151582,PGR,7729.975474830869,2947.1468419471316
48,48_HE_val.ndpi,48_PGR_val.ndpi,48_34,32365.759959882143,14640.879141090854,0.919793966151582,0.919793966151582,PGR,8248.01186369679,4624.484638611133
48,48_HE_val.ndpi,48_PGR_val.ndpi,48_35,37544.404023849755,13546.848190765842,0.919793966151582,0.919793966151582,PGR,2881.548386656207,5426.981159350913
48,48_HE_val.ndpi,48_PGR_val.ndpi,48_36,35933.697846520525,13883.900769036001,0.919793966151582,0.919793966151582,PGR,4564.077853546044,5339.3361634386965
48,48_HE_val.ndpi,48_PGR_val.ndpi,48_37,36396.01202187203,13589.824817324075,0.919793966151582,0.919793966151582,PGR,3992.687382760532,5586.48540853581
48,48_HE_val.ndpi,48_PGR_val.ndpi,48_38,37139.27721686761,14138.29779149264,0.919793966151582,0.919793966151582,PGR,3469.9621760120813,4947.282351383345
48,48_HE_val.ndpi,48_PGR_val.ndpi,48_39,26043.473170347133,4823.149807980476,0.919793966151582,0.919793966151582,PGR,13949.262837372009,13881.044447212429
48,48_HE_val.ndpi,48_PGR_val.ndpi,48_40,25219.871414705547,4639.7668489692605,0.919793966151582,0.919793966151582,PGR,14749.842389682155,14006.937011055823
48,48_HE_val.ndpi,48_PGR_val.ndpi,48_41,24858.929831892845,4861.884746084759,0.919793966151582,0.919793966151582,PGR,15141.802404288188,13839.65611283102
48,48_HE_val.ndpi,48_PGR_val.ndpi,48_42,27385.52091158165,6583.298448729847,0.919793966151582,0.919793966151582,PGR,12667.243707089823,12322.954319057688
48,48_HE_val.ndpi,48_PGR_val.ndpi,48_43,29857.122683603346,6569.323360854658,0.919793966151582,0.919793966151582,PGR,10729.774782210503,12174.154332281574
48,48_HE_val.ndpi,48_PGR_val.ndpi,48_44,30275.391228904482,5965.358895151325,0.919793966151582,0.919793966151582,PGR,10605.764417740591,12777.251857149031
48,48_HE_val.ndpi,48_PGR_val.ndpi,48_45,31833.32807968717,5028.76947439232,0.919793966151582,0.919793966151582,PGR,8994.25002301685,13641.74761050762
48,48_HE_val.ndpi,48_PGR_val.ndpi,48_46,31337.01871506073,7024.985054315048,0.919793966151582,0.919793966151582,PGR,9432.517991385253,11601.392706834884
48,48_HE_val.ndpi,48_PGR_val.ndpi,48_47,29444.376465880698,2261.613979830153,0.919793966151582,0.919793966151582,PGR,11004.532051169934,16237.75052908892
48,48_HE_val.ndpi,48_PGR_val.ndpi,48_48,28099.1232228704,2687.4836701755785,0.919793966151582,0.919793966151582,PGR,12343.301706519442,15804.098902602193
48,48_HE_val.ndpi,48_PGR_val.ndpi,48_49,28766.173384371366,2665.109648655839,0.919793966151582,0.919793966151582,PGR,11718.165620921089,15916.748372451271
48,48_HE_val.ndpi,48_PGR_val.ndpi,48_50,26668.041301899404,8611.42819421518,0.919793966151582,0.919793966151582,PGR,13031.547389868841,10290.855899309436
16,16_HE_val.ndpi,16_KI67_val.ndpi,16_1,40504.70841393178,10661.550867746328,0.9109542245502164,0.9109542245502164,KI67,36464.48952711489,8041.456481591363
16,16_HE_val.ndpi,16_KI67_val.ndpi,16_2,41512.54573451681,11392.697724108515,0.9109542245502164,0.9109542245502164,KI67,36955.54894469128,8198.4740893352
16,16_HE_val.ndpi,16_KI67_val.ndpi,16_3,30922.693625077012,20502.563454437957,0.9109542245502164,0.9109542245502164,KI67,26266.3477628958,19364.078625897404
16,16_HE_val.ndpi,16_KI67_val.ndpi,16_4,25983.644743738325,19476.891410043256,0.9109542245502164,0.9109542245502164,KI67,21820.331985984798,17985.629066045407
16,16_HE_val.ndpi,16_KI67_val.ndpi,16_5,25939.256654164434,18317.30464018656,0.9109542245502164,0.9109542245502164,KI67,21756.536053779346,16794.65457811856
16,16_HE_val.ndpi,16_KI67_val.ndpi,16_6,26163.8376509843,17755.85214813686,0.9109542245502164,0.9109542245502164,KI67,21654.544783718004,16273.53768230391
16,16_HE_val.ndpi,16_KI67_val.ndpi,16_7,24159.46794147353,19318.912872166522,0.9109542245502164,0.9109542245502164,KI67,20101.190074879632,18250.78826549484
16,16_HE_val.ndpi,16_KI67_val.ndpi,16_8,17704.780856902507,14544.077183048144,0.9109542245502164,0.9109542245502164,KI67,13163.806002233405,12620.09216085552
16,16_HE_val.ndpi,16_KI67_val.ndpi,16_9,24612.18110391357,16088.76767475252,0.9109542245502164,0.9109542245502164,KI67,18210.60709693036,14779.880891818995
16,16_HE_val.ndpi,16_KI67_val.ndpi,16_10,21622.934589271823,8013.3999633162575,0.9109542245502164,0.9109542245502164,KI67,16015.54600063322,5842.622897992887
16,16_HE_val.ndpi,16_KI67_val.ndpi,16_11,36932.35482854851,7635.942176438382,0.9109542245502164,0.9109542245502164,KI67,34461.264849536776,6992.8475683587685
16,16_HE_val.ndpi,16_KI67_val.ndpi,16_12,37600.25398506984,7347.948962158543,0.9109542245502164,0.9109542245502164,KI67,35153.140499905334,6819.489722960627
16,16_HE_val.ndpi,16_KI67_val.ndpi,16_13,31156.30229378777,7385.435247277597,0.9109542245502164,0.9109542245502164,KI67,26213.061983975193,6738.371088599062
16,16_HE_val.ndpi,16_KI67_val.ndpi,16_14,29173.187292005787,5445.366568595562,0.9109542245502164,0.9109542245502164,KI67,24225.94494125459,4824.567494542781
16,16_HE_val.ndpi,16_KI67_val.ndpi,16_15,27063.97599125726,5796.9652240463365,0.9109542245502164,0.9109542245502164,KI67,20868.205894722614,4866.908603498275
16,16_HE_val.ndpi,16_KI67_val.ndpi,16_16,27452.29838350564,5559.4679730683265,0.9109542245502164,0.9109542245502164,KI67,21539.450669185066,4622.204840398614
16,16_HE_val.ndpi,16_KI67_val.ndpi,16_17,25390.506578845645,5814.5770277575,0.9109542245502164,0.9109542245502164,KI67,18534.303746565478,4569.023941394417
16,16_HE_val.ndpi,16_KI67_val.ndpi,16_18,25100.91529347267,6145.538496755221,0.9109542245502164,0.9109542245502164,KI67,18076.103616966262,4673.0583782948115
16,16_HE_val.ndpi,16_KI67_val.ndpi,16_19,25706.638898226764,5181.142003152281,0.9109542245502164,0.9109542245502164,KI67,19216.78602413644,4192.212111686076
16,16_HE_val.ndpi,16_KI67_val.ndpi,16_20,25258.655717689613,4819.802725709237,0.9109542245502164,0.9109542245502164,KI67,18610.582060992918,3860.1822660971616
16,16_HE_val.ndpi,16_KI67_val.ndpi,16_21,21768.53981561812,6682.374179078367,0.9109542245502164,0.9109542245502164,KI67,16056.57459911316,5277.323335023441
16,16_HE_val.ndpi,16_KI67_val.ndpi,16_22,21934.383086448346,6012.345475938206,0.9109542245502164,0.9109542245502164,KI67,16502.957125792993,4591.999933071268
16,16_HE_val.ndpi,16_KI67_val.ndpi,16_23,25287.53005016913,12336.477478161232,0.9109542245502164,0.9109542245502164,KI67,17499.09116592971,10398.60295480031
16,16_HE_val.ndpi,16_KI67_val.ndpi,16_24,26461.32692682276,11577.203274731448,0.9109542245502164,0.9109542245502164,KI67,18522.2448324887,9875.674434355897
16,16_HE_val.ndpi,16_KI67_val.ndpi,16_25,26278.50063014912,11020.34783456759,0.9109542245502164,0.9109542245502164,KI67,18405.893935215263,9322.70242022034
16,16_HE_val.ndpi,16_KI67_val.ndpi,16_26,30994.448575040504,15666.334566623682,0.9109542245502164,0.9109542245502164,KI67,26282.105634786483,13290.082601198015
16,16_HE_val.ndpi,16_KI67_val.ndpi,16_27,32267.468225435307,14786.922663286885,0.9109542245502164,0.9109542245502164,KI67,27747.74711238315,12101.592814832251
16,16_HE_val.ndpi,16_KI67_val.ndpi,16_28,34526.47315460091,16276.913087923027,0.9109542245502164,0.9109542245502164,KI67,30708.18988762746,14258.286792602772
16,16_HE_val.ndpi,16_KI67_val.ndpi,16_29,36444.68587398239,14216.841769339355,0.9109542245502164,0.9109542245502164,KI67,32225.644633192715,11164.46674691466
16,16_HE_val.ndpi,16_KI67_val.ndpi,16_30,33484.29915186046,18668.09730429781,0.9109542245502164,0.9109542245502164,KI67,29023.247699709602,16653.17270432598
16,16_HE_val.ndpi,16_KI67_val.ndpi,16_31,29197.667751223413,15071.253452917927,0.9109542245502164,0.9109542245502164,KI67,23715.42883870073,13101.433080655954
16,16_HE_val.ndpi,16_KI67_val.ndpi,16_32,30329.480151747943,13809.396572514375,0.9109542245502164,0.9109542245502164,KI67,24701.521193652796,11646.188055061672
16,16_HE_val.ndpi,16_KI67_val.ndpi,16_33,29493.33781231828,11783.497403554564,0.9109542245502164,0.9109542245502164,KI67,22424.768015248712,9653.052862803772
16,16_HE_val.ndpi,16_KI67_val.ndpi,16_34,29412.48865346313,11051.599754971032,0.9109542245502164,0.9109542245502164,KI67,22202.27450526121,9320.094562464037
16,16_HE_val.ndpi,16_KI67_val.ndpi,16_35,18233.570808129774,13958.038683843486,0.9109542245502164,0.9109542245502164,KI67,13661.168090128,11874.51867116124
16,16_HE_val.ndpi,16_KI67_val.ndpi,16_36,19984.814106891117,15686.46366067755,0.9109542245502164,0.9109542245502164,KI67,13998.536730742304,13583.985934085656
16,16_HE_val.ndpi,16_KI67_val.ndpi,16_37,21469.88549849373,16528.997000326035,0.9109542245502164,0.9109542245502164,KI67,15356.878861174046,14853.300066015476
16,16_HE_val.ndpi,16_KI67_val.ndpi,16_38,19414.614776017894,18158.74583409053,0.9109542245502164,0.9109542245502164,KI67,14457.036210961034,16558.97210730748
16,16_HE_val.ndpi,16_KI67_val.ndpi,16_39,19309.94821144736,17445.52386840045,0.9109542245502164,0.9109542245502164,KI67,13731.191168985535,15791.015281932652
16,16_HE_val.ndpi,16_KI67_val.ndpi,16_40,20714.07194375764,17525.801724719873,0.9109542245502164,0.9109542245502164,KI67,14630.499989972635,16196.69215778485
16,16_HE_val.ndpi,16_KI67_val.ndpi,16_41,18013.19231969745,17736.869249559142,0.9109542245502164,0.9109542245502164,KI67,13342.22773290554,16229.837187439492
16,16_HE_val.ndpi,16_KI67_val.ndpi,16_42,44310.59500355852,15851.839385603624,0.9109542245502164,0.9109542245502164,KI67,38124.050495903495,13212.712055419146
16,16_HE_val.ndpi,16_KI67_val.ndpi,16_43,43259.102836430364,16171.96580650915,0.9109542245502164,0.9109542245502164,KI67,36650.83777752386,13400.110454548181
16,16_HE_val.ndpi,16_KI67_val.ndpi,16_44,42381.81854253712,18527.643162362743,0.9109542245502164,0.9109542245502164,KI67,34424.22579112701,16623.8987174459
16,16_HE_val.ndpi,16_KI67_val.ndpi,16_45,38745.30848160986,20298.22272041515,0.9109542245502164,0.9109542245502164,KI67,30031.79659810311,18727.725661660625
16,16_HE_val.ndpi,16_KI67_val.ndpi,16_46,39740.4953818692,16931.422730088656,0.9109542245502164,0.9109542245502164,KI67,33219.67266392474,14305.698274077542
16,16_HE_val.ndpi,16_KI67_val.ndpi,16_47,39195.72457336002,18295.78819981684,0.9109542245502164,0.9109542245502164,KI67,31927.87396682091,16127.501546376128
16,16_HE_val.ndpi,16_KI67_val.ndpi,16_48,38726.25572958678,19333.1821963692,0.9109542245502164,0.9109542245502164,KI67,30919.4660955721,17552.438606627056
16,16_HE_val.ndpi,16_KI67_val.ndpi,16_49,34856.11713088145,20285.64315865981,0.9109542245502164,0.9109542245502164,KI67,28522.78519801799,18916.040484802666
16,16_HE_val.ndpi,16_KI67_val.ndpi,16_50,37592.711833415466,20462.728974227368,0.9109542245502164,0.9109542245502164,KI67,29458.235366327983,18568.637528343603
15,15_HE_val.ndpi,15_KI67_val.ndpi,15_1,41223.511210419085,11179.020042539585,0.919793966151582,0.919793966151582,KI67,24586.033233680064,9868.977277875301
15,15_HE_val.ndpi,15_KI67_val.ndpi,15_2,40912.574213619904,11078.900692113899,0.919793966151582,0.919793966151582,KI67,24340.724519551193,9720.555117114412
15,15_HE_val.ndpi,15_KI67_val.ndpi,15_3,41046.69414741641,12009.922619422669,0.919793966151582,0.919793966151582,KI67,24486.266537391923,10659.443358482575
15,15_HE_val.ndpi,15_KI67_val.ndpi,15_4,40651.48125461334,13202.428105545581,0.919793966151582,0.919793966151582,KI67,24206.45928231858,11790.338509092724
15,15_HE_val.ndpi,15_KI67_val.ndpi,15_5,40437.73896818602,13893.7120359923,0.919793966151582,0.919793966151582,KI67,24037.71568229294,12456.539397813423
15,15_HE_val.ndpi,15_KI67_val.ndpi,15_6,41202.1111794648,15467.463482378655,0.919793966151582,0.919793966151582,KI67,24664.719717924898,14055.307087953328
15,15_HE_val.ndpi,15_KI67_val.ndpi,15_7,41132.70909676173,14581.566309051392,0.919793966151582,0.919793966151582,KI67,24579.406524159018,13235.351113115914
15,15_HE_val.ndpi,15_KI67_val.ndpi,15_8,41385.822574855236,17537.27853711102,0.919793966151582,0.919793966151582,KI67,24925.20799892691,16037.026800852273
15,15_HE_val.ndpi,15_KI67_val.ndpi,15_9,41377.65762394898,16920.82474368974,0.919793966151582,0.919793966151582,KI67,24873.47971164281,15421.257724176989
15,15_HE_val.ndpi,15_KI67_val.ndpi,15_10,41114.09210147877,18620.01906853629,0.919793966151582,0.919793966151582,KI67,24807.989675477216,17050.200853291022
15,15_HE_val.ndpi,15_KI67_val.ndpi,15_11,40735.174692812056,20526.84482894817,0.919793966151582,0.919793966151582,KI67,24529.22922622937,18815.248020807863
15,15_HE_val.ndpi,15_KI67_val.ndpi,15_12,38854.60683322389,21336.466352253745,0.919793966151582,0.919793966151582,KI67,23063.39748058322,19297.71302062132
15,15_HE_val.ndpi,15_KI67_val.ndpi,15_13,37604.90145592128,21539.792635170437,0.919793966151582,0.919793966151582,KI67,22105.699005174138,19292.26233508082
15,15_HE_val.ndpi,15_KI67_val.ndpi,15_14,37938.42437015792,20978.210755902757,0.919793966151582,0.919793966151582,KI67,22387.52327107698,18799.4536065337
15,15_HE_val.ndpi,15_KI67_val.ndpi,15_15,36659.360511496,21871.638289240967,0.919793966151582,0.919793966151582,KI67,21374.094409761332,19465.897335867103
15,15_HE_val.ndpi,15_KI67_val.ndpi,15_16,35411.29042275043,21553.226048235192,0.919793966151582,0.919793966151582,KI67,19858.139423086945,19106.984389804587
15,15_HE_val.ndpi,15_KI67_val.ndpi,15_17,35011.13852706373,21451.01453414172,0.919793966151582,0.919793966151582,KI67,19414.655154698536,18965.90813116916
15,15_HE_val.ndpi,15_KI67_val.ndpi,15_18,33370.165745479295,20414.561218605977,0.919793966151582,0.919793966151582,KI67,17969.20923020106,17621.34557511315
15,15_HE_val.ndpi,15_KI67_val.ndpi,15_19,32477.1242401091,20069.62984351589,0.919793966151582,0.919793966151582,KI67,17202.836059701298,17007.329793970202
15,15_HE_val.ndpi,15_KI67_val.ndpi,15_20,33195.71058295608,21891.63179736737,0.919793966151582,0.919793966151582,KI67,17409.851306928776,19123.001812148977
15,15_HE_val.ndpi,15_KI67_val.ndpi,15_21,30084.350550573778,19594.75456300079,0.919793966151582,0.919793966151582,KI67,15401.412696489537,15989.992522867824
15,15_HE_val.ndpi,15_KI67_val.ndpi,15_22,28319.851992777472,18061.76008794084,0.919793966151582,0.919793966151582,KI67,13730.47913145013,14474.2549032436
15,15_HE_val.ndpi,15_KI67_val.ndpi,15_23,27236.267681487847,18036.714230421654,0.919793966151582,0.919793966151582,KI67,12690.192852878012,14529.296038347866
15,15_HE_val.ndpi,15_KI67_val.ndpi,15_24,26593.10233257274,19242.109711905043,0.919793966151582,0.919793966151582,KI67,12158.249795002044,15810.90056929889
15,15_HE_val.ndpi,15_KI67_val.ndpi,15_25,24181.985891940443,16931.87146456355,0.919793966151582,0.919793966151582,KI67,9222.06366336123,13624.769370538008
15,15_HE_val.ndpi,15_KI67_val.ndpi,15_26,21869.876251571503,12570.74991145005,0.919793966151582,0.919793966151582,KI67,7096.139104399801,9341.843842259692
15,15_HE_val.ndpi,15_KI67_val.ndpi,15_27,23782.39363034701,11508.977943819958,0.919793966151582,0.919793966151582,KI67,9201.546854890687,8307.721687856581
15,15_HE_val.ndpi,15_KI67_val.ndpi,15_28,25220.40060776144,9921.815867677535,0.919793966151582,0.919793966151582,KI67,10549.759306164671,7074.605085147622
15,15_HE_val.ndpi,15_KI67_val.ndpi,15_29,24065.893515129126,7699.2713322982545,0.919793966151582,0.919793966151582,KI67,9396.805798656818,4686.282308228177
15,15_HE_val.ndpi,15_KI67_val.ndpi,15_30,23943.83409135546,6661.327280546539,0.919793966151582,0.919793966151582,KI67,9418.930317054734,3878.5452579640546
15,15_HE_val.ndpi,15_KI67_val.ndpi,15_31,23794.461299784583,5678.435879969397,0.919793966151582,0.919793966151582,KI67,8959.737625013759,3082.0444626332423
15,15_HE_val.ndpi,15_KI67_val.ndpi,15_32,26901.789840346974,2165.391596688194,0.919793966151582,0.919793966151582,KI67,11582.0021034368,1506.633951925596
15,15_HE_val.ndpi,15_KI67_val.ndpi,15_33,29406.925948208627,4206.223643684564,0.919793966151582,0.919793966151582,KI67,15039.724599473959,3418.39275269091
15,15_HE_val.ndpi,15_KI67_val.ndpi,15_34,30053.557430629957,3405.615930027344,0.919793966151582,0.919793966151582,KI67,15287.946979180233,2424.1326461268422
15,15_HE_val.ndpi,15_KI67_val.ndpi,15_35,31523.68078174129,2397.843634179896,0.919793966151582,0.919793966151582,KI67,16312.040845778682,654.3736650518196
15,15_HE_val.ndpi,15_KI67_val.ndpi,15_36,34470.67559510397,2071.2939586040256,0.919793966151582,0.919793966151582,KI67,18865.23954323424,135.1551644200739
15,15_HE_val.ndpi,15_KI67_val.ndpi,15_37,35011.940743352185,4165.827033118002,0.919793966151582,0.919793966151582,KI67,19400.448859072083,2227.9084947793135
15,15_HE_val.ndpi,15_KI67_val.ndpi,15_38,34338.3080939212,5133.168274673645,0.919793966151582,0.919793966151582,KI67,18918.72304560039,3040.0889626567287
15,15_HE_val.ndpi,15_KI67_val.ndpi,15_39,33505.50252684357,5059.332397524316,0.919793966151582,0.919793966151582,KI67,18217.463180571725,2928.365281255464
15,15_HE_val.ndpi,15_KI67_val.ndpi,15_40,36584.36943107233,7093.765998329611,0.919793966151582,0.919793966151582,KI67,20769.391602188192,5416.063075452256
15,15_HE_val.ndpi,15_KI67_val.ndpi,15_41,37482.52999980412,6267.144564298322,0.919793966151582,0.919793966151582,KI67,21415.67317762651,4701.571001604415
15,15_HE_val.ndpi,15_KI67_val.ndpi,15_42,36431.57724255352,5585.142740655354,0.919793966151582,0.919793966151582,KI67,20560.587375169947,3823.5005046017136
15,15_HE_val.ndpi,15_KI67_val.ndpi,15_43,40845.62045260648,5325.023157579078,0.919793966151582,0.919793966151582,KI67,23968.132759778393,4298.673869842542
15,15_HE_val.ndpi,15_KI67_val.ndpi,15_44,37631.600722789735,4451.380321488909,0.919793966151582,0.919793966151582,KI67,21436.951828259513,2915.6953585372685
15,15_HE_val.ndpi,15_KI67_val.ndpi,15_45,36871.64917721457,3342.9535853261305,0.919793966151582,0.919793966151582,KI67,20798.397558647375,1737.4312594097798
15,15_HE_val.ndpi,15_KI67_val.ndpi,15_46,36469.30610103003,4703.964589801449,0.919793966151582,0.919793966151582,KI67,20548.64060428698,2970.9392139639485
15,15_HE_val.ndpi,15_KI67_val.ndpi,15_47,30926.101450529037,15052.17961617291,0.919793966151582,0.919793966151582,KI67,15677.55766282839,12199.189790118844
15,15_HE_val.ndpi,15_KI67_val.ndpi,15_48,29873.572645882887,12978.855790690744,0.919793966151582,0.919793966151582,KI67,14927.51761112324,9968.18173042469
15,15_HE_val.ndpi,15_KI67_val.ndpi,15_49,29583.097027254888,13872.524682656483,0.919793966151582,0.919793966151582,KI67,14620.65550666093,10748.76188609407
15,15_HE_val.ndpi,15_KI67_val.ndpi,15_50,27665.19542021699,13847.258695685481,0.919793966151582,0.919793966151582,KI67,13187.441417221198,10321.206908178367
2,2_HE_val.ndpi,2_ER_val.ndpi,2_0,23302.62728060222,14696.187478494468,0.9109542245502164,0.9109542245502164,ER,18920.330527567217,8723.64652451267
2,2_HE_val.ndpi,2_ER_val.ndpi,2_1,18259.383899397235,12773.054774608065,0.9109542245502164,0.9109542245502164,ER,22015.14828646613,10789.714402090918
2,2_HE_val.ndpi,2_ER_val.ndpi,2_2,20507.531945190887,12362.353789826984,0.9109542245502164,0.9109542245502164,ER,20987.06315082081,11252.747441385864
2,2_HE_val.ndpi,2_ER_val.ndpi,2_3,23551.67656283629,12182.173141586794,0.9109542245502164,0.9109542245502164,ER,18939.982556246177,11328.591984938403
2,2_HE_val.ndpi,2_ER_val.ndpi,2_4,24241.172351372014,11552.383577663133,0.9109542245502164,0.9109542245502164,ER,18673.177324772907,12044.730265635615
2,2_HE_val.ndpi,2_ER_val.ndpi,2_5,22047.236443322818,7219.7304299791895,0.9109542245502164,0.9109542245502164,ER,20525.63960473095,15547.67696432797
2,2_HE_val.ndpi,2_ER_val.ndpi,2_6,25188.77775848996,9557.953024959868,0.9109542245502164,0.9109542245502164,ER,17705.467535083037,13934.43316616402
2,2_HE_val.ndpi,2_ER_val.ndpi,2_7,27327.47926084032,5843.706607736727,0.9109542245502164,0.9109542245502164,ER,15334.798130367246,15735.725398852734
2,2_HE_val.ndpi,2_ER_val.ndpi,2_8,26582.01478622603,6136.555487602967,0.9109542245502164,0.9109542245502164,ER,15869.27705854167,15963.625593310238
2,2_HE_val.ndpi,2_ER_val.ndpi,2_9,20477.60384060929,15322.710913260791,0.9109542245502164,0.9109542245502164,ER,21259.78926588964,8507.172364652188
2,2_HE_val.ndpi,2_ER_val.ndpi,2_10,18559.27676212532,16360.552281178176,0.9109542245502164,0.9109542245502164,ER,22080.60867354094,7676.566271310842
2,2_HE_val.ndpi,2_ER_val.ndpi,2_11,14482.988581828706,15021.714595015808,0.9109542245502164,0.9109542245502164,ER,25643.480828148517,8846.23863937629
2,2_HE_val.ndpi,2_ER_val.ndpi,2_12,16690.754281593785,13793.353546263665,0.9109542245502164,0.9109542245502164,ER,23229.15772453893,10096.573681996402
2,2_HE_val.ndpi,2_ER_val.ndpi,2_13,22719.673558949926,14042.86570569894,0.9109542245502164,0.9109542245502164,ER,19655.970461422185,9544.463179835773
2,2_HE_val.ndpi,2_ER_val.ndpi,2_14,19865.531770301277,15938.480312716967,0.9109542245502164,0.9109542245502164,ER,21794.13859038832,7970.502151461247
2,2_HE_val.ndpi,2_ER_val.ndpi,2_15,19105.807333983063,11517.73638242319,0.9109542245502164,0.9109542245502164,ER,22149.1723877237,11835.904733162199
2,2_HE_val.ndpi,2_ER_val.ndpi,2_16,21741.494316540702,10683.198792632396,0.9109542245502164,0.9109542245502164,ER,20713.269050878123,12558.663145418453
2,2_HE_val.ndpi,2_ER_val.ndpi,2_17,22438.400100171966,9063.621537929186,0.9109542245502164,0.9109542245502164,ER,20408.913108144705,13928.187973526496
2,2_HE_val.ndpi,2_ER_val.ndpi,2_18,23581.7694898579,10589.775691014624,0.9109542245502164,0.9109542245502164,ER,19181.05183290888,12822.986211208707
2,2_HE_val.ndpi,2_ER_val.ndpi,2_19,16203.835105958062,14869.472513234687,0.9109542245502164,0.9109542245502164,ER,23468.513912236685,9131.60392263388
2,2_HE_val.ndpi,2_ER_val.ndpi,2_20,15761.014995902044,15911.705021019807,0.9109542245502164,0.9109542245502164,ER,24363.17232540767,8138.060154152388
2,2_HE_val.ndpi,2_ER_val.ndpi,2_21,22046.489672510186,14814.020544682524,0.9109542245502164,0.9109542245502164,ER,20021.06212523732,8847.549971847704
2,2_HE_val.ndpi,2_ER_val.ndpi,2_22,21384.99561694989,12201.058353562299,0.9109542245502164,0.9109542245502164,ER,20481.032057614542,11522.164797949534
2,2_HE_val.ndpi,2_ER_val.ndpi,2_23,20623.990004392494,14712.367996264658,0.9109542245502164,0.9109542245502164,ER,21044.78959400874,9142.311951356754
2,2_HE_val.ndpi,2_ER_val.ndpi,2_24,17318.76459094434,15148.653770539187,0.9109542245502164,0.9109542245502164,ER,22449.518800699563,9041.151074189991
2,2_HE_val.ndpi,2_ER_val.ndpi,2_25,16036.488015388806,17121.504302842608,0.9109542245502164,0.9109542245502164,ER,24415.128369262882,6924.26222204919
2,2_HE_val.ndpi,2_ER_val.ndpi,2_26,18696.481517167824,13398.259089714567,0.9109542245502164,0.9109542245502164,ER,21702.821673295366,10249.978988910862
2,2_HE_val.ndpi,2_ER_val.ndpi,2_27,25375.32871431692,11200.847614785549,0.9109542245502164,0.9109542245502164,ER,17819.194804563707,12475.214023451468
2,2_HE_val.ndpi,2_ER_val.ndpi,2_28,22484.929407564316,12956.172269499319,0.9109542245502164,0.9109542245502164,ER,19524.335996861148,10635.06773033473
2,2_HE_val.ndpi,2_ER_val.ndpi,2_29,27951.19105093211,6342.264954143622,0.9109542245502164,0.9109542245502164,ER,14980.552894876835,15254.310143135774
2,2_HE_val.ndpi,2_ER_val.ndpi,2_30,25107.04528183444,7013.489470178497,0.9109542245502164,0.9109542245502164,ER,17500.458280973537,15647.005609374823
2,2_HE_val.ndpi,2_ER_val.ndpi,2_31,22439.25828301508,7408.793802656027,0.9109542245502164,0.9109542245502164,ER,20061.99242519329,15437.17023649994
2,2_HE_val.ndpi,2_ER_val.ndpi,2_32,23682.00129016458,7319.466276097088,0.9109542245502164,0.9109542245502164,ER,18840.69683135614,15546.669666767059
2,2_HE_val.ndpi,2_ER_val.ndpi,2_33,22789.731600641044,11803.081898914275,0.9109542245502164,0.9109542245502164,ER,19291.035890863765,11654.107215503902
2,2_HE_val.ndpi,2_ER_val.ndpi,2_34,13861.807098795756,14710.262255937218,0.9109542245502164,0.9109542245502164,ER,26097.35718739117,8950.815503496297
2,2_HE_val.ndpi,2_ER_val.ndpi,2_35,15209.78217934326,15788.770271916743,0.9109542245502164,0.9109542245502164,ER,25028.51670654578,8221.872460209996
2,2_HE_val.ndpi,2_ER_val.ndpi,2_36,25579.21948420274,10644.158145062991,0.9109542245502164,0.9109542245502164,ER,17503.041081043302,13021.481985256201
2,2_HE_val.ndpi,2_ER_val.ndpi,2_37,17112.546307706943,13535.946701594768,0.9109542245502164,0.9109542245502164,ER,23003.30046838798,10285.590145903438
2,2_HE_val.ndpi,2_ER_val.ndpi,2_38,17722.629395797074,13129.849255634284,0.9109542245502164,0.9109542245502164,ER,22415.37352795662,10522.38601356574
2,2_HE_val.ndpi,2_ER_val.ndpi,2_39,20692.30617442744,11218.920782713876,0.9109542245502164,0.9109542245502164,ER,21316.935686609424,12198.622084909128
2,2_HE_val.ndpi,2_ER_val.ndpi,2_40,21196.06491617757,15596.06435044507,0.9109542245502164,0.9109542245502164,ER,20766.510855468005,8129.881425804158
2,2_HE_val.ndpi,2_ER_val.ndpi,2_41,18878.570695751918,15466.426248550066,0.9109542245502164,0.9109542245502164,ER,21804.790613388934,8753.304281662484
2,2_HE_val.ndpi,2_ER_val.ndpi,2_42,18839.08632785732,16708.451163779566,0.9109542245502164,0.9109542245502164,ER,22328.68224206765,7232.801588992828
2,2_HE_val.ndpi,2_ER_val.ndpi,2_43,19472.97158695848,13419.2836420549,0.9109542245502164,0.9109542245502164,ER,21611.307897278955,10340.755753991605
2,2_HE_val.ndpi,2_ER_val.ndpi,2_44,22673.673185564243,12389.954584317684,0.9109542245502164,0.9109542245502164,ER,19294.90234084527,11146.976288124368
2,2_HE_val.ndpi,2_ER_val.ndpi,2_45,24688.027432871866,9517.017533633587,0.9109542245502164,0.9109542245502164,ER,18279.134325789804,13975.03925885808
2,2_HE_val.ndpi,2_ER_val.ndpi,2_46,23424.979430450363,8740.870404262918,0.9109542245502164,0.9109542245502164,ER,19459.038056849484,14357.939902751656
2,2_HE_val.ndpi,2_ER_val.ndpi,2_47,23816.229175282202,5835.556064662834,0.9109542245502164,0.9109542245502164,ER,18766.096258991456,16588.5323233884
2,2_HE_val.ndpi,2_ER_val.ndpi,2_48,22498.369763382318,6351.315313916199,0.9109542245502164,0.9109542245502164,ER,19890.370672212386,16243.19663168855
2,2_HE_val.ndpi,2_ER_val.ndpi,2_49,22847.21322239634,6986.814217161874,0.9109542245502164,0.9109542245502164,ER,19615.16769275232,15800.25618593912
2,2_HE_val.ndpi,2_ER_val.ndpi,2_50,20971.79477650228,8318.389770761529,0.9109542245502164,0.9109542245502164,ER,21451.92074815453,14495.495106368402
43,43_HE_val.ndpi,43_HER2_val.ndpi,43_0,20190.580596758737,9345.19398362823,0.9097732390201744,0.9097732390201744,HER2,26696.83155214831,7753.167623372839
43,43_HE_val.ndpi,43_HER2_val.ndpi,43_1,28026.017470249044,11297.777085026597,0.9097732390201744,0.9097732390201744,HER2,42023.736641401774,15066.337443181801
43,43_HE_val.ndpi,43_HER2_val.ndpi,43_2,29064.690179303463,10518.697040740666,0.9097732390201744,0.9097732390201744,HER2,43031.20801728056,14434.541283004215
43,43_HE_val.ndpi,43_HER2_val.ndpi,43_3,31159.448214661024,11747.471370673042,0.9097732390201744,0.9097732390201744,HER2,45406.26340709215,15252.61822725354
43,43_HE_val.ndpi,43_HER2_val.ndpi,43_4,30705.385668979867,11269.11215141773,0.9097732390201744,0.9097732390201744,HER2,44838.54231264221,14882.362059382413
43,43_HE_val.ndpi,43_HER2_val.ndpi,43_5,30843.871674442213,10336.65159827841,0.9097732390201744,0.9097732390201744,HER2,44850.071700458466,13783.971055712122
43,43_HE_val.ndpi,43_HER2_val.ndpi,43_6,29380.765135226513,11665.835381457857,0.9097732390201744,0.9097732390201744,HER2,43499.20595135656,15522.560216553511
43,43_HE_val.ndpi,43_HER2_val.ndpi,43_7,27661.196045901703,8739.589723117342,0.9097732390201744,0.9097732390201744,HER2,41816.8871301842,11004.328930922102
43,43_HE_val.ndpi,43_HER2_val.ndpi,43_8,24082.786851956156,5248.037063496839,0.9097732390201744,0.9097732390201744,HER2,29796.426270499986,4361.993776253649
43,43_HE_val.ndpi,43_HER2_val.ndpi,43_9,29867.58886359576,14333.90844385975,0.9097732390201744,0.9097732390201744,HER2,44519.214326368405,17902.40143796994
43,43_HE_val.ndpi,43_HER2_val.ndpi,43_10,29839.648690650698,13758.933497897586,0.9097732390201744,0.9097732390201744,HER2,44406.83612146908,17386.678867633902
43,43_HE_val.ndpi,43_HER2_val.ndpi,43_11,27884.208442963034,13036.652575065378,0.9097732390201744,0.9097732390201744,HER2,41608.72022633791,16560.12464429583
43,43_HE_val.ndpi,43_HER2_val.ndpi,43_12,28811.74093553705,14257.672394865313,0.9097732390201744,0.9097732390201744,HER2,42820.7633781839,17463.387104058773
43,43_HE_val.ndpi,43_HER2_val.ndpi,43_13,28849.382148405253,15307.532203323291,0.9097732390201744,0.9097732390201744,HER2,42429.372331055325,18734.694965700965
43,43_HE_val.ndpi,43_HER2_val.ndpi,43_14,36094.182914527264,15255.789496836198,0.9097732390201744,0.9097732390201744,HER2,51278.82746754843,17615.463601277377
43,43_HE_val.ndpi,43_HER2_val.ndpi,43_15,34742.57615487558,15923.991064586377,0.9097732390201744,0.9097732390201744,HER2,49983.028396415495,18490.813452210758
43,43_HE_val.ndpi,43_HER2_val.ndpi,43_16,38282.1524480066,8565.740369006744,0.9097732390201744,0.9097732390201744,HER2,52190.58984860171,10721.735678249652
43,43_HE_val.ndpi,43_HER2_val.ndpi,43_17,36136.81867997671,8766.994084880522,0.9097732390201744,0.9097732390201744,HER2,49997.88670793376,11344.568825168182
43,43_HE_val.ndpi,43_HER2_val.ndpi,43_18,39978.28175411469,11342.809530955967,0.9097732390201744,0.9097732390201744,HER2,54609.94391292515,13201.877450855922
43,43_HE_val.ndpi,43_HER2_val.ndpi,43_19,39689.39889230856,10116.801933870796,0.9097732390201744,0.9097732390201744,HER2,54030.503842745675,12042.414283912853
43,43_HE_val.ndpi,43_HER2_val.ndpi,43_20,39261.91830703004,9498.975476000009,0.9097732390201744,0.9097732390201744,HER2,53436.821830592846,11477.323188852526
43,43_HE_val.ndpi,43_HER2_val.ndpi,43_21,35976.319658603265,10852.889937379075,0.9097732390201744,0.9097732390201744,HER2,50269.42369216874,13399.667592046328
43,43_HE_val.ndpi,43_HER2_val.ndpi,43_22,35479.12471129233,10587.362529652091,0.9097732390201744,0.9097732390201744,HER2,49677.7586954549,13236.614862763343
43,43_HE_val.ndpi,43_HER2_val.ndpi,43_23,33954.063454348216,7103.356312902789,0.9097732390201744,0.9097732390201744,HER2,47426.767000155574,10097.228918175651
43,43_HE_val.ndpi,43_HER2_val.ndpi,43_24,33765.56656513786,6302.606967272548,0.9097732390201744,0.9097732390201744,HER2,46604.874739099,9258.42836315197
43,43_HE_val.ndpi,43_HER2_val.ndpi,43_25,36708.207830764986,3438.7156068064564,0.9097732390201744,0.9097732390201744,HER2,48899.184167070656,5306.13529111897
43,43_HE_val.ndpi,43_HER2_val.ndpi,43_26,37319.63462012815,6342.621224137398,0.9097732390201744,0.9097732390201744,HER2,50782.6806553258,8745.12572880317
43,43_HE_val.ndpi,43_HER2_val.ndpi,43_27,38353.311624343885,5996.459491972392,0.9097732390201744,0.9097732390201744,HER2,51789.81552163507,8209.964273400163
43,43_HE_val.ndpi,43_HER2_val.ndpi,43_28,38466.63164415667,7646.824795055305,0.9097732390201744,0.9097732390201744,HER2,52187.08774419221,9793.068865693707
43,43_HE_val.ndpi,43_HER2_val.ndpi,43_29,38860.75480850548,6306.117397360894,0.9097732390201744,0.9097732390201744,HER2,52350.60272922951,8445.559555512684
43,43_HE_val.ndpi,43_HER2_val.ndpi,43_30,38901.99665038553,5173.129450560907,0.9097732390201744,0.9097732390201744,HER2,52289.83606638655,7204.266513545742
43,43_HE_val.ndpi,43_HER2_val.ndpi,43_31,35740.60922082194,7174.249965572917,0.9097732390201744,0.9097732390201744,HER2,49301.02924424971,9859.732928319678
43,43_HE_val.ndpi,43_HER2_val.ndpi,43_32,35104.72266083856,8309.677501866692,0.9097732390201744,0.9097732390201744,HER2,48822.007291596536,11101.026888883755
43,43_HE_val.ndpi,43_HER2_val.ndpi,43_33,33719.957192388414,8398.719152714579,0.9097732390201744,0.9097732390201744,HER2,47427.105945409014,11441.161349641705
43,43_HE_val.ndpi,43_HER2_val.ndpi,43_34,32599.65668420561,9407.504855453222,0.9097732390201744,0.9097732390201744,HER2,46468.42070477339,12615.09054544963
43,43_HE_val.ndpi,43_HER2_val.ndpi,43_35,31880.891019420844,10225.960475165331,0.9097732390201744,0.9097732390201744,HER2,45887.32100078257,13529.27890826956
43,43_HE_val.ndpi,43_HER2_val.ndpi,43_36,32821.10328424263,10704.405152212415,0.9097732390201744,0.9097732390201744,HER2,46927.73764427243,13841.277394189488
43,43_HE_val.ndpi,43_HER2_val.ndpi,43_37,31256.095430812955,9235.468697568049,0.9097732390201744,0.9097732390201744,HER2,45090.566536337625,12650.114730869689
43,43_HE_val.ndpi,43_HER2_val.ndpi,43_38,30182.144593348632,10093.283197656474,0.9097732390201744,0.9097732390201744,HER2,44125.195023106724,13709.748705885504
43,43_HE_val.ndpi,43_HER2_val.ndpi,43_39,34836.70392765404,9858.897879271768,0.9097732390201744,0.9097732390201744,HER2,48842.59622089376,12654.324151731673
43,43_HE_val.ndpi,43_HER2_val.ndpi,43_40,30357.828867340308,12810.002945365632,0.9097732390201744,0.9097732390201744,HER2,44775.42979861659,16423.975438819965
43,43_HE_val.ndpi,43_HER2_val.ndpi,43_41,29333.748030564955,13626.291707643408,0.9097732390201744,0.9097732390201744,HER2,43737.73637127216,17240.79735763445
43,43_HE_val.ndpi,43_HER2_val.ndpi,43_42,28491.28340910171,13268.051266747776,0.9097732390201744,0.9097732390201744,HER2,42816.88240343446,17062.100877780118
43,43_HE_val.ndpi,43_HER2_val.ndpi,43_43,28251.197676937783,12254.137033553729,0.9097732390201744,0.9097732390201744,HER2,42335.11196114154,16065.094469412039
43,43_HE_val.ndpi,43_HER2_val.ndpi,43_44,31581.60634990988,15234.09921941316,0.9097732390201744,0.9097732390201744,HER2,46534.64197753307,18493.651612899128
43,43_HE_val.ndpi,43_HER2_val.ndpi,43_45,32153.845286207124,15492.255144773782,0.9097732390201744,0.9097732390201744,HER2,47187.67114938438,18616.246800390683
43,43_HE_val.ndpi,43_HER2_val.ndpi,43_46,32581.912918300284,17361.895187744896,0.9097732390201744,0.9097732390201744,HER2,47469.19116491048,19930.990847474142
43,43_HE_val.ndpi,43_HER2_val.ndpi,43_47,38401.50651942762,11049.606060771832,0.9097732390201744,0.9097732390201744,HER2,52918.030306718414,13166.73544074081
43,43_HE_val.ndpi,43_HER2_val.ndpi,43_48,37196.43582584772,10492.853590047529,0.9097732390201744,0.9097732390201744,HER2,51491.6764974333,12818.887830934285
43,43_HE_val.ndpi,43_HER2_val.ndpi,43_49,35212.19899100469,5388.797697870664,0.9097732390201744,0.9097732390201744,HER2,47708.14938611293,7831.7436729982255
43,43_HE_val.ndpi,43_HER2_val.ndpi,43_50,35882.701272710314,4564.104451468958,0.9097732390201744,0.9097732390201744,HER2,48064.926043300446,6643.577486844939
14,14_HE_val.ndpi,14_ER_val.ndpi,14_0,21232.952067102782,1309.0364065660276,0.919793966151582,0.919793966151582,ER,6139.485770718546,-669.379053409532
14,14_HE_val.ndpi,14_ER_val.ndpi,14_1,23401.466196593854,4040.6278579681707,0.919793966151582,0.919793966151582,ER,7831.028712135544,2536.1593850128993
14,14_HE_val.ndpi,14_ER_val.ndpi,14_2,22495.391793992792,1861.7210591521014,0.919793966151582,0.919793966151582,ER,7224.7349649854605,228.4502316020098
14,14_HE_val.ndpi,14_ER_val.ndpi,14_3,22402.575452287365,5502.7793572382425,0.919793966151582,0.919793966151582,ER,7608.481087358404,3397.7703856598228
14,14_HE_val.ndpi,14_ER_val.ndpi,14_4,21241.2522447037,2734.358982735689,0.919793966151582,0.919793966151582,ER,6439.143595307144,495.3975505988206
14,14_HE_val.ndpi,14_ER_val.ndpi,14_5,25575.915832628285,1958.214087941211,0.919793966151582,0.919793966151582,ER,9712.072262889644,1382.617975003502
14,14_HE_val.ndpi,14_ER_val.ndpi,14_6,27694.16241848977,15468.770278774446,0.919793966151582,0.919793966151582,ER,8531.660394983859,13066.92751250556
14,14_HE_val.ndpi,14_ER_val.ndpi,14_7,30429.293168369622,15329.88049561301,0.919793966151582,0.919793966151582,ER,11805.025004651963,12671.275183553047
14,14_HE_val.ndpi,14_ER_val.ndpi,14_8,32238.5372109817,15135.455705287275,0.919793966151582,0.919793966151582,ER,13241.181357746067,12654.759390392815
14,14_HE_val.ndpi,14_ER_val.ndpi,14_9,29774.656576458838,10149.835775931424,0.919793966151582,0.919793966151582,ER,11721.682020307713,8662.337972208374
14,14_HE_val.ndpi,14_ER_val.ndpi,14_10,22953.269968788358,9725.686141624465,0.919793966151582,0.919793966151582,ER,6436.833449565934,7552.0390133258525
14,14_HE_val.ndpi,14_ER_val.ndpi,14_11,35281.50007306014,7254.3842935736975,0.919793966151582,0.919793966151582,ER,15735.012983279792,6241.478825885025
14,14_HE_val.ndpi,14_ER_val.ndpi,14_12,36714.37538673389,3626.0526762861855,0.919793966151582,0.919793966151582,ER,16807.73834218493,3277.552786200104
14,14_HE_val.ndpi,14_ER_val.ndpi,14_13,22199.641980595137,11347.945041093535,0.919793966151582,0.919793966151582,ER,4481.152628594706,9196.611835991358
14,14_HE_val.ndpi,14_ER_val.ndpi,14_14,23290.809155713232,15884.898157983256,0.919793966151582,0.919793966151582,ER,3660.162130808035,13824.90186586823
14,14_HE_val.ndpi,14_ER_val.ndpi,14_15,27616.179226482098,10621.559458955851,0.919793966151582,0.919793966151582,ER,9180.180149650658,9212.501489196016
14,14_HE_val.ndpi,14_ER_val.ndpi,14_16,26554.213766573524,8273.042440227044,0.919793966151582,0.919793966151582,ER,8737.842303621977,6974.5911324391
14,14_HE_val.ndpi,14_ER_val.ndpi,14_17,23428.90757873437,7569.475716815709,0.919793966151582,0.919793966151582,ER,7610.211879939221,5467.139873698086
14,14_HE_val.ndpi,14_ER_val.ndpi,14_18,31988.438078214567,12903.308210028585,0.919793966151582,0.919793966151582,ER,13184.559983110545,10854.638153137903
14,14_HE_val.ndpi,14_ER_val.ndpi,14_19,34826.25910353098,14957.431368345426,0.919793966151582,0.919793966151582,ER,15092.217565086627,13267.320021352802
14,14_HE_val.ndpi,14_ER_val.ndpi,14_20,35960.8487041798,16200.502178902325,0.919793966151582,0.919793966151582,ER,15899.6394246261,14620.336223205291
14,14_HE_val.ndpi,14_ER_val.ndpi,14_21,35269.8600290008,10006.090385735673,0.919793966151582,0.919793966151582,ER,15661.918471531952,8732.739957738358
14,14_HE_val.ndpi,14_ER_val.ndpi,14_22,31323.94002481285,8963.558457856541,0.919793966151582,0.919793966151582,ER,12654.458865558447,7557.0642859120435
14,14_HE_val.ndpi,14_ER_val.ndpi,14_23,34437.564456487096,11227.764087218256,0.919793966151582,0.919793966151582,ER,14947.743472871694,9822.225168221088
14,14_HE_val.ndpi,14_ER_val.ndpi,14_24,31367.28202359297,16880.50729234709,0.919793966151582,0.919793966151582,ER,12646.183079000593,14194.737878623633
14,14_HE_val.ndpi,14_ER_val.ndpi,14_25,28159.268658184643,12673.0448949638,0.919793966151582,0.919793966151582,ER,9656.349580672406,10713.003848306751
14,14_HE_val.ndpi,14_ER_val.ndpi,14_26,29825.70072114596,5865.986193664903,0.919793966151582,0.919793966151582,ER,11802.270787370106,4818.898021094779
14,14_HE_val.ndpi,14_ER_val.ndpi,14_27,33851.86080247557,3281.5588026519517,0.919793966151582,0.919793966151582,ER,14841.358255097352,2317.671451906003
14,14_HE_val.ndpi,14_ER_val.ndpi,14_28,34945.57266375852,5698.282447161721,0.919793966151582,0.919793966151582,ER,15540.09307951553,4755.176747495079
14,14_HE_val.ndpi,14_ER_val.ndpi,14_29,29262.16415438073,3273.5694902432288,0.919793966151582,0.919793966151582,ER,11111.229550800828,2675.9322331274557
14,14_HE_val.ndpi,14_ER_val.ndpi,14_30,25361.762260138887,3255.170267171639,0.919793966151582,0.919793966151582,ER,9336.791070091977,2309.7414356936274
14,14_HE_val.ndpi,14_ER_val.ndpi,14_31,25718.98188617646,5343.236135879141,0.919793966151582,0.919793966151582,ER,9311.789899232837,4302.846652918045
14,14_HE_val.ndpi,14_ER_val.ndpi,14_32,25070.312417877773,10330.22611276422,0.919793966151582,0.919793966151582,ER,7111.780222732445,8791.298285417273
14,14_HE_val.ndpi,14_ER_val.ndpi,14_33,21094.485968462293,7460.746810439701,0.919793966151582,0.919793966151582,ER,6402.847478272283,4809.695534063234
14,14_HE_val.ndpi,14_ER_val.ndpi,14_34,21076.4308671932,13139.36183828664,0.919793966151582,0.919793966151582,ER,2341.9725109429405,11118.482149564643
14,14_HE_val.ndpi,14_ER_val.ndpi,14_35,32132.92700389879,7706.1791606596,0.919793966151582,0.919793966151582,ER,13263.189835343319,6381.405495719117
14,14_HE_val.ndpi,14_ER_val.ndpi,14_36,28030.78050908137,1059.5969448541164,0.919793966151582,0.919793966151582,ER,10696.786874429103,1067.510651509639
14,14_HE_val.ndpi,14_ER_val.ndpi,14_37,33826.41171244002,1029.0550633247256,0.919793966151582,0.919793966151582,ER,14872.776196878986,262.37963561166873
14,14_HE_val.ndpi,14_ER_val.ndpi,14_38,35333.43890989872,1959.4890533920109,0.919793966151582,0.919793966151582,ER,15892.027788706335,1451.7432064209045
14,14_HE_val.ndpi,14_ER_val.ndpi,14_39,36928.201638711515,5069.612675101581,0.919793966151582,0.919793966151582,ER,16921.400919223604,4634.937912318227
14,14_HE_val.ndpi,14_ER_val.ndpi,14_40,29825.373105321236,8177.045177267971,0.919793966151582,0.919793966151582,ER,11409.261741438935,6960.925888672711
14,14_HE_val.ndpi,14_ER_val.ndpi,14_41,32165.651232524062,10631.701545652817,0.919793966151582,0.919793966151582,ER,13341.499011971675,9084.4050628602
14,14_HE_val.ndpi,14_ER_val.ndpi,14_42,35023.098745028256,12511.334914142944,0.919793966151582,0.919793966151582,ER,15342.810034388614,11067.117769693574
14,14_HE_val.ndpi,14_ER_val.ndpi,14_43,32965.370582143674,4832.092631411087,0.919793966151582,0.919793966151582,ER,14112.075823513698,3694.4291713031503
14,14_HE_val.ndpi,14_ER_val.ndpi,14_44,24872.913216155812,8095.242232761704,0.919793966151582,0.919793966151582,ER,7611.319034120969,6350.670989272721
14,14_HE_val.ndpi,14_ER_val.ndpi,14_45,36598.57034519656,8346.970315150413,0.919793966151582,0.919793966151582,ER,16617.103797765452,7530.280117411067
14,14_HE_val.ndpi,14_ER_val.ndpi,14_46,36867.733780105096,12321.74322889998,0.919793966151582,0.919793966151582,ER,16704.873351139657,11197.039928021331
14,14_HE_val.ndpi,14_ER_val.ndpi,14_47,29920.938622665155,11911.391064749341,0.919793966151582,0.919793966151582,ER,11870.973916611865,9936.710603383051
14,14_HE_val.ndpi,14_ER_val.ndpi,14_48,27752.403776614112,6331.171351379217,0.919793966151582,0.919793966151582,ER,10414.436078752007,5304.55668577707
14,14_HE_val.ndpi,14_ER_val.ndpi,14_49,34578.51836942237,8657.493431205145,0.919793966151582,0.919793966151582,ER,15186.002447063313,7402.958293340934
14,14_HE_val.ndpi,14_ER_val.ndpi,14_50,33967.82508502684,17416.0551291951,0.919793966151582,0.919793966151582,ER,14196.254276932492,15502.429585778475
35,35_HE_val.ndpi,35_PGR_val.ndpi,35_0,25406.57191130116,3855.333723725837,0.9109542245502164,0.9109542245502164,PGR,14703.383778125071,5568.535412623455
35,35_HE_val.ndpi,35_PGR_val.ndpi,35_1,26400.331124284196,4023.273940796797,0.9109542245502164,0.9109542245502164,PGR,15631.710294582364,5734.340127461127
35,35_HE_val.ndpi,35_PGR_val.ndpi,35_2,27875.630100384707,8296.587525673362,0.9109542245502164,0.9109542245502164,PGR,16982.642345072392,9744.200822408668
35,35_HE_val.ndpi,35_PGR_val.ndpi,35_3,29911.76231226493,9054.182078268042,0.9109542245502164,0.9109542245502164,PGR,18858.354604993005,10500.656349499322
35,35_HE_val.ndpi,35_PGR_val.ndpi,35_4,35486.440156896584,5762.681429090635,0.9109542245502164,0.9109542245502164,PGR,24064.830765373146,7339.160726707173
35,35_HE_val.ndpi,35_PGR_val.ndpi,35_5,34325.297212326135,6598.366602423921,0.9109542245502164,0.9109542245502164,PGR,23005.03055301165,8173.365587214728
35,35_HE_val.ndpi,35_PGR_val.ndpi,35_6,35510.776491663055,6892.568717922863,0.9109542245502164,0.9109542245502164,PGR,24106.413372505627,8427.265199497208
35,35_HE_val.ndpi,35_PGR_val.ndpi,35_7,36228.86328829817,6268.423890842673,0.9109542245502164,0.9109542245502164,PGR,24784.02771878703,7792.524223452604
35,35_HE_val.ndpi,35_PGR_val.ndpi,35_8,37476.12094178362,7387.846970405358,0.9109542245502164,0.9109542245502164,PGR,25975.078899212283,8755.768965420544
35,35_HE_val.ndpi,35_PGR_val.ndpi,35_9,28263.736973404244,5874.7878067819265,0.9109542245502164,0.9109542245502164,PGR,17354.035838193377,7477.691323539628
35,35_HE_val.ndpi,35_PGR_val.ndpi,35_10,31246.074961988263,8777.109061624318,0.9109542245502164,0.9109542245502164,PGR,20162.596571890073,10244.219170442266
35,35_HE_val.ndpi,35_PGR_val.ndpi,35_11,32003.472303033246,6544.910440100443,0.9109542245502164,0.9109542245502164,PGR,20852.173896324206,8117.95545638005
35,35_HE_val.ndpi,35_PGR_val.ndpi,35_12,32284.953286887714,7223.284426865454,0.9109542245502164,0.9109542245502164,PGR,21041.685697695873,8765.744224592476
35,35_HE_val.ndpi,35_PGR_val.ndpi,35_13,32965.25563266125,7254.766390079192,0.9109542245502164,0.9109542245502164,PGR,21636.57634654701,8802.235566031191
35,35_HE_val.ndpi,35_PGR_val.ndpi,35_14,32951.271823582734,5965.881663286734,0.9109542245502164,0.9109542245502164,PGR,21746.65830318451,7567.914761168962
35,35_HE_val.ndpi,35_PGR_val.ndpi,35_15,33510.07703751688,7927.967459402008,0.9109542245502164,0.9109542245502164,PGR,22136.892242160524,9441.022433365571
35,35_HE_val.ndpi,35_PGR_val.ndpi,35_16,36532.30155644709,7069.316877369316,0.9109542245502164,0.9109542245502164,PGR,25088.579005954838,8530.129273553086
35,35_HE_val.ndpi,35_PGR_val.ndpi,35_17,34711.10308858981,7975.7657632398805,0.9109542245502164,0.9109542245502164,PGR,23331.70255338158,9472.27478839868
35,35_HE_val.ndpi,35_PGR_val.ndpi,35_18,35385.97966486634,8337.45602579932,0.9109542245502164,0.9109542245502164,PGR,24045.83290141609,9776.649334952801
35,35_HE_val.ndpi,35_PGR_val.ndpi,35_19,39052.16972453272,6947.629301513803,0.9109542245502164,0.9109542245502164,PGR,27405.204261904782,8260.699879732214
35,35_HE_val.ndpi,35_PGR_val.ndpi,35_20,39349.90109617273,7869.8971121138975,0.9109542245502164,0.9109542245502164,PGR,27731.43335194105,9074.983380241514
35,35_HE_val.ndpi,35_PGR_val.ndpi,35_21,38715.73337407608,7921.351428129306,0.9109542245502164,0.9109542245502164,PGR,27143.57698354926,9154.110502730558
35,35_HE_val.ndpi,35_PGR_val.ndpi,35_22,38270.56568893487,8772.198180603376,0.9109542245502164,0.9109542245502164,PGR,26757.832774328774,10011.620732204829
35,35_HE_val.ndpi,35_PGR_val.ndpi,35_23,39365.30677359205,10451.76895174572,0.9109542245502164,0.9109542245502164,PGR,27952.797202023718,11442.073677463568
35,35_HE_val.ndpi,35_PGR_val.ndpi,35_24,40802.475748851204,10841.347315975805,0.9109542245502164,0.9109542245502164,PGR,28461.9151430129,11528.699522032683
35,35_HE_val.ndpi,35_PGR_val.ndpi,35_25,42245.251739218504,10717.11006518525,0.9109542245502164,0.9109542245502164,PGR,28805.17360862661,11076.807864284112
35,35_HE_val.ndpi,35_PGR_val.ndpi,35_26,31115.33372735618,11627.516440461533,0.9109542245502164,0.9109542245502164,PGR,19974.482418691543,12897.178899266855
35,35_HE_val.ndpi,35_PGR_val.ndpi,35_27,32953.94361535032,12412.301515690871,0.9109542245502164,0.9109542245502164,PGR,21689.831066961546,13682.450595457582
35,35_HE_val.ndpi,35_PGR_val.ndpi,35_28,33257.26222274105,13609.929280854478,0.9109542245502164,0.9109542245502164,PGR,21949.313283466,14838.01733967099
35,35_HE_val.ndpi,35_PGR_val.ndpi,35_29,34569.02179323744,13501.115911493976,0.9109542245502164,0.9109542245502164,PGR,23148.418129881386,14805.815791231762
35,35_HE_val.ndpi,35_PGR_val.ndpi,35_30,35765.05404435498,13586.811816496996,0.9109542245502164,0.9109542245502164,PGR,24253.93370930857,14964.628560931349
35,35_HE_val.ndpi,35_PGR_val.ndpi,35_31,33854.88102548018,16337.297573163558,0.9109542245502164,0.9109542245502164,PGR,22437.52997884927,17482.63596207238
35,35_HE_val.ndpi,35_PGR_val.ndpi,35_32,34571.969621143864,15552.464200908064,0.9109542245502164,0.9109542245502164,PGR,23104.033603535507,16764.948556747644
35,35_HE_val.ndpi,35_PGR_val.ndpi,35_33,32302.705213159687,15358.253748989824,0.9109542245502164,0.9109542245502164,PGR,21044.740439991077,16460.99603875846
35,35_HE_val.ndpi,35_PGR_val.ndpi,35_34,32483.549515718023,16589.158434646826,0.9109542245502164,0.9109542245502164,PGR,21193.254854941235,17657.30487263802
35,35_HE_val.ndpi,35_PGR_val.ndpi,35_35,30105.08920895433,17749.356222043334,0.9109542245502164,0.9109542245502164,PGR,18949.01649118848,18690.533213025228
35,35_HE_val.ndpi,35_PGR_val.ndpi,35_36,28278.228820884262,17125.31747811269,0.9109542245502164,0.9109542245502164,PGR,17240.043055869377,18053.70887057669
35,35_HE_val.ndpi,35_PGR_val.ndpi,35_37,26100.270818897607,18787.0531417816,0.9109542245502164,0.9109542245502164,PGR,15218.989754858962,19601.44741049672
35,35_HE_val.ndpi,35_PGR_val.ndpi,35_38,34054.6896409936,11696.919983006179,0.9109542245502164,0.9109542245502164,PGR,22743.94840358739,13048.303202633131
35,35_HE_val.ndpi,35_PGR_val.ndpi,35_39,38163.380504965804,9860.229815032502,0.9109542245502164,0.9109542245502164,PGR,26710.534550758213,11004.785577393935
35,35_HE_val.ndpi,35_PGR_val.ndpi,35_40,38030.7465601641,11969.436386029309,0.9109542245502164,0.9109542245502164,PGR,26963.18787262488,12987.986152403279
35,35_HE_val.ndpi,35_PGR_val.ndpi,35_41,36962.70127286692,11916.51290839816,0.9109542245502164,0.9109542245502164,PGR,25764.665351556792,13465.531595780847
35,35_HE_val.ndpi,35_PGR_val.ndpi,35_42,36215.589509163714,10983.896793254693,0.9109542245502164,0.9109542245502164,PGR,24889.702419539477,12287.023428105173
35,35_HE_val.ndpi,35_PGR_val.ndpi,35_43,34267.784002267756,10590.149757324549,0.9109542245502164,0.9109542245502164,PGR,22978.209412692122,11971.909998113279
35,35_HE_val.ndpi,35_PGR_val.ndpi,35_44,35258.62588691662,9851.745253895724,0.9109542245502164,0.9109542245502164,PGR,23928.6954054938,11234.532797983276
35,35_HE_val.ndpi,35_PGR_val.ndpi,35_45,32780.423496509626,9908.49575438337,0.9109542245502164,0.9109542245502164,PGR,21612.86123143264,11309.222244358261
35,35_HE_val.ndpi,35_PGR_val.ndpi,35_46,32538.036812141712,11156.50908931848,0.9109542245502164,0.9109542245502164,PGR,21365.046672695236,12484.165399601487
35,35_HE_val.ndpi,35_PGR_val.ndpi,35_47,30759.822090426784,10447.331796348692,0.9109542245502164,0.9109542245502164,PGR,19674.01293714104,11834.56850315644
35,35_HE_val.ndpi,35_PGR_val.ndpi,35_48,31565.691763395727,12686.069714060575,0.9109542245502164,0.9109542245502164,PGR,20427.77700710042,13925.71178941239
35,35_HE_val.ndpi,35_PGR_val.ndpi,35_49,31139.65976724663,15685.799835960082,0.9109542245502164,0.9109542245502164,PGR,19952.80723877994,16736.945712412045
35,35_HE_val.ndpi,35_PGR_val.ndpi,35_50,37309.43690820371,9249.447448932176,0.9109542245502164,0.9109542245502164,PGR,25871.11971294716,10501.772177880686
20,20_HE_val.ndpi,20_KI67_val.ndpi,20_0,29827.76940202368,15562.533158169117,0.9109542245502164,0.9109542245502164,KI67,17193.03787926823,7351.324648179031
20,20_HE_val.ndpi,20_KI67_val.ndpi,20_1,30811.320801967035,14381.40289930567,0.9109542245502164,0.9109542245502164,KI67,16379.260481181667,8576.98833446194
20,20_HE_val.ndpi,20_KI67_val.ndpi,20_2,30849.627076234585,16728.498926787728,0.9109542245502164,0.9109542245502164,KI67,17076.658256211653,6336.226161123928
20,20_HE_val.ndpi,20_KI67_val.ndpi,20_3,29277.769425860395,10441.98463299067,0.9109542245502164,0.9109542245502164,KI67,16325.53385397967,12534.683713012362
20,20_HE_val.ndpi,20_KI67_val.ndpi,20_4,29706.300074133906,10490.961496602484,0.9109542245502164,0.9109542245502164,KI67,16153.969864863826,12541.290498125432
20,20_HE_val.ndpi,20_KI67_val.ndpi,20_5,31041.346071598145,11561.882727708902,0.9109542245502164,0.9109542245502164,KI67,15563.804150616003,11829.179531890273
20,20_HE_val.ndpi,20_KI67_val.ndpi,20_6,31827.659386449457,12139.874442258799,0.9109542245502164,0.9109542245502164,KI67,14970.321512464914,11311.654235783324
20,20_HE_val.ndpi,20_KI67_val.ndpi,20_7,28134.532577958653,12154.248332902278,0.9109542245502164,0.9109542245502164,KI67,17368.92276115991,10946.290340154605
20,20_HE_val.ndpi,20_KI67_val.ndpi,20_8,29238.823924622746,12665.661948365549,0.9109542245502164,0.9109542245502164,KI67,16467.4736822468,10675.613913054238
20,20_HE_val.ndpi,20_KI67_val.ndpi,20_9,29700.997007906888,12247.189837390359,0.9109542245502164,0.9109542245502164,KI67,16207.231297011036,11095.427446543892
20,20_HE_val.ndpi,20_KI67_val.ndpi,20_10,30234.925856709036,13490.224590224461,0.9109542245502164,0.9109542245502164,KI67,16042.57750952572,9814.363188672169
20,20_HE_val.ndpi,20_KI67_val.ndpi,20_11,29784.479583171767,14349.640839360538,0.9109542245502164,0.9109542245502164,KI67,16794.34262321728,8773.41251781616
20,20_HE_val.ndpi,20_KI67_val.ndpi,20_12,31087.75457549835,14159.894822130706,0.9109542245502164,0.9109542245502164,KI67,16097.282720872967,8854.55999008538
20,20_HE_val.ndpi,20_KI67_val.ndpi,20_13,31871.90587546522,13409.829407859526,0.9109542245502164,0.9109542245502164,KI67,15268.952916634546,9667.741064981077
20,20_HE_val.ndpi,20_KI67_val.ndpi,20_14,32470.059425824456,11287.167292604008,0.9109542245502164,0.9109542245502164,KI67,14738.064694448107,12183.61790924134
20,20_HE_val.ndpi,20_KI67_val.ndpi,20_15,33159.78893906875,12134.39409627415,0.9109542245502164,0.9109542245502164,KI67,14176.868433209287,11244.613785542411
20,20_HE_val.ndpi,20_KI67_val.ndpi,20_16,33963.568214345505,11059.067768538967,0.9109542245502164,0.9109542245502164,KI67,13971.360191708669,12159.40259904677
20,20_HE_val.ndpi,20_KI67_val.ndpi,20_17,32142.41594654226,18342.03399109988,0.9109542245502164,0.9109542245502164,KI67,16466.271096407,4985.955163737682
20,20_HE_val.ndpi,20_KI67_val.ndpi,20_18,31476.104651101916,16127.252783720953,0.9109542245502164,0.9109542245502164,KI67,16514.40810183895,6836.608451439214
20,20_HE_val.ndpi,20_KI67_val.ndpi,20_19,34760.73779763851,12364.001664403379,0.9109542245502164,0.9109542245502164,KI67,13004.6649287865,10981.454791236722
20,20_HE_val.ndpi,20_KI67_val.ndpi,20_20,34009.96450700169,13946.256374420678,0.9109542245502164,0.9109542245502164,KI67,14000.542749914492,9133.607866634944
20,20_HE_val.ndpi,20_KI67_val.ndpi,20_21,33281.71441508389,15464.695354733854,0.9109542245502164,0.9109542245502164,KI67,15087.93094247306,7522.054252088442
20,20_HE_val.ndpi,20_KI67_val.ndpi,20_22,33878.579181140245,16241.745710543077,0.9109542245502164,0.9109542245502164,KI67,14730.275692723388,6637.790296871794
20,20_HE_val.ndpi,20_KI67_val.ndpi,20_23,33630.823995230036,18009.816809993015,0.9109542245502164,0.9109542245502164,KI67,15164.276465090928,5254.920410196983
20,20_HE_val.ndpi,20_KI67_val.ndpi,20_24,35094.83191197205,19406.2551305777,0.9109542245502164,0.9109542245502164,KI67,14785.4705767339,4373.989730795264
20,20_HE_val.ndpi,20_KI67_val.ndpi,20_25,36896.68780950068,19271.11593826305,0.9109542245502164,0.9109542245502164,KI67,13151.286658385687,4613.755717144598
20,20_HE_val.ndpi,20_KI67_val.ndpi,20_26,35748.004674826174,18336.403191420075,0.9109542245502164,0.9109542245502164,KI67,13688.003864105915,5067.918427262624
20,20_HE_val.ndpi,20_KI67_val.ndpi,20_27,38608.45091215283,18561.63517861116,0.9109542245502164,0.9109542245502164,KI67,11136.1051747338,5301.758433423458
20,20_HE_val.ndpi,20_KI67_val.ndpi,20_28,37775.09255954585,18066.124806790787,0.9109542245502164,0.9109542245502164,KI67,11716.802395709046,5720.285915581674
20,20_HE_val.ndpi,20_KI67_val.ndpi,20_29,35308.80229980358,17255.289652902902,0.9109542245502164,0.9109542245502164,KI67,13344.520904667777,5902.909151029467
20,20_HE_val.ndpi,20_KI67_val.ndpi,20_30,37118.16593023854,17296.895006092374,0.9109542245502164,0.9109542245502164,KI67,12148.373189715268,6052.353050155938
20,20_HE_val.ndpi,20_KI67_val.ndpi,20_31,39362.66524703847,17070.09890787915,0.9109542245502164,0.9109542245502164,KI67,10480.203044150285,6810.134544074822
20,20_HE_val.ndpi,20_KI67_val.ndpi,20_32,40652.839602678796,18415.66886222092,0.9109542245502164,0.9109542245502164,KI67,9459.058902191506,6076.3991420760585
20,20_HE_val.ndpi,20_KI67_val.ndpi,20_33,40517.60482580167,15464.695354733889,0.9109542245502164,0.9109542245502164,KI67,8895.13391642925,8223.177813576549
20,20_HE_val.ndpi,20_KI67_val.ndpi,20_34,41839.65611165376,17542.222344115973,0.9109542245502164,0.9109542245502164,KI67,7868.584942158121,6717.506528744592
20,20_HE_val.ndpi,20_KI67_val.ndpi,20_35,37907.447078112666,16075.801163503533,0.9109542245502164,0.9109542245502164,KI67,11029.264284077624,7313.927856000833
20,20_HE_val.ndpi,20_KI67_val.ndpi,20_36,37515.54342040019,15278.479928847137,0.9109542245502164,0.9109542245502164,KI67,10711.102749987316,8322.59133368019
20,20_HE_val.ndpi,20_KI67_val.ndpi,20_37,36542.541235734716,14346.01950187605,0.9109542245502164,0.9109542245502164,KI67,11433.214511327347,9097.582409473755
20,20_HE_val.ndpi,20_KI67_val.ndpi,20_38,36159.646857509884,13514.538082495654,0.9109542245502164,0.9109542245502164,KI67,11810.489213010764,9882.975391700116
20,20_HE_val.ndpi,20_KI67_val.ndpi,20_39,37814.351190073656,12906.787103725059,0.9109542245502164,0.9109542245502164,KI67,10085.04077549922,10612.676573744799
20,20_HE_val.ndpi,20_KI67_val.ndpi,20_40,36828.96124611269,12071.551817891479,0.9109542245502164,0.9109542245502164,KI67,11284.641275699383,11203.06132122194
20,20_HE_val.ndpi,20_KI67_val.ndpi,20_41,35888.52160060873,11589.468275600851,0.9109542245502164,0.9109542245502164,KI67,12177.262364508546,11652.667397885243
20,20_HE_val.ndpi,20_KI67_val.ndpi,20_42,35079.36067115902,11230.308343670684,0.9109542245502164,0.9109542245502164,KI67,12937.852486163998,11962.286349729362
20,20_HE_val.ndpi,20_KI67_val.ndpi,20_43,34570.32653200069,10108.413441870936,0.9109542245502164,0.9109542245502164,KI67,12947.147524405147,12968.890117944979
20,20_HE_val.ndpi,20_KI67_val.ndpi,20_44,37011.270424315364,9190.74883472587,0.9109542245502164,0.9109542245502164,KI67,10732.355225500263,13404.356529602826
20,20_HE_val.ndpi,20_KI67_val.ndpi,20_45,35957.18472426111,9623.194250132738,0.9109542245502164,0.9109542245502164,KI67,11758.160220189795,13190.787453125891
20,20_HE_val.ndpi,20_KI67_val.ndpi,20_46,39578.61777207067,10578.727441871664,0.9109542245502164,0.9109542245502164,KI67,8847.092611164262,12537.607210699081
20,20_HE_val.ndpi,20_KI67_val.ndpi,20_47,40308.117150744,10014.86967276486,0.9109542245502164,0.9109542245502164,KI67,8296.989006038688,12852.710703605408
20,20_HE_val.ndpi,20_KI67_val.ndpi,20_48,38459.8244236429,11992.073176961487,0.9109542245502164,0.9109542245502164,KI67,9595.075557906399,11417.407983932406
20,20_HE_val.ndpi,20_KI67_val.ndpi,20_49,37756.0305214098,10518.117514118534,0.9109542245502164,0.9109542245502164,KI67,10332.637899640726,12497.630394573876
20,20_HE_val.ndpi,20_KI67_val.ndpi,20_50,38918.4027557503,9183.730606005,0.9109542245502164,0.9109542245502164,KI67,9235.114796207708,13300.17726170501
74,74_HE_val.ndpi,74_ER_val.ndpi,74_1,28797.62101359041,11783.476714622771,0.9097732390201744,0.9097732390201744,ER,26271.036255946714,11916.2126395603
74,74_HE_val.ndpi,74_ER_val.ndpi,74_2,30089.871658169264,11604.932681932287,0.9097732390201744,0.9097732390201744,ER,27415.55814373512,11751.097360088794
74,74_HE_val.ndpi,74_ER_val.ndpi,74_3,30456.166769461426,11148.805971861397,0.9097732390201744,0.9097732390201744,ER,27819.0666315405,11266.30865348021
74,74_HE_val.ndpi,74_ER_val.ndpi,74_4,34012.12993808642,9778.3316595515,0.9097732390201744,0.9097732390201744,ER,30805.753314302015,9591.325046839274
74,74_HE_val.ndpi,74_ER_val.ndpi,74_5,32894.087454454035,9686.527584649131,0.9097732390201744,0.9097732390201744,ER,29913.94549685324,9696.942326507644
74,74_HE_val.ndpi,74_ER_val.ndpi,74_6,33851.47280700732,9407.83664298124,0.9097732390201744,0.9097732390201744,ER,30674.424316555578,9183.996946333677
74,74_HE_val.ndpi,74_ER_val.ndpi,74_7,32723.59417249255,11086.539726910181,0.9097732390201744,0.9097732390201744,ER,29671.138532424065,11021.861917483828
74,74_HE_val.ndpi,74_ER_val.ndpi,74_8,31504.0163820182,9051.348305267535,0.9097732390201744,0.9097732390201744,ER,28554.533795281757,9057.647004455013
74,74_HE_val.ndpi,74_ER_val.ndpi,74_9,31858.541070238243,11021.645039814262,0.9097732390201744,0.9097732390201744,ER,28963.547307624838,11037.329308912775
74,74_HE_val.ndpi,74_ER_val.ndpi,74_10,32031.326520227743,11824.137595435252,0.9097732390201744,0.9097732390201744,ER,29022.365442021866,11995.981642725439
74,74_HE_val.ndpi,74_ER_val.ndpi,74_11,29784.69929759607,12819.574950143426,0.9097732390201744,0.9097732390201744,ER,27139.681298007137,13056.490264914504
74,74_HE_val.ndpi,74_ER_val.ndpi,74_12,33983.870143101536,15404.760912363154,0.9097732390201744,0.9097732390201744,ER,31368.58947444602,15277.511361328205
74,74_HE_val.ndpi,74_ER_val.ndpi,74_13,31986.318946717274,14035.845251094164,0.9097732390201744,0.9097732390201744,ER,29607.498006719736,14477.604489277663
74,74_HE_val.ndpi,74_ER_val.ndpi,74_14,34494.20142036851,16584.380727495558,0.9097732390201744,0.9097732390201744,ER,31270.446003855024,16303.896052374084
74,74_HE_val.ndpi,74_ER_val.ndpi,74_15,29051.048261763568,12464.740418507576,0.9097732390201744,0.9097732390201744,ER,26383.481711981058,12490.477796742172
74,74_HE_val.ndpi,74_ER_val.ndpi,74_16,27753.12355807101,11243.97731788123,0.9097732390201744,0.9097732390201744,ER,25325.115046170034,11540.506867157901
74,74_HE_val.ndpi,74_ER_val.ndpi,74_17,30569.271332464254,9878.987446055744,0.9097732390201744,0.9097732390201744,ER,27729.137766629512,9966.028992777026
74,74_HE_val.ndpi,74_ER_val.ndpi,74_18,27244.117247606377,10069.541229870229,0.9097732390201744,0.9097732390201744,ER,24491.97125521868,10350.445540605513
74,74_HE_val.ndpi,74_ER_val.ndpi,74_19,26381.04819575126,10036.760180533887,0.9097732390201744,0.9097732390201744,ER,23423.917026193052,10323.09482221501
74,74_HE_val.ndpi,74_ER_val.ndpi,74_20,20754.91109443115,8792.089859135898,0.9097732390201744,0.9097732390201744,ER,15917.96861086156,8973.445427774555
74,74_HE_val.ndpi,74_ER_val.ndpi,74_21,20274.487984203017,8625.877124317634,0.9097732390201744,0.9097732390201744,ER,15515.823079269598,8808.870438259117
74,74_HE_val.ndpi,74_ER_val.ndpi,74_22,18350.51865651212,8985.625235294157,0.9097732390201744,0.9097732390201744,ER,14336.180051206966,9211.769788527903
74,74_HE_val.ndpi,74_ER_val.ndpi,74_23,16641.66594861922,9619.707237399558,0.9097732390201744,0.9097732390201744,ER,12811.660165910374,9797.903918732514
74,74_HE_val.ndpi,74_ER_val.ndpi,74_24,17618.985900294094,8854.848144784442,0.9097732390201744,0.9097732390201744,ER,13949.46406638833,9115.41373885802
74,74_HE_val.ndpi,74_ER_val.ndpi,74_25,12324.872636576949,11407.524453261864,0.9097732390201744,0.9097732390201744,ER,9613.381511331965,11398.29845977786
74,74_HE_val.ndpi,74_ER_val.ndpi,74_26,15944.006278058889,11908.263443527612,0.9097732390201744,0.9097732390201744,ER,12348.803824451554,12176.065608489576
74,74_HE_val.ndpi,74_ER_val.ndpi,74_27,20130.630383947908,12780.392319511368,0.9097732390201744,0.9097732390201744,ER,15281.212953340484,12652.677011034151
74,74_HE_val.ndpi,74_ER_val.ndpi,74_28,22113.321589743024,9016.501017834436,0.9097732390201744,0.9097732390201744,ER,17347.270312464312,9181.335746160916
74,74_HE_val.ndpi,74_ER_val.ndpi,74_29,22186.74806263408,9709.973261805473,0.9097732390201744,0.9097732390201744,ER,17246.516899487888,9562.817307672422
74,74_HE_val.ndpi,74_ER_val.ndpi,74_30,23638.960526479324,9905.777189514944,0.9097732390201744,0.9097732390201744,ER,19459.3044570968,9863.864246045718
74,74_HE_val.ndpi,74_ER_val.ndpi,74_31,24525.227830938744,9491.187160273252,0.9097732390201744,0.9097732390201744,ER,20843.99585339642,9751.695801512613
74,74_HE_val.ndpi,74_ER_val.ndpi,74_32,26459.377939094786,10840.88192624256,0.9097732390201744,0.9097732390201744,ER,23581.83363342348,10900.376762289254
74,74_HE_val.ndpi,74_ER_val.ndpi,74_33,25111.861989836485,11707.800920413412,0.9097732390201744,0.9097732390201744,ER,22162.995735690347,11223.590620599167
74,74_HE_val.ndpi,74_ER_val.ndpi,74_34,23595.03138693237,11779.87524557248,0.9097732390201744,0.9097732390201744,ER,20296.855404463688,11102.769391460011
74,74_HE_val.ndpi,74_ER_val.ndpi,74_35,22130.68960356084,12135.524960348002,0.9097732390201744,0.9097732390201744,ER,18350.714238281736,11551.196813146653
74,74_HE_val.ndpi,74_ER_val.ndpi,74_36,21080.735142147776,13091.380244986189,0.9097732390201744,0.9097732390201744,ER,16461.240703993477,12999.277164377274
74,74_HE_val.ndpi,74_ER_val.ndpi,74_37,30237.38835423296,16630.37088608108,0.9097732390201744,0.9097732390201744,ER,27609.285657011496,16919.80925397822
74,74_HE_val.ndpi,74_ER_val.ndpi,74_38,28185.318237567997,16094.642349014035,0.9097732390201744,0.9097732390201744,ER,25348.173651707195,16446.372949118224
74,74_HE_val.ndpi,74_ER_val.ndpi,74_39,25325.758398444552,14333.377674714091,0.9097732390201744,0.9097732390201744,ER,22257.748768857717,14814.036599837744
74,74_HE_val.ndpi,74_ER_val.ndpi,74_40,18591.528825283924,14161.287057805792,0.9097732390201744,0.9097732390201744,ER,13542.099612043112,14931.381140274567
74,74_HE_val.ndpi,74_ER_val.ndpi,74_41,14444.07220233228,8780.110799708344,0.9097732390201744,0.9097732390201744,ER,11581.836069451138,8955.04160051366
74,74_HE_val.ndpi,74_ER_val.ndpi,74_42,11871.536229606942,9441.169356363424,0.9097732390201744,0.9097732390201744,ER,9438.118490329012,9514.268072597353
74,74_HE_val.ndpi,74_ER_val.ndpi,74_43,16106.24990513098,12836.91431048667,0.9097732390201744,0.9097732390201744,ER,12024.58701248507,13259.928246259344
74,74_HE_val.ndpi,74_ER_val.ndpi,74_44,22228.038120841957,15656.031932027474,0.9097732390201744,0.9097732390201744,ER,18122.772155016053,16244.390434431181
74,74_HE_val.ndpi,74_ER_val.ndpi,74_45,27911.33515284052,13367.39088376844,0.9097732390201744,0.9097732390201744,ER,25373.421417904956,13703.86613097539
74,74_HE_val.ndpi,74_ER_val.ndpi,74_46,33890.19776142526,13011.394615896197,0.9097732390201744,0.9097732390201744,ER,30797.099263894437,13020.884519667505
74,74_HE_val.ndpi,74_ER_val.ndpi,74_47,32809.469909904336,7569.302052525022,0.9097732390201744,0.9097732390201744,ER,30284.696988069798,7387.419551625178
74,74_HE_val.ndpi,74_ER_val.ndpi,74_48,29405.486960296224,10720.303906734034,0.9097732390201744,0.9097732390201744,ER,26761.45379546496,10905.752456750117
74,74_HE_val.ndpi,74_ER_val.ndpi,74_49,28294.079169417266,12090.04060348379,0.9097732390201744,0.9097732390201744,ER,25728.41581686619,12248.063750041609
74,74_HE_val.ndpi,74_ER_val.ndpi,74_50,19833.389421860295,16327.71870702705,0.9097732390201744,0.9097732390201744,ER,15106.413763669958,17252.557699749654
74,74_HE_val.ndpi,74_ER_val.ndpi,74_51,14502.724043062308,16576.918684910794,0.9097732390201744,0.9097732390201744,ER,10197.31461010848,17098.963254299768
11,11_HE_val.ndpi,11_KI67_val.ndpi,11_1,23064.03817959325,13636.463519770725,0.9097732390201744,0.9097732390201744,KI67,39676.163201392446,12306.586505296971
11,11_HE_val.ndpi,11_KI67_val.ndpi,11_2,25365.339536248077,17371.69642208022,0.9097732390201744,0.9097732390201744,KI67,38535.03145379622,8430.271515299402
11,11_HE_val.ndpi,11_KI67_val.ndpi,11_3,28691.970909060856,17625.929952716815,0.9097732390201744,0.9097732390201744,KI67,35836.35370922652,7204.542533667442
11,11_HE_val.ndpi,11_KI67_val.ndpi,11_4,34475.02976055094,15979.499010954149,0.9097732390201744,0.9097732390201744,KI67,29253.113204731828,8469.56291219557
11,11_HE_val.ndpi,11_KI67_val.ndpi,11_5,35213.789078275295,16857.869520631844,0.9097732390201744,0.9097732390201744,KI67,28100.136077212595,7238.09925072612
11,11_HE_val.ndpi,11_KI67_val.ndpi,11_6,33969.40698561473,19676.511142211788,0.9097732390201744,0.9097732390201744,KI67,29595.57553887137,3987.586499143988
11,11_HE_val.ndpi,11_KI67_val.ndpi,11_7,32676.83892857855,20041.65547157237,0.9097732390201744,0.9097732390201744,KI67,31023.111291774356,3399.428526158111
11,11_HE_val.ndpi,11_KI67_val.ndpi,11_8,32124.404645762563,17395.49525688295,0.9097732390201744,0.9097732390201744,KI67,32065.63297287962,6835.158075952479
11,11_HE_val.ndpi,11_KI67_val.ndpi,11_9,33947.3935843133,17357.487778225233,0.9097732390201744,0.9097732390201744,KI67,29449.39357145921,6823.173242049604
11,11_HE_val.ndpi,11_KI67_val.ndpi,11_10,32828.91303795235,18845.878320359818,0.9097732390201744,0.9097732390201744,KI67,30831.492960459716,4999.55278755158
11,11_HE_val.ndpi,11_KI67_val.ndpi,11_11,37063.33978826689,19137.65701990953,0.9097732390201744,0.9097732390201744,KI67,26270.974831287498,4958.581656839808
11,11_HE_val.ndpi,11_KI67_val.ndpi,11_12,38055.020535640426,19923.219634021618,0.9097732390201744,0.9097732390201744,KI67,25364.121297772435,4283.22536866854
11,11_HE_val.ndpi,11_KI67_val.ndpi,11_13,39311.905469069316,19161.218139897726,0.9097732390201744,0.9097732390201744,KI67,24183.069514974428,4516.0908348323055
11,11_HE_val.ndpi,11_KI67_val.ndpi,11_14,41837.63501010478,19798.27798905089,0.9097732390201744,0.9097732390201744,KI67,21040.21337182782,3650.6262518505764
11,11_HE_val.ndpi,11_KI67_val.ndpi,11_15,41747.53535199882,18748.303263101818,0.9097732390201744,0.9097732390201744,KI67,21219.358291852586,4726.890037285474
11,11_HE_val.ndpi,11_KI67_val.ndpi,11_16,43374.44817673373,18507.12907430567,0.9097732390201744,0.9097732390201744,KI67,19202.94824004143,5049.424347443086
11,11_HE_val.ndpi,11_KI67_val.ndpi,11_17,43044.3070852799,16863.831363016154,0.9097732390201744,0.9097732390201744,KI67,19167.624608426067,6722.300154507553
11,11_HE_val.ndpi,11_KI67_val.ndpi,11_18,47929.64377260714,11049.462523371696,0.9097732390201744,0.9097732390201744,KI67,11624.812576561386,11411.453392635376
11,11_HE_val.ndpi,11_KI67_val.ndpi,11_19,49327.80135010208,14034.704136030583,0.9097732390201744,0.9097732390201744,KI67,10259.40853055925,8068.0174827938745
11,11_HE_val.ndpi,11_KI67_val.ndpi,11_20,47816.341152317116,12940.884256054567,0.9097732390201744,0.9097732390201744,KI67,11427.040114344147,9570.016688920006
11,11_HE_val.ndpi,11_KI67_val.ndpi,11_21,45781.17620073858,18231.77179366696,0.9097732390201744,0.9097732390201744,KI67,15945.6686725098,4589.014387003792
11,11_HE_val.ndpi,11_KI67_val.ndpi,11_22,47834.735740776814,16607.883362485743,0.9097732390201744,0.9097732390201744,KI67,13926.510435301561,6223.966236447246
11,11_HE_val.ndpi,11_KI67_val.ndpi,11_23,48915.04049021632,7034.289166346327,0.9097732390201744,0.9097732390201744,KI67,9200.67545998371,15940.958505778985
11,11_HE_val.ndpi,11_KI67_val.ndpi,11_24,48087.37372485783,4278.133540631709,0.9097732390201744,0.9097732390201744,KI67,10211.328093544838,19982.647018146523
11,11_HE_val.ndpi,11_KI67_val.ndpi,11_25,44328.133561356335,7544.79678072875,0.9097732390201744,0.9097732390201744,KI67,16970.08441811658,16326.489442635264
11,11_HE_val.ndpi,11_KI67_val.ndpi,11_26,42678.67969919806,11879.717661667319,0.9097732390201744,0.9097732390201744,KI67,18411.088689195585,12385.033239842385
11,11_HE_val.ndpi,11_KI67_val.ndpi,11_27,44820.816552143064,9852.133581607084,0.9097732390201744,0.9097732390201744,KI67,15401.361830966061,13982.907744005719
11,11_HE_val.ndpi,11_KI67_val.ndpi,11_28,37920.790602107765,9046.578798119566,0.9097732390201744,0.9097732390201744,KI67,24054.09271610942,15471.792137442686
11,11_HE_val.ndpi,11_KI67_val.ndpi,11_29,40077.816500159104,10517.789452479725,0.9097732390201744,0.9097732390201744,KI67,20559.24690191839,14432.786835044724
11,11_HE_val.ndpi,11_KI67_val.ndpi,11_30,34813.9772417177,10545.957896507864,0.9097732390201744,0.9097732390201744,KI67,27067.69374358772,14734.55154896443
11,11_HE_val.ndpi,11_KI67_val.ndpi,11_31,34186.30140958198,9645.850939248954,0.9097732390201744,0.9097732390201744,KI67,27558.59553206547,15315.77143172579
11,11_HE_val.ndpi,11_KI67_val.ndpi,11_32,33950.189523948364,11502.156821106788,0.9097732390201744,0.9097732390201744,KI67,28578.650895220653,13509.803769897222
11,11_HE_val.ndpi,11_KI67_val.ndpi,11_33,37277.691246743234,12366.217073122414,0.9097732390201744,0.9097732390201744,KI67,24806.07712642324,12305.39930014943
11,11_HE_val.ndpi,11_KI67_val.ndpi,11_34,30004.799336719283,11413.608941898645,0.9097732390201744,0.9097732390201744,KI67,33408.13811872187,14114.582221551924
11,11_HE_val.ndpi,11_KI67_val.ndpi,11_35,29834.24298597973,12922.854452741229,0.9097732390201744,0.9097732390201744,KI67,33292.861565766594,12601.962376353213
11,11_HE_val.ndpi,11_KI67_val.ndpi,11_36,28785.32142893165,14342.926993935962,0.9097732390201744,0.9097732390201744,KI67,34811.79064595117,11152.415765649395
11,11_HE_val.ndpi,11_KI67_val.ndpi,11_37,32263.981546033134,13843.476904158422,0.9097732390201744,0.9097732390201744,KI67,30712.44582188574,10913.88441035576
11,11_HE_val.ndpi,11_KI67_val.ndpi,11_38,34878.90314884524,13080.311481766645,0.9097732390201744,0.9097732390201744,KI67,27706.740935131627,11608.629459632366
11,11_HE_val.ndpi,11_KI67_val.ndpi,11_39,25953.86677471017,14205.552409404308,0.9097732390201744,0.9097732390201744,KI67,37724.82370683325,11460.633282654178
11,11_HE_val.ndpi,11_KI67_val.ndpi,11_40,23616.035601420383,15565.230183117019,0.9097732390201744,0.9097732390201744,KI67,39987.655599192614,9967.118828983655
11,11_HE_val.ndpi,11_KI67_val.ndpi,11_41,25025.35291004981,15314.805093505063,0.9097732390201744,0.9097732390201744,KI67,38466.00518089901,10730.946475044271
11,11_HE_val.ndpi,11_KI67_val.ndpi,11_42,27671.52196368773,16918.543913891674,0.9097732390201744,0.9097732390201744,KI67,36382.32885778993,8299.734222115032
11,11_HE_val.ndpi,11_KI67_val.ndpi,11_43,30167.81780613477,15107.655495871775,0.9097732390201744,0.9097732390201744,KI67,33739.19881350567,9909.359121223366
11,11_HE_val.ndpi,11_KI67_val.ndpi,11_44,25845.723662223198,19013.241964581346,0.9097732390201744,0.9097732390201744,KI67,38049.1634900272,6859.934257269807
11,11_HE_val.ndpi,11_KI67_val.ndpi,11_45,26830.877509032125,21762.508513815563,0.9097732390201744,0.9097732390201744,KI67,35344.65016055037,3632.427148357141
11,11_HE_val.ndpi,11_KI67_val.ndpi,11_46,25812.910656834676,22973.501879558207,0.9097732390201744,0.9097732390201744,KI67,35733.168121915274,1992.685216639325
11,11_HE_val.ndpi,11_KI67_val.ndpi,11_47,29019.115489020278,22699.848033222417,0.9097732390201744,0.9097732390201744,KI67,32363.54401812754,2979.0152312856976
11,11_HE_val.ndpi,11_KI67_val.ndpi,11_48,30554.874111866186,18975.1407958977,0.9097732390201744,0.9097732390201744,KI67,33795.76958887724,4849.853939320907
11,11_HE_val.ndpi,11_KI67_val.ndpi,11_49,30514.40490826145,21049.49906418224,0.9097732390201744,0.9097732390201744,KI67,31988.14371397871,3342.2460835653633
11,11_HE_val.ndpi,11_KI67_val.ndpi,11_50,31527.50963165425,19080.566003838998,0.9097732390201744,0.9097732390201744,KI67,32429.899987607987,4485.659500244846
11,11_HE_val.ndpi,11_KI67_val.ndpi,11_51,32340.83431913604,22940.0780278723,0.9097732390201744,0.9097732390201744,KI67,29926.924230640998,2363.96472740662
32,32_HE_val.ndpi,32_ER_val.ndpi,32_0,9394.909695829821,12133.69781765047,0.9097732390201744,0.9097732390201744,ER,11371.464418682763,13495.550033770582
32,32_HE_val.ndpi,32_ER_val.ndpi,32_1,7410.390938296414,7064.363236391179,0.9097732390201744,0.9097732390201744,ER,8927.851505461123,8696.19201598509
32,32_HE_val.ndpi,32_ER_val.ndpi,32_2,2630.8344038789955,5015.826595262568,0.9097732390201744,0.9097732390201744,ER,3607.1355950227044,6520.739506580903
32,32_HE_val.ndpi,32_ER_val.ndpi,32_3,1559.5313561263447,2276.454808857949,0.9097732390201744,0.9097732390201744,ER,3575.761705469376,3704.9163558893406
32,32_HE_val.ndpi,32_ER_val.ndpi,32_4,1406.9011734204882,3329.830904829295,0.9097732390201744,0.9097732390201744,ER,2760.522082624041,4745.059246501372
32,32_HE_val.ndpi,32_ER_val.ndpi,32_5,3352.005495368172,7364.6645852134025,0.9097732390201744,0.9097732390201744,ER,4587.935299184757,8966.678489130805
32,32_HE_val.ndpi,32_ER_val.ndpi,32_6,3295.5356587639485,8347.616270286171,0.9097732390201744,0.9097732390201744,ER,4433.91477679647,10197.977466541359
32,32_HE_val.ndpi,32_ER_val.ndpi,32_7,1341.3818684644307,10245.074615014542,0.9097732390201744,0.9097732390201744,ER,2531.0685250102833,11822.548973291465
32,32_HE_val.ndpi,32_ER_val.ndpi,32_8,5831.489365611988,11937.71610328079,0.9097732390201744,0.9097732390201744,ER,7463.799039667809,13534.090702191636
32,32_HE_val.ndpi,32_ER_val.ndpi,32_9,824.6644724869158,11939.357220388232,0.9097732390201744,0.9097732390201744,ER,1822.6507055997436,13825.669551703166
32,32_HE_val.ndpi,32_ER_val.ndpi,32_10,727.5665170475355,17058.691824430094,0.9097732390201744,0.9097732390201744,ER,938.562098671564,19364.451244603773
32,32_HE_val.ndpi,32_ER_val.ndpi,32_11,2025.4059476276104,17307.837203148298,0.9097732390201744,0.9097732390201744,ER,2759.9675696788354,19575.35973237473
32,32_HE_val.ndpi,32_ER_val.ndpi,32_12,5168.394947289318,17542.550766020602,0.9097732390201744,0.9097732390201744,ER,6214.152450016774,19642.29783331826
32,32_HE_val.ndpi,32_ER_val.ndpi,32_13,7367.279176063728,17436.625939138943,0.9097732390201744,0.9097732390201744,ER,9157.166903502244,19667.81003215562
32,32_HE_val.ndpi,32_ER_val.ndpi,32_14,10284.642846457607,18521.773042573488,0.9097732390201744,0.9097732390201744,ER,12710.322206305349,21020.903274041768
32,32_HE_val.ndpi,32_ER_val.ndpi,32_15,11656.467857519256,19324.640942526923,0.9097732390201744,0.9097732390201744,ER,13653.323661636465,22003.782193302046
32,32_HE_val.ndpi,32_ER_val.ndpi,32_16,13873.43677208631,19363.616530736468,0.9097732390201744,0.9097732390201744,ER,16239.476062762009,22025.8779279561
32,32_HE_val.ndpi,32_ER_val.ndpi,32_17,18067.817796060768,18913.837451921725,0.9097732390201744,0.9097732390201744,ER,21573.41623506665,22001.503491875384
32,32_HE_val.ndpi,32_ER_val.ndpi,32_18,17467.275830879476,15151.84542728126,0.9097732390201744,0.9097732390201744,ER,20330.285452084827,16189.317189334548
32,32_HE_val.ndpi,32_ER_val.ndpi,32_19,18674.20805222407,8239.904251964464,0.9097732390201744,0.9097732390201744,ER,21349.256644364057,9298.050498701605
32,32_HE_val.ndpi,32_ER_val.ndpi,32_20,20784.683498016875,3295.875060298902,0.9097732390201744,0.9097732390201744,ER,23737.73913938258,4494.879476430595
32,32_HE_val.ndpi,32_ER_val.ndpi,32_21,18149.81061337436,1401.5023499419062,0.9097732390201744,0.9097732390201744,ER,20640.711527415453,2476.381153921953
32,32_HE_val.ndpi,32_ER_val.ndpi,32_22,14033.070894714769,1058.011152862246,0.9097732390201744,0.9097732390201744,ER,15854.589123677752,2126.3507549640894
32,32_HE_val.ndpi,32_ER_val.ndpi,32_23,11462.14081805912,589.9097395188421,0.9097732390201744,0.9097732390201744,ER,13285.273639096957,1253.1704402900405
32,32_HE_val.ndpi,32_ER_val.ndpi,32_24,9175.145797577476,764.6778106020163,0.9097732390201744,0.9097732390201744,ER,11167.109592032073,1685.563446569572
32,32_HE_val.ndpi,32_ER_val.ndpi,32_25,7053.0644785424365,2140.9606692203424,0.9097732390201744,0.9097732390201744,ER,9348.81331995104,3473.790189295007
32,32_HE_val.ndpi,32_ER_val.ndpi,32_26,4156.988904594708,1546.5786611946899,0.9097732390201744,0.9097732390201744,ER,7787.374851495566,2830.478673008947
32,32_HE_val.ndpi,32_ER_val.ndpi,32_27,10271.65345813306,9983.224904638108,0.9097732390201744,0.9097732390201744,ER,12415.359561552246,11278.34234741538
32,32_HE_val.ndpi,32_ER_val.ndpi,32_28,12523.540494822468,5514.680960336049,0.9097732390201744,0.9097732390201744,ER,14576.855168398874,6861.012191062363
32,32_HE_val.ndpi,32_ER_val.ndpi,32_29,13141.173399363352,2135.2466757099733,0.9097732390201744,0.9097732390201744,ER,15059.295984954804,3632.3193464705128
32,32_HE_val.ndpi,32_ER_val.ndpi,32_30,9120.765471639721,6163.157190746311,0.9097732390201744,0.9097732390201744,ER,10920.704695253793,7530.0282076757785
32,32_HE_val.ndpi,32_ER_val.ndpi,32_31,1710.8575458265561,15123.16480188106,0.9097732390201744,0.9097732390201744,ER,2675.503202831398,16722.114355395435
32,32_HE_val.ndpi,32_ER_val.ndpi,32_32,6165.34596972786,13777.451416390424,0.9097732390201744,0.9097732390201744,ER,7687.996561958397,15037.258889772746
32,32_HE_val.ndpi,32_ER_val.ndpi,32_33,11057.293878833025,14979.931592770316,0.9097732390201744,0.9097732390201744,ER,13685.251388422124,16464.259789571268
32,32_HE_val.ndpi,32_ER_val.ndpi,32_34,15473.211082467613,17912.917662992157,0.9097732390201744,0.9097732390201744,ER,18384.49962788733,19657.59608805038
32,32_HE_val.ndpi,32_ER_val.ndpi,32_35,14286.642233442995,14978.90357849952,0.9097732390201744,0.9097732390201744,ER,16996.169918960884,16341.248455203391
32,32_HE_val.ndpi,32_ER_val.ndpi,32_36,13756.48750577062,12377.11120128307,0.9097732390201744,0.9097732390201744,ER,16603.83452387199,13645.95849522826
32,32_HE_val.ndpi,32_ER_val.ndpi,32_37,14335.35318623524,9808.68547499032,0.9097732390201744,0.9097732390201744,ER,17326.77248221469,10981.746353056633
32,32_HE_val.ndpi,32_ER_val.ndpi,32_38,4224.037466209581,14456.499541244862,0.9097732390201744,0.9097732390201744,ER,5614.855834778378,16292.415084236969
32,32_HE_val.ndpi,32_ER_val.ndpi,32_39,8635.868433077965,10504.401892884393,0.9097732390201744,0.9097732390201744,ER,10558.583774392318,11903.859399206061
32,32_HE_val.ndpi,32_ER_val.ndpi,32_40,6895.3746336448585,15537.91982495758,0.9097732390201744,0.9097732390201744,ER,8255.958646673624,16698.70653933032
32,32_HE_val.ndpi,32_ER_val.ndpi,32_41,2416.559216583061,16045.630766456341,0.9097732390201744,0.9097732390201744,ER,4022.89692476698,17799.551999363885
32,32_HE_val.ndpi,32_ER_val.ndpi,32_42,12224.203960529658,15225.70936776526,0.9097732390201744,0.9097732390201744,ER,14749.26582432082,16497.781087747848
32,32_HE_val.ndpi,32_ER_val.ndpi,32_43,11518.859466035588,17364.07357384564,0.9097732390201744,0.9097732390201744,ER,14136.567384635386,18781.060915888003
32,32_HE_val.ndpi,32_ER_val.ndpi,32_44,10200.090877141789,11231.246501188216,0.9097732390201744,0.9097732390201744,ER,12356.998144943273,12574.259886280308
32,32_HE_val.ndpi,32_ER_val.ndpi,32_45,11422.839780884022,9837.243394065132,0.9097732390201744,0.9097732390201744,ER,13772.64372477709,11163.118266712669
32,32_HE_val.ndpi,32_ER_val.ndpi,32_46,3914.9830844144053,3236.163300219917,0.9097732390201744,0.9097732390201744,ER,6286.094969429761,4876.1850750794
32,32_HE_val.ndpi,32_ER_val.ndpi,32_47,4931.989500244998,2275.4106103242702,0.9097732390201744,0.9097732390201744,ER,8042.479360296012,3868.0464950840305
32,32_HE_val.ndpi,32_ER_val.ndpi,32_48,6670.885263391858,4996.47503778007,0.9097732390201744,0.9097732390201744,ER,8171.162096458073,6384.183931704801
32,32_HE_val.ndpi,32_ER_val.ndpi,32_49,7277.006117709358,4054.849411822984,0.9097732390201744,0.9097732390201744,ER,8754.031456894008,5452.9268087929295
32,32_HE_val.ndpi,32_ER_val.ndpi,32_50,5595.441726335869,7575.387811861166,0.9097732390201744,0.9097732390201744,ER,6827.669907121016,9509.625650254418
23,23_HE_val.ndpi,23_HER2_val.ndpi,23_0,20475.17134009936,15973.586121666465,0.9109542245502164,0.9109542245502164,HER2,16349.273347829787,16146.138749447859
23,23_HE_val.ndpi,23_HER2_val.ndpi,23_1,18996.692182380262,16714.653382269593,0.9109542245502164,0.9109542245502164,HER2,14777.916338664621,16644.024945500783
23,23_HE_val.ndpi,23_HER2_val.ndpi,23_2,19311.58656445282,14328.532500670239,0.9109542245502164,0.9109542245502164,HER2,15225.044287229766,14566.782914596623
23,23_HE_val.ndpi,23_HER2_val.ndpi,23_3,20317.73087163331,12008.277802057657,0.9109542245502164,0.9109542245502164,HER2,16373.34529081422,12097.658013242393
23,23_HE_val.ndpi,23_HER2_val.ndpi,23_4,24339.72154594873,11063.591715190834,0.9109542245502164,0.9109542245502164,HER2,20249.48203525953,11353.115296522368
23,23_HE_val.ndpi,23_HER2_val.ndpi,23_5,23881.542305351817,13652.699501910389,0.9109542245502164,0.9109542245502164,HER2,19829.54553047111,13889.065288703328
23,23_HE_val.ndpi,23_HER2_val.ndpi,23_6,27175.42045266431,12443.497693714682,0.9109542245502164,0.9109542245502164,HER2,23068.931818631263,12769.589598753964
23,23_HE_val.ndpi,23_HER2_val.ndpi,23_7,26858.274147004628,11244.395005666864,0.9109542245502164,0.9109542245502164,HER2,22874.85447627727,11568.240150324931
23,23_HE_val.ndpi,23_HER2_val.ndpi,23_8,28425.726447012403,9372.296914514334,0.9109542245502164,0.9109542245502164,HER2,24426.085802039455,9684.90696396373
23,23_HE_val.ndpi,23_HER2_val.ndpi,23_9,27776.60527330828,10744.209127047641,0.9109542245502164,0.9109542245502164,HER2,23789.867335917956,11080.315766179663
23,23_HE_val.ndpi,23_HER2_val.ndpi,23_10,28667.073544459032,11034.35194374509,0.9109542245502164,0.9109542245502164,HER2,24518.001752439806,11338.964473650001
23,23_HE_val.ndpi,23_HER2_val.ndpi,23_11,27605.681250465106,8739.741957137647,0.9109542245502164,0.9109542245502164,HER2,23598.578357411552,9025.608735198432
23,23_HE_val.ndpi,23_HER2_val.ndpi,23_12,30312.125086600536,8962.82606322635,0.9109542245502164,0.9109542245502164,HER2,26422.936317295917,9338.702211150983
23,23_HE_val.ndpi,23_HER2_val.ndpi,23_13,31497.19861187456,10083.410523544555,0.9109542245502164,0.9109542245502164,HER2,27541.74321314284,10463.01682376484
23,23_HE_val.ndpi,23_HER2_val.ndpi,23_14,32370.475646843304,9734.64501204699,0.9109542245502164,0.9109542245502164,HER2,28426.42212714794,10138.35142500341
23,23_HE_val.ndpi,23_HER2_val.ndpi,23_15,29062.11286339393,7980.285344719992,0.9109542245502164,0.9109542245502164,HER2,25168.20028241479,8272.861768841383
23,23_HE_val.ndpi,23_HER2_val.ndpi,23_16,30918.588704885347,8111.276484985691,0.9109542245502164,0.9109542245502164,HER2,27071.127663534084,8443.770956061488
23,23_HE_val.ndpi,23_HER2_val.ndpi,23_17,31842.641242726168,7913.235883745155,0.9109542245502164,0.9109542245502164,HER2,27979.659783378193,8285.292826643696
23,23_HE_val.ndpi,23_HER2_val.ndpi,23_18,29705.161364663218,7166.826908870645,0.9109542245502164,0.9109542245502164,HER2,26152.337290688218,7166.474601960743
23,23_HE_val.ndpi,23_HER2_val.ndpi,23_19,34107.70084878424,11772.914072741944,0.9109542245502164,0.9109542245502164,HER2,30127.456710012204,12313.226825395199
23,23_HE_val.ndpi,23_HER2_val.ndpi,23_20,32423.361488376937,12216.921767713911,0.9109542245502164,0.9109542245502164,HER2,28382.739789607414,12732.824783051687
23,23_HE_val.ndpi,23_HER2_val.ndpi,23_21,30989.13640119761,12049.00638945765,0.9109542245502164,0.9109542245502164,HER2,26989.11716827914,12523.986522925736
23,23_HE_val.ndpi,23_HER2_val.ndpi,23_22,30174.137969209623,13837.316965344957,0.9109542245502164,0.9109542245502164,HER2,26037.097198388015,14274.965909100238
23,23_HE_val.ndpi,23_HER2_val.ndpi,23_23,29543.158743269752,14596.818737715186,0.9109542245502164,0.9109542245502164,HER2,25420.869889531627,14988.565576759021
23,23_HE_val.ndpi,23_HER2_val.ndpi,23_24,27270.015799182853,13566.141164569275,0.9109542245502164,0.9109542245502164,HER2,23264.647072815766,13897.206232911585
23,23_HE_val.ndpi,23_HER2_val.ndpi,23_25,26983.332524237198,14984.33452486637,0.9109542245502164,0.9109542245502164,HER2,22838.658683026286,15315.186821513496
23,23_HE_val.ndpi,23_HER2_val.ndpi,23_26,24138.921671284887,14595.999288599274,0.9109542245502164,0.9109542245502164,HER2,20067.993301395738,14842.536419683262
23,23_HE_val.ndpi,23_HER2_val.ndpi,23_27,22421.937722570234,12426.726848966944,0.9109542245502164,0.9109542245502164,HER2,18336.144313982444,12575.9963626656
23,23_HE_val.ndpi,23_HER2_val.ndpi,23_28,19524.98964472708,10302.937444149129,0.9109542245502164,0.9109542245502164,HER2,15518.749519042658,10415.70471841659
23,23_HE_val.ndpi,23_HER2_val.ndpi,23_29,21249.200604446134,7835.822030618877,0.9109542245502164,0.9109542245502164,HER2,17389.63669995728,7935.984524246167
23,23_HE_val.ndpi,23_HER2_val.ndpi,23_30,22832.044814714754,5775.417445963513,0.9109542245502164,0.9109542245502164,HER2,18892.260170144564,5928.409724280996
23,23_HE_val.ndpi,23_HER2_val.ndpi,23_31,24123.46614907412,6422.4694938480225,0.9109542245502164,0.9109542245502164,HER2,20348.595140974285,6675.422912037215
23,23_HE_val.ndpi,23_HER2_val.ndpi,23_32,22955.75829821789,8486.51282734348,0.9109542245502164,0.9109542245502164,HER2,19069.69226303095,8632.944072327797
23,23_HE_val.ndpi,23_HER2_val.ndpi,23_33,25735.84250110736,7135.40970704237,0.9109542245502164,0.9109542245502164,HER2,21817.26969439344,7398.828028748804
23,23_HE_val.ndpi,23_HER2_val.ndpi,23_34,25630.79184437128,6202.983263401453,0.9109542245502164,0.9109542245502164,HER2,21718.70282670412,6468.693500245994
23,23_HE_val.ndpi,23_HER2_val.ndpi,23_35,28971.64220538931,4908.713908900219,0.9109542245502164,0.9109542245502164,HER2,25132.779766190426,5216.286945233543
23,23_HE_val.ndpi,23_HER2_val.ndpi,23_36,29206.296770419678,5579.342218837164,0.9109542245502164,0.9109542245502164,HER2,25350.74155255744,5921.575411387091
23,23_HE_val.ndpi,23_HER2_val.ndpi,23_37,32072.48704144529,5251.639711472218,0.9109542245502164,0.9109542245502164,HER2,28290.38424494138,5655.224798940069
23,23_HE_val.ndpi,23_HER2_val.ndpi,23_38,27852.9705729779,2978.205485647631,0.9109542245502164,0.9109542245502164,HER2,23882.545993421736,3357.4601026684127
23,23_HE_val.ndpi,23_HER2_val.ndpi,23_39,31244.336355843814,15247.501284501284,0.9109542245502164,0.9109542245502164,HER2,27086.039143807466,15667.162982274831
23,23_HE_val.ndpi,23_HER2_val.ndpi,23_40,31073.00244319299,16956.358976328203,0.9109542245502164,0.9109542245502164,HER2,26911.831636803137,17378.599516621653
23,23_HE_val.ndpi,23_HER2_val.ndpi,23_41,29311.358378677232,15603.254689412794,0.9109542245502164,0.9109542245502164,HER2,25122.990001091814,15956.586154172788
23,23_HE_val.ndpi,23_HER2_val.ndpi,23_42,27446.9927725743,17428.599934025402,0.9109542245502164,0.9109542245502164,HER2,23311.2264304652,17769.068256062248
23,23_HE_val.ndpi,23_HER2_val.ndpi,23_43,36646.85414343004,16794.308640318384,0.9109542245502164,0.9109542245502164,HER2,32601.38353974291,17322.07426651279
23,23_HE_val.ndpi,23_HER2_val.ndpi,23_44,32961.899886837215,8279.70930845757,0.9109542245502164,0.9109542245502164,HER2,29065.770964223047,8678.95394249521
23,23_HE_val.ndpi,23_HER2_val.ndpi,23_45,18075.899865693158,8349.23880824463,0.9109542245502164,0.9109542245502164,HER2,14195.545472694615,8477.700292822246
23,23_HE_val.ndpi,23_HER2_val.ndpi,23_46,15211.212891570945,6744.854440622404,0.9109542245502164,0.9109542245502164,HER2,11438.93774273323,6773.707917142541
23,23_HE_val.ndpi,23_HER2_val.ndpi,23_47,32493.325071050385,13503.754014396209,0.9109542245502164,0.9109542245502164,HER2,28418.945340191167,13990.332694958643
23,23_HE_val.ndpi,23_HER2_val.ndpi,23_48,37300.053063458334,10331.926012947964,0.9109542245502164,0.9109542245502164,HER2,33242.84795127447,10854.163139976687
23,23_HE_val.ndpi,23_HER2_val.ndpi,23_49,29810.608537238462,12157.075681899105,0.9109542245502164,0.9109542245502164,HER2,25812.536249758876,12575.45702624922
23,23_HE_val.ndpi,23_HER2_val.ndpi,23_50,30993.651714454245,7519.905245732267,0.9109542245502164,0.9109542245502164,HER2,27230.941029259593,7774.609428336624
23,23_HE_val.ndpi,23_HER2_val.ndpi,23_51,30317.22732320413,8011.148815043192,0.9109542245502164,0.9109542245502164,HER2,26502.61845035622,8299.60560180885
87,87_HE_val.ndpi,87_HER2_val.ndpi,87_1,34127.1301890219,5990.440479689018,0.9109542245502164,0.9109542245502164,HER2,15523.552388779055,13148.384674153487
87,87_HE_val.ndpi,87_HER2_val.ndpi,87_2,32320.796150909355,5639.944615924116,0.9109542245502164,0.9109542245502164,HER2,17168.042720333706,14078.70431737599
87,87_HE_val.ndpi,87_HER2_val.ndpi,87_3,32694.910639400594,5277.996545472671,0.9109542245502164,0.9109542245502164,HER2,16933.093235291017,14476.03258940397
87,87_HE_val.ndpi,87_HER2_val.ndpi,87_4,31063.51633071514,7021.344648492225,0.9109542245502164,0.9109542245502164,HER2,17301.197959537076,12670.486852143826
87,87_HE_val.ndpi,87_HER2_val.ndpi,87_5,28678.67719192064,8390.443351442926,0.9109542245502164,0.9109542245502164,HER2,19467.15825562144,12404.34768733208
87,87_HE_val.ndpi,87_HER2_val.ndpi,87_6,26951.290340417192,8322.060488013503,0.9109542245502164,0.9109542245502164,HER2,21452.62941357885,12807.19314704105
87,87_HE_val.ndpi,87_HER2_val.ndpi,87_7,27677.936235979127,8425.86061800834,0.9109542245502164,0.9109542245502164,HER2,20610.60796850937,12526.720997993487
87,87_HE_val.ndpi,87_HER2_val.ndpi,87_8,26503.65748953621,7636.018227062664,0.9109542245502164,0.9109542245502164,HER2,22452.905179752783,13583.30116202975
87,87_HE_val.ndpi,87_HER2_val.ndpi,87_9,31106.661919353475,8833.838451558844,0.9109542245502164,0.9109542245502164,HER2,16831.39615192464,10957.892962805405
87,87_HE_val.ndpi,87_HER2_val.ndpi,87_10,32366.897135842286,8009.9096741427475,0.9109542245502164,0.9109542245502164,HER2,16683.74626595787,11106.244004169257
87,87_HE_val.ndpi,87_HER2_val.ndpi,87_11,34268.68590449626,7580.906830598442,0.9109542245502164,0.9109542245502164,HER2,15183.772387645886,11107.218201411166
87,87_HE_val.ndpi,87_HER2_val.ndpi,87_12,35084.15740802826,8098.148748268114,0.9109542245502164,0.9109542245502164,HER2,14692.007585101996,10415.079904336571
87,87_HE_val.ndpi,87_HER2_val.ndpi,87_13,34580.89502146465,7753.320803154994,0.9109542245502164,0.9109542245502164,HER2,15006.804969648842,10880.05121459073
87,87_HE_val.ndpi,87_HER2_val.ndpi,87_14,35943.8972878555,8391.718534868098,0.9109542245502164,0.9109542245502164,HER2,13907.173508086351,10124.47692771875
87,87_HE_val.ndpi,87_HER2_val.ndpi,87_15,35452.2845827614,7907.095412013387,0.9109542245502164,0.9109542245502164,HER2,14421.504047322624,10638.581542378213
87,87_HE_val.ndpi,87_HER2_val.ndpi,87_16,37776.840952236125,8993.978203404837,0.9109542245502164,0.9109542245502164,HER2,12492.394421129255,9762.888844713183
87,87_HE_val.ndpi,87_HER2_val.ndpi,87_17,37103.028399499664,8979.998665632838,0.9109542245502164,0.9109542245502164,HER2,13123.269992378493,9601.800588860131
87,87_HE_val.ndpi,87_HER2_val.ndpi,87_18,37088.94400579544,9985.377671749766,0.9109542245502164,0.9109542245502164,HER2,12770.35262039562,8661.512900708294
87,87_HE_val.ndpi,87_HER2_val.ndpi,87_19,35941.505734033664,10118.238876209609,0.9109542245502164,0.9109542245502164,HER2,13417.571185902743,8342.253088757405
87,87_HE_val.ndpi,87_HER2_val.ndpi,87_20,36597.760026364216,9659.263544467376,0.9109542245502164,0.9109542245502164,HER2,13206.414980042693,8799.250628144759
87,87_HE_val.ndpi,87_HER2_val.ndpi,87_21,35038.87478271165,9433.112073088208,0.9109542245502164,0.9109542245502164,HER2,14102.974718654339,8810.361680018743
87,87_HE_val.ndpi,87_HER2_val.ndpi,87_22,34765.98379393416,10101.552328880636,0.9109542245502164,0.9109542245502164,HER2,14271.987475958189,8252.02738739588
87,87_HE_val.ndpi,87_HER2_val.ndpi,87_23,35467.49433053152,10782.158428042707,0.9109542245502164,0.9109542245502164,HER2,13704.850141119723,7998.143539126703
87,87_HE_val.ndpi,87_HER2_val.ndpi,87_24,35349.517302598906,11747.1282039774,0.9109542245502164,0.9109542245502164,HER2,13842.28740591864,7283.322878475868
87,87_HE_val.ndpi,87_HER2_val.ndpi,87_25,34617.75171416972,12157.423651112993,0.9109542245502164,0.9109542245502164,HER2,14726.547251729326,6749.709944984022
87,87_HE_val.ndpi,87_HER2_val.ndpi,87_26,34493.60458526648,13430.529874011145,0.9109542245502164,0.9109542245502164,HER2,15240.892939406565,5329.101450094507
87,87_HE_val.ndpi,87_HER2_val.ndpi,87_27,31945.720597685064,12778.336798599375,0.9109542245502164,0.9109542245502164,HER2,17475.011512305093,5981.350303112572
87,87_HE_val.ndpi,87_HER2_val.ndpi,87_28,31626.217949272686,13530.469406602886,0.9109542245502164,0.9109542245502164,HER2,18083.784785751923,5076.778950090103
87,87_HE_val.ndpi,87_HER2_val.ndpi,87_29,29645.37701657755,14041.784035613418,0.9109542245502164,0.9109542245502164,HER2,19438.66968184348,4527.194492351832
87,87_HE_val.ndpi,87_HER2_val.ndpi,87_30,28989.12283943463,13433.843002785416,0.9109542245502164,0.9109542245502164,HER2,19721.810950973297,5471.707145318593
87,87_HE_val.ndpi,87_HER2_val.ndpi,87_31,28240.26835383381,13731.774404956963,0.9109542245502164,0.9109542245502164,HER2,20552.7934878387,5203.172238593996
87,87_HE_val.ndpi,87_HER2_val.ndpi,87_32,28242.878137388932,15040.786286792669,0.9109542245502164,0.9109542245502164,HER2,21031.969205209625,3484.498484796176
87,87_HE_val.ndpi,87_HER2_val.ndpi,87_33,27766.943572425473,15474.918141169388,0.9109542245502164,0.9109542245502164,HER2,21690.77416813624,2999.5161403641823
87,87_HE_val.ndpi,87_HER2_val.ndpi,87_34,25911.58294773443,15354.135040407877,0.9109542245502164,0.9109542245502164,HER2,23642.231445255766,3346.9513785082777
87,87_HE_val.ndpi,87_HER2_val.ndpi,87_35,24980.83127136071,14211.893750953655,0.9109542245502164,0.9109542245502164,HER2,23870.95064783396,5239.621144387532
87,87_HE_val.ndpi,87_HER2_val.ndpi,87_36,20207.766185132587,10662.008555028233,0.9109542245502164,0.9109542245502164,HER2,31364.853555521815,10386.242803347772
87,87_HE_val.ndpi,87_HER2_val.ndpi,87_37,21259.680046790807,11538.603559169938,0.9109542245502164,0.9109542245502164,HER2,29857.977445293483,9125.869033535033
87,87_HE_val.ndpi,87_HER2_val.ndpi,87_38,16676.342664803844,14327.008495611914,0.9109542245502164,0.9109542245502164,HER2,34065.34270440954,9411.972050595388
87,87_HE_val.ndpi,87_HER2_val.ndpi,87_39,15115.169253271335,13458.762599940457,0.9109542245502164,0.9109542245502164,HER2,36558.653640099896,10775.404192792252
87,87_HE_val.ndpi,87_HER2_val.ndpi,87_40,15408.676079536392,10850.439801037077,0.9109542245502164,0.9109542245502164,HER2,37602.39152015191,13739.169114306596
87,87_HE_val.ndpi,87_HER2_val.ndpi,87_41,14618.833688590708,9571.314387985076,0.9109542245502164,0.9109542245502164,HER2,38168.9013373281,15876.003943890833
87,87_HE_val.ndpi,87_HER2_val.ndpi,87_42,15063.848134423295,9937.111613092397,0.9109542245502164,0.9109542245502164,HER2,37840.65455394468,15101.287045650428
87,87_HE_val.ndpi,87_HER2_val.ndpi,87_43,15552.396359767763,6986.300609434379,0.9109542245502164,0.9109542245502164,HER2,36795.29999311497,17525.897628680217
87,87_HE_val.ndpi,87_HER2_val.ndpi,87_44,14897.54781353921,6976.5162032957405,0.9109542245502164,0.9109542245502164,HER2,37226.503756270926,17983.224449246823
87,87_HE_val.ndpi,87_HER2_val.ndpi,87_45,16626.849925515136,6963.724655552323,0.9109542245502164,0.9109542245502164,HER2,35608.799191635684,17179.182087687022
87,87_HE_val.ndpi,87_HER2_val.ndpi,87_46,17597.140001455526,5957.199750172644,0.9109542245502164,0.9109542245502164,HER2,33970.47649243488,17667.752929319024
87,87_HE_val.ndpi,87_HER2_val.ndpi,87_47,16477.88433961699,5115.745013707754,0.9109542245502164,0.9109542245502164,HER2,35146.965512376286,18748.831706219193
87,87_HE_val.ndpi,87_HER2_val.ndpi,87_48,17460.252528854668,4266.238000132998,0.9109542245502164,0.9109542245502164,HER2,33639.34812602502,19649.86810615099
87,87_HE_val.ndpi,87_HER2_val.ndpi,87_49,18744.57827321729,4310.525106682154,0.9109542245502164,0.9109542245502164,HER2,31951.590628573806,19500.416757014078
87,87_HE_val.ndpi,87_HER2_val.ndpi,87_50,20053.0608201126,2925.5469783301137,0.9109542245502164,0.9109542245502164,HER2,29956.248229157052,20979.896012688412
87,87_HE_val.ndpi,87_HER2_val.ndpi,87_51,20073.190778566208,1995.5176832040515,0.9109542245502164,0.9109542245502164,HER2,29965.64969606355,22077.48658132387
87,87_HE_val.ndpi,87_HER2_val.ndpi,87_52,22428.45889646789,3634.140222366104,0.9109542245502164,0.9109542245502164,HER2,26782.814101616925,19794.86976239328
70,70_HE_val.ndpi,70_ER_val.ndpi,70_0,15189.503328379573,10629.246771748947,0.9097732390201744,0.9097732390201744,ER,10619.175000978601,8475.818347925537
70,70_HE_val.ndpi,70_ER_val.ndpi,70_1,16754.428637460413,11402.244837650314,0.9097732390201744,0.9097732390201744,ER,12087.480767176474,9388.84213282482
70,70_HE_val.ndpi,70_ER_val.ndpi,70_2,16557.08019624111,10479.895384598145,0.9097732390201744,0.9097732390201744,ER,11956.444349462983,8368.708982185803
70,70_HE_val.ndpi,70_ER_val.ndpi,70_3,16322.781224554055,8976.885487021726,0.9097732390201744,0.9097732390201744,ER,11918.215691833908,6755.564480294217
70,70_HE_val.ndpi,70_ER_val.ndpi,70_4,17288.837346782446,9254.812164035166,0.9097732390201744,0.9097732390201744,ER,12784.923159035265,7195.314181150353
70,70_HE_val.ndpi,70_ER_val.ndpi,70_5,14928.958512939023,12798.97580742603,0.9097732390201744,0.9097732390201744,ER,10181.2503835832,10745.662107121449
70,70_HE_val.ndpi,70_ER_val.ndpi,70_6,14682.127849606564,14511.532132452692,0.9097732390201744,0.9097732390201744,ER,9808.963528723887,12500.173730098079
70,70_HE_val.ndpi,70_ER_val.ndpi,70_7,14443.323319163981,13343.96090905986,0.9097732390201744,0.9097732390201744,ER,9673.294688648237,11290.476708422922
70,70_HE_val.ndpi,70_ER_val.ndpi,70_8,15434.883280581882,19840.39926883024,0.9097732390201744,0.9097732390201744,ER,10434.185272025556,17958.12872521719
70,70_HE_val.ndpi,70_ER_val.ndpi,70_9,15893.63530008701,20029.039287394648,0.9097732390201744,0.9097732390201744,ER,10905.374891378073,18133.245908064117
70,70_HE_val.ndpi,70_ER_val.ndpi,70_10,16795.554873700763,18553.17095545165,0.9097732390201744,0.9097732390201744,ER,11807.300972292267,16673.7247107585
70,70_HE_val.ndpi,70_ER_val.ndpi,70_11,18177.569361218328,17904.56346859575,0.9097732390201744,0.9097732390201744,ER,13248.288723026593,16098.771567054036
70,70_HE_val.ndpi,70_ER_val.ndpi,70_12,19605.294505751608,17118.944980458953,0.9097732390201744,0.9097732390201744,ER,14709.63892963552,15352.972728490697
70,70_HE_val.ndpi,70_ER_val.ndpi,70_13,21020.402020386857,15850.837530198816,0.9097732390201744,0.9097732390201744,ER,16214.44560582711,14121.916761943401
70,70_HE_val.ndpi,70_ER_val.ndpi,70_14,22602.95288945497,15250.642166713753,0.9097732390201744,0.9097732390201744,ER,17850.699260086338,13559.48681626938
70,70_HE_val.ndpi,70_ER_val.ndpi,70_15,21292.328982760082,20188.381717088967,0.9097732390201744,0.9097732390201744,ER,16344.73063224997,18326.539195230194
70,70_HE_val.ndpi,70_ER_val.ndpi,70_16,22962.477628063087,20119.841517788427,0.9097732390201744,0.9097732390201744,ER,18037.3927210864,18389.98645498107
70,70_HE_val.ndpi,70_ER_val.ndpi,70_17,23118.693047866065,19207.98211564261,0.9097732390201744,0.9097732390201744,ER,18181.918590012076,17552.198073143714
70,70_HE_val.ndpi,70_ER_val.ndpi,70_18,24571.855729272706,19207.9817830401,0.9097732390201744,0.9097732390201744,ER,19647.560249423852,17567.007065025864
70,70_HE_val.ndpi,70_ER_val.ndpi,70_19,24346.615309104098,17911.034521436417,0.9097732390201744,0.9097732390201744,ER,19523.496123244306,16256.224565665383
70,70_HE_val.ndpi,70_ER_val.ndpi,70_20,25868.802658273857,18270.692091343604,0.9097732390201744,0.9097732390201744,ER,21046.733736029735,16650.77596783953
70,70_HE_val.ndpi,70_ER_val.ndpi,70_21,26046.81551663493,17148.124171903386,0.9097732390201744,0.9097732390201744,ER,21253.657575425015,15519.81834523037
70,70_HE_val.ndpi,70_ER_val.ndpi,70_22,24139.53931019979,15015.60779475156,0.9097732390201744,0.9097732390201744,ER,19388.90852238734,13355.338042650948
70,70_HE_val.ndpi,70_ER_val.ndpi,70_23,29942.9893472246,16094.172156523397,0.9097732390201744,0.9097732390201744,ER,24076.64989279042,12872.032208922508
70,70_HE_val.ndpi,70_ER_val.ndpi,70_24,30858.941529419717,16450.327299766323,0.9097732390201744,0.9097732390201744,ER,24772.570841700268,12946.903101656992
70,70_HE_val.ndpi,70_ER_val.ndpi,70_25,30858.94136340714,14701.9910820864,0.9097732390201744,0.9097732390201744,ER,24267.163601519045,11046.020949586524
70,70_HE_val.ndpi,70_ER_val.ndpi,70_26,34040.88519801726,12878.495918035882,0.9097732390201744,0.9097732390201744,ER,27444.547871708757,9108.319010256639
70,70_HE_val.ndpi,70_ER_val.ndpi,70_27,32560.328323497983,12509.802862686718,0.9097732390201744,0.9097732390201744,ER,25638.836015752335,8836.872543469546
70,70_HE_val.ndpi,70_ER_val.ndpi,70_28,33282.119968038474,11482.201533065376,0.9097732390201744,0.9097732390201744,ER,27232.26562946699,8361.841417653417
70,70_HE_val.ndpi,70_ER_val.ndpi,70_29,32664.900385745455,16143.026487045503,0.9097732390201744,0.9097732390201744,ER,26019.9124512221,11941.99558816731
70,70_HE_val.ndpi,70_ER_val.ndpi,70_30,32981.55113388457,15259.605623312813,0.9097732390201744,0.9097732390201744,ER,26126.370853661436,10971.991105066514
70,70_HE_val.ndpi,70_ER_val.ndpi,70_31,31755.16483130552,14091.618743264717,0.9097732390201744,0.9097732390201744,ER,24740.319040574766,10005.862166268002
70,70_HE_val.ndpi,70_ER_val.ndpi,70_32,32882.386666293874,13677.672238548934,0.9097732390201744,0.9097732390201744,ER,25785.885593735016,9488.93576450475
70,70_HE_val.ndpi,70_ER_val.ndpi,70_33,33483.64825453836,9704.242694268041,0.9097732390201744,0.9097732390201744,ER,29065.50966312007,7503.560274705304
70,70_HE_val.ndpi,70_ER_val.ndpi,70_34,31564.17998210614,9375.506534258746,0.9097732390201744,0.9097732390201744,ER,26775.646141632576,7300.851358490004
70,70_HE_val.ndpi,70_ER_val.ndpi,70_35,31682.123298378207,10856.28045177902,0.9097732390201744,0.9097732390201744,ER,26008.21862632576,8174.8436232152435
70,70_HE_val.ndpi,70_ER_val.ndpi,70_36,25379.863016957817,4578.546087155545,0.9097732390201744,0.9097732390201744,ER,21404.039430614364,2930.875784277249
70,70_HE_val.ndpi,70_ER_val.ndpi,70_37,28324.43005986224,4779.975648077421,0.9097732390201744,0.9097732390201744,ER,24478.449005816026,3231.8614620628173
70,70_HE_val.ndpi,70_ER_val.ndpi,70_38,29417.33814106453,6556.1920995809105,0.9097732390201744,0.9097732390201744,ER,25158.82564007875,4946.107727007399
70,70_HE_val.ndpi,70_ER_val.ndpi,70_39,29982.9965191695,8307.005632871545,0.9097732390201744,0.9097732390201744,ER,25665.730084460647,6405.9230385434275
70,70_HE_val.ndpi,70_ER_val.ndpi,70_40,28504.996684450423,3796.907947171192,0.9097732390201744,0.9097732390201744,ER,24610.025205937043,2328.3648339378165
70,70_HE_val.ndpi,70_ER_val.ndpi,70_41,23520.972221480395,12593.584163299949,0.9097732390201744,0.9097732390201744,ER,18936.71503455407,10895.980909865222
70,70_HE_val.ndpi,70_ER_val.ndpi,70_42,21705.477619493602,12148.718318655801,0.9097732390201744,0.9097732390201744,ER,17104.630486895207,10400.521766999025
70,70_HE_val.ndpi,70_ER_val.ndpi,70_43,20568.37846238425,11058.846058148933,0.9097732390201744,0.9097732390201744,ER,15997.290991711547,9292.602212518395
70,70_HE_val.ndpi,70_ER_val.ndpi,70_44,19081.397338166018,11859.823914169543,0.9097732390201744,0.9097732390201744,ER,14428.617819890245,10038.6509692894
70,70_HE_val.ndpi,70_ER_val.ndpi,70_45,20215.473694411852,4904.884170889297,0.9097732390201744,0.9097732390201744,ER,15964.167559590183,2996.491358092318
70,70_HE_val.ndpi,70_ER_val.ndpi,70_46,19291.047051595462,5785.7655545662965,0.9097732390201744,0.9097732390201744,ER,14915.209041073778,3873.766966509385
70,70_HE_val.ndpi,70_ER_val.ndpi,70_47,18642.39650673799,5153.938411341334,0.9097732390201744,0.9097732390201744,ER,14301.521636446074,3199.0071060548835
70,70_HE_val.ndpi,70_ER_val.ndpi,70_48,19920.59401978169,8245.099300561102,0.9097732390201744,0.9097732390201744,ER,15445.1526420216,6369.271655843809
70,70_HE_val.ndpi,70_ER_val.ndpi,70_49,20911.132861808226,7365.061675712544,0.9097732390201744,0.9097732390201744,ER,16539.228991781827,5526.490849033516
70,70_HE_val.ndpi,70_ER_val.ndpi,70_50,27555.363808869188,11496.90327200229,0.9097732390201744,0.9097732390201744,ER,23116.881651772124,9201.949857069389
70,70_HE_val.ndpi,70_ER_val.ndpi,70_51,28181.603496962398,15632.2331215628,0.9097732390201744,0.9097732390201744,ER,22889.77801516357,13484.790889048336
70,70_HE_val.ndpi,70_ER_val.ndpi,70_52,26461.25618133751,14899.304087687111,0.9097732390201744,0.9097732390201744,ER,21646.86137940342,13243.026661163483
70,70_HE_val.ndpi,70_ER_val.ndpi,70_53,30658.043118485424,19166.628657965604,0.9097732390201744,0.9097732390201744,ER,27149.30514231492,16560.390540789824
70,70_HE_val.ndpi,70_ER_val.ndpi,70_54,29046.47604424756,17916.479748539765,0.9097732390201744,0.9097732390201744,ER,24218.64411025657,16077.663845874898
70,70_HE_val.ndpi,70_ER_val.ndpi,70_55,31639.680897945414,18471.662966528,0.9097732390201744,0.9097732390201744,ER,27333.24140112328,15355.337603603184
70,70_HE_val.ndpi,70_ER_val.ndpi,70_56,34077.585101957615,17533.32822499953,0.9097732390201744,0.9097732390201744,ER,28777.75854645501,13436.290817815432
70,70_HE_val.ndpi,70_ER_val.ndpi,70_57,29231.09638970793,19171.849895521478,0.9097732390201744,0.9097732390201744,ER,25140.57215488389,17112.29985326644
70,70_HE_val.ndpi,70_ER_val.ndpi,70_58,27866.624102040965,9658.458993234766,0.9097732390201744,0.9097732390201744,ER,23370.83829423051,7636.9337735647205
70,70_HE_val.ndpi,70_ER_val.ndpi,70_59,24354.2640477848,10296.063243887253,0.9097732390201744,0.9097732390201744,ER,19880.780086263458,8619.171584655352
70,70_HE_val.ndpi,70_ER_val.ndpi,70_60,25600.276043035123,8406.927775528924,0.9097732390201744,0.9097732390201744,ER,21261.63739707945,6657.674201088313
70,70_HE_val.ndpi,70_ER_val.ndpi,70_61,22228.254235679116,5778.619376657592,0.9097732390201744,0.9097732390201744,ER,17986.68225373068,3962.2370305964396
70,70_HE_val.ndpi,70_ER_val.ndpi,70_62,24966.558542798008,6307.957012234471,0.9097732390201744,0.9097732390201744,ER,20870.29616873558,4521.886424198835
60,60_HE_val.ndpi,60_PGR_val.ndpi,60_0,11422.071665231435,4168.870019902868,0.919793966151582,0.919793966151582,PGR,18226.580740797162,5350.707901851489
60,60_HE_val.ndpi,60_PGR_val.ndpi,60_1,11819.335125881056,3630.753446411203,0.919793966151582,0.919793966151582,PGR,18766.205521728512,4348.464054476193
60,60_HE_val.ndpi,60_PGR_val.ndpi,60_2,12181.09470931006,4138.583754056353,0.919793966151582,0.919793966151582,PGR,19420.02486214451,5053.598893699496
60,60_HE_val.ndpi,60_PGR_val.ndpi,60_3,12823.037825926443,3683.314990013003,0.919793966151582,0.919793966151582,PGR,20246.414717120482,4301.056425624605
60,60_HE_val.ndpi,60_PGR_val.ndpi,60_4,13069.207227254617,3320.6924696656592,0.919793966151582,0.919793966151582,PGR,20568.100991179792,3788.593894519458
60,60_HE_val.ndpi,60_PGR_val.ndpi,60_5,17620.856365774147,5080.262996419493,0.919793966151582,0.919793966151582,PGR,25767.441469687466,6330.5343652047695
60,60_HE_val.ndpi,60_PGR_val.ndpi,60_6,19077.94845266047,5082.128602497839,0.919793966151582,0.919793966151582,PGR,27355.56837354012,6119.669223358727
60,60_HE_val.ndpi,60_PGR_val.ndpi,60_7,18324.987213377943,6784.647855004649,0.919793966151582,0.919793966151582,PGR,26123.08217056043,7850.376271341768
60,60_HE_val.ndpi,60_PGR_val.ndpi,60_8,20506.855604766304,5350.1937293860665,0.919793966151582,0.919793966151582,PGR,28571.77141233622,6214.259874552278
60,60_HE_val.ndpi,60_PGR_val.ndpi,60_9,22360.94924367336,5261.508355661072,0.919793966151582,0.919793966151582,PGR,30571.447143164445,6248.751343364443
60,60_HE_val.ndpi,60_PGR_val.ndpi,60_10,23081.583698226266,4481.264329445889,0.919793966151582,0.919793966151582,PGR,31283.017275968803,5474.083505065617
60,60_HE_val.ndpi,60_PGR_val.ndpi,60_11,23376.698097222365,3549.2980110996264,0.919793966151582,0.919793966151582,PGR,31635.058355737954,4567.662373306923
60,60_HE_val.ndpi,60_PGR_val.ndpi,60_12,24807.027335930532,6751.761713085712,0.919793966151582,0.919793966151582,PGR,32671.30045993351,7706.2217666281995
60,60_HE_val.ndpi,60_PGR_val.ndpi,60_13,26489.665515910627,4995.407086136335,0.919793966151582,0.919793966151582,PGR,34615.70792296917,6062.079736233113
60,60_HE_val.ndpi,60_PGR_val.ndpi,60_14,27955.93899087879,5402.427186540058,0.919793966151582,0.919793966151582,PGR,35804.382918876756,6686.4027433385845
60,60_HE_val.ndpi,60_PGR_val.ndpi,60_15,27830.830498356325,6705.225415964244,0.919793966151582,0.919793966151582,PGR,35655.625303320696,7902.328559072092
60,60_HE_val.ndpi,60_PGR_val.ndpi,60_16,28884.149913252946,4007.9134048373303,0.919793966151582,0.919793966151582,PGR,36822.66680264952,5166.542927327212
60,60_HE_val.ndpi,60_PGR_val.ndpi,60_17,29827.647747747746,4692.851344508113,0.919793966151582,0.919793966151582,PGR,37657.11495880205,6051.833178897618
60,60_HE_val.ndpi,60_PGR_val.ndpi,60_18,29857.08330415841,4151.165325616575,0.919793966151582,0.919793966151582,PGR,37764.384081961776,5402.431918199447
60,60_HE_val.ndpi,60_PGR_val.ndpi,60_19,30288.22731189749,3275.132759679505,0.919793966151582,0.919793966151582,PGR,38361.64921476781,4263.555017923798
60,60_HE_val.ndpi,60_PGR_val.ndpi,60_20,25283.98041551608,2272.114651543995,0.919793966151582,0.919793966151582,PGR,33498.43474997875,3149.134082822072
60,60_HE_val.ndpi,60_PGR_val.ndpi,60_21,24679.794339727105,2904.873860417595,0.919793966151582,0.919793966151582,PGR,32847.92998714738,3834.503400720873
60,60_HE_val.ndpi,60_PGR_val.ndpi,60_22,24692.66560566324,2165.5808511820896,0.919793966151582,0.919793966151582,PGR,32885.91127920134,3034.752018365117
60,60_HE_val.ndpi,60_PGR_val.ndpi,60_23,24647.805952476898,1287.839219047768,0.919793966151582,0.919793966151582,PGR,32352.526048642965,1904.5101200105546
60,60_HE_val.ndpi,60_PGR_val.ndpi,60_24,25285.608103634113,4846.363514516688,0.919793966151582,0.919793966151582,PGR,33031.997017568545,5904.692138380895
60,60_HE_val.ndpi,60_PGR_val.ndpi,60_25,24180.519848467822,4142.001971068332,0.919793966151582,0.919793966151582,PGR,32572.670994431144,5011.8693548788815
60,60_HE_val.ndpi,60_PGR_val.ndpi,60_26,24742.559442099013,3825.8410695609255,0.919793966151582,0.919793966151582,PGR,33022.15041083628,4769.544182187237
60,60_HE_val.ndpi,60_PGR_val.ndpi,60_27,25612.501045738867,5340.454203422621,0.919793966151582,0.919793966151582,PGR,33303.30904814928,6473.922712281702
60,60_HE_val.ndpi,60_PGR_val.ndpi,60_28,25090.42937418331,5570.795869923535,0.919793966151582,0.919793966151582,PGR,32944.659374142226,6665.706902743909
60,60_HE_val.ndpi,60_PGR_val.ndpi,60_29,17854.082773269125,5906.396314908352,0.919793966151582,0.919793966151582,PGR,25865.7572858663,6947.586986197475
60,60_HE_val.ndpi,60_PGR_val.ndpi,60_30,15436.735604542275,6007.418937015712,0.919793966151582,0.919793966151582,PGR,22801.445319497587,6780.984368465168
60,60_HE_val.ndpi,60_PGR_val.ndpi,60_31,14452.372718498611,6906.384622517105,0.919793966151582,0.919793966151582,PGR,21454.355358653145,8049.349279101285
60,60_HE_val.ndpi,60_PGR_val.ndpi,60_32,12790.597981957026,5578.025837435085,0.919793966151582,0.919793966151582,PGR,20335.194786155134,7002.654487292457
60,60_HE_val.ndpi,60_PGR_val.ndpi,60_33,11675.452712403328,6529.4616898532095,0.919793966151582,0.919793966151582,PGR,18219.719803994587,8631.417369980112
60,60_HE_val.ndpi,60_PGR_val.ndpi,60_34,11138.423203800701,4995.961226027369,0.919793966151582,0.919793966151582,PGR,18111.330524075063,6780.2784786727925
60,60_HE_val.ndpi,60_PGR_val.ndpi,60_35,10614.878445204173,3483.280771184373,0.919793966151582,0.919793966151582,PGR,16976.943304241122,4675.642486267991
60,60_HE_val.ndpi,60_PGR_val.ndpi,60_36,11425.261694352925,3132.023998634785,0.919793966151582,0.919793966151582,PGR,18133.81199027833,3678.6315246690456
60,60_HE_val.ndpi,60_PGR_val.ndpi,60_37,20917.718919927647,3809.9939716730846,0.919793966151582,0.919793966151582,PGR,29235.59837757372,4842.129309837937
60,60_HE_val.ndpi,60_PGR_val.ndpi,60_38,21857.596557215194,4000.5379897375487,0.919793966151582,0.919793966151582,PGR,30142.321796195785,5014.856033383635
60,60_HE_val.ndpi,60_PGR_val.ndpi,60_39,22107.813969877552,3369.990326080657,0.919793966151582,0.919793966151582,PGR,30440.105139702868,4398.19431177904
60,60_HE_val.ndpi,60_PGR_val.ndpi,60_40,21369.17252836306,2553.2811815668324,0.919793966151582,0.919793966151582,PGR,29638.298154050277,3554.55884928021
60,60_HE_val.ndpi,60_PGR_val.ndpi,60_41,21845.586310536466,2835.526285234981,0.919793966151582,0.919793966151582,PGR,30223.26304591547,3855.2177583860243
60,60_HE_val.ndpi,60_PGR_val.ndpi,60_42,22827.15890954283,2924.523682778885,0.919793966151582,0.919793966151582,PGR,31154.454037624346,3920.1797849002237
60,60_HE_val.ndpi,60_PGR_val.ndpi,60_43,24181.13169005567,2730.563300491541,0.919793966151582,0.919793966151582,PGR,32445.223824679153,3674.4256662688344
60,60_HE_val.ndpi,60_PGR_val.ndpi,60_44,22803.935478868163,2079.99837577218,0.919793966151582,0.919793966151582,PGR,30905.011413165837,2977.247790564511
60,60_HE_val.ndpi,60_PGR_val.ndpi,60_45,18955.848077660812,2502.357181606329,0.919793966151582,0.919793966151582,PGR,27421.88067376701,3414.8865619129324
60,60_HE_val.ndpi,60_PGR_val.ndpi,60_46,20404.15445093958,1892.8368592541785,0.919793966151582,0.919793966151582,PGR,28130.249462060303,2557.335950109638
60,60_HE_val.ndpi,60_PGR_val.ndpi,60_47,18539.384350324468,4433.14758762839,0.919793966151582,0.919793966151582,PGR,27007.5933790258,5601.130839256546
60,60_HE_val.ndpi,60_PGR_val.ndpi,60_48,15404.165412537337,3238.25874478459,0.919793966151582,0.919793966151582,PGR,23531.5007303839,4141.552401739936
60,60_HE_val.ndpi,60_PGR_val.ndpi,60_49,14425.232876555445,3514.244438342254,0.919793966151582,0.919793966151582,PGR,22544.54106366102,4298.4695018051025
60,60_HE_val.ndpi,60_PGR_val.ndpi,60_50,15407.726663298004,6985.54713937276,0.919793966151582,0.919793966151582,PGR,22639.34569837521,7878.1214076237475
60,60_HE_val.ndpi,60_PGR_val.ndpi,60_51,18653.521366153658,10934.001050181176,0.919793966151582,0.919793966151582,PGR,26366.21812999256,11898.395226717434
60,60_HE_val.ndpi,60_PGR_val.ndpi,60_52,19214.556512022005,11178.532500318799,0.919793966151582,0.919793966151582,PGR,27105.692847327966,12193.036040172878
60,60_HE_val.ndpi,60_PGR_val.ndpi,60_53,20074.5979861225,12458.471976878911,0.919793966151582,0.919793966151582,PGR,27543.4063370006,13394.495154005912
60,60_HE_val.ndpi,60_PGR_val.ndpi,60_54,20494.99804592048,12238.916411134607,0.919793966151582,0.919793966151582,PGR,27896.60260774299,13149.470076106318
60,60_HE_val.ndpi,60_PGR_val.ndpi,60_55,19345.083887625082,11930.954005904505,0.919793966151582,0.919793966151582,PGR,26884.4350641928,12910.951779836825
60,60_HE_val.ndpi,60_PGR_val.ndpi,60_56,18291.667749124303,12045.121967388708,0.919793966151582,0.919793966151582,PGR,25797.248020592095,12829.298986483265
60,60_HE_val.ndpi,60_PGR_val.ndpi,60_57,17405.387289566614,11024.09664786656,0.919793966151582,0.919793966151582,PGR,24890.299416467227,11739.614489610076
60,60_HE_val.ndpi,60_PGR_val.ndpi,60_58,16396.596779406493,11215.317717406284,0.919793966151582,0.919793966151582,PGR,23886.094374947683,11962.59671631214
60,60_HE_val.ndpi,60_PGR_val.ndpi,60_59,13577.763959077562,8991.346037301371,0.919793966151582,0.919793966151582,PGR,19552.250147035957,10186.11585690058
60,60_HE_val.ndpi,60_PGR_val.ndpi,60_60,12907.228556667109,9686.979758152032,0.919793966151582,0.919793966151582,PGR,18682.866467223204,10840.021968005069
60,60_HE_val.ndpi,60_PGR_val.ndpi,60_61,14083.25007648526,9636.936300054847,0.919793966151582,0.919793966151582,PGR,20342.8635739087,10749.01774947207
60,60_HE_val.ndpi,60_PGR_val.ndpi,60_62,15561.578368482917,8998.34151329423,0.919793966151582,0.919793966151582,PGR,22699.724016240834,9626.013727842923
60,60_HE_val.ndpi,60_PGR_val.ndpi,60_63,15062.572484386308,9221.60654779164,0.919793966151582,0.919793966151582,PGR,22020.180036672795,9995.76780307789
60,60_HE_val.ndpi,60_PGR_val.ndpi,60_64,19353.375607517468,8195.91924575928,0.919793966151582,0.919793966151582,PGR,27251.43025168657,9047.457662289155
60,60_HE_val.ndpi,60_PGR_val.ndpi,60_65,22822.01277624109,10557.003149289536,0.919793966151582,0.919793966151582,PGR,30455.492266994297,11679.37749919661
60,60_HE_val.ndpi,60_PGR_val.ndpi,60_66,22046.208391412983,10580.18220811623,0.919793966151582,0.919793966151582,PGR,29721.30876335389,11658.112576341511
60,60_HE_val.ndpi,60_PGR_val.ndpi,60_67,21873.604779836947,9990.54972603568,0.919793966151582,0.919793966151582,PGR,29540.32074444492,11035.20823988354
60,60_HE_val.ndpi,60_PGR_val.ndpi,60_68,21807.78705780952,11536.663016640408,0.919793966151582,0.919793966151582,PGR,29427.922519882235,12603.786736044982
60,60_HE_val.ndpi,60_PGR_val.ndpi,60_69,21164.20264574634,12109.60723026869,0.919793966151582,0.919793966151582,PGR,28660.083075613187,13094.343393809435
60,60_HE_val.ndpi,60_PGR_val.ndpi,60_70,24543.49559944411,10910.220673151032,0.919793966151582,0.919793966151582,PGR,32070.52472555657,12169.929489730566
60,60_HE_val.ndpi,60_PGR_val.ndpi,60_71,27275.598253554414,12205.838072636358,0.919793966151582,0.919793966151582,PGR,34634.06159499585,13514.967731582119
60,60_HE_val.ndpi,60_PGR_val.ndpi,60_72,27241.342052526543,11720.372605091405,0.919793966151582,0.919793966151582,PGR,34910.3816606868,13081.072831203053
60,60_HE_val.ndpi,60_PGR_val.ndpi,60_73,28866.976989383198,11213.802701963967,0.919793966151582,0.919793966151582,PGR,36242.027665574744,12696.94347627271
60,60_HE_val.ndpi,60_PGR_val.ndpi,60_74,28970.751521509883,12125.248798731565,0.919793966151582,0.919793966151582,PGR,35863.189137465095,13523.911804863521
60,60_HE_val.ndpi,60_PGR_val.ndpi,60_75,28817.825535043467,10611.176666088812,0.919793966151582,0.919793966151582,PGR,36292.69466467464,12016.072250414634
60,60_HE_val.ndpi,60_PGR_val.ndpi,60_76,29828.70331224644,11353.488012103955,0.919793966151582,0.919793966151582,PGR,37302.06206680035,12792.526525831561
60,60_HE_val.ndpi,60_PGR_val.ndpi,60_77,30425.88847705926,12020.734170973315,0.919793966151582,0.919793966151582,PGR,37483.29267061145,13398.0814976424
60,60_HE_val.ndpi,60_PGR_val.ndpi,60_78,28104.86591617354,7690.6726103811025,0.919793966151582,0.919793966151582,PGR,35873.08771838298,9012.217602083429
60,60_HE_val.ndpi,60_PGR_val.ndpi,60_79,28679.006752975365,8296.450440674591,0.919793966151582,0.919793966151582,PGR,36271.06116884008,9619.168197843182
60,60_HE_val.ndpi,60_PGR_val.ndpi,60_80,26830.8960961386,9138.290297191026,0.919793966151582,0.919793966151582,PGR,34552.016346086566,10398.62910128292
60,60_HE_val.ndpi,60_PGR_val.ndpi,60_81,27391.568208320194,8554.44995272382,0.919793966151582,0.919793966151582,PGR,35086.276769249125,9804.106076690425
60,60_HE_val.ndpi,60_PGR_val.ndpi,60_82,23642.138932433863,8855.151554542146,0.919793966151582,0.919793966151582,PGR,31323.36028365642,9971.599964991863
60,60_HE_val.ndpi,60_PGR_val.ndpi,60_83,21986.78518083514,8139.776159862812,0.919793966151582,0.919793966151582,PGR,29789.633036719286,9139.73621303737
60,60_HE_val.ndpi,60_PGR_val.ndpi,60_84,22778.23383878395,7728.344690617387,0.919793966151582,0.919793966151582,PGR,30732.02543055338,8766.307196094234
60,60_HE_val.ndpi,60_PGR_val.ndpi,60_85,24028.596329186592,8283.028604320332,0.919793966151582,0.919793966151582,PGR,31855.20439097741,9439.045675364185
60,60_HE_val.ndpi,60_PGR_val.ndpi,60_86,24147.566513863632,7594.790933801296,0.919793966151582,0.919793966151582,PGR,32043.817133552995,8691.450482981116
60,60_HE_val.ndpi,60_PGR_val.ndpi,60_87,24846.223604634917,9070.014809809045,0.919793966151582,0.919793966151582,PGR,32619.213800438858,10285.31121780325
60,60_HE_val.ndpi,60_PGR_val.ndpi,60_88,25640.91359704188,7943.036194548551,0.919793966151582,0.919793966151582,PGR,33300.06787999248,9158.809729137847
60,60_HE_val.ndpi,60_PGR_val.ndpi,60_89,23593.135108440252,12502.072696945874,0.919793966151582,0.919793966151582,PGR,31050.951322347304,13638.715346724019
60,60_HE_val.ndpi,60_PGR_val.ndpi,60_90,26082.613797826933,11107.969179211585,0.919793966151582,0.919793966151582,PGR,33745.124252544076,12504.241797963943
60,60_HE_val.ndpi,60_PGR_val.ndpi,60_91,25466.487729438384,12426.212037699755,0.919793966151582,0.919793966151582,PGR,33108.16725045209,13682.080105619127
60,60_HE_val.ndpi,60_PGR_val.ndpi,60_92,18894.28231506626,14287.320634171416,0.919793966151582,0.919793966151582,PGR,26122.012343030514,15046.174521293118
60,60_HE_val.ndpi,60_PGR_val.ndpi,60_93,20045.48181508671,14275.358605091084,0.919793966151582,0.919793966151582,PGR,27047.609511263134,15011.282326493209
60,60_HE_val.ndpi,60_PGR_val.ndpi,60_94,20833.58939215025,14264.42081469264,0.919793966151582,0.919793966151582,PGR,27906.684437109292,15136.736088822767
60,60_HE_val.ndpi,60_PGR_val.ndpi,60_95,20750.420627215368,14907.377834266654,0.919793966151582,0.919793966151582,PGR,28059.80674022087,15838.761192300595
60,60_HE_val.ndpi,60_PGR_val.ndpi,60_96,21174.260648790194,15281.636397899274,0.919793966151582,0.919793966151582,PGR,28440.38255774182,16242.002017662378
60,60_HE_val.ndpi,60_PGR_val.ndpi,60_97,21865.17189605154,17539.38708711535,0.919793966151582,0.919793966151582,PGR,28605.11704918377,19519.103991700747
60,60_HE_val.ndpi,60_PGR_val.ndpi,60_98,23067.753053741842,14231.937593518669,0.919793966151582,0.919793966151582,PGR,29878.74229545889,15214.251770672096
60,60_HE_val.ndpi,60_PGR_val.ndpi,60_99,22595.30422672388,15699.30984200877,0.919793966151582,0.919793966151582,PGR,29890.504031771557,16804.61565261362
60,60_HE_val.ndpi,60_PGR_val.ndpi,60_100,23555.688608371463,15528.048932315656,0.919793966151582,0.919793966151582,PGR,30862.13649316894,16726.470654221772
60,60_HE_val.ndpi,60_PGR_val.ndpi,60_101,24683.00841652583,14266.789788119275,0.919793966151582,0.919793966151582,PGR,31986.46171914488,15475.200811562583
60,60_HE_val.ndpi,60_PGR_val.ndpi,60_102,24503.78291915957,15092.685211423508,0.919793966151582,0.919793966151582,PGR,31752.18781578219,16342.998257373676
60,60_HE_val.ndpi,60_PGR_val.ndpi,60_103,24810.383119927337,17366.518349647075,0.919793966151582,0.919793966151582,PGR,31838.47737997312,19039.560453724087
60,60_HE_val.ndpi,60_PGR_val.ndpi,60_104,25398.694335044765,18448.753055126515,0.919793966151582,0.919793966151582,PGR,32381.469772136148,20613.221620889828
60,60_HE_val.ndpi,60_PGR_val.ndpi,60_105,26330.342499247035,17714.363962747208,0.919793966151582,0.919793966151582,PGR,32834.31559860001,19948.852020401606
60,60_HE_val.ndpi,60_PGR_val.ndpi,60_106,26391.130931322245,15910.454427448232,0.919793966151582,0.919793966151582,PGR,33656.061604629365,17269.883771515404
60,60_HE_val.ndpi,60_PGR_val.ndpi,60_107,26144.84946346709,14719.694084342067,0.919793966151582,0.919793966151582,PGR,33405.4432068514,16306.828166456782
60,60_HE_val.ndpi,60_PGR_val.ndpi,60_108,27539.515819337284,14494.594633434976,0.919793966151582,0.919793966151582,PGR,34734.82786565002,15944.749348839207
60,60_HE_val.ndpi,60_PGR_val.ndpi,60_109,30163.140909071564,14325.242127519241,0.919793966151582,0.919793966151582,PGR,37101.029977076345,15744.903887031436
60,60_HE_val.ndpi,60_PGR_val.ndpi,60_110,28829.308309982294,14387.885247987511,0.919793966151582,0.919793966151582,PGR,35976.81949025163,15633.302549191687
60,60_HE_val.ndpi,60_PGR_val.ndpi,60_111,28736.15906856351,15292.462260733384,0.919793966151582,0.919793966151582,PGR,35936.6849495166,16747.19635075155
60,60_HE_val.ndpi,60_PGR_val.ndpi,60_112,22671.149024100454,16717.258344663984,0.919793966151582,0.919793966151582,PGR,29787.562975446224,18033.561163561393
60,60_HE_val.ndpi,60_PGR_val.ndpi,60_113,23425.157023243228,18017.844631135704,0.919793966151582,0.919793966151582,PGR,30449.035463423483,19886.588101898516
60,60_HE_val.ndpi,60_PGR_val.ndpi,60_114,18328.26418035964,15476.267404985289,0.919793966151582,0.919793966151582,PGR,25636.47202823867,16288.47877447152
60,60_HE_val.ndpi,60_PGR_val.ndpi,60_115,17525.367682993397,16570.276393416203,0.919793966151582,0.919793966151582,PGR,24188.257331153793,18450.170825040386
60,60_HE_val.ndpi,60_PGR_val.ndpi,60_116,17477.448472620657,17842.24420134294,0.919793966151582,0.919793966151582,PGR,23386.103075624334,20075.737155666186
60,60_HE_val.ndpi,60_PGR_val.ndpi,60_117,12078.430592399694,16375.765125713271,0.919793966151582,0.919793966151582,PGR,16838.213457241705,18273.70540170944
60,60_HE_val.ndpi,60_PGR_val.ndpi,60_118,13162.321984079117,16475.791180989432,0.919793966151582,0.919793966151582,PGR,18230.68161260197,18487.999014409124
60,60_HE_val.ndpi,60_PGR_val.ndpi,60_119,11912.493412468026,15327.485387656834,0.919793966151582,0.919793966151582,PGR,17022.46458362988,16940.42369348116
60,60_HE_val.ndpi,60_PGR_val.ndpi,60_120,14336.649780874963,17630.61409510114,0.919793966151582,0.919793966151582,PGR,19612.720286510175,20197.801878154234
60,60_HE_val.ndpi,60_PGR_val.ndpi,60_121,15223.068823120828,17001.659146934784,0.919793966151582,0.919793966151582,PGR,21119.08374947029,18953.94209569502
60,60_HE_val.ndpi,60_PGR_val.ndpi,60_122,15594.484114468676,16353.875223486282,0.919793966151582,0.919793966151582,PGR,21455.5119600579,18056.229256916016
60,60_HE_val.ndpi,60_PGR_val.ndpi,60_123,19429.612797721,14749.102986381082,0.919793966151582,0.919793966151582,PGR,26641.64192122004,15600.269136752384
60,60_HE_val.ndpi,60_PGR_val.ndpi,60_124,20004.79448962797,15940.109178840483,0.919793966151582,0.919793966151582,PGR,27175.28513891094,16933.197079889607
60,60_HE_val.ndpi,60_PGR_val.ndpi,60_125,19078.47786770698,15382.986591621428,0.919793966151582,0.919793966151582,PGR,26353.7945331273,16238.87860955307
